Cod_Transacao;Produto;Quantidade;Preço Unitário;Valor Total;Forma de Pagamento;Tipo de Consumo;Data da Transação;valor_imputado;is_valid;quality_issues
TXN_1961373;CAFÉ;2;2,00;4,00;CARTÃO DE CRÉDITO;PARA VIAGEM;08/09/2023;False;True;[]
TXN_4977031;BOLO;4;3,00;12,00;DINHEIRO;PRESENCIAL;16/05/2023;False;True;[]
TXN_4271903;BISCOITO;4;1,00;4,00;CARTÃO DE CRÉDITO;PRESENCIAL;19/07/2023;False;True;[]
TXN_7034554;SALADA;2;5,00;10,00;N/A;N/A;27/04/2023;False;True;[]
TXN_3160411;CAFÉ;2;2,00;4,00;CARTEIRA DIGITAL;PRESENCIAL;11/06/2023;False;True;[]
TXN_2602893;VITAMINA;5;4,00;20,00;CARTÃO DE CRÉDITO;N/A;31/03/2023;False;True;[]
TXN_4433211;N/A;3;3,00;9,00;N/A;PARA VIAGEM;06/10/2023;False;True;[]
TXN_6699534;SANDUICHE;4;4,00;16,00;DINHEIRO;N/A;28/10/2023;False;True;[]
TXN_4717867;N/A;5;3,00;15,00;N/A;PARA VIAGEM;28/07/2023;False;True;[]
TXN_2064365;SANDUICHE;5;4,00;20,00;N/A;PRESENCIAL;31/12/2023;False;True;[]
TXN_2548360;SALADA;5;5,00;25,00;DINHEIRO;PARA VIAGEM;07/11/2023;False;True;[]
TXN_7619095;SANDUICHE;2;4,00;8,00;DINHEIRO;PRESENCIAL;03/05/2023;False;True;[]
TXN_9437049;BISCOITO;5;1,00;5,00;N/A;PARA VIAGEM;01/06/2023;False;True;[]
TXN_8915701;N/A;2;1,50;3,00;N/A;PRESENCIAL;21/03/2023;False;True;[]
TXN_2847255;SALADA;3;5,00;15,00;CARTÃO DE CRÉDITO;PRESENCIAL;15/11/2023;False;True;[]
TXN_3765707;SANDUICHE;1;4,00;4,00;N/A;N/A;10/06/2023;False;True;[]
TXN_6769710;SUCO;2;3,00;6,00;DINHEIRO;PRESENCIAL;24/02/2023;False;True;[]
TXN_8876618;BOLO;5;3,00;15,00;DINHEIRO;N/A;25/03/2023;False;True;[]
TXN_3709394;SUCO;4;3,00;12,00;DINHEIRO;PARA VIAGEM;15/01/2023;False;True;[]
TXN_3522028;VITAMINA;;4,00;20,00;DINHEIRO;PRESENCIAL;04/04/2023;True;True;[]
TXN_3567645;VITAMINA;4;4,00;16,00;CARTÃO DE CRÉDITO;PARA VIAGEM;30/03/2023;False;True;[]
TXN_5132361;SANDUICHE;3;4,00;12,00;CARTEIRA DIGITAL;PARA VIAGEM;01/12/2023;False;True;[]
TXN_2616390;SANDUICHE;2;4,00;8,00;N/A;N/A;18/09/2023;False;True;[]
TXN_9400181;SANDUICHE;5;4,00;20,00;DINHEIRO;PRESENCIAL;03/06/2023;False;True;[]
TXN_7958992;VITAMINA;3;4,00;12,00;N/A;N/A;13/12/2023;False;True;[]
TXN_5183041;BISCOITO;5;1,00;5,00;CARTÃO DE CRÉDITO;PRESENCIAL;20/04/2023;False;True;[]
TXN_5695074;SUCO;4;3,00;12,00;CARTÃO DE CRÉDITO;PARA VIAGEM;10/04/2023;False;True;[]
TXN_8467949;VITAMINA;5;4,00;20,00;CARTÃO DE CRÉDITO;N/A;11/03/2023;False;True;[]
TXN_1736287;N/A;5;2,00;10,00;CARTEIRA DIGITAL;N/A;02/06/2023;False;True;[]
TXN_8927252;N/A;2;1,00;2,00;CARTÃO DE CRÉDITO;N/A;06/11/2023;False;True;[]
TXN_9677376;VITAMINA;4;4,00;16,00;N/A;PRESENCIAL;15/08/2023;False;True;[]
TXN_8853997;VITAMINA;2;4,00;8,00;CARTEIRA DIGITAL;PARA VIAGEM;09/10/2023;False;True;[]
TXN_9130559;SANDUICHE;1;4,00;4,00;CARTÃO DE CRÉDITO;N/A;28/05/2023;False;True;[]
TXN_6855453;N/A;4;3,00;12,00;N/A;PRESENCIAL;17/07/2023;False;True;[]
TXN_1080432;SALADA;2;5,00;10,00;CARTÃO DE CRÉDITO;PRESENCIAL;29/04/2023;False;True;[]
TXN_2655815;VITAMINA;4;4,00;16,00;N/A;PARA VIAGEM;08/06/2023;False;True;[]
TXN_6688524;CAFÉ;4;2,00;8,00;N/A;N/A;29/06/2023;False;True;[]
TXN_2083138;VITAMINA;3;4,00;12,00;N/A;PRESENCIAL;17/04/2023;False;True;[]
TXN_2427584;SANDUICHE;4;4,00;16,00;N/A;PARA VIAGEM;22/12/2023;False;True;[]
TXN_6650263;CHÁ;2;1,50;3,00;N/A;PARA VIAGEM;10/01/2023;False;True;[]
TXN_9620080;SUCO;4;3,00;12,00;N/A;PARA VIAGEM;02/10/2023;False;True;[]
TXN_1491578;BISCOITO;2;1,00;2,00;N/A;N/A;23/02/2023;False;True;[]
TXN_5455792;SALADA;3;5,00;15,00;DINHEIRO;N/A;22/03/2023;False;True;[]
TXN_8078640;SUCO;4;3,00;12,00;CARTEIRA DIGITAL;PRESENCIAL;03/11/2023;False;True;[]
TXN_9499313;SUCO;5;3,00;15,00;N/A;N/A;02/03/2023;False;True;[]
TXN_8201146;SUCO;5;3,00;15,00;DINHEIRO;N/A;26/06/2023;False;True;[]
TXN_8230936;BOLO;3;3,00;9,00;N/A;N/A;02/05/2023;False;True;[]
TXN_7742742;BOLO;5;3,00;15,00;N/A;PARA VIAGEM;05/09/2023;False;True;[]
TXN_6342161;SALADA;5;5,00;25,00;N/A;PARA VIAGEM;08/01/2023;False;True;[]
TXN_8914892;N/A;5;5,00;25,00;CARTEIRA DIGITAL;N/A;15/03/2023;False;True;[]
TXN_3363746;VITAMINA;3;4,00;12,00;CARTÃO DE CRÉDITO;N/A;25/11/2023;False;True;[]
TXN_8614868;VITAMINA;5;4,00;20,00;CARTEIRA DIGITAL;PARA VIAGEM;05/12/2023;False;True;[]
TXN_5522862;BISCOITO;;1,00;2,00;CARTÃO DE CRÉDITO;PARA VIAGEM;19/03/2023;True;True;[]
TXN_3578141;BOLO;5;;15,00;N/A;PARA VIAGEM;27/06/2023;True;True;[]
TXN_2080895;BOLO;;3,00;3,00;CARTEIRA DIGITAL;PRESENCIAL;19/04/2023;True;True;[]
TXN_6421134;SANDUICHE;4;4,00;16,00;DINHEIRO;PARA VIAGEM;03/11/2023;False;True;[]
TXN_8813311;SUCO;5;3,00;15,00;N/A;PRESENCIAL;07/10/2023;False;True;[]
TXN_9023317;SALADA;1;5,00;5,00;N/A;N/A;30/09/2023;False;True;[]
TXN_8051289;N/A;1;3,00;3,00;N/A;PRESENCIAL;09/10/2023;False;True;[]
TXN_2537617;SANDUICHE;1;4,00;4,00;DINHEIRO;N/A;27/05/2023;False;True;[]
TXN_9099694;N/A;3;5,00;15,00;N/A;PARA VIAGEM;18/11/2023;False;True;[]
TXN_9230615;VITAMINA;4;4,00;16,00;CARTEIRA DIGITAL;N/A;01/06/2023;False;True;[]
TXN_4987129;SANDUICHE;3;;;N/A;PRESENCIAL;20/10/2023;True;True;[]
TXN_8501819;SUCO;;3,00;6,00;DINHEIRO;N/A;30/03/2023;True;True;[]
TXN_3068204;BISCOITO;1;1,00;1,00;CARTÃO DE CRÉDITO;PARA VIAGEM;03/10/2023;False;True;[]
TXN_8427104;SALADA;2;;10,00;N/A;PRESENCIAL;27/10/2023;True;True;[]
TXN_8471743;N/A;5;3,00;15,00;CARTEIRA DIGITAL;PRESENCIAL;06/04/2023;False;True;[]
TXN_2621580;CHÁ;2;1,50;3,00;DINHEIRO;PRESENCIAL;22/03/2023;False;True;[]
TXN_4726376;BOLO;2;3,00;6,00;CARTÃO DE CRÉDITO;PRESENCIAL;31/01/2023;False;True;[]
TXN_6044979;N/A;1;1,00;1,00;DINHEIRO;PRESENCIAL;08/12/2023;False;True;[]
TXN_4238417;SALADA;2;5,00;10,00;N/A;N/A;19/06/2023;False;True;[]
TXN_1900620;VITAMINA;2;4,00;8,00;CARTÃO DE CRÉDITO;N/A;14/12/2023;False;True;[]
TXN_6420335;CAFÉ;1;2,00;2,00;DINHEIRO;PARA VIAGEM;16/07/2023;False;True;[]
TXN_3858209;SANDUICHE;4;4,00;16,00;DINHEIRO;N/A;22/02/2023;False;True;[]
TXN_8735480;CHÁ;5;1,50;7,50;DINHEIRO;N/A;02/06/2023;False;True;[]
TXN_3829165;SUCO;4;3,00;12,00;DINHEIRO;PRESENCIAL;15/06/2023;False;True;[]
TXN_3748616;CAFÉ;2;2,00;4,00;CARTÃO DE CRÉDITO;PRESENCIAL;09/12/2023;False;True;[]
TXN_1993289;SANDUICHE;2;4,00;8,00;N/A;PRESENCIAL;18/04/2023;False;True;[]
TXN_2123367;BISCOITO;2;1,00;2,00;N/A;N/A;07/11/2023;False;True;[]
TXN_5266394;BOLO;3;3,00;9,00;DINHEIRO;PRESENCIAL;28/10/2023;False;True;[]
TXN_5107946;BOLO;4;3,00;12,00;CARTÃO DE CRÉDITO;N/A;22/12/2023;False;True;[]
TXN_8035512;CHÁ;3;;4,50;DINHEIRO;N/A;29/10/2023;True;True;[]
TXN_8718498;BOLO;5;3,00;15,00;CARTÃO DE CRÉDITO;N/A;30/04/2023;False;True;[]
TXN_3955361;BISCOITO;5;1,00;5,00;N/A;PARA VIAGEM;02/04/2023;False;True;[]
TXN_9487821;N/A;1;5,00;5,00;CARTEIRA DIGITAL;PARA VIAGEM;24/05/2023;False;True;[]
TXN_4132730;N/A;5;1,00;5,00;N/A;PRESENCIAL;12/03/2023;False;True;[]
TXN_8976658;CHÁ;2;1,50;3,00;CARTÃO DE CRÉDITO;PRESENCIAL;16/08/2023;False;True;[]
TXN_5455936;N/A;5;3,00;15,00;N/A;PRESENCIAL;28/10/2023;False;True;[]
TXN_2725602;SUCO;5;3,00;15,00;CARTÃO DE CRÉDITO;N/A;10/09/2023;False;True;[]
TXN_3011323;CAFÉ;3;2,00;6,00;CARTÃO DE CRÉDITO;N/A;07/03/2023;False;True;[]
TXN_6289610;SUCO;3;3,00;9,00;DINHEIRO;PARA VIAGEM;07/08/2023;False;True;[]
TXN_8268061;SALADA;3;5,00;15,00;N/A;PARA VIAGEM;20/08/2023;False;True;[]
TXN_5220895;SALADA;5;5,00;25,00;DINHEIRO;PRESENCIAL;10/06/2023;False;True;[]
TXN_3085509;CAFÉ;4;2,00;8,00;CARTEIRA DIGITAL;PRESENCIAL;15/04/2023;False;True;[]
TXN_9999113;SUCO;4;3,00;12,00;DINHEIRO;PARA VIAGEM;27/05/2023;False;True;[]
TXN_8779771;CAFÉ;4;2,00;8,00;DINHEIRO;PRESENCIAL;25/07/2023;False;True;[]
TXN_9517146;N/A;5;5,00;25,00;DINHEIRO;PARA VIAGEM;30/10/2023;False;True;[]
TXN_1621920;SALADA;3;5,00;15,00;N/A;PARA VIAGEM;28/10/2023;False;True;[]
TXN_3808639;SUCO;2;3,00;6,00;CARTEIRA DIGITAL;PARA VIAGEM;15/12/2023;False;True;[]
TXN_6955416;SALADA;4;5,00;20,00;N/A;PRESENCIAL;25/02/2023;False;True;[]
TXN_3775339;BISCOITO;3;1,00;3,00;CARTÃO DE CRÉDITO;N/A;03/04/2023;False;True;[]
TXN_9547091;BISCOITO;3;1,00;3,00;CARTÃO DE CRÉDITO;N/A;08/10/2023;False;True;[]
TXN_4358673;BISCOITO;5;1,00;5,00;CARTEIRA DIGITAL;PARA VIAGEM;28/12/2023;False;True;[]
TXN_4174591;CHÁ;4;1,50;6,00;CARTEIRA DIGITAL;N/A;30/08/2023;False;True;[]
TXN_3398520;SANDUICHE;1;4,00;4,00;N/A;PRESENCIAL;03/02/2023;False;True;[]
TXN_6171384;VITAMINA;2;4,00;8,00;CARTÃO DE CRÉDITO;N/A;12/09/2023;False;True;[]
TXN_2530938;VITAMINA;5;4,00;20,00;N/A;PARA VIAGEM;27/04/2023;False;True;[]
TXN_3314971;SUCO;3;3,00;9,00;CARTEIRA DIGITAL;N/A;04/05/2023;False;True;[]
TXN_3092382;CAFÉ;5;2,00;10,00;CARTEIRA DIGITAL;N/A;21/02/2023;False;True;[]
TXN_1535311;SUCO;3;3,00;9,00;DINHEIRO;N/A;16/03/2023;False;True;[]
TXN_2148617;SUCO;;3,00;9,00;CARTEIRA DIGITAL;N/A;10/01/2023;True;True;[]
TXN_4633784;N/A;5;;15,00;N/A;PRESENCIAL;06/02/2023;True;True;[]
TXN_4368416;SALADA;2;5,00;10,00;CARTÃO DE CRÉDITO;PARA VIAGEM;24/02/2023;False;True;[]
TXN_9790731;BOLO;2;3,00;6,00;N/A;N/A;02/06/2023;False;True;[]
TXN_9339456;CAFÉ;3;2,00;6,00;N/A;PARA VIAGEM;29/03/2023;False;True;[]
TXN_5179020;BOLO;2;3,00;6,00;N/A;PARA VIAGEM;18/06/2023;False;True;[]
TXN_6258471;CAFÉ;5;2,00;10,00;CARTEIRA DIGITAL;PRESENCIAL;23/09/2023;False;True;[]
TXN_7945375;SUCO;3;3,00;9,00;N/A;N/A;14/01/2023;False;True;[]
TXN_4685453;CHÁ;4;1,50;6,00;DINHEIRO;PRESENCIAL;14/09/2023;False;True;[]
TXN_9646452;SUCO;5;3,00;15,00;CARTÃO DE CRÉDITO;N/A;16/09/2023;False;True;[]
TXN_9096052;VITAMINA;4;4,00;16,00;CARTÃO DE CRÉDITO;PARA VIAGEM;28/12/2023;False;True;[]
TXN_5916991;SUCO;2;3,00;6,00;CARTEIRA DIGITAL;PARA VIAGEM;06/02/2023;False;True;[]
TXN_3407169;SANDUICHE;2;4,00;8,00;DINHEIRO;PRESENCIAL;11/03/2023;False;True;[]
TXN_2277042;CHÁ;1;1,50;1,50;DINHEIRO;N/A;08/04/2023;False;True;[]
TXN_9273729;CHÁ;1;1,50;1,50;N/A;N/A;19/12/2023;False;True;[]
TXN_2181545;SUCO;4;3,00;12,00;CARTÃO DE CRÉDITO;PARA VIAGEM;14/07/2023;False;True;[]
TXN_1150033;SUCO;5;3,00;15,00;DINHEIRO;PRESENCIAL;18/04/2023;False;True;[]
TXN_1443912;SUCO;2;3,00;6,00;N/A;N/A;08/06/2023;False;True;[]
TXN_8700451;CHÁ;5;1,50;7,50;CARTÃO DE CRÉDITO;PARA VIAGEM;12/12/2023;False;True;[]
TXN_6380550;CAFÉ;5;2,00;10,00;DINHEIRO;PRESENCIAL;05/01/2023;False;True;[]
TXN_4885518;SALADA;3;5,00;15,00;CARTÃO DE CRÉDITO;PRESENCIAL;10/06/2023;False;True;[]
TXN_3972167;SANDUICHE;5;4,00;20,00;N/A;PRESENCIAL;23/01/2023;False;True;[]
TXN_4878378;CHÁ;1;1,50;1,50;CARTÃO DE CRÉDITO;N/A;20/02/2023;False;True;[]
TXN_2484241;BOLO;3;;9,00;CARTEIRA DIGITAL;N/A;19/07/2023;True;True;[]
TXN_2368126;BOLO;5;3,00;15,00;N/A;PRESENCIAL;06/12/2023;False;True;[]
TXN_8495063;SUCO;1;3,00;3,00;DINHEIRO;N/A;31/05/2023;False;True;[]
TXN_4811133;SALADA;2;5,00;10,00;DINHEIRO;N/A;11/08/2023;False;True;[]
TXN_8729570;CHÁ;5;1,50;7,50;N/A;PRESENCIAL;03/09/2023;False;True;[]
TXN_7623634;BOLO;2;3,00;6,00;CARTÃO DE CRÉDITO;PRESENCIAL;11/07/2023;False;True;[]
TXN_9336980;SALADA;4;;20,00;DINHEIRO;PRESENCIAL;06/06/2023;True;True;[]
TXN_3424331;BOLO;4;3,00;12,00;N/A;N/A;18/01/2023;False;True;[]
TXN_5072031;BOLO;2;3,00;6,00;DINHEIRO;PARA VIAGEM;23/03/2023;False;True;[]
TXN_8687151;SALADA;5;5,00;25,00;DINHEIRO;N/A;10/06/2023;False;True;[]
TXN_4031509;N/A;4;;16,00;CARTÃO DE CRÉDITO;PARA VIAGEM;04/01/2023;True;True;[]
TXN_5265095;CAFÉ;1;2,00;2,00;N/A;N/A;23/06/2023;False;True;[]
TXN_6541415;N/A;;3,00;12,00;DINHEIRO;PRESENCIAL;25/11/2023;True;True;[]
TXN_4108138;CAFÉ;5;2,00;10,00;DINHEIRO;N/A;03/08/2023;False;True;[]
TXN_1909796;VITAMINA;2;4,00;8,00;N/A;PARA VIAGEM;12/07/2023;False;True;[]
TXN_1928241;CAFÉ;3;2,00;6,00;DINHEIRO;PRESENCIAL;30/04/2023;False;True;[]
TXN_4283157;SALADA;5;5,00;25,00;CARTEIRA DIGITAL;PRESENCIAL;25/11/2023;False;True;[]
TXN_8013032;CAFÉ;2;2,00;4,00;CARTÃO DE CRÉDITO;N/A;07/03/2023;False;True;[]
TXN_8301424;SUCO;2;3,00;6,00;N/A;N/A;27/06/2023;False;True;[]
TXN_7965998;SUCO;1;;3,00;CARTÃO DE CRÉDITO;PRESENCIAL;02/11/2023;True;True;[]
TXN_9238666;BISCOITO;1;;1,00;N/A;PARA VIAGEM;31/07/2023;True;True;[]
TXN_1631695;CHÁ;2;1,50;3,00;N/A;PRESENCIAL;19/09/2023;False;True;[]
TXN_1435086;BOLO;5;;15,00;N/A;N/A;09/02/2023;True;True;[]
TXN_3226832;N/A;5;4,00;20,00;DINHEIRO;N/A;04/09/2023;False;True;[]
TXN_1648671;SANDUICHE;3;4,00;12,00;DINHEIRO;PARA VIAGEM;21/05/2023;False;True;[]
TXN_4062737;BOLO;3;3,00;9,00;DINHEIRO;PRESENCIAL;02/07/2023;False;True;[]
TXN_3494565;N/A;2;4,00;8,00;N/A;N/A;10/07/2023;False;True;[]
TXN_9249507;BISCOITO;4;1,00;4,00;CARTÃO DE CRÉDITO;PRESENCIAL;21/11/2023;False;True;[]
TXN_4689500;SANDUICHE;4;4,00;16,00;N/A;N/A;02/12/2023;False;True;[]
TXN_8989148;CHÁ;2;1,50;3,00;N/A;N/A;25/11/2023;False;True;[]
TXN_8316826;CAFÉ;3;2,00;6,00;N/A;PRESENCIAL;17/04/2023;False;True;[]
TXN_9836934;BISCOITO;3;1,00;3,00;CARTEIRA DIGITAL;PRESENCIAL;13/03/2023;False;True;[]
TXN_8005489;BOLO;3;3,00;9,00;N/A;PRESENCIAL;12/08/2023;False;True;[]
TXN_3925836;BISCOITO;3;1,00;3,00;CARTEIRA DIGITAL;PRESENCIAL;16/02/2023;False;True;[]
TXN_1896955;SALADA;;5,00;25,00;N/A;PRESENCIAL;23/09/2023;True;True;[]
TXN_5075974;VITAMINA;;4,00;16,00;CARTEIRA DIGITAL;N/A;11/04/2023;True;True;[]
TXN_3978874;VITAMINA;5;4,00;20,00;CARTÃO DE CRÉDITO;PRESENCIAL;13/03/2023;False;True;[]
TXN_8955912;SANDUICHE;1;4,00;4,00;N/A;N/A;07/11/2023;False;True;[]
TXN_1136554;VITAMINA;3;4,00;12,00;N/A;PARA VIAGEM;26/03/2023;False;True;[]
TXN_8007337;BOLO;2;3,00;6,00;CARTEIRA DIGITAL;PARA VIAGEM;01/11/2023;False;True;[]
TXN_8129834;SALADA;1;5,00;5,00;DINHEIRO;N/A;22/07/2023;False;True;[]
TXN_3831848;N/A;1;4,00;4,00;CARTEIRA DIGITAL;PARA VIAGEM;03/11/2023;False;True;[]
TXN_5365809;BOLO;3;3,00;9,00;DINHEIRO;PRESENCIAL;14/09/2023;False;True;[]
TXN_8166407;VITAMINA;2;;8,00;N/A;N/A;26/07/2023;True;True;[]
TXN_6629480;VITAMINA;5;4,00;20,00;CARTÃO DE CRÉDITO;PRESENCIAL;28/02/2023;False;True;[]
TXN_3833797;CAFÉ;4;2,00;8,00;N/A;PRESENCIAL;27/01/2023;False;True;[]
TXN_2643815;BISCOITO;;1,00;3,00;N/A;N/A;06/12/2023;True;True;[]
TXN_2996519;BOLO;5;3,00;15,00;DINHEIRO;N/A;19/01/2023;False;True;[]
TXN_8810894;VITAMINA;1;4,00;4,00;N/A;N/A;20/02/2023;False;True;[]
TXN_7412722;SUCO;4;3,00;12,00;DINHEIRO;PRESENCIAL;07/04/2023;False;True;[]
TXN_3937509;VITAMINA;2;4,00;8,00;N/A;PRESENCIAL;20/03/2023;False;True;[]
TXN_6000201;BISCOITO;3;1,00;3,00;DINHEIRO;PARA VIAGEM;16/02/2023;False;True;[]
TXN_1714274;BISCOITO;4;1,00;4,00;N/A;PRESENCIAL;27/12/2023;False;True;[]
TXN_3800182;CHÁ;2;;3,00;DINHEIRO;PRESENCIAL;26/10/2023;True;True;[]
TXN_5115080;N/A;5;3,00;15,00;CARTÃO DE CRÉDITO;N/A;18/02/2023;False;True;[]
TXN_9788956;SUCO;;3,00;12,00;N/A;N/A;11/04/2023;True;True;[]
TXN_6311602;SUCO;3;3,00;9,00;CARTÃO DE CRÉDITO;N/A;15/05/2023;False;True;[]
TXN_2950680;CAFÉ;2;2,00;4,00;CARTÃO DE CRÉDITO;PARA VIAGEM;10/12/2023;False;True;[]
TXN_6749847;BOLO;2;3,00;6,00;CARTÃO DE CRÉDITO;N/A;15/08/2023;False;True;[]
TXN_2143187;VITAMINA;1;4,00;4,00;N/A;PRESENCIAL;21/04/2023;False;True;[]
TXN_8964522;N/A;3;3,00;9,00;CARTÃO DE CRÉDITO;PARA VIAGEM;28/10/2023;False;True;[]
TXN_4088917;CAFÉ;3;2,00;6,00;DINHEIRO;PARA VIAGEM;04/02/2023;False;True;[]
TXN_3779366;BISCOITO;1;1,00;1,00;CARTEIRA DIGITAL;PRESENCIAL;15/04/2023;False;True;[]
TXN_7724048;VITAMINA;1;4,00;4,00;N/A;PRESENCIAL;12/11/2023;False;True;[]
TXN_2698591;CHÁ;5;1,50;7,50;N/A;N/A;05/08/2023;False;True;[]
TXN_3171373;VITAMINA;3;4,00;12,00;CARTÃO DE CRÉDITO;PRESENCIAL;10/05/2023;False;True;[]
TXN_6498163;VITAMINA;5;4,00;20,00;N/A;PRESENCIAL;15/07/2023;False;True;[]
TXN_6717827;N/A;3;5,00;15,00;CARTEIRA DIGITAL;N/A;15/11/2023;False;True;[]
TXN_9089898;SALADA;3;;15,00;CARTÃO DE CRÉDITO;N/A;11/01/2023;True;True;[]
TXN_8587583;BOLO;1;;3,00;N/A;N/A;01/10/2023;True;True;[]
TXN_8693704;SALADA;;5,00;25,00;DINHEIRO;PRESENCIAL;04/05/2023;True;True;[]
TXN_3857960;SALADA;4;5,00;20,00;DINHEIRO;PRESENCIAL;26/04/2023;False;True;[]
TXN_3499124;N/A;4;4,00;16,00;CARTÃO DE CRÉDITO;N/A;25/08/2023;False;True;[]
TXN_9250710;SALADA;1;5,00;5,00;DINHEIRO;PRESENCIAL;28/05/2023;False;True;[]
TXN_7058377;SUCO;1;3,00;3,00;N/A;PARA VIAGEM;30/04/2023;False;True;[]
TXN_6766492;SALADA;1;5,00;5,00;N/A;N/A;14/01/2023;False;True;[]
TXN_9879996;CAFÉ;4;2,00;8,00;CARTEIRA DIGITAL;PRESENCIAL;01/03/2023;False;True;[]
TXN_4291940;BOLO;3;3,00;9,00;CARTÃO DE CRÉDITO;PRESENCIAL;13/11/2023;False;True;[]
TXN_7433461;BISCOITO;2;1,00;2,00;CARTEIRA DIGITAL;N/A;09/07/2023;False;True;[]
TXN_4068262;SALADA;2;5,00;10,00;CARTÃO DE CRÉDITO;N/A;13/05/2023;False;True;[]
TXN_5047447;SALADA;1;5,00;5,00;CARTEIRA DIGITAL;PARA VIAGEM;27/12/2023;False;True;[]
TXN_6623508;BISCOITO;5;1,00;5,00;CARTEIRA DIGITAL;PARA VIAGEM;18/05/2023;False;True;[]
TXN_2651216;N/A;3;4,00;12,00;N/A;N/A;04/04/2023;False;True;[]
TXN_9350833;BOLO;1;;3,00;DINHEIRO;PARA VIAGEM;17/01/2023;True;True;[]
TXN_8377564;BOLO;5;3,00;15,00;N/A;PRESENCIAL;14/07/2023;False;True;[]
TXN_7031118;SALADA;1;5,00;5,00;CARTÃO DE CRÉDITO;N/A;29/03/2023;False;True;[]
TXN_2230167;BOLO;4;3,00;12,00;CARTEIRA DIGITAL;PARA VIAGEM;22/09/2023;False;True;[]
TXN_6446616;CHÁ;3;1,50;4,50;N/A;N/A;30/09/2023;False;True;[]
TXN_1721827;BOLO;4;3,00;12,00;CARTEIRA DIGITAL;N/A;22/08/2023;False;True;[]
TXN_6334895;VITAMINA;1;4,00;4,00;CARTÃO DE CRÉDITO;N/A;27/07/2023;False;True;[]
TXN_7077119;N/A;1;4,00;4,00;CARTEIRA DIGITAL;PRESENCIAL;30/12/2023;False;True;[]
TXN_8562645;SALADA;;5,00;;N/A;PRESENCIAL;18/05/2023;True;True;[]
TXN_4700144;CAFÉ;4;2,00;8,00;N/A;PRESENCIAL;21/12/2023;False;True;[]
TXN_5526852;SANDUICHE;5;4,00;20,00;CARTEIRA DIGITAL;PRESENCIAL;28/09/2023;False;True;[]
TXN_6846228;SALADA;3;;15,00;N/A;PRESENCIAL;16/11/2023;True;True;[]
TXN_8570890;SUCO;4;3,00;12,00;N/A;N/A;14/04/2023;False;True;[]
TXN_3205009;N/A;2;1,50;3,00;DINHEIRO;PRESENCIAL;03/01/2023;False;True;[]
TXN_3786188;CHÁ;3;1,50;4,50;CARTÃO DE CRÉDITO;PRESENCIAL;20/10/2023;False;True;[]
TXN_4530804;CAFÉ;4;2,00;8,00;N/A;N/A;12/01/2023;False;True;[]
TXN_9642066;SANDUICHE;3;4,00;12,00;CARTÃO DE CRÉDITO;PRESENCIAL;31/08/2023;False;True;[]
TXN_7328294;SUCO;2;3,00;6,00;DINHEIRO;N/A;07/07/2023;False;True;[]
TXN_9238066;N/A;5;1,50;7,50;CARTEIRA DIGITAL;PRESENCIAL;15/09/2023;False;True;[]
TXN_5415901;BOLO;2;3,00;6,00;CARTEIRA DIGITAL;N/A;21/10/2023;False;True;[]
TXN_6714420;N/A;2;3,00;6,00;CARTÃO DE CRÉDITO;PARA VIAGEM;30/03/2023;False;True;[]
TXN_6616971;SUCO;2;3,00;6,00;CARTEIRA DIGITAL;PARA VIAGEM;02/09/2023;False;True;[]
TXN_7803615;SALADA;3;5,00;15,00;DINHEIRO;PRESENCIAL;13/12/2023;False;True;[]
TXN_3544789;CHÁ;4;1,50;6,00;N/A;PRESENCIAL;14/07/2023;False;True;[]
TXN_1583597;SALADA;1;5,00;5,00;DINHEIRO;PRESENCIAL;10/05/2023;False;True;[]
TXN_8472308;BISCOITO;2;1,00;2,00;CARTEIRA DIGITAL;PARA VIAGEM;19/08/2023;False;True;[]
TXN_1967565;VITAMINA;5;4,00;20,00;CARTÃO DE CRÉDITO;PARA VIAGEM;31/03/2023;False;True;[]
TXN_2029497;SANDUICHE;2;4,00;8,00;DINHEIRO;PARA VIAGEM;06/01/2023;False;True;[]
TXN_8929774;N/A;3;3,00;9,00;DINHEIRO;N/A;02/10/2023;False;True;[]
TXN_7852990;SANDUICHE;5;4,00;20,00;CARTEIRA DIGITAL;PARA VIAGEM;10/07/2023;False;True;[]
TXN_2534066;SALADA;2;5,00;10,00;DINHEIRO;N/A;13/10/2023;False;True;[]
TXN_2059647;CHÁ;1;1,50;1,50;CARTEIRA DIGITAL;PRESENCIAL;29/05/2023;False;True;[]
TXN_2485183;VITAMINA;5;4,00;20,00;DINHEIRO;PRESENCIAL;07/07/2023;False;True;[]
TXN_7374846;SANDUICHE;1;4,00;4,00;CARTÃO DE CRÉDITO;N/A;29/05/2023;False;True;[]
TXN_9401522;SANDUICHE;4;4,00;16,00;CARTEIRA DIGITAL;PRESENCIAL;16/11/2023;False;True;[]
TXN_8250651;SANDUICHE;4;4,00;16,00;CARTEIRA DIGITAL;PRESENCIAL;13/03/2023;False;True;[]
TXN_7191245;BOLO;4;3,00;12,00;N/A;PARA VIAGEM;22/05/2023;False;True;[]
TXN_8982764;BOLO;5;3,00;15,00;CARTEIRA DIGITAL;PARA VIAGEM;23/11/2023;False;True;[]
TXN_8669422;N/A;4;3,00;12,00;DINHEIRO;PARA VIAGEM;15/10/2023;False;True;[]
TXN_1153869;VITAMINA;5;4,00;20,00;CARTÃO DE CRÉDITO;PARA VIAGEM;03/11/2023;False;True;[]
TXN_5043774;SANDUICHE;3;4,00;12,00;DINHEIRO;N/A;08/06/2023;False;True;[]
TXN_1746320;SALADA;1;5,00;5,00;DINHEIRO;N/A;14/11/2023;False;True;[]
TXN_1077129;BISCOITO;1;1,00;1,00;N/A;PRESENCIAL;12/09/2023;False;True;[]
TXN_4865338;SANDUICHE;;4,00;16,00;N/A;PRESENCIAL;26/11/2023;True;True;[]
TXN_5616583;VITAMINA;1;4,00;4,00;N/A;N/A;13/10/2023;False;True;[]
TXN_2078474;BISCOITO;2;1,00;2,00;N/A;PARA VIAGEM;03/11/2023;False;True;[]
TXN_2130245;VITAMINA;5;4,00;20,00;CARTÃO DE CRÉDITO;N/A;13/11/2023;False;True;[]
TXN_3229409;SUCO;;3,00;;DINHEIRO;PARA VIAGEM;15/04/2023;True;True;[]
TXN_9076216;BOLO;1;3,00;3,00;DINHEIRO;N/A;17/12/2023;False;True;[]
TXN_6371987;CHÁ;5;1,50;7,50;N/A;PARA VIAGEM;13/03/2023;False;True;[]
TXN_9913877;N/A;2;2,00;4,00;CARTÃO DE CRÉDITO;N/A;09/05/2023;False;True;[]
TXN_2084377;VITAMINA;1;4,00;4,00;CARTÃO DE CRÉDITO;N/A;22/10/2023;False;True;[]
TXN_1842675;N/A;4;1,00;4,00;CARTÃO DE CRÉDITO;PARA VIAGEM;23/06/2023;False;True;[]
TXN_8605813;BISCOITO;1;1,00;1,00;N/A;N/A;30/06/2023;False;True;[]
TXN_9755352;SANDUICHE;5;4,00;20,00;N/A;PRESENCIAL;13/05/2023;False;True;[]
TXN_2305908;CAFÉ;;2,00;8,00;DINHEIRO;N/A;25/04/2023;True;True;[]
TXN_6953697;N/A;3;4,00;12,00;N/A;PARA VIAGEM;27/05/2023;False;True;[]
TXN_3495950;N/A;4;;6,00;CARTÃO DE CRÉDITO;PRESENCIAL;19/02/2023;True;True;[]
TXN_7557340;CHÁ;5;1,50;7,50;CARTÃO DE CRÉDITO;PRESENCIAL;11/12/2023;False;True;[]
TXN_1157817;VITAMINA;1;4,00;4,00;CARTEIRA DIGITAL;PRESENCIAL;25/04/2023;False;True;[]
TXN_2020318;CHÁ;3;1,50;4,50;CARTEIRA DIGITAL;PRESENCIAL;12/10/2023;False;True;[]
TXN_8692094;CAFÉ;5;2,00;10,00;N/A;PARA VIAGEM;30/08/2023;False;True;[]
TXN_5307411;BOLO;3;3,00;9,00;CARTEIRA DIGITAL;PARA VIAGEM;21/10/2023;False;True;[]
TXN_9703120;CAFÉ;3;2,00;6,00;CARTÃO DE CRÉDITO;N/A;02/11/2023;False;True;[]
TXN_1289133;SUCO;1;3,00;3,00;DINHEIRO;N/A;19/09/2023;False;True;[]
TXN_2031459;BOLO;3;3,00;9,00;DINHEIRO;PARA VIAGEM;04/07/2023;False;True;[]
TXN_1333682;VITAMINA;1;4,00;4,00;CARTEIRA DIGITAL;N/A;28/01/2023;False;True;[]
TXN_2256622;BISCOITO;2;;2,00;DINHEIRO;PRESENCIAL;04/10/2023;True;True;[]
TXN_4912930;VITAMINA;3;4,00;12,00;CARTÃO DE CRÉDITO;PRESENCIAL;26/02/2023;False;True;[]
TXN_4942692;CAFÉ;2;2,00;4,00;N/A;PARA VIAGEM;15/01/2023;False;True;[]
TXN_3723007;CHÁ;3;1,50;4,50;CARTEIRA DIGITAL;PRESENCIAL;18/05/2023;False;True;[]
TXN_7922392;SANDUICHE;3;4,00;12,00;N/A;N/A;03/05/2023;False;True;[]
TXN_7498727;SALADA;3;5,00;15,00;DINHEIRO;N/A;06/11/2023;False;True;[]
TXN_1222338;BISCOITO;1;1,00;1,00;N/A;PRESENCIAL;11/10/2023;False;True;[]
TXN_6878866;VITAMINA;3;4,00;12,00;CARTÃO DE CRÉDITO;N/A;25/02/2023;False;True;[]
TXN_9223242;VITAMINA;2;4,00;8,00;N/A;N/A;10/09/2023;False;True;[]
TXN_6244211;VITAMINA;2;4,00;8,00;N/A;N/A;11/08/2023;False;True;[]
TXN_5446858;N/A;1;1,00;1,00;DINHEIRO;PRESENCIAL;07/11/2023;False;True;[]
TXN_4612864;CHÁ;3;1,50;4,50;N/A;N/A;14/02/2023;False;True;[]
TXN_5411381;BISCOITO;;1,00;1,00;N/A;N/A;28/04/2023;True;True;[]
TXN_3047598;BISCOITO;1;1,00;1,00;N/A;N/A;06/09/2023;False;True;[]
TXN_5754317;CAFÉ;2;;4,00;CARTÃO DE CRÉDITO;PARA VIAGEM;10/01/2023;True;True;[]
TXN_7496926;SANDUICHE;3;4,00;12,00;N/A;PRESENCIAL;23/04/2023;False;True;[]
TXN_7559388;SALADA;4;5,00;20,00;CARTEIRA DIGITAL;PARA VIAGEM;26/02/2023;False;True;[]
TXN_8540499;BISCOITO;3;1,00;3,00;DINHEIRO;PRESENCIAL;22/01/2023;False;True;[]
TXN_4225756;BISCOITO;3;1,00;3,00;N/A;PRESENCIAL;10/03/2023;False;True;[]
TXN_6795640;BISCOITO;4;1,00;4,00;CARTEIRA DIGITAL;PARA VIAGEM;28/01/2023;False;True;[]
TXN_6702428;CAFÉ;5;2,00;10,00;DINHEIRO;PARA VIAGEM;11/08/2023;False;True;[]
TXN_8955259;N/A;2;4,00;8,00;CARTÃO DE CRÉDITO;N/A;18/11/2023;False;True;[]
TXN_4639319;CAFÉ;5;2,00;10,00;DINHEIRO;N/A;09/01/2023;False;True;[]
TXN_5997803;CAFÉ;5;2,00;10,00;N/A;PRESENCIAL;03/12/2023;False;True;[]
TXN_1340956;N/A;4;2,00;8,00;N/A;N/A;26/10/2023;False;True;[]
TXN_1259671;SANDUICHE;;4,00;12,00;CARTEIRA DIGITAL;PRESENCIAL;08/10/2023;True;True;[]
TXN_8319993;SUCO;1;3,00;3,00;CARTEIRA DIGITAL;N/A;06/08/2023;False;True;[]
TXN_5523450;SALADA;5;5,00;25,00;CARTÃO DE CRÉDITO;PARA VIAGEM;02/07/2023;False;True;[]
TXN_7838964;SANDUICHE;3;4,00;12,00;CARTÃO DE CRÉDITO;PRESENCIAL;15/06/2023;False;True;[]
TXN_2773987;VITAMINA;5;4,00;20,00;N/A;N/A;11/01/2023;False;True;[]
TXN_1158829;CHÁ;1;;1,50;CARTÃO DE CRÉDITO;N/A;02/10/2023;True;True;[]
TXN_2523298;N/A;4;;6,00;N/A;PRESENCIAL;25/03/2023;True;True;[]
TXN_8685737;VITAMINA;2;4,00;8,00;N/A;PRESENCIAL;02/11/2023;False;True;[]
TXN_5634135;BISCOITO;2;;2,00;N/A;N/A;27/01/2023;True;True;[]
TXN_1524626;VITAMINA;2;4,00;8,00;CARTEIRA DIGITAL;N/A;29/12/2023;False;True;[]
TXN_7275407;VITAMINA;2;4,00;8,00;CARTEIRA DIGITAL;PRESENCIAL;20/10/2023;False;True;[]
TXN_2889622;SUCO;4;3,00;12,00;CARTÃO DE CRÉDITO;N/A;01/11/2023;False;True;[]
TXN_6849113;BISCOITO;;1,00;1,00;CARTÃO DE CRÉDITO;N/A;14/07/2023;True;True;[]
TXN_2265316;BISCOITO;;1,00;3,00;CARTÃO DE CRÉDITO;PRESENCIAL;29/12/2023;True;True;[]
TXN_9472241;SALADA;3;5,00;15,00;DINHEIRO;PARA VIAGEM;30/06/2023;False;True;[]
TXN_7345414;SALADA;1;;5,00;N/A;N/A;15/02/2023;True;True;[]
TXN_4473352;BOLO;1;3,00;3,00;N/A;PRESENCIAL;16/11/2023;False;True;[]
TXN_2814363;CHÁ;2;1,50;3,00;N/A;N/A;02/07/2023;False;True;[]
TXN_1846004;SUCO;3;3,00;9,00;DINHEIRO;PRESENCIAL;21/05/2023;False;True;[]
TXN_7140471;BOLO;1;3,00;3,00;CARTÃO DE CRÉDITO;N/A;25/05/2023;False;True;[]
TXN_3119542;VITAMINA;1;4,00;4,00;CARTÃO DE CRÉDITO;N/A;31/10/2023;False;True;[]
TXN_7773968;SANDUICHE;5;4,00;20,00;CARTEIRA DIGITAL;PARA VIAGEM;24/02/2023;False;True;[]
TXN_9081088;CHÁ;2;1,50;3,00;DINHEIRO;PARA VIAGEM;27/02/2023;False;True;[]
TXN_8559167;SANDUICHE;5;4,00;20,00;N/A;PARA VIAGEM;09/12/2023;False;True;[]
TXN_1130191;VITAMINA;2;4,00;8,00;DINHEIRO;PRESENCIAL;06/04/2023;False;True;[]
TXN_5215451;SANDUICHE;5;4,00;20,00;CARTEIRA DIGITAL;N/A;02/11/2023;False;True;[]
TXN_1040764;CAFÉ;3;2,00;6,00;DINHEIRO;PARA VIAGEM;27/07/2023;False;True;[]
TXN_5457133;SUCO;5;3,00;15,00;N/A;PRESENCIAL;03/03/2023;False;True;[]
TXN_8365478;N/A;3;4,00;12,00;DINHEIRO;PARA VIAGEM;06/02/2023;False;True;[]
TXN_2100697;CAFÉ;3;2,00;6,00;CARTEIRA DIGITAL;PARA VIAGEM;19/09/2023;False;True;[]
TXN_7676968;VITAMINA;4;4,00;16,00;N/A;PRESENCIAL;21/02/2023;False;True;[]
TXN_5726998;BOLO;3;3,00;9,00;CARTÃO DE CRÉDITO;N/A;12/08/2023;False;True;[]
TXN_4134594;SANDUICHE;3;4,00;12,00;CARTEIRA DIGITAL;PRESENCIAL;27/09/2023;False;True;[]
TXN_5079340;BISCOITO;4;1,00;4,00;DINHEIRO;PRESENCIAL;18/08/2023;False;True;[]
TXN_8276635;N/A;4;4,00;16,00;CARTEIRA DIGITAL;PARA VIAGEM;16/12/2023;False;True;[]
TXN_1380601;CHÁ;4;1,50;6,00;CARTEIRA DIGITAL;PRESENCIAL;11/03/2023;False;True;[]
TXN_3959152;SUCO;1;3,00;3,00;N/A;PRESENCIAL;21/05/2023;False;True;[]
TXN_7776739;CHÁ;2;1,50;3,00;N/A;PARA VIAGEM;23/02/2023;False;True;[]
TXN_7569615;N/A;2;3,00;6,00;DINHEIRO;PARA VIAGEM;07/06/2023;False;True;[]
TXN_8703771;BOLO;5;3,00;15,00;N/A;PRESENCIAL;12/05/2023;False;True;[]
TXN_2052395;VITAMINA;3;4,00;12,00;CARTÃO DE CRÉDITO;PRESENCIAL;06/07/2023;False;True;[]
TXN_9421441;N/A;2;4,00;8,00;DINHEIRO;N/A;20/06/2023;False;True;[]
TXN_9065402;N/A;1;5,00;5,00;DINHEIRO;PARA VIAGEM;22/12/2023;False;True;[]
TXN_3638955;BISCOITO;2;;2,00;DINHEIRO;PARA VIAGEM;02/09/2023;True;True;[]
TXN_2635532;N/A;4;4,00;16,00;DINHEIRO;PARA VIAGEM;14/01/2023;False;True;[]
TXN_8256593;SALADA;2;5,00;10,00;CARTEIRA DIGITAL;PARA VIAGEM;09/08/2023;False;True;[]
TXN_9271457;BOLO;3;3,00;9,00;CARTEIRA DIGITAL;PRESENCIAL;27/02/2023;False;True;[]
TXN_5392603;CAFÉ;1;2,00;2,00;DINHEIRO;PRESENCIAL;14/05/2023;False;True;[]
TXN_6319728;CAFÉ;;2,00;4,00;CARTÃO DE CRÉDITO;PRESENCIAL;18/07/2023;True;True;[]
TXN_9263299;BISCOITO;2;1,00;2,00;CARTÃO DE CRÉDITO;PARA VIAGEM;08/10/2023;False;True;[]
TXN_2301505;BOLO;5;3,00;15,00;CARTEIRA DIGITAL;N/A;21/03/2023;False;True;[]
TXN_5895177;BOLO;5;3,00;15,00;N/A;N/A;16/08/2023;False;True;[]
TXN_8147357;CHÁ;5;1,50;7,50;N/A;PARA VIAGEM;20/04/2023;False;True;[]
TXN_1436343;BISCOITO;1;1,00;1,00;CARTÃO DE CRÉDITO;PRESENCIAL;26/11/2023;False;True;[]
TXN_2214698;SALADA;4;5,00;20,00;CARTÃO DE CRÉDITO;N/A;10/10/2023;False;True;[]
TXN_7480234;SALADA;1;5,00;5,00;DINHEIRO;PARA VIAGEM;10/05/2023;False;True;[]
TXN_3283097;N/A;5;2,00;10,00;DINHEIRO;PARA VIAGEM;28/02/2023;False;True;[]
TXN_2633602;N/A;2;3,00;6,00;CARTEIRA DIGITAL;PRESENCIAL;02/02/2023;False;True;[]
TXN_3093219;SUCO;5;3,00;15,00;DINHEIRO;N/A;28/01/2023;False;True;[]
TXN_3515730;N/A;1;1,00;1,00;CARTÃO DE CRÉDITO;N/A;14/08/2023;False;True;[]
TXN_4010658;CHÁ;5;1,50;7,50;N/A;N/A;26/09/2023;False;True;[]
TXN_1454467;SUCO;3;3,00;9,00;DINHEIRO;PRESENCIAL;15/03/2023;False;True;[]
TXN_2598728;BOLO;2;3,00;6,00;CARTÃO DE CRÉDITO;N/A;13/01/2023;False;True;[]
TXN_3390285;CHÁ;2;1,50;3,00;N/A;PARA VIAGEM;06/02/2023;False;True;[]
TXN_8224079;BISCOITO;5;1,00;5,00;DINHEIRO;PRESENCIAL;16/10/2023;False;True;[]
TXN_1916339;BOLO;1;3,00;3,00;DINHEIRO;PRESENCIAL;15/07/2023;False;True;[]
TXN_8611035;SANDUICHE;5;4,00;20,00;CARTEIRA DIGITAL;PRESENCIAL;28/05/2023;False;True;[]
TXN_3595735;CHÁ;4;1,50;6,00;CARTEIRA DIGITAL;PARA VIAGEM;26/03/2023;False;True;[]
TXN_4884822;BISCOITO;1;1,00;1,00;CARTÃO DE CRÉDITO;N/A;23/04/2023;False;True;[]
TXN_3668051;BOLO;1;3,00;3,00;N/A;N/A;17/11/2023;False;True;[]
TXN_6169633;SALADA;4;5,00;20,00;CARTÃO DE CRÉDITO;PARA VIAGEM;20/12/2023;False;True;[]
TXN_3884811;CAFÉ;4;2,00;8,00;CARTÃO DE CRÉDITO;N/A;10/06/2023;False;True;[]
TXN_7050740;N/A;1;3,00;3,00;DINHEIRO;PARA VIAGEM;12/07/2023;False;True;[]
TXN_1234097;BISCOITO;4;;4,00;DINHEIRO;N/A;04/12/2023;True;True;[]
TXN_4518102;CHÁ;5;1,50;7,50;CARTÃO DE CRÉDITO;PRESENCIAL;08/02/2023;False;True;[]
TXN_5939055;CAFÉ;3;2,00;6,00;N/A;PARA VIAGEM;21/10/2023;False;True;[]
TXN_7809183;N/A;4;1,00;4,00;CARTEIRA DIGITAL;PARA VIAGEM;08/09/2023;False;True;[]
TXN_6071202;N/A;1;1,00;1,00;DINHEIRO;PRESENCIAL;07/06/2023;False;True;[]
TXN_8158496;CHÁ;4;1,50;6,00;DINHEIRO;N/A;19/06/2023;False;True;[]
TXN_2726848;BOLO;5;3,00;15,00;CARTÃO DE CRÉDITO;N/A;11/09/2023;False;True;[]
TXN_3666858;BOLO;4;3,00;12,00;CARTÃO DE CRÉDITO;PRESENCIAL;27/12/2023;False;True;[]
TXN_5499915;BISCOITO;2;1,00;2,00;CARTEIRA DIGITAL;PARA VIAGEM;01/02/2023;False;True;[]
TXN_4660753;SUCO;;3,00;3,00;CARTÃO DE CRÉDITO;PARA VIAGEM;04/10/2023;True;True;[]
TXN_8089522;SANDUICHE;4;;16,00;DINHEIRO;PARA VIAGEM;12/02/2023;True;True;[]
TXN_1564754;SALADA;3;5,00;15,00;CARTEIRA DIGITAL;PRESENCIAL;14/03/2023;False;True;[]
TXN_1824506;BOLO;1;3,00;3,00;DINHEIRO;PRESENCIAL;02/03/2023;False;True;[]
TXN_3677592;SANDUICHE;2;4,00;8,00;DINHEIRO;N/A;29/05/2023;False;True;[]
TXN_1002457;BISCOITO;5;1,00;5,00;CARTEIRA DIGITAL;PARA VIAGEM;29/09/2023;False;True;[]
TXN_8056263;VITAMINA;5;4,00;20,00;N/A;PRESENCIAL;20/04/2023;False;True;[]
TXN_4732351;SANDUICHE;1;4,00;4,00;CARTEIRA DIGITAL;PRESENCIAL;22/04/2023;False;True;[]
TXN_8049191;BOLO;3;3,00;9,00;CARTÃO DE CRÉDITO;N/A;31/07/2023;False;True;[]
TXN_4980036;BOLO;2;3,00;6,00;DINHEIRO;PARA VIAGEM;05/01/2023;False;True;[]
TXN_3022839;CAFÉ;5;2,00;10,00;CARTEIRA DIGITAL;PARA VIAGEM;25/08/2023;False;True;[]
TXN_7701070;CAFÉ;5;2,00;10,00;CARTÃO DE CRÉDITO;PARA VIAGEM;28/07/2023;False;True;[]
TXN_8048037;SANDUICHE;2;4,00;8,00;CARTEIRA DIGITAL;PARA VIAGEM;31/03/2023;False;True;[]
TXN_4444463;BOLO;4;3,00;12,00;N/A;N/A;16/05/2023;False;True;[]
TXN_1887522;SANDUICHE;4;4,00;16,00;DINHEIRO;PRESENCIAL;20/02/2023;False;True;[]
TXN_6908953;CHÁ;1;1,50;1,50;N/A;PRESENCIAL;08/12/2023;False;True;[]
TXN_4759769;SANDUICHE;1;4,00;4,00;N/A;PRESENCIAL;03/08/2023;False;True;[]
TXN_2254479;CHÁ;2;1,50;3,00;N/A;PARA VIAGEM;03/08/2023;False;True;[]
TXN_7555408;SALADA;2;5,00;10,00;N/A;PRESENCIAL;06/06/2023;False;True;[]
TXN_6857943;BOLO;5;3,00;15,00;N/A;PARA VIAGEM;08/01/2023;False;True;[]
TXN_9552845;SANDUICHE;3;4,00;12,00;DINHEIRO;N/A;18/02/2023;False;True;[]
TXN_6769465;SUCO;5;3,00;15,00;CARTEIRA DIGITAL;PRESENCIAL;13/06/2023;False;True;[]
TXN_7438831;CAFÉ;5;;10,00;N/A;N/A;24/12/2023;True;True;[]
TXN_3871837;CHÁ;;1,50;4,50;CARTEIRA DIGITAL;PARA VIAGEM;15/12/2023;True;True;[]
TXN_3656762;SANDUICHE;2;4,00;8,00;N/A;PARA VIAGEM;31/07/2023;False;True;[]
TXN_4980282;BOLO;1;3,00;3,00;CARTEIRA DIGITAL;PRESENCIAL;22/10/2023;False;True;[]
TXN_3580786;CHÁ;1;;1,50;N/A;PRESENCIAL;28/03/2023;True;True;[]
TXN_4355728;N/A;4;3,00;12,00;CARTÃO DE CRÉDITO;N/A;06/03/2023;False;True;[]
TXN_2508476;VITAMINA;5;4,00;20,00;DINHEIRO;N/A;14/04/2023;False;True;[]
TXN_1325631;BOLO;4;;12,00;CARTÃO DE CRÉDITO;PRESENCIAL;11/02/2023;True;True;[]
TXN_8209125;BISCOITO;3;1,00;3,00;CARTÃO DE CRÉDITO;PARA VIAGEM;30/01/2023;False;True;[]
TXN_1751164;SALADA;2;5,00;10,00;DINHEIRO;N/A;11/09/2023;False;True;[]
TXN_3730415;BOLO;4;3,00;12,00;CARTÃO DE CRÉDITO;PARA VIAGEM;09/04/2023;False;True;[]
TXN_4134253;CHÁ;4;1,50;6,00;DINHEIRO;PRESENCIAL;07/10/2023;False;True;[]
TXN_3256497;CAFÉ;2;2,00;4,00;DINHEIRO;N/A;20/08/2023;False;True;[]
TXN_8763180;VITAMINA;1;4,00;4,00;N/A;PARA VIAGEM;16/04/2023;False;True;[]
TXN_3219175;SANDUICHE;5;4,00;20,00;N/A;N/A;23/02/2023;False;True;[]
TXN_6234872;VITAMINA;1;4,00;4,00;N/A;N/A;23/12/2023;False;True;[]
TXN_7919440;CHÁ;4;1,50;6,00;DINHEIRO;N/A;19/08/2023;False;True;[]
TXN_7558641;CAFÉ;1;2,00;2,00;CARTEIRA DIGITAL;PRESENCIAL;22/12/2023;False;True;[]
TXN_9940220;SUCO;2;3,00;6,00;N/A;PARA VIAGEM;05/03/2023;False;True;[]
TXN_2130483;CHÁ;4;1,50;6,00;DINHEIRO;N/A;25/11/2023;False;True;[]
TXN_1972584;SANDUICHE;5;4,00;20,00;CARTEIRA DIGITAL;N/A;10/07/2023;False;True;[]
TXN_3150792;CAFÉ;5;2,00;10,00;DINHEIRO;N/A;02/07/2023;False;True;[]
TXN_2980008;BOLO;3;3,00;9,00;CARTEIRA DIGITAL;N/A;17/11/2023;False;True;[]
TXN_5511805;SUCO;1;3,00;3,00;N/A;PARA VIAGEM;03/06/2023;False;True;[]
TXN_7292548;BISCOITO;4;1,00;4,00;CARTEIRA DIGITAL;N/A;24/03/2023;False;True;[]
TXN_2169664;VITAMINA;1;4,00;4,00;DINHEIRO;N/A;23/07/2023;False;True;[]
TXN_3234877;CAFÉ;4;2,00;8,00;DINHEIRO;PARA VIAGEM;29/07/2023;False;True;[]
TXN_6368719;BOLO;4;3,00;12,00;CARTÃO DE CRÉDITO;PARA VIAGEM;03/01/2023;False;True;[]
TXN_8852585;SANDUICHE;4;4,00;16,00;CARTÃO DE CRÉDITO;PARA VIAGEM;05/01/2023;False;True;[]
TXN_9201010;SALADA;1;5,00;5,00;CARTÃO DE CRÉDITO;PARA VIAGEM;15/03/2023;False;True;[]
TXN_2873990;SANDUICHE;2;4,00;8,00;N/A;N/A;12/03/2023;False;True;[]
TXN_3088796;SANDUICHE;4;4,00;16,00;CARTÃO DE CRÉDITO;N/A;16/08/2023;False;True;[]
TXN_3414935;CAFÉ;4;2,00;8,00;N/A;PRESENCIAL;03/08/2023;False;True;[]
TXN_3607652;SALADA;4;5,00;20,00;CARTEIRA DIGITAL;PRESENCIAL;05/06/2023;False;True;[]
TXN_8502094;SUCO;5;3,00;15,00;CARTÃO DE CRÉDITO;PRESENCIAL;21/03/2023;False;True;[]
TXN_9068244;SANDUICHE;5;4,00;20,00;CARTEIRA DIGITAL;PARA VIAGEM;19/10/2023;False;True;[]
TXN_2696664;BISCOITO;5;1,00;5,00;N/A;PRESENCIAL;07/01/2023;False;True;[]
TXN_7661609;N/A;1;3,00;3,00;N/A;PRESENCIAL;29/11/2023;False;True;[]
TXN_7633490;BISCOITO;1;1,00;1,00;DINHEIRO;PARA VIAGEM;27/10/2023;False;True;[]
TXN_9292230;CHÁ;4;1,50;6,00;CARTÃO DE CRÉDITO;PRESENCIAL;14/07/2023;False;True;[]
TXN_1664665;N/A;3;3,00;9,00;CARTÃO DE CRÉDITO;PRESENCIAL;21/05/2023;False;True;[]
TXN_5081978;BOLO;1;3,00;3,00;N/A;PRESENCIAL;19/10/2023;False;True;[]
TXN_7314409;VITAMINA;5;4,00;20,00;CARTÃO DE CRÉDITO;N/A;06/08/2023;False;True;[]
TXN_4573576;N/A;2;3,00;6,00;DINHEIRO;PRESENCIAL;05/07/2023;False;True;[]
TXN_5645919;CAFÉ;3;;6,00;CARTÃO DE CRÉDITO;N/A;17/01/2023;True;True;[]
TXN_8006668;CHÁ;4;1,50;6,00;CARTÃO DE CRÉDITO;PRESENCIAL;22/12/2023;False;True;[]
TXN_8818168;SUCO;4;;12,00;CARTEIRA DIGITAL;N/A;20/07/2023;True;True;[]
TXN_4369043;SUCO;2;3,00;6,00;DINHEIRO;N/A;25/03/2023;False;True;[]
TXN_3560062;BISCOITO;1;1,00;1,00;DINHEIRO;PRESENCIAL;20/03/2023;False;True;[]
TXN_4769307;CHÁ;5;1,50;7,50;CARTEIRA DIGITAL;N/A;24/12/2023;False;True;[]
TXN_7270652;SANDUICHE;1;4,00;4,00;N/A;PARA VIAGEM;14/05/2023;False;True;[]
TXN_4991815;BOLO;5;3,00;15,00;DINHEIRO;N/A;06/11/2023;False;True;[]
TXN_6360132;SANDUICHE;4;4,00;16,00;DINHEIRO;PARA VIAGEM;16/09/2023;False;True;[]
TXN_8199829;BOLO;2;3,00;6,00;CARTÃO DE CRÉDITO;N/A;29/07/2023;False;True;[]
TXN_9166449;N/A;4;1,00;4,00;N/A;PARA VIAGEM;31/07/2023;False;True;[]
TXN_7864939;SANDUICHE;3;4,00;12,00;CARTEIRA DIGITAL;PRESENCIAL;19/08/2023;False;True;[]
TXN_2640701;SALADA;3;5,00;15,00;N/A;PARA VIAGEM;07/05/2023;False;True;[]
TXN_3740963;SALADA;2;5,00;10,00;CARTEIRA DIGITAL;PARA VIAGEM;22/01/2023;False;True;[]
TXN_8101633;SANDUICHE;2;4,00;8,00;N/A;PRESENCIAL;10/08/2023;False;True;[]
TXN_6063966;SUCO;2;3,00;6,00;CARTEIRA DIGITAL;PARA VIAGEM;24/10/2023;False;True;[]
TXN_3779640;CHÁ;1;1,50;1,50;CARTEIRA DIGITAL;PRESENCIAL;16/05/2023;False;True;[]
TXN_8278833;BOLO;3;3,00;9,00;N/A;N/A;26/02/2023;False;True;[]
TXN_8778598;SANDUICHE;3;4,00;12,00;DINHEIRO;N/A;02/09/2023;False;True;[]
TXN_7550103;BOLO;5;3,00;15,00;N/A;PARA VIAGEM;19/01/2023;False;True;[]
TXN_3664656;BISCOITO;5;1,00;5,00;N/A;PARA VIAGEM;13/08/2023;False;True;[]
TXN_7296560;SUCO;2;3,00;6,00;N/A;N/A;20/10/2023;False;True;[]
TXN_8136881;SALADA;3;5,00;15,00;DINHEIRO;PRESENCIAL;28/08/2023;False;True;[]
TXN_3981449;VITAMINA;2;4,00;8,00;DINHEIRO;PRESENCIAL;21/06/2023;False;True;[]
TXN_5427506;BOLO;;3,00;9,00;DINHEIRO;PARA VIAGEM;15/09/2023;True;True;[]
TXN_2641386;SANDUICHE;3;4,00;12,00;N/A;PARA VIAGEM;25/03/2023;False;True;[]
TXN_4033802;CHÁ;3;1,50;4,50;DINHEIRO;PARA VIAGEM;02/03/2023;False;True;[]
TXN_7752124;N/A;3;4,00;12,00;CARTÃO DE CRÉDITO;N/A;09/12/2023;False;True;[]
TXN_8259257;CHÁ;;1,50;3,00;N/A;PRESENCIAL;13/12/2023;True;True;[]
TXN_4183823;SANDUICHE;4;4,00;16,00;CARTÃO DE CRÉDITO;N/A;28/03/2023;False;True;[]
TXN_2239041;N/A;4;1,50;6,00;N/A;PRESENCIAL;24/10/2023;False;True;[]
TXN_4696439;BISCOITO;1;1,00;1,00;DINHEIRO;PRESENCIAL;27/05/2023;False;True;[]
TXN_8826983;VITAMINA;5;4,00;20,00;DINHEIRO;PRESENCIAL;14/01/2023;False;True;[]
TXN_8267034;SUCO;2;3,00;6,00;N/A;PARA VIAGEM;20/06/2023;False;True;[]
TXN_1959334;CAFÉ;3;2,00;6,00;N/A;N/A;29/06/2023;False;True;[]
TXN_6842808;CHÁ;2;1,50;3,00;N/A;N/A;22/10/2023;False;True;[]
TXN_2947822;BOLO;4;3,00;12,00;CARTEIRA DIGITAL;PRESENCIAL;27/10/2023;False;True;[]
TXN_5531712;N/A;2;1,50;3,00;DINHEIRO;N/A;09/01/2023;False;True;[]
TXN_2148838;SANDUICHE;2;4,00;8,00;CARTÃO DE CRÉDITO;N/A;05/08/2023;False;True;[]
TXN_1330506;BISCOITO;3;1,00;3,00;CARTEIRA DIGITAL;N/A;10/11/2023;False;True;[]
TXN_8957369;SALADA;4;5,00;20,00;CARTEIRA DIGITAL;N/A;18/10/2023;False;True;[]
TXN_9340653;VITAMINA;1;4,00;4,00;CARTEIRA DIGITAL;N/A;19/10/2023;False;True;[]
TXN_2493446;SANDUICHE;1;4,00;4,00;DINHEIRO;PARA VIAGEM;19/05/2023;False;True;[]
TXN_4538354;SUCO;3;3,00;9,00;DINHEIRO;PARA VIAGEM;21/04/2023;False;True;[]
TXN_7098730;BOLO;2;3,00;6,00;CARTEIRA DIGITAL;N/A;10/11/2023;False;True;[]
TXN_7533411;BISCOITO;;1,00;1,00;CARTEIRA DIGITAL;PRESENCIAL;09/11/2023;True;True;[]
TXN_2690314;CHÁ;5;1,50;7,50;DINHEIRO;PRESENCIAL;10/08/2023;False;True;[]
TXN_8171171;CAFÉ;1;2,00;2,00;N/A;PARA VIAGEM;13/05/2023;False;True;[]
TXN_2968827;SALADA;5;5,00;25,00;CARTEIRA DIGITAL;PARA VIAGEM;14/09/2023;False;True;[]
TXN_4546375;N/A;1;5,00;5,00;CARTÃO DE CRÉDITO;N/A;20/02/2023;False;True;[]
TXN_1387401;BISCOITO;4;1,00;4,00;DINHEIRO;PRESENCIAL;19/10/2023;False;True;[]
TXN_6727029;CHÁ;2;1,50;3,00;N/A;PARA VIAGEM;07/07/2023;False;True;[]
TXN_3917193;SUCO;5;3,00;15,00;CARTÃO DE CRÉDITO;PARA VIAGEM;17/11/2023;False;True;[]
TXN_8518516;SANDUICHE;4;4,00;16,00;N/A;N/A;16/08/2023;False;True;[]
TXN_2062854;SANDUICHE;4;4,00;16,00;CARTEIRA DIGITAL;PARA VIAGEM;01/12/2023;False;True;[]
TXN_4075863;VITAMINA;3;4,00;12,00;DINHEIRO;PARA VIAGEM;21/05/2023;False;True;[]
TXN_5624860;CHÁ;3;1,50;4,50;CARTÃO DE CRÉDITO;PARA VIAGEM;22/08/2023;False;True;[]
TXN_4621665;VITAMINA;5;;20,00;N/A;N/A;17/01/2023;True;True;[]
TXN_6669417;SALADA;5;5,00;25,00;N/A;PARA VIAGEM;03/01/2023;False;True;[]
TXN_7837381;SANDUICHE;5;4,00;20,00;N/A;PARA VIAGEM;17/07/2023;False;True;[]
TXN_1725926;SUCO;5;3,00;15,00;CARTÃO DE CRÉDITO;N/A;23/12/2023;False;True;[]
TXN_3403173;SALADA;1;5,00;5,00;N/A;N/A;24/06/2023;False;True;[]
TXN_4186681;N/A;4;;6,00;CARTEIRA DIGITAL;N/A;24/05/2023;True;True;[]
TXN_4059912;N/A;3;4,00;12,00;N/A;N/A;21/04/2023;False;True;[]
TXN_3381656;BOLO;5;3,00;15,00;DINHEIRO;PARA VIAGEM;26/10/2023;False;True;[]
TXN_9956154;BOLO;4;3,00;12,00;N/A;PRESENCIAL;11/05/2023;False;True;[]
TXN_7110444;N/A;4;5,00;20,00;DINHEIRO;N/A;07/12/2023;False;True;[]
TXN_6250692;SANDUICHE;1;4,00;4,00;N/A;N/A;01/09/2023;False;True;[]
TXN_1183995;SALADA;5;5,00;25,00;CARTEIRA DIGITAL;PARA VIAGEM;28/03/2023;False;True;[]
TXN_9452225;CHÁ;1;1,50;1,50;N/A;PRESENCIAL;26/02/2023;False;True;[]
TXN_9113574;CAFÉ;4;2,00;8,00;N/A;PRESENCIAL;04/01/2023;False;True;[]
TXN_5813015;BISCOITO;5;1,00;5,00;CARTEIRA DIGITAL;N/A;07/10/2023;False;True;[]
TXN_3213035;VITAMINA;4;4,00;16,00;N/A;PRESENCIAL;21/05/2023;False;True;[]
TXN_3789752;SUCO;3;;9,00;CARTEIRA DIGITAL;PARA VIAGEM;16/12/2023;True;True;[]
TXN_7578769;SANDUICHE;5;4,00;20,00;CARTEIRA DIGITAL;PARA VIAGEM;30/01/2023;False;True;[]
TXN_3515664;CAFÉ;2;2,00;4,00;DINHEIRO;PARA VIAGEM;25/09/2023;False;True;[]
TXN_6209258;SUCO;1;3,00;3,00;CARTÃO DE CRÉDITO;N/A;06/03/2023;False;True;[]
TXN_8594004;BISCOITO;4;1,00;4,00;CARTÃO DE CRÉDITO;N/A;25/02/2023;False;True;[]
TXN_6422433;SANDUICHE;5;4,00;20,00;CARTEIRA DIGITAL;PARA VIAGEM;09/05/2023;False;True;[]
TXN_2865033;CAFÉ;2;2,00;4,00;DINHEIRO;N/A;03/08/2023;False;True;[]
TXN_5547519;SALADA;4;5,00;20,00;N/A;PRESENCIAL;13/05/2023;False;True;[]
TXN_2392263;SALADA;5;5,00;25,00;N/A;PARA VIAGEM;08/02/2023;False;True;[]
TXN_4669664;BISCOITO;1;1,00;1,00;CARTEIRA DIGITAL;PRESENCIAL;21/12/2023;False;True;[]
TXN_9470612;BOLO;3;3,00;9,00;N/A;PARA VIAGEM;30/04/2023;False;True;[]
TXN_7507962;VITAMINA;4;;16,00;N/A;N/A;22/06/2023;True;True;[]
TXN_1109715;BOLO;1;;3,00;N/A;PRESENCIAL;15/07/2023;True;True;[]
TXN_8320245;CHÁ;3;1,50;4,50;N/A;PARA VIAGEM;09/04/2023;False;True;[]
TXN_5904646;VITAMINA;1;4,00;4,00;N/A;N/A;26/03/2023;False;True;[]
TXN_4498526;VITAMINA;3;4,00;12,00;CARTÃO DE CRÉDITO;N/A;20/06/2023;False;True;[]
TXN_5209585;CHÁ;2;1,50;3,00;N/A;PARA VIAGEM;12/08/2023;False;True;[]
TXN_2213556;CAFÉ;1;2,00;2,00;DINHEIRO;PRESENCIAL;30/05/2023;False;True;[]
TXN_3826038;SALADA;1;5,00;5,00;DINHEIRO;PARA VIAGEM;20/10/2023;False;True;[]
TXN_7596587;CHÁ;3;1,50;4,50;CARTÃO DE CRÉDITO;N/A;08/02/2023;False;True;[]
TXN_7380277;SANDUICHE;4;4,00;16,00;CARTEIRA DIGITAL;PARA VIAGEM;24/04/2023;False;True;[]
TXN_1353479;VITAMINA;4;4,00;16,00;DINHEIRO;N/A;20/09/2023;False;True;[]
TXN_6054137;SUCO;3;3,00;9,00;N/A;PRESENCIAL;09/05/2023;False;True;[]
TXN_7609853;SANDUICHE;;4,00;4,00;CARTEIRA DIGITAL;PRESENCIAL;22/04/2023;True;True;[]
TXN_9266394;BISCOITO;2;1,00;2,00;CARTÃO DE CRÉDITO;PRESENCIAL;12/07/2023;False;True;[]
TXN_5448157;N/A;3;1,00;3,00;CARTÃO DE CRÉDITO;N/A;11/01/2023;False;True;[]
TXN_6152588;CAFÉ;3;2,00;6,00;DINHEIRO;PARA VIAGEM;21/11/2023;False;True;[]
TXN_6569656;N/A;5;1,00;5,00;DINHEIRO;N/A;28/02/2023;False;True;[]
TXN_2156206;VITAMINA;2;4,00;8,00;N/A;N/A;04/02/2023;False;True;[]
TXN_3142258;SALADA;4;5,00;20,00;N/A;PARA VIAGEM;03/11/2023;False;True;[]
TXN_5739806;VITAMINA;3;4,00;12,00;CARTÃO DE CRÉDITO;PRESENCIAL;18/09/2023;False;True;[]
TXN_9228978;CAFÉ;5;2,00;10,00;CARTEIRA DIGITAL;PRESENCIAL;09/02/2023;False;True;[]
TXN_5897205;BISCOITO;1;1,00;1,00;N/A;PRESENCIAL;10/06/2023;False;True;[]
TXN_1556652;BOLO;5;3,00;15,00;CARTEIRA DIGITAL;N/A;06/04/2023;False;True;[]
TXN_8608765;SALADA;4;5,00;20,00;CARTÃO DE CRÉDITO;N/A;02/09/2023;False;True;[]
TXN_7353972;N/A;4;3,00;12,00;DINHEIRO;PRESENCIAL;02/02/2023;False;True;[]
TXN_1124753;SALADA;4;5,00;20,00;CARTEIRA DIGITAL;PRESENCIAL;19/10/2023;False;True;[]
TXN_9410981;BISCOITO;2;1,00;2,00;N/A;PARA VIAGEM;07/02/2023;False;True;[]
TXN_7611120;SUCO;2;3,00;6,00;DINHEIRO;PARA VIAGEM;30/03/2023;False;True;[]
TXN_2106959;SANDUICHE;5;4,00;20,00;CARTEIRA DIGITAL;N/A;05/09/2023;False;True;[]
TXN_2237115;CAFÉ;1;2,00;2,00;N/A;PARA VIAGEM;13/01/2023;False;True;[]
TXN_6836137;BOLO;4;3,00;12,00;N/A;PRESENCIAL;30/08/2023;False;True;[]
TXN_6316959;CHÁ;2;1,50;3,00;DINHEIRO;PRESENCIAL;10/11/2023;False;True;[]
TXN_2265984;BISCOITO;5;1,00;5,00;CARTÃO DE CRÉDITO;PARA VIAGEM;18/10/2023;False;True;[]
TXN_6352917;SALADA;5;5,00;25,00;DINHEIRO;N/A;05/05/2023;False;True;[]
TXN_9564123;BOLO;4;3,00;12,00;CARTÃO DE CRÉDITO;N/A;23/03/2023;False;True;[]
TXN_1123138;SALADA;1;5,00;5,00;DINHEIRO;PRESENCIAL;10/02/2023;False;True;[]
TXN_9212503;SALADA;2;5,00;10,00;CARTEIRA DIGITAL;PARA VIAGEM;08/10/2023;False;True;[]
TXN_1921262;SANDUICHE;;4,00;8,00;N/A;N/A;24/11/2023;True;True;[]
TXN_1259824;BISCOITO;;1,00;5,00;CARTEIRA DIGITAL;PARA VIAGEM;29/04/2023;True;True;[]
TXN_2806243;SALADA;4;5,00;20,00;CARTEIRA DIGITAL;PARA VIAGEM;14/01/2023;False;True;[]
TXN_9759896;CHÁ;4;1,50;6,00;N/A;N/A;02/12/2023;False;True;[]
TXN_7560807;SALADA;2;5,00;10,00;CARTÃO DE CRÉDITO;N/A;16/04/2023;False;True;[]
TXN_3286932;BISCOITO;1;1,00;1,00;CARTEIRA DIGITAL;PARA VIAGEM;11/07/2023;False;True;[]
TXN_3481470;SALADA;4;5,00;20,00;CARTÃO DE CRÉDITO;PRESENCIAL;24/12/2023;False;True;[]
TXN_9907327;SALADA;;5,00;10,00;CARTÃO DE CRÉDITO;N/A;07/10/2023;True;True;[]
TXN_3469469;BISCOITO;1;1,00;1,00;CARTEIRA DIGITAL;PRESENCIAL;25/10/2023;False;True;[]
TXN_2681833;N/A;3;1,00;3,00;CARTEIRA DIGITAL;PRESENCIAL;05/10/2023;False;True;[]
TXN_3179966;CHÁ;2;1,50;3,00;CARTEIRA DIGITAL;N/A;27/05/2023;False;True;[]
TXN_9289174;BOLO;;;12,00;CARTEIRA DIGITAL;PRESENCIAL;30/12/2023;True;True;[]
TXN_3629351;BOLO;1;3,00;3,00;CARTEIRA DIGITAL;N/A;21/07/2023;False;True;[]
TXN_3142836;BOLO;2;3,00;6,00;DINHEIRO;N/A;01/11/2023;False;True;[]
TXN_4998786;BOLO;5;3,00;15,00;CARTÃO DE CRÉDITO;PARA VIAGEM;25/10/2023;False;True;[]
TXN_7228816;SALADA;1;;5,00;N/A;PRESENCIAL;21/04/2023;True;True;[]
TXN_6904590;CAFÉ;4;2,00;8,00;CARTÃO DE CRÉDITO;N/A;19/02/2023;False;True;[]
TXN_2126408;BISCOITO;3;1,00;3,00;DINHEIRO;PARA VIAGEM;19/10/2023;False;True;[]
TXN_8664315;SALADA;2;5,00;10,00;DINHEIRO;N/A;14/08/2023;False;True;[]
TXN_8958593;SUCO;5;3,00;15,00;CARTEIRA DIGITAL;PRESENCIAL;08/07/2023;False;True;[]
TXN_2383598;SANDUICHE;2;4,00;8,00;CARTEIRA DIGITAL;PRESENCIAL;19/09/2023;False;True;[]
TXN_2211685;VITAMINA;1;4,00;4,00;CARTÃO DE CRÉDITO;PRESENCIAL;06/06/2023;False;True;[]
TXN_1503602;CHÁ;5;1,50;7,50;CARTEIRA DIGITAL;N/A;16/12/2023;False;True;[]
TXN_2962976;SUCO;;3,00;;N/A;N/A;17/03/2023;True;True;[]
TXN_8716752;SUCO;1;3,00;3,00;N/A;PRESENCIAL;05/12/2023;False;True;[]
TXN_4266787;SUCO;4;;12,00;CARTÃO DE CRÉDITO;PARA VIAGEM;12/01/2023;True;True;[]
TXN_5933480;SANDUICHE;3;4,00;12,00;CARTEIRA DIGITAL;PRESENCIAL;04/09/2023;False;True;[]
TXN_8255965;SUCO;;3,00;6,00;N/A;PRESENCIAL;16/11/2023;True;True;[]
TXN_4364091;VITAMINA;1;4,00;4,00;N/A;PARA VIAGEM;14/04/2023;False;True;[]
TXN_9203920;N/A;4;3,00;12,00;N/A;PARA VIAGEM;01/11/2023;False;True;[]
TXN_8964812;SALADA;4;;20,00;CARTEIRA DIGITAL;N/A;14/10/2023;True;True;[]
TXN_6721531;CHÁ;4;1,50;6,00;N/A;PRESENCIAL;06/03/2023;False;True;[]
TXN_5447508;SANDUICHE;3;4,00;12,00;CARTEIRA DIGITAL;PARA VIAGEM;28/06/2023;False;True;[]
TXN_5686113;SANDUICHE;5;4,00;20,00;CARTEIRA DIGITAL;PRESENCIAL;09/09/2023;False;True;[]
TXN_9239779;SALADA;1;5,00;5,00;DINHEIRO;N/A;09/01/2023;False;True;[]
TXN_9265319;SALADA;3;5,00;15,00;DINHEIRO;N/A;15/11/2023;False;True;[]
TXN_9265313;BOLO;3;3,00;9,00;N/A;PRESENCIAL;01/10/2023;False;True;[]
TXN_3397609;VITAMINA;2;4,00;8,00;CARTEIRA DIGITAL;PRESENCIAL;22/07/2023;False;True;[]
TXN_9347203;SANDUICHE;5;4,00;20,00;DINHEIRO;PRESENCIAL;15/04/2023;False;True;[]
TXN_2132186;SALADA;1;5,00;5,00;CARTÃO DE CRÉDITO;N/A;01/02/2023;False;True;[]
TXN_3383926;BOLO;3;3,00;9,00;DINHEIRO;PARA VIAGEM;08/07/2023;False;True;[]
TXN_6905718;SALADA;5;5,00;25,00;CARTÃO DE CRÉDITO;PRESENCIAL;20/02/2023;False;True;[]
TXN_3130548;BISCOITO;4;1,00;4,00;N/A;PARA VIAGEM;21/08/2023;False;True;[]
TXN_9356512;SALADA;;5,00;15,00;CARTÃO DE CRÉDITO;N/A;06/06/2023;True;True;[]
TXN_7993951;CHÁ;2;1,50;3,00;CARTEIRA DIGITAL;PARA VIAGEM;14/12/2023;False;True;[]
TXN_6362093;N/A;3;2,00;6,00;N/A;N/A;19/03/2023;False;True;[]
TXN_4876440;BISCOITO;3;1,00;3,00;N/A;PARA VIAGEM;01/07/2023;False;True;[]
TXN_9323513;BOLO;3;3,00;9,00;N/A;PARA VIAGEM;04/05/2023;False;True;[]
TXN_9097641;BOLO;4;3,00;12,00;DINHEIRO;PARA VIAGEM;16/12/2023;False;True;[]
TXN_1775884;SUCO;4;3,00;12,00;DINHEIRO;N/A;08/10/2023;False;True;[]
TXN_8536115;BOLO;1;3,00;3,00;CARTÃO DE CRÉDITO;PARA VIAGEM;11/07/2023;False;True;[]
TXN_8032010;CHÁ;1;1,50;1,50;DINHEIRO;N/A;14/06/2023;False;True;[]
TXN_2915281;BISCOITO;1;1,00;1,00;CARTEIRA DIGITAL;PRESENCIAL;01/07/2023;False;True;[]
TXN_3468006;VITAMINA;3;4,00;12,00;CARTÃO DE CRÉDITO;PARA VIAGEM;28/07/2023;False;True;[]
TXN_7604541;SUCO;4;3,00;12,00;CARTÃO DE CRÉDITO;PRESENCIAL;16/04/2023;False;True;[]
TXN_7806146;BOLO;3;;9,00;CARTEIRA DIGITAL;PRESENCIAL;30/01/2023;True;True;[]
TXN_9238689;BOLO;1;3,00;3,00;CARTEIRA DIGITAL;PRESENCIAL;09/03/2023;False;True;[]
TXN_2601689;SALADA;4;5,00;20,00;CARTEIRA DIGITAL;PARA VIAGEM;14/01/2023;False;True;[]
TXN_6428182;BOLO;5;3,00;15,00;DINHEIRO;PRESENCIAL;10/11/2023;False;True;[]
TXN_6830557;CAFÉ;3;2,00;6,00;CARTEIRA DIGITAL;PARA VIAGEM;08/11/2023;False;True;[]
TXN_6371264;VITAMINA;5;4,00;20,00;DINHEIRO;PARA VIAGEM;27/02/2023;False;True;[]
TXN_4663299;N/A;4;4,00;16,00;CARTEIRA DIGITAL;PRESENCIAL;26/12/2023;False;True;[]
TXN_9236713;BISCOITO;5;1,00;5,00;DINHEIRO;PRESENCIAL;13/09/2023;False;True;[]
TXN_1079239;VITAMINA;1;;4,00;N/A;PARA VIAGEM;08/02/2023;True;True;[]
TXN_4690833;BOLO;1;3,00;3,00;DINHEIRO;PARA VIAGEM;23/05/2023;False;True;[]
TXN_7946489;SUCO;1;3,00;3,00;DINHEIRO;PARA VIAGEM;11/09/2023;False;True;[]
TXN_8661288;SALADA;2;5,00;10,00;CARTEIRA DIGITAL;PARA VIAGEM;27/01/2023;False;True;[]
TXN_7187207;CAFÉ;5;2,00;10,00;DINHEIRO;N/A;18/02/2023;False;True;[]
TXN_4679409;N/A;;2,00;2,00;N/A;PRESENCIAL;25/03/2023;True;True;[]
TXN_2866147;SUCO;2;3,00;6,00;N/A;PARA VIAGEM;28/08/2023;False;True;[]
TXN_5637677;N/A;2;3,00;6,00;CARTEIRA DIGITAL;PARA VIAGEM;24/08/2023;False;True;[]
TXN_7444541;SALADA;2;5,00;10,00;DINHEIRO;N/A;29/11/2023;False;True;[]
TXN_6046604;BISCOITO;5;1,00;5,00;CARTÃO DE CRÉDITO;N/A;29/06/2023;False;True;[]
TXN_6111710;SALADA;3;5,00;15,00;CARTÃO DE CRÉDITO;PRESENCIAL;18/06/2023;False;True;[]
TXN_5476465;BOLO;;3,00;12,00;DINHEIRO;PRESENCIAL;23/06/2023;True;True;[]
TXN_1773873;SALADA;5;5,00;25,00;CARTÃO DE CRÉDITO;PARA VIAGEM;10/06/2023;False;True;[]
TXN_7688650;CHÁ;2;1,50;3,00;N/A;N/A;26/10/2023;False;True;[]
TXN_4570711;SANDUICHE;4;4,00;16,00;CARTÃO DE CRÉDITO;PRESENCIAL;11/12/2023;False;True;[]
TXN_5242469;CAFÉ;4;2,00;8,00;CARTÃO DE CRÉDITO;PARA VIAGEM;01/04/2023;False;True;[]
TXN_2977414;BOLO;4;3,00;12,00;N/A;N/A;09/06/2023;False;True;[]
TXN_8938144;CAFÉ;2;2,00;4,00;CARTÃO DE CRÉDITO;N/A;27/01/2023;False;True;[]
TXN_6434414;N/A;1;2,00;2,00;CARTEIRA DIGITAL;PARA VIAGEM;10/03/2023;False;True;[]
TXN_1655100;BOLO;4;3,00;12,00;CARTÃO DE CRÉDITO;PARA VIAGEM;20/12/2023;False;True;[]
TXN_1526864;VITAMINA;3;4,00;12,00;CARTEIRA DIGITAL;PRESENCIAL;27/01/2023;False;True;[]
TXN_1279428;SALADA;1;5,00;5,00;CARTEIRA DIGITAL;N/A;02/03/2023;False;True;[]
TXN_9866728;SUCO;1;3,00;3,00;DINHEIRO;PRESENCIAL;26/10/2023;False;True;[]
TXN_1706201;CAFÉ;3;2,00;6,00;CARTÃO DE CRÉDITO;PRESENCIAL;23/08/2023;False;True;[]
TXN_2498488;VITAMINA;2;4,00;8,00;CARTEIRA DIGITAL;PARA VIAGEM;06/12/2023;False;True;[]
TXN_5387067;SALADA;3;5,00;15,00;CARTÃO DE CRÉDITO;N/A;11/06/2023;False;True;[]
TXN_4431179;SANDUICHE;3;4,00;12,00;CARTEIRA DIGITAL;PARA VIAGEM;13/08/2023;False;True;[]
TXN_5051924;CHÁ;5;1,50;7,50;N/A;N/A;23/05/2023;False;True;[]
TXN_9033890;SALADA;1;5,00;5,00;N/A;PARA VIAGEM;05/08/2023;False;True;[]
TXN_1777959;CHÁ;5;1,50;7,50;N/A;PARA VIAGEM;18/10/2023;False;True;[]
TXN_3574059;BOLO;1;3,00;3,00;N/A;N/A;18/01/2023;False;True;[]
TXN_8386792;CAFÉ;;2,00;6,00;N/A;PRESENCIAL;05/10/2023;True;True;[]
TXN_2108894;SANDUICHE;4;4,00;16,00;CARTÃO DE CRÉDITO;PRESENCIAL;30/10/2023;False;True;[]
TXN_6347472;CHÁ;1;1,50;1,50;CARTEIRA DIGITAL;PRESENCIAL;22/03/2023;False;True;[]
TXN_8699110;SALADA;3;5,00;15,00;N/A;PARA VIAGEM;11/10/2023;False;True;[]
TXN_7188412;SANDUICHE;1;4,00;4,00;N/A;PARA VIAGEM;08/08/2023;False;True;[]
TXN_6178152;N/A;5;1,50;7,50;N/A;N/A;26/12/2023;False;True;[]
TXN_8345723;SANDUICHE;1;4,00;4,00;CARTEIRA DIGITAL;PARA VIAGEM;27/08/2023;False;True;[]
TXN_9989415;VITAMINA;5;;20,00;CARTÃO DE CRÉDITO;PARA VIAGEM;26/05/2023;True;True;[]
TXN_4476634;CHÁ;2;1,50;3,00;CARTÃO DE CRÉDITO;N/A;16/06/2023;False;True;[]
TXN_2178964;CHÁ;4;1,50;6,00;DINHEIRO;PARA VIAGEM;25/12/2023;False;True;[]
TXN_5213542;N/A;;2,00;6,00;CARTÃO DE CRÉDITO;PRESENCIAL;21/08/2023;True;True;[]
TXN_7889745;SANDUICHE;4;4,00;16,00;N/A;N/A;25/01/2023;False;True;[]
TXN_7020671;CAFÉ;1;2,00;2,00;N/A;N/A;01/09/2023;False;True;[]
TXN_8297135;N/A;2;4,00;8,00;N/A;N/A;16/09/2023;False;True;[]
TXN_6581437;CAFÉ;5;2,00;10,00;CARTEIRA DIGITAL;PARA VIAGEM;23/10/2023;False;True;[]
TXN_1347965;BISCOITO;5;1,00;5,00;N/A;PRESENCIAL;19/02/2023;False;True;[]
TXN_6128621;SALADA;3;5,00;15,00;CARTEIRA DIGITAL;PRESENCIAL;10/11/2023;False;True;[]
TXN_5758199;CAFÉ;4;2,00;8,00;CARTÃO DE CRÉDITO;N/A;11/06/2023;False;True;[]
TXN_3145041;CHÁ;5;1,50;7,50;N/A;N/A;23/09/2023;False;True;[]
TXN_9960577;SANDUICHE;1;4,00;4,00;DINHEIRO;N/A;24/06/2023;False;True;[]
TXN_1349738;SANDUICHE;3;4,00;12,00;DINHEIRO;N/A;26/03/2023;False;True;[]
TXN_4512118;CAFÉ;2;2,00;4,00;CARTEIRA DIGITAL;PARA VIAGEM;20/04/2023;False;True;[]
TXN_5763254;CAFÉ;3;;6,00;CARTEIRA DIGITAL;PARA VIAGEM;15/09/2023;True;True;[]
TXN_8696094;SANDUICHE;;4,00;;N/A;PARA VIAGEM;14/05/2023;True;True;[]
TXN_8114990;SUCO;1;3,00;3,00;N/A;N/A;27/02/2023;False;True;[]
TXN_4961655;SUCO;5;3,00;15,00;DINHEIRO;PARA VIAGEM;06/05/2023;False;True;[]
TXN_5595352;SUCO;1;3,00;3,00;DINHEIRO;PRESENCIAL;20/02/2023;False;True;[]
TXN_2070818;VITAMINA;5;4,00;20,00;N/A;PARA VIAGEM;05/06/2023;False;True;[]
TXN_1090854;BISCOITO;;1,00;3,00;CARTÃO DE CRÉDITO;PRESENCIAL;07/01/2023;True;True;[]
TXN_1869814;CHÁ;1;1,50;1,50;CARTEIRA DIGITAL;PARA VIAGEM;24/05/2023;False;True;[]
TXN_8296518;N/A;2;4,00;8,00;CARTÃO DE CRÉDITO;PRESENCIAL;08/02/2023;False;True;[]
TXN_6910915;CHÁ;4;1,50;6,00;CARTEIRA DIGITAL;PARA VIAGEM;06/05/2023;False;True;[]
TXN_3183527;CAFÉ;3;2,00;6,00;CARTEIRA DIGITAL;N/A;26/10/2023;False;True;[]
TXN_5787508;N/A;3;;9,00;CARTÃO DE CRÉDITO;PARA VIAGEM;23/07/2023;True;True;[]
TXN_2611960;SANDUICHE;3;4,00;12,00;CARTÃO DE CRÉDITO;N/A;11/09/2023;False;True;[]
TXN_7923140;CAFÉ;2;2,00;4,00;CARTEIRA DIGITAL;N/A;02/04/2023;False;True;[]
TXN_5229169;SUCO;2;3,00;6,00;CARTÃO DE CRÉDITO;PARA VIAGEM;08/09/2023;False;True;[]
TXN_1018880;VITAMINA;5;4,00;20,00;CARTEIRA DIGITAL;N/A;15/07/2023;False;True;[]
TXN_4074732;SALADA;3;;15,00;CARTÃO DE CRÉDITO;N/A;09/04/2023;True;True;[]
TXN_9409728;CHÁ;2;1,50;3,00;N/A;PRESENCIAL;06/03/2023;False;True;[]
TXN_5840223;CHÁ;4;;6,00;DINHEIRO;N/A;20/12/2023;True;True;[]
TXN_5576265;VITAMINA;4;4,00;16,00;CARTÃO DE CRÉDITO;PARA VIAGEM;08/04/2023;False;True;[]
TXN_7399897;N/A;4;3,00;12,00;N/A;PARA VIAGEM;14/11/2023;False;True;[]
TXN_5098938;CHÁ;5;1,50;7,50;N/A;N/A;06/05/2023;False;True;[]
TXN_6119823;CHÁ;2;1,50;3,00;N/A;PARA VIAGEM;13/06/2023;False;True;[]
TXN_7308222;SALADA;2;;10,00;N/A;PARA VIAGEM;09/03/2023;True;True;[]
TXN_5408625;BISCOITO;5;1,00;5,00;DINHEIRO;N/A;14/08/2023;False;True;[]
TXN_5969754;CHÁ;4;1,50;6,00;N/A;PARA VIAGEM;29/01/2023;False;True;[]
TXN_5740553;SALADA;5;5,00;25,00;N/A;PRESENCIAL;29/08/2023;False;True;[]
TXN_2392934;N/A;2;2,00;4,00;N/A;PRESENCIAL;25/11/2023;False;True;[]
TXN_5728991;SALADA;;5,00;10,00;N/A;N/A;01/01/2023;True;True;[]
TXN_7608816;N/A;3;3,00;9,00;CARTEIRA DIGITAL;PRESENCIAL;07/11/2023;False;True;[]
TXN_1046394;VITAMINA;1;4,00;4,00;DINHEIRO;PRESENCIAL;29/04/2023;False;True;[]
TXN_3228823;N/A;5;1,50;7,50;N/A;N/A;06/01/2023;False;True;[]
TXN_2269396;CAFÉ;3;2,00;6,00;CARTEIRA DIGITAL;PRESENCIAL;26/10/2023;False;True;[]
TXN_9263967;BISCOITO;3;1,00;3,00;CARTÃO DE CRÉDITO;PRESENCIAL;14/09/2023;False;True;[]
TXN_6540946;SUCO;4;3,00;12,00;CARTEIRA DIGITAL;N/A;08/10/2023;False;True;[]
TXN_2914088;SALADA;5;5,00;25,00;DINHEIRO;PRESENCIAL;22/03/2023;False;True;[]
TXN_6571898;SUCO;3;3,00;9,00;CARTEIRA DIGITAL;PARA VIAGEM;02/02/2023;False;True;[]
TXN_7109358;SALADA;;5,00;25,00;CARTEIRA DIGITAL;N/A;02/05/2023;True;True;[]
TXN_4498370;VITAMINA;4;4,00;16,00;N/A;N/A;24/07/2023;False;True;[]
TXN_4015710;SUCO;4;;12,00;DINHEIRO;N/A;18/05/2023;True;True;[]
TXN_4600048;BISCOITO;;1,00;2,00;DINHEIRO;N/A;30/10/2023;True;True;[]
TXN_2108486;SUCO;4;3,00;12,00;CARTEIRA DIGITAL;PARA VIAGEM;28/12/2023;False;True;[]
TXN_7019782;VITAMINA;;4,00;20,00;N/A;N/A;16/10/2023;True;True;[]
TXN_5228270;SUCO;3;3,00;9,00;N/A;PARA VIAGEM;12/04/2023;False;True;[]
TXN_4387303;BISCOITO;1;1,00;1,00;N/A;N/A;27/06/2023;False;True;[]
TXN_7786214;VITAMINA;1;;4,00;CARTÃO DE CRÉDITO;N/A;25/11/2023;True;True;[]
TXN_9587884;CHÁ;2;1,50;3,00;N/A;N/A;05/01/2023;False;True;[]
TXN_4625910;SUCO;1;3,00;3,00;N/A;N/A;17/01/2023;False;True;[]
TXN_8250731;BISCOITO;2;1,00;2,00;DINHEIRO;N/A;24/08/2023;False;True;[]
TXN_3605929;VITAMINA;2;4,00;8,00;CARTÃO DE CRÉDITO;N/A;26/04/2023;False;True;[]
TXN_4953450;BISCOITO;4;1,00;4,00;N/A;PRESENCIAL;10/03/2023;False;True;[]
TXN_5315441;VITAMINA;5;4,00;20,00;CARTEIRA DIGITAL;PRESENCIAL;31/10/2023;False;True;[]
TXN_9196322;BISCOITO;4;1,00;4,00;CARTEIRA DIGITAL;PRESENCIAL;12/08/2023;False;True;[]
TXN_4009547;SUCO;4;3,00;12,00;CARTÃO DE CRÉDITO;N/A;13/05/2023;False;True;[]
TXN_3394710;SANDUICHE;;4,00;4,00;CARTEIRA DIGITAL;PRESENCIAL;22/10/2023;True;True;[]
TXN_8354174;N/A;3;2,00;6,00;CARTÃO DE CRÉDITO;N/A;29/12/2023;False;True;[]
TXN_5931292;N/A;2;4,00;8,00;CARTÃO DE CRÉDITO;PRESENCIAL;18/12/2023;False;True;[]
TXN_2109416;SANDUICHE;1;4,00;4,00;N/A;PRESENCIAL;21/09/2023;False;True;[]
TXN_8776606;N/A;4;5,00;20,00;CARTEIRA DIGITAL;PARA VIAGEM;24/07/2023;False;True;[]
TXN_1063366;SUCO;3;3,00;9,00;N/A;N/A;20/03/2023;False;True;[]
TXN_2393500;SUCO;1;;3,00;CARTÃO DE CRÉDITO;PRESENCIAL;15/12/2023;True;True;[]
TXN_9738758;CAFÉ;1;2,00;2,00;DINHEIRO;PRESENCIAL;31/12/2023;False;True;[]
TXN_7838465;SANDUICHE;3;4,00;12,00;CARTÃO DE CRÉDITO;PARA VIAGEM;15/06/2023;False;True;[]
TXN_2447261;BISCOITO;3;1,00;3,00;CARTÃO DE CRÉDITO;PARA VIAGEM;15/10/2023;False;True;[]
TXN_6609947;N/A;3;3,00;9,00;CARTEIRA DIGITAL;PRESENCIAL;29/05/2023;False;True;[]
TXN_9036453;N/A;1;4,00;4,00;CARTEIRA DIGITAL;PARA VIAGEM;08/02/2023;False;True;[]
TXN_2611990;BISCOITO;;1,00;3,00;CARTEIRA DIGITAL;PARA VIAGEM;25/10/2023;True;True;[]
TXN_1460963;CAFÉ;3;2,00;6,00;DINHEIRO;PRESENCIAL;10/02/2023;False;True;[]
TXN_1713128;VITAMINA;3;4,00;12,00;CARTÃO DE CRÉDITO;N/A;01/05/2023;False;True;[]
TXN_4501168;N/A;1;1,50;1,50;N/A;PRESENCIAL;28/06/2023;False;True;[]
TXN_2840323;CHÁ;4;1,50;6,00;CARTÃO DE CRÉDITO;N/A;07/05/2023;False;True;[]
TXN_6691767;SALADA;2;5,00;10,00;DINHEIRO;PARA VIAGEM;05/02/2023;False;True;[]
TXN_7280191;CAFÉ;3;2,00;6,00;N/A;PARA VIAGEM;23/08/2023;False;True;[]
TXN_6932070;CHÁ;4;1,50;6,00;CARTÃO DE CRÉDITO;PRESENCIAL;10/06/2023;False;True;[]
TXN_3502743;N/A;5;4,00;20,00;N/A;N/A;28/02/2023;False;True;[]
TXN_2815335;SUCO;5;3,00;15,00;DINHEIRO;N/A;30/03/2023;False;True;[]
TXN_4916272;CHÁ;3;1,50;4,50;N/A;N/A;03/03/2023;False;True;[]
TXN_7940202;N/A;1;;4,00;CARTEIRA DIGITAL;N/A;23/07/2023;True;True;[]
TXN_5489408;BISCOITO;1;1,00;1,00;N/A;PRESENCIAL;02/05/2023;False;True;[]
TXN_4640977;BISCOITO;3;1,00;3,00;CARTÃO DE CRÉDITO;PRESENCIAL;11/02/2023;False;True;[]
TXN_8563346;N/A;3;2,00;6,00;CARTÃO DE CRÉDITO;N/A;24/10/2023;False;True;[]
TXN_7896721;BOLO;3;3,00;9,00;CARTÃO DE CRÉDITO;PARA VIAGEM;22/04/2023;False;True;[]
TXN_8973563;CAFÉ;1;2,00;2,00;N/A;N/A;08/10/2023;False;True;[]
TXN_4827371;SALADA;2;5,00;10,00;N/A;PARA VIAGEM;20/06/2023;False;True;[]
TXN_1559313;VITAMINA;2;4,00;8,00;CARTÃO DE CRÉDITO;N/A;02/12/2023;False;True;[]
TXN_7384923;SANDUICHE;2;4,00;8,00;N/A;PARA VIAGEM;24/01/2023;False;True;[]
TXN_7906197;SANDUICHE;5;4,00;20,00;CARTÃO DE CRÉDITO;PRESENCIAL;02/01/2023;False;True;[]
TXN_9018535;BISCOITO;2;;2,00;CARTEIRA DIGITAL;PARA VIAGEM;05/05/2023;True;True;[]
TXN_9103318;SANDUICHE;2;4,00;8,00;N/A;N/A;13/11/2023;False;True;[]
TXN_8066743;CHÁ;3;1,50;4,50;DINHEIRO;PARA VIAGEM;13/11/2023;False;True;[]
TXN_8647575;CHÁ;;1,50;3,00;DINHEIRO;N/A;08/02/2023;True;True;[]
TXN_6376175;SUCO;4;;12,00;CARTEIRA DIGITAL;PARA VIAGEM;24/02/2023;True;True;[]
TXN_9840274;SANDUICHE;5;4,00;20,00;N/A;PARA VIAGEM;25/02/2023;False;True;[]
TXN_4912458;BOLO;4;3,00;12,00;N/A;PARA VIAGEM;12/06/2023;False;True;[]
TXN_7982985;BISCOITO;1;1,00;1,00;CARTÃO DE CRÉDITO;N/A;27/01/2023;False;True;[]
TXN_2855581;CAFÉ;4;2,00;8,00;CARTÃO DE CRÉDITO;N/A;23/10/2023;False;True;[]
TXN_7585348;BOLO;3;3,00;9,00;CARTÃO DE CRÉDITO;PARA VIAGEM;16/03/2023;False;True;[]
TXN_8249251;BOLO;;3,00;9,00;N/A;PRESENCIAL;01/01/2023;True;True;[]
TXN_4005014;SANDUICHE;1;4,00;4,00;CARTEIRA DIGITAL;PARA VIAGEM;10/07/2023;False;True;[]
TXN_3106215;VITAMINA;3;4,00;12,00;N/A;PARA VIAGEM;15/04/2023;False;True;[]
TXN_4478185;BOLO;2;3,00;6,00;DINHEIRO;PRESENCIAL;25/08/2023;False;True;[]
TXN_7815651;SALADA;1;;5,00;DINHEIRO;PRESENCIAL;16/01/2023;True;True;[]
TXN_3461209;SUCO;4;3,00;12,00;CARTÃO DE CRÉDITO;PRESENCIAL;26/04/2023;False;True;[]
TXN_9498325;SALADA;1;5,00;5,00;N/A;N/A;04/04/2023;False;True;[]
TXN_1026827;BISCOITO;4;1,00;4,00;CARTEIRA DIGITAL;PRESENCIAL;02/01/2023;False;True;[]
TXN_4479052;SALADA;;5,00;20,00;CARTEIRA DIGITAL;PRESENCIAL;05/12/2023;True;True;[]
TXN_7269513;SALADA;3;5,00;15,00;DINHEIRO;N/A;12/05/2023;False;True;[]
TXN_5134545;CHÁ;5;1,50;7,50;CARTEIRA DIGITAL;N/A;17/10/2023;False;True;[]
TXN_7997144;SUCO;4;3,00;12,00;CARTÃO DE CRÉDITO;N/A;25/02/2023;False;True;[]
TXN_7315198;SALADA;2;;10,00;N/A;N/A;23/09/2023;True;True;[]
TXN_4339682;SALADA;5;5,00;25,00;N/A;PRESENCIAL;04/03/2023;False;True;[]
TXN_3363831;SUCO;3;3,00;9,00;CARTEIRA DIGITAL;N/A;10/05/2023;False;True;[]
TXN_5369555;SUCO;4;3,00;12,00;DINHEIRO;PARA VIAGEM;24/02/2023;False;True;[]
TXN_6208034;BOLO;1;3,00;3,00;CARTEIRA DIGITAL;N/A;29/08/2023;False;True;[]
TXN_8187656;CHÁ;4;1,50;6,00;CARTÃO DE CRÉDITO;PARA VIAGEM;01/05/2023;False;True;[]
TXN_6463415;CAFÉ;3;2,00;6,00;CARTEIRA DIGITAL;PRESENCIAL;12/04/2023;False;True;[]
TXN_1461895;SUCO;5;3,00;15,00;N/A;N/A;17/06/2023;False;True;[]
TXN_3197752;VITAMINA;2;4,00;8,00;N/A;N/A;10/03/2023;False;True;[]
TXN_3112175;CAFÉ;4;2,00;8,00;DINHEIRO;N/A;16/03/2023;False;True;[]
TXN_6439579;CHÁ;5;1,50;7,50;CARTÃO DE CRÉDITO;N/A;23/03/2023;False;True;[]
TXN_4944121;N/A;2;2,00;4,00;N/A;N/A;29/05/2023;False;True;[]
TXN_5590805;BOLO;1;3,00;3,00;N/A;PARA VIAGEM;25/01/2023;False;True;[]
TXN_4634772;SUCO;3;3,00;9,00;CARTÃO DE CRÉDITO;PRESENCIAL;12/01/2023;False;True;[]
TXN_3519066;BOLO;1;3,00;3,00;N/A;PARA VIAGEM;08/11/2023;False;True;[]
TXN_8034156;SANDUICHE;1;4,00;4,00;DINHEIRO;PRESENCIAL;22/07/2023;False;True;[]
TXN_2163229;BISCOITO;4;1,00;4,00;DINHEIRO;PARA VIAGEM;21/12/2023;False;True;[]
TXN_4109764;SUCO;3;3,00;9,00;CARTÃO DE CRÉDITO;N/A;12/07/2023;False;True;[]
TXN_1343750;BISCOITO;2;1,00;2,00;CARTEIRA DIGITAL;PARA VIAGEM;15/02/2023;False;True;[]
TXN_6387964;CHÁ;5;1,50;7,50;CARTEIRA DIGITAL;N/A;07/08/2023;False;True;[]
TXN_2743397;BOLO;2;3,00;6,00;CARTEIRA DIGITAL;N/A;03/10/2023;False;True;[]
TXN_8022689;CHÁ;1;1,50;1,50;DINHEIRO;PARA VIAGEM;15/06/2023;False;True;[]
TXN_9392028;SALADA;5;;25,00;CARTÃO DE CRÉDITO;PRESENCIAL;13/01/2023;True;True;[]
TXN_3547825;BISCOITO;3;1,00;3,00;N/A;PARA VIAGEM;04/09/2023;False;True;[]
TXN_9101792;CAFÉ;5;2,00;10,00;DINHEIRO;N/A;13/06/2023;False;True;[]
TXN_3463928;N/A;4;1,50;6,00;CARTÃO DE CRÉDITO;PRESENCIAL;07/06/2023;False;True;[]
TXN_8503406;VITAMINA;2;4,00;8,00;CARTEIRA DIGITAL;N/A;15/02/2023;False;True;[]
TXN_1992966;VITAMINA;5;4,00;20,00;N/A;PRESENCIAL;09/08/2023;False;True;[]
TXN_2179458;N/A;1;3,00;3,00;DINHEIRO;PRESENCIAL;23/10/2023;False;True;[]
TXN_5648512;N/A;4;3,00;12,00;N/A;PARA VIAGEM;30/01/2023;False;True;[]
TXN_8689416;SUCO;5;3,00;15,00;N/A;N/A;19/03/2023;False;True;[]
TXN_1964555;VITAMINA;2;4,00;8,00;CARTEIRA DIGITAL;N/A;11/04/2023;False;True;[]
TXN_1794862;BOLO;2;3,00;6,00;DINHEIRO;N/A;16/07/2023;False;True;[]
TXN_5780615;VITAMINA;3;4,00;12,00;DINHEIRO;N/A;24/12/2023;False;True;[]
TXN_2416816;VITAMINA;5;4,00;20,00;CARTEIRA DIGITAL;PRESENCIAL;19/10/2023;False;True;[]
TXN_8005682;CAFÉ;2;2,00;4,00;CARTÃO DE CRÉDITO;N/A;16/03/2023;False;True;[]
TXN_1778707;SALADA;5;5,00;25,00;CARTÃO DE CRÉDITO;PARA VIAGEM;26/03/2023;False;True;[]
TXN_9959813;SANDUICHE;4;4,00;16,00;CARTEIRA DIGITAL;N/A;05/09/2023;False;True;[]
TXN_3110343;CHÁ;;1,50;7,50;CARTEIRA DIGITAL;PARA VIAGEM;24/06/2023;True;True;[]
TXN_7913451;SANDUICHE;5;4,00;20,00;CARTÃO DE CRÉDITO;N/A;05/12/2023;False;True;[]
TXN_1901729;BOLO;2;3,00;6,00;N/A;PARA VIAGEM;18/03/2023;False;True;[]
TXN_5934059;SUCO;;3,00;12,00;N/A;N/A;26/09/2023;True;True;[]
TXN_2098878;SUCO;2;3,00;6,00;N/A;PARA VIAGEM;19/08/2023;False;True;[]
TXN_9536472;SUCO;5;3,00;15,00;N/A;N/A;12/11/2023;False;True;[]
TXN_6696913;BOLO;4;3,00;12,00;N/A;N/A;22/10/2023;False;True;[]
TXN_9561832;N/A;3;4,00;12,00;CARTEIRA DIGITAL;N/A;29/10/2023;False;True;[]
TXN_8888153;CAFÉ;5;2,00;10,00;N/A;N/A;16/12/2023;False;True;[]
TXN_3790025;N/A;1;4,00;4,00;DINHEIRO;N/A;07/10/2023;False;True;[]
TXN_2820693;SALADA;3;;15,00;DINHEIRO;PARA VIAGEM;05/05/2023;True;True;[]
TXN_5661147;BOLO;1;3,00;3,00;N/A;PARA VIAGEM;06/11/2023;False;True;[]
TXN_3746260;VITAMINA;5;4,00;20,00;CARTEIRA DIGITAL;PARA VIAGEM;26/08/2023;False;True;[]
TXN_7805035;VITAMINA;3;4,00;12,00;N/A;PRESENCIAL;18/05/2023;False;True;[]
TXN_2058243;VITAMINA;5;4,00;20,00;N/A;PARA VIAGEM;19/03/2023;False;True;[]
TXN_5710748;SALADA;1;5,00;5,00;N/A;N/A;31/10/2023;False;True;[]
TXN_3725837;CAFÉ;5;2,00;10,00;DINHEIRO;PRESENCIAL;22/10/2023;False;True;[]
TXN_5132327;VITAMINA;;4,00;20,00;DINHEIRO;N/A;25/01/2023;True;True;[]
TXN_1575608;SANDUICHE;;;20,00;N/A;PARA VIAGEM;05/01/2023;True;True;[]
TXN_4594922;SALADA;2;5,00;10,00;CARTÃO DE CRÉDITO;PARA VIAGEM;19/06/2023;False;True;[]
TXN_5163686;SALADA;5;5,00;25,00;CARTÃO DE CRÉDITO;PRESENCIAL;29/05/2023;False;True;[]
TXN_5445318;BISCOITO;1;1,00;1,00;CARTEIRA DIGITAL;N/A;16/02/2023;False;True;[]
TXN_2391446;SANDUICHE;3;4,00;12,00;N/A;PRESENCIAL;06/12/2023;False;True;[]
TXN_2826603;SALADA;2;5,00;10,00;CARTEIRA DIGITAL;PARA VIAGEM;22/06/2023;False;True;[]
TXN_3489940;N/A;3;1,00;3,00;CARTÃO DE CRÉDITO;N/A;15/12/2023;False;True;[]
TXN_2526667;N/A;3;3,00;9,00;CARTEIRA DIGITAL;PRESENCIAL;10/06/2023;False;True;[]
TXN_3760598;BOLO;3;3,00;9,00;CARTEIRA DIGITAL;PRESENCIAL;24/10/2023;False;True;[]
TXN_7679707;CHÁ;1;1,50;1,50;CARTÃO DE CRÉDITO;PRESENCIAL;22/07/2023;False;True;[]
TXN_3831364;CHÁ;1;1,50;1,50;CARTEIRA DIGITAL;N/A;03/03/2023;False;True;[]
TXN_5038513;BISCOITO;2;;2,00;CARTEIRA DIGITAL;PARA VIAGEM;24/10/2023;True;True;[]
TXN_5007619;BOLO;5;3,00;15,00;CARTÃO DE CRÉDITO;PRESENCIAL;05/07/2023;False;True;[]
TXN_5124870;CHÁ;1;1,50;1,50;CARTEIRA DIGITAL;N/A;11/08/2023;False;True;[]
TXN_8229546;VITAMINA;2;4,00;8,00;DINHEIRO;N/A;16/10/2023;False;True;[]
TXN_3173923;BISCOITO;2;1,00;2,00;CARTEIRA DIGITAL;N/A;29/06/2023;False;True;[]
TXN_8460786;CAFÉ;1;2,00;2,00;DINHEIRO;N/A;17/05/2023;False;True;[]
TXN_7078232;N/A;5;3,00;15,00;CARTEIRA DIGITAL;PARA VIAGEM;21/11/2023;False;True;[]
TXN_9625287;SUCO;2;3,00;6,00;DINHEIRO;PRESENCIAL;08/07/2023;False;True;[]
TXN_4779440;BISCOITO;1;1,00;1,00;N/A;N/A;12/07/2023;False;True;[]
TXN_7337979;CAFÉ;1;2,00;2,00;CARTEIRA DIGITAL;PRESENCIAL;27/05/2023;False;True;[]
TXN_1713098;VITAMINA;4;4,00;16,00;N/A;N/A;22/11/2023;False;True;[]
TXN_5325729;CAFÉ;5;2,00;10,00;CARTEIRA DIGITAL;N/A;04/05/2023;False;True;[]
TXN_5630457;VITAMINA;1;4,00;4,00;CARTÃO DE CRÉDITO;PARA VIAGEM;01/03/2023;False;True;[]
TXN_4167859;CAFÉ;5;2,00;10,00;N/A;PARA VIAGEM;17/08/2023;False;True;[]
TXN_4487966;SUCO;3;3,00;9,00;DINHEIRO;PRESENCIAL;10/08/2023;False;True;[]
TXN_1122140;SANDUICHE;4;4,00;16,00;DINHEIRO;N/A;19/06/2023;False;True;[]
TXN_7484682;SUCO;1;3,00;3,00;DINHEIRO;N/A;28/12/2023;False;True;[]
TXN_5182042;SANDUICHE;4;4,00;16,00;N/A;PARA VIAGEM;25/02/2023;False;True;[]
TXN_4040989;SANDUICHE;1;4,00;4,00;N/A;N/A;02/03/2023;False;True;[]
TXN_2190793;N/A;4;1,00;4,00;CARTÃO DE CRÉDITO;PARA VIAGEM;29/07/2023;False;True;[]
TXN_3663712;CHÁ;4;1,50;6,00;CARTEIRA DIGITAL;PARA VIAGEM;22/09/2023;False;True;[]
TXN_9140598;SUCO;1;3,00;3,00;CARTEIRA DIGITAL;PARA VIAGEM;10/07/2023;False;True;[]
TXN_5657259;N/A;2;1,50;3,00;N/A;PRESENCIAL;03/03/2023;False;True;[]
TXN_5601300;CAFÉ;2;2,00;4,00;CARTEIRA DIGITAL;N/A;24/02/2023;False;True;[]
TXN_9904662;VITAMINA;1;4,00;4,00;N/A;PRESENCIAL;19/11/2023;False;True;[]
TXN_3696194;SALADA;2;5,00;10,00;CARTÃO DE CRÉDITO;PRESENCIAL;27/11/2023;False;True;[]
TXN_2964638;SALADA;2;5,00;10,00;CARTEIRA DIGITAL;PRESENCIAL;28/09/2023;False;True;[]
TXN_8336656;SALADA;5;5,00;25,00;DINHEIRO;PARA VIAGEM;02/12/2023;False;True;[]
TXN_2024121;SUCO;5;3,00;15,00;CARTEIRA DIGITAL;PRESENCIAL;06/11/2023;False;True;[]
TXN_6287890;CHÁ;5;1,50;7,50;CARTÃO DE CRÉDITO;PARA VIAGEM;07/02/2023;False;True;[]
TXN_4712887;CHÁ;5;1,50;7,50;CARTÃO DE CRÉDITO;N/A;04/01/2023;False;True;[]
TXN_4336892;BISCOITO;2;1,00;2,00;N/A;PRESENCIAL;04/06/2023;False;True;[]
TXN_5447694;VITAMINA;1;4,00;4,00;CARTEIRA DIGITAL;PRESENCIAL;18/11/2023;False;True;[]
TXN_2492058;VITAMINA;5;4,00;20,00;DINHEIRO;N/A;22/09/2023;False;True;[]
TXN_3439712;SUCO;4;3,00;12,00;N/A;PRESENCIAL;04/04/2023;False;True;[]
TXN_5350401;SANDUICHE;2;4,00;8,00;CARTEIRA DIGITAL;PRESENCIAL;28/10/2023;False;True;[]
TXN_8999006;VITAMINA;1;4,00;4,00;DINHEIRO;N/A;07/02/2023;False;True;[]
TXN_8514689;SUCO;5;3,00;15,00;N/A;N/A;15/04/2023;False;True;[]
TXN_1866028;CHÁ;5;1,50;7,50;CARTÃO DE CRÉDITO;PARA VIAGEM;12/06/2023;False;True;[]
TXN_8379141;SALADA;1;5,00;5,00;N/A;PRESENCIAL;01/10/2023;False;True;[]
TXN_9152264;BOLO;1;3,00;3,00;CARTEIRA DIGITAL;PARA VIAGEM;15/03/2023;False;True;[]
TXN_2287941;N/A;1;1,00;1,00;N/A;N/A;22/09/2023;False;True;[]
TXN_3794585;SANDUICHE;1;4,00;4,00;CARTÃO DE CRÉDITO;PRESENCIAL;10/02/2023;False;True;[]
TXN_3856427;SUCO;4;3,00;12,00;N/A;PRESENCIAL;25/03/2023;False;True;[]
TXN_9890874;SANDUICHE;5;4,00;20,00;DINHEIRO;PRESENCIAL;02/09/2023;False;True;[]
TXN_3945716;CHÁ;2;1,50;3,00;N/A;N/A;17/09/2023;False;True;[]
TXN_6254003;N/A;2;5,00;10,00;N/A;N/A;02/11/2023;False;True;[]
TXN_3101575;CAFÉ;;2,00;4,00;N/A;PARA VIAGEM;03/12/2023;True;True;[]
TXN_6269119;N/A;2;3,00;6,00;CARTEIRA DIGITAL;PARA VIAGEM;19/07/2023;False;True;[]
TXN_6024625;CAFÉ;5;2,00;10,00;CARTEIRA DIGITAL;PARA VIAGEM;13/09/2023;False;True;[]
TXN_7470910;SALADA;2;5,00;10,00;DINHEIRO;PRESENCIAL;22/11/2023;False;True;[]
TXN_9911345;BISCOITO;;1,00;1,00;CARTEIRA DIGITAL;N/A;14/04/2023;True;True;[]
TXN_1116119;VITAMINA;4;4,00;16,00;CARTEIRA DIGITAL;PRESENCIAL;07/08/2023;False;True;[]
TXN_3471223;CAFÉ;1;2,00;2,00;CARTEIRA DIGITAL;PRESENCIAL;08/10/2023;False;True;[]
TXN_4491072;VITAMINA;4;4,00;16,00;CARTÃO DE CRÉDITO;N/A;03/12/2023;False;True;[]
TXN_2053993;CHÁ;2;1,50;3,00;N/A;PARA VIAGEM;21/09/2023;False;True;[]
TXN_9086709;BOLO;1;;3,00;N/A;PRESENCIAL;04/05/2023;True;True;[]
TXN_1646009;N/A;4;5,00;20,00;CARTÃO DE CRÉDITO;N/A;11/10/2023;False;True;[]
TXN_8692653;SUCO;;3,00;6,00;DINHEIRO;PARA VIAGEM;01/11/2023;True;True;[]
TXN_5021925;CHÁ;4;1,50;6,00;DINHEIRO;PRESENCIAL;07/05/2023;False;True;[]
TXN_1104849;N/A;4;4,00;16,00;CARTEIRA DIGITAL;PARA VIAGEM;05/07/2023;False;True;[]
TXN_7764154;SALADA;2;5,00;10,00;CARTÃO DE CRÉDITO;PARA VIAGEM;09/12/2023;False;True;[]
TXN_5410185;N/A;3;3,00;9,00;N/A;PRESENCIAL;22/02/2023;False;True;[]
TXN_5651348;N/A;3;5,00;15,00;DINHEIRO;PARA VIAGEM;04/11/2023;False;True;[]
TXN_2178735;SUCO;3;3,00;9,00;CARTÃO DE CRÉDITO;PARA VIAGEM;24/07/2023;False;True;[]
TXN_4125165;CAFÉ;5;2,00;10,00;DINHEIRO;N/A;16/04/2023;False;True;[]
TXN_5014959;BISCOITO;2;1,00;2,00;CARTÃO DE CRÉDITO;PRESENCIAL;28/11/2023;False;True;[]
TXN_8811565;SUCO;5;3,00;15,00;CARTÃO DE CRÉDITO;N/A;01/10/2023;False;True;[]
TXN_9868382;CAFÉ;2;2,00;4,00;CARTEIRA DIGITAL;N/A;02/06/2023;False;True;[]
TXN_2924611;SUCO;3;3,00;9,00;DINHEIRO;N/A;19/04/2023;False;True;[]
TXN_7063124;BOLO;1;;3,00;N/A;PARA VIAGEM;10/04/2023;True;True;[]
TXN_2291079;CAFÉ;;2,00;2,00;DINHEIRO;N/A;07/10/2023;True;True;[]
TXN_5348445;SALADA;5;5,00;25,00;CARTEIRA DIGITAL;PRESENCIAL;15/11/2023;False;True;[]
TXN_8920751;CHÁ;2;1,50;3,00;N/A;N/A;20/04/2023;False;True;[]
TXN_7215985;CHÁ;4;1,50;6,00;CARTÃO DE CRÉDITO;PRESENCIAL;07/08/2023;False;True;[]
TXN_7448296;BISCOITO;1;1,00;1,00;CARTÃO DE CRÉDITO;PRESENCIAL;15/11/2023;False;True;[]
TXN_2625324;CAFÉ;1;2,00;2,00;N/A;N/A;02/09/2023;False;True;[]
TXN_3542902;VITAMINA;1;4,00;4,00;N/A;PRESENCIAL;10/06/2023;False;True;[]
TXN_1494608;CHÁ;3;1,50;4,50;CARTÃO DE CRÉDITO;PRESENCIAL;07/05/2023;False;True;[]
TXN_7615147;SANDUICHE;4;4,00;16,00;DINHEIRO;PRESENCIAL;19/05/2023;False;True;[]
TXN_7225428;CHÁ;;;3,00;CARTÃO DE CRÉDITO;PARA VIAGEM;07/03/2023;True;True;[]
TXN_3426892;SALADA;4;5,00;20,00;CARTÃO DE CRÉDITO;N/A;23/05/2023;False;True;[]
TXN_5892508;VITAMINA;1;4,00;4,00;CARTÃO DE CRÉDITO;PARA VIAGEM;21/03/2023;False;True;[]
TXN_5546684;CAFÉ;1;2,00;2,00;CARTÃO DE CRÉDITO;PRESENCIAL;02/10/2023;False;True;[]
TXN_6846047;SALADA;;5,00;5,00;CARTEIRA DIGITAL;N/A;02/04/2023;True;True;[]
TXN_5373527;SANDUICHE;2;4,00;8,00;N/A;N/A;26/06/2023;False;True;[]
TXN_6402128;SANDUICHE;4;4,00;16,00;CARTEIRA DIGITAL;PRESENCIAL;09/11/2023;False;True;[]
TXN_5009706;SANDUICHE;2;4,00;8,00;CARTEIRA DIGITAL;PRESENCIAL;20/09/2023;False;True;[]
TXN_7223120;SUCO;1;3,00;3,00;N/A;N/A;13/03/2023;False;True;[]
TXN_1991104;SUCO;2;;6,00;CARTEIRA DIGITAL;PARA VIAGEM;29/11/2023;True;True;[]
TXN_3380698;CAFÉ;3;2,00;6,00;CARTÃO DE CRÉDITO;PARA VIAGEM;15/12/2023;False;True;[]
TXN_9084554;N/A;4;4,00;16,00;CARTÃO DE CRÉDITO;PRESENCIAL;08/06/2023;False;True;[]
TXN_2996948;VITAMINA;3;4,00;12,00;N/A;N/A;25/06/2023;False;True;[]
TXN_1148945;CAFÉ;1;2,00;2,00;N/A;N/A;05/09/2023;False;True;[]
TXN_2078577;CHÁ;4;1,50;6,00;CARTÃO DE CRÉDITO;N/A;31/01/2023;False;True;[]
TXN_4007285;SANDUICHE;5;4,00;20,00;CARTEIRA DIGITAL;N/A;16/01/2023;False;True;[]
TXN_2336708;N/A;2;3,00;6,00;DINHEIRO;PRESENCIAL;16/06/2023;False;True;[]
TXN_1512118;SALADA;4;5,00;20,00;DINHEIRO;PRESENCIAL;01/03/2023;False;True;[]
TXN_6077816;BOLO;3;3,00;9,00;CARTÃO DE CRÉDITO;N/A;26/09/2023;False;True;[]
TXN_5136936;BOLO;3;3,00;9,00;DINHEIRO;N/A;24/08/2023;False;True;[]
TXN_8623443;N/A;3;5,00;15,00;CARTÃO DE CRÉDITO;PRESENCIAL;04/09/2023;False;True;[]
TXN_5654490;CHÁ;4;1,50;6,00;CARTÃO DE CRÉDITO;N/A;22/05/2023;False;True;[]
TXN_4033888;SANDUICHE;2;4,00;8,00;DINHEIRO;PRESENCIAL;04/02/2023;False;True;[]
TXN_4591512;CHÁ;2;1,50;3,00;N/A;N/A;11/08/2023;False;True;[]
TXN_6886495;BISCOITO;4;1,00;4,00;DINHEIRO;N/A;07/08/2023;False;True;[]
TXN_2153529;BISCOITO;1;1,00;1,00;CARTÃO DE CRÉDITO;N/A;11/09/2023;False;True;[]
TXN_7880148;BOLO;3;3,00;9,00;CARTÃO DE CRÉDITO;PARA VIAGEM;12/12/2023;False;True;[]
TXN_3688181;BOLO;1;3,00;3,00;N/A;PARA VIAGEM;23/08/2023;False;True;[]
TXN_2482129;SUCO;1;3,00;3,00;DINHEIRO;N/A;12/12/2023;False;True;[]
TXN_4187420;BOLO;3;3,00;9,00;CARTEIRA DIGITAL;PRESENCIAL;31/01/2023;False;True;[]
TXN_4146452;VITAMINA;1;4,00;4,00;N/A;PARA VIAGEM;31/05/2023;False;True;[]
TXN_9553579;BOLO;2;3,00;6,00;CARTÃO DE CRÉDITO;PRESENCIAL;03/10/2023;False;True;[]
TXN_3854285;SALADA;3;5,00;15,00;DINHEIRO;PARA VIAGEM;18/07/2023;False;True;[]
TXN_5614488;SANDUICHE;1;4,00;4,00;CARTÃO DE CRÉDITO;PARA VIAGEM;22/07/2023;False;True;[]
TXN_6187083;BOLO;5;3,00;15,00;N/A;PRESENCIAL;02/06/2023;False;True;[]
TXN_1521486;SALADA;4;5,00;20,00;N/A;N/A;28/01/2023;False;True;[]
TXN_6868182;N/A;5;4,00;20,00;CARTÃO DE CRÉDITO;N/A;02/01/2023;False;True;[]
TXN_6035534;SALADA;4;5,00;20,00;CARTÃO DE CRÉDITO;PRESENCIAL;18/12/2023;False;True;[]
TXN_7670743;SALADA;4;5,00;20,00;N/A;PRESENCIAL;28/04/2023;False;True;[]
TXN_7201724;SALADA;1;5,00;5,00;DINHEIRO;PARA VIAGEM;20/03/2023;False;True;[]
TXN_2881199;VITAMINA;;4,00;4,00;CARTEIRA DIGITAL;N/A;05/03/2023;True;True;[]
TXN_3616362;VITAMINA;5;4,00;20,00;CARTEIRA DIGITAL;PRESENCIAL;02/12/2023;False;True;[]
TXN_6113876;BOLO;3;3,00;9,00;DINHEIRO;PRESENCIAL;01/03/2023;False;True;[]
TXN_6007079;N/A;2;1,00;2,00;CARTÃO DE CRÉDITO;PRESENCIAL;09/10/2023;False;True;[]
TXN_3163383;CHÁ;2;1,50;3,00;N/A;PRESENCIAL;24/10/2023;False;True;[]
TXN_1413304;N/A;5;5,00;25,00;N/A;PARA VIAGEM;17/03/2023;False;True;[]
TXN_4907812;SANDUICHE;;4,00;8,00;CARTEIRA DIGITAL;PRESENCIAL;11/08/2023;True;True;[]
TXN_7894514;BOLO;1;3,00;3,00;N/A;N/A;25/09/2023;False;True;[]
TXN_6450138;BOLO;1;3,00;3,00;CARTÃO DE CRÉDITO;PARA VIAGEM;13/04/2023;False;True;[]
TXN_9874588;SANDUICHE;2;4,00;8,00;N/A;PARA VIAGEM;04/06/2023;False;True;[]
TXN_6732989;SALADA;2;5,00;10,00;CARTÃO DE CRÉDITO;N/A;29/04/2023;False;True;[]
TXN_5442610;SUCO;2;3,00;6,00;N/A;PARA VIAGEM;10/12/2023;False;True;[]
TXN_2155368;N/A;2;1,00;2,00;CARTEIRA DIGITAL;PARA VIAGEM;06/02/2023;False;True;[]
TXN_5236892;N/A;1;3,00;3,00;CARTEIRA DIGITAL;PARA VIAGEM;09/03/2023;False;True;[]
TXN_9328595;CHÁ;2;1,50;3,00;DINHEIRO;N/A;24/10/2023;False;True;[]
TXN_1324930;SANDUICHE;5;4,00;20,00;CARTÃO DE CRÉDITO;PARA VIAGEM;11/01/2023;False;True;[]
TXN_6148397;CHÁ;4;1,50;6,00;N/A;PRESENCIAL;20/03/2023;False;True;[]
TXN_8298711;CAFÉ;3;2,00;6,00;N/A;PARA VIAGEM;26/01/2023;False;True;[]
TXN_7085875;SUCO;3;3,00;9,00;CARTEIRA DIGITAL;PRESENCIAL;23/08/2023;False;True;[]
TXN_3857768;CAFÉ;2;2,00;4,00;CARTÃO DE CRÉDITO;N/A;04/01/2023;False;True;[]
TXN_5474440;BOLO;2;3,00;6,00;CARTÃO DE CRÉDITO;N/A;08/11/2023;False;True;[]
TXN_6057379;SALADA;5;5,00;25,00;CARTÃO DE CRÉDITO;PARA VIAGEM;18/03/2023;False;True;[]
TXN_4637070;CHÁ;3;1,50;4,50;CARTÃO DE CRÉDITO;N/A;13/06/2023;False;True;[]
TXN_9313535;BISCOITO;1;1,00;1,00;CARTEIRA DIGITAL;PARA VIAGEM;04/06/2023;False;True;[]
TXN_8161873;N/A;1;1,50;1,50;CARTEIRA DIGITAL;N/A;08/02/2023;False;True;[]
TXN_5441196;CHÁ;;1,50;1,50;DINHEIRO;N/A;24/05/2023;True;True;[]
TXN_9626053;SALADA;1;5,00;5,00;DINHEIRO;PARA VIAGEM;11/08/2023;False;True;[]
TXN_7026504;N/A;5;4,00;20,00;N/A;N/A;29/03/2023;False;True;[]
TXN_4114843;SANDUICHE;;4,00;8,00;DINHEIRO;N/A;17/05/2023;True;True;[]
TXN_6622954;VITAMINA;2;4,00;8,00;N/A;PRESENCIAL;13/01/2023;False;True;[]
TXN_5509088;SANDUICHE;3;4,00;12,00;CARTEIRA DIGITAL;N/A;28/08/2023;False;True;[]
TXN_5583534;BISCOITO;2;1,00;2,00;DINHEIRO;PARA VIAGEM;31/10/2023;False;True;[]
TXN_1438257;SALADA;4;5,00;20,00;CARTÃO DE CRÉDITO;PARA VIAGEM;13/06/2023;False;True;[]
TXN_6428593;CHÁ;5;1,50;7,50;N/A;N/A;06/09/2023;False;True;[]
TXN_4257830;BISCOITO;5;1,00;5,00;N/A;PRESENCIAL;04/08/2023;False;True;[]
TXN_8780340;BOLO;5;3,00;15,00;CARTÃO DE CRÉDITO;N/A;29/08/2023;False;True;[]
TXN_5801294;SALADA;1;5,00;5,00;N/A;N/A;20/10/2023;False;True;[]
TXN_4315988;N/A;2;5,00;10,00;DINHEIRO;PARA VIAGEM;12/04/2023;False;True;[]
TXN_3963927;SANDUICHE;4;4,00;16,00;CARTÃO DE CRÉDITO;PRESENCIAL;03/01/2023;False;True;[]
TXN_2906443;BOLO;4;3,00;12,00;N/A;N/A;14/08/2023;False;True;[]
TXN_2660295;BISCOITO;3;1,00;3,00;N/A;N/A;06/12/2023;False;True;[]
TXN_7023528;CHÁ;5;1,50;7,50;DINHEIRO;PRESENCIAL;28/10/2023;False;True;[]
TXN_5419862;SUCO;5;3,00;15,00;CARTEIRA DIGITAL;N/A;29/05/2023;False;True;[]
TXN_9124680;BISCOITO;2;1,00;2,00;DINHEIRO;PARA VIAGEM;03/10/2023;False;True;[]
TXN_7853635;SALADA;3;5,00;15,00;CARTEIRA DIGITAL;PARA VIAGEM;16/02/2023;False;True;[]
TXN_2009893;VITAMINA;3;4,00;12,00;N/A;N/A;06/12/2023;False;True;[]
TXN_3516263;BOLO;2;3,00;6,00;CARTEIRA DIGITAL;PRESENCIAL;23/09/2023;False;True;[]
TXN_1591640;BOLO;2;3,00;6,00;DINHEIRO;PRESENCIAL;26/05/2023;False;True;[]
TXN_9358958;VITAMINA;1;4,00;4,00;N/A;PARA VIAGEM;08/05/2023;False;True;[]
TXN_3008336;N/A;5;4,00;20,00;CARTÃO DE CRÉDITO;N/A;27/07/2023;False;True;[]
TXN_7401710;SANDUICHE;5;4,00;20,00;DINHEIRO;N/A;24/10/2023;False;True;[]
TXN_2176727;CHÁ;1;1,50;1,50;N/A;PARA VIAGEM;26/07/2023;False;True;[]
TXN_5595717;SUCO;2;3,00;6,00;N/A;N/A;16/06/2023;False;True;[]
TXN_1697018;SUCO;4;3,00;12,00;CARTEIRA DIGITAL;PRESENCIAL;02/07/2023;False;True;[]
TXN_1910957;CHÁ;5;1,50;7,50;N/A;PARA VIAGEM;25/07/2023;False;True;[]
TXN_2667225;SALADA;2;5,00;10,00;DINHEIRO;PRESENCIAL;21/11/2023;False;True;[]
TXN_3152531;CAFÉ;3;2,00;6,00;CARTÃO DE CRÉDITO;N/A;24/11/2023;False;True;[]
TXN_8605958;SANDUICHE;;4,00;20,00;DINHEIRO;N/A;09/06/2023;True;True;[]
TXN_5033045;SALADA;3;5,00;15,00;CARTEIRA DIGITAL;N/A;21/04/2023;False;True;[]
TXN_7527249;CHÁ;3;1,50;4,50;N/A;PARA VIAGEM;29/03/2023;False;True;[]
TXN_9159212;VITAMINA;3;4,00;12,00;CARTEIRA DIGITAL;PARA VIAGEM;12/01/2023;False;True;[]
TXN_6881523;SUCO;5;3,00;15,00;N/A;PARA VIAGEM;24/02/2023;False;True;[]
TXN_9725369;CAFÉ;;2,00;6,00;N/A;PARA VIAGEM;10/02/2023;True;True;[]
TXN_3282436;SALADA;5;5,00;25,00;CARTÃO DE CRÉDITO;PRESENCIAL;14/12/2023;False;True;[]
TXN_4206256;VITAMINA;3;4,00;12,00;N/A;N/A;10/10/2023;False;True;[]
TXN_8465274;BOLO;3;3,00;9,00;CARTEIRA DIGITAL;PARA VIAGEM;01/02/2023;False;True;[]
TXN_1286779;VITAMINA;;4,00;16,00;CARTÃO DE CRÉDITO;N/A;13/04/2023;True;True;[]
TXN_7216922;SUCO;5;3,00;15,00;N/A;N/A;26/06/2023;False;True;[]
TXN_8330446;VITAMINA;3;4,00;12,00;CARTÃO DE CRÉDITO;PRESENCIAL;06/08/2023;False;True;[]
TXN_1282260;SANDUICHE;5;4,00;20,00;CARTEIRA DIGITAL;N/A;21/07/2023;False;True;[]
TXN_9769410;SALADA;1;5,00;5,00;DINHEIRO;PRESENCIAL;22/07/2023;False;True;[]
TXN_3865224;CAFÉ;3;2,00;6,00;N/A;N/A;25/07/2023;False;True;[]
TXN_8135614;SUCO;2;;6,00;CARTEIRA DIGITAL;N/A;28/01/2023;True;True;[]
TXN_9603131;VITAMINA;5;4,00;20,00;N/A;N/A;19/08/2023;False;True;[]
TXN_1437083;VITAMINA;2;4,00;8,00;CARTÃO DE CRÉDITO;PRESENCIAL;15/03/2023;False;True;[]
TXN_2955040;N/A;5;3,00;15,00;N/A;N/A;21/03/2023;False;True;[]
TXN_2413626;BOLO;1;3,00;3,00;CARTÃO DE CRÉDITO;PARA VIAGEM;06/11/2023;False;True;[]
TXN_3392848;BOLO;2;3,00;6,00;DINHEIRO;PRESENCIAL;03/04/2023;False;True;[]
TXN_7027905;SANDUICHE;1;4,00;4,00;CARTÃO DE CRÉDITO;PRESENCIAL;17/07/2023;False;True;[]
TXN_8808034;VITAMINA;2;4,00;8,00;DINHEIRO;PRESENCIAL;09/08/2023;False;True;[]
TXN_1663113;VITAMINA;4;4,00;16,00;CARTÃO DE CRÉDITO;PARA VIAGEM;24/12/2023;False;True;[]
TXN_1544070;CAFÉ;5;2,00;10,00;N/A;PARA VIAGEM;05/09/2023;False;True;[]
TXN_6189334;SANDUICHE;1;4,00;4,00;DINHEIRO;PRESENCIAL;12/01/2023;False;True;[]
TXN_3803732;SALADA;4;;20,00;CARTEIRA DIGITAL;N/A;08/01/2023;True;True;[]
TXN_3410971;VITAMINA;1;4,00;4,00;N/A;PARA VIAGEM;02/01/2023;False;True;[]
TXN_6467618;CHÁ;3;1,50;4,50;N/A;PARA VIAGEM;12/10/2023;False;True;[]
TXN_6908287;BISCOITO;1;1,00;1,00;DINHEIRO;PRESENCIAL;04/08/2023;False;True;[]
TXN_2726700;N/A;;1,50;3,00;CARTEIRA DIGITAL;N/A;10/04/2023;True;True;[]
TXN_1803889;SALADA;4;5,00;20,00;N/A;N/A;23/06/2023;False;True;[]
TXN_6829707;SANDUICHE;1;4,00;4,00;DINHEIRO;PARA VIAGEM;17/08/2023;False;True;[]
TXN_7303706;CAFÉ;2;2,00;4,00;DINHEIRO;PRESENCIAL;14/12/2023;False;True;[]
TXN_1730647;SUCO;5;3,00;15,00;CARTEIRA DIGITAL;PRESENCIAL;18/01/2023;False;True;[]
TXN_9691018;SANDUICHE;2;4,00;8,00;CARTEIRA DIGITAL;N/A;21/07/2023;False;True;[]
TXN_5480564;SALADA;3;;15,00;CARTEIRA DIGITAL;N/A;28/05/2023;True;True;[]
TXN_4090904;N/A;;1,50;7,50;CARTEIRA DIGITAL;PRESENCIAL;04/08/2023;True;True;[]
TXN_9138791;BOLO;1;3,00;3,00;CARTEIRA DIGITAL;PRESENCIAL;22/03/2023;False;True;[]
TXN_2367947;VITAMINA;5;4,00;20,00;N/A;PARA VIAGEM;13/05/2023;False;True;[]
TXN_4936135;CAFÉ;4;2,00;8,00;DINHEIRO;PRESENCIAL;08/12/2023;False;True;[]
TXN_5311015;VITAMINA;3;4,00;12,00;N/A;N/A;11/05/2023;False;True;[]
TXN_2473090;N/A;2;;3,00;CARTÃO DE CRÉDITO;PRESENCIAL;03/03/2023;True;True;[]
TXN_8808631;SANDUICHE;5;;20,00;N/A;PARA VIAGEM;26/03/2023;True;True;[]
TXN_8703212;N/A;2;2,00;4,00;CARTÃO DE CRÉDITO;PARA VIAGEM;17/04/2023;False;True;[]
TXN_7732920;SANDUICHE;5;4,00;20,00;DINHEIRO;N/A;11/02/2023;False;True;[]
TXN_4496665;SANDUICHE;2;4,00;8,00;CARTEIRA DIGITAL;PARA VIAGEM;10/12/2023;False;True;[]
TXN_5041555;N/A;4;1,50;6,00;CARTEIRA DIGITAL;N/A;26/08/2023;False;True;[]
TXN_6816094;CHÁ;4;1,50;6,00;N/A;PRESENCIAL;30/12/2023;False;True;[]
TXN_8209794;CAFÉ;5;2,00;10,00;CARTÃO DE CRÉDITO;PARA VIAGEM;25/10/2023;False;True;[]
TXN_4135454;SANDUICHE;4;4,00;16,00;N/A;PRESENCIAL;23/07/2023;False;True;[]
TXN_2761542;BISCOITO;4;1,00;4,00;N/A;N/A;15/10/2023;False;True;[]
TXN_7948095;SALADA;5;5,00;25,00;N/A;PARA VIAGEM;18/07/2023;False;True;[]
TXN_3330687;BOLO;5;3,00;15,00;DINHEIRO;PRESENCIAL;26/12/2023;False;True;[]
TXN_9822317;N/A;3;1,50;4,50;DINHEIRO;PRESENCIAL;25/09/2023;False;True;[]
TXN_6243479;SANDUICHE;5;4,00;20,00;N/A;N/A;18/09/2023;False;True;[]
TXN_9296807;CAFÉ;3;2,00;6,00;CARTÃO DE CRÉDITO;N/A;20/12/2023;False;True;[]
TXN_5354746;CAFÉ;4;2,00;8,00;CARTEIRA DIGITAL;PARA VIAGEM;06/03/2023;False;True;[]
TXN_1235969;BISCOITO;1;1,00;1,00;CARTEIRA DIGITAL;N/A;08/07/2023;False;True;[]
TXN_4240796;SUCO;4;3,00;12,00;N/A;N/A;28/03/2023;False;True;[]
TXN_3736798;CAFÉ;4;2,00;8,00;CARTEIRA DIGITAL;PRESENCIAL;01/07/2023;False;True;[]
TXN_8118419;BOLO;3;3,00;9,00;N/A;N/A;03/12/2023;False;True;[]
TXN_3089814;BOLO;5;3,00;15,00;CARTEIRA DIGITAL;N/A;25/03/2023;False;True;[]
TXN_6719521;SALADA;5;5,00;25,00;DINHEIRO;PRESENCIAL;03/08/2023;False;True;[]
TXN_6530795;BISCOITO;1;1,00;1,00;CARTÃO DE CRÉDITO;N/A;30/04/2023;False;True;[]
TXN_4176373;BISCOITO;3;1,00;3,00;DINHEIRO;N/A;28/03/2023;False;True;[]
TXN_7230500;SUCO;3;3,00;9,00;CARTÃO DE CRÉDITO;N/A;12/12/2023;False;True;[]
TXN_7094898;SALADA;4;5,00;20,00;N/A;PARA VIAGEM;20/06/2023;False;True;[]
TXN_2400518;SUCO;3;3,00;9,00;CARTÃO DE CRÉDITO;N/A;04/02/2023;False;True;[]
TXN_5349288;CAFÉ;4;2,00;8,00;CARTEIRA DIGITAL;N/A;20/11/2023;False;True;[]
TXN_6806290;SALADA;3;5,00;15,00;N/A;N/A;02/05/2023;False;True;[]
TXN_6191123;N/A;2;1,00;2,00;CARTEIRA DIGITAL;PARA VIAGEM;01/03/2023;False;True;[]
TXN_5386752;SALADA;4;5,00;20,00;CARTEIRA DIGITAL;PRESENCIAL;07/12/2023;False;True;[]
TXN_1022523;SALADA;4;5,00;20,00;DINHEIRO;PRESENCIAL;25/11/2023;False;True;[]
TXN_3125997;SUCO;4;3,00;12,00;N/A;N/A;19/10/2023;False;True;[]
TXN_9906002;VITAMINA;;4,00;12,00;CARTEIRA DIGITAL;PRESENCIAL;13/07/2023;True;True;[]
TXN_6202015;BISCOITO;2;1,00;2,00;CARTÃO DE CRÉDITO;PARA VIAGEM;22/08/2023;False;True;[]
TXN_6928137;BOLO;3;3,00;9,00;CARTEIRA DIGITAL;PRESENCIAL;11/10/2023;False;True;[]
TXN_3003809;CAFÉ;4;2,00;8,00;DINHEIRO;N/A;21/04/2023;False;True;[]
TXN_5913013;BISCOITO;2;1,00;2,00;CARTÃO DE CRÉDITO;PARA VIAGEM;29/11/2023;False;True;[]
TXN_7433269;CHÁ;1;1,50;1,50;DINHEIRO;PRESENCIAL;18/05/2023;False;True;[]
TXN_3103972;BOLO;1;3,00;3,00;N/A;N/A;01/03/2023;False;True;[]
TXN_9081115;SUCO;3;3,00;9,00;N/A;N/A;04/12/2023;False;True;[]
TXN_1054915;N/A;5;1,00;5,00;N/A;PRESENCIAL;22/01/2023;False;True;[]
TXN_2633600;SALADA;5;5,00;25,00;DINHEIRO;PARA VIAGEM;28/11/2023;False;True;[]
TXN_4631695;BISCOITO;5;1,00;5,00;N/A;PRESENCIAL;18/11/2023;False;True;[]
TXN_3121271;VITAMINA;2;4,00;8,00;CARTÃO DE CRÉDITO;N/A;13/08/2023;False;True;[]
TXN_4613883;CHÁ;1;1,50;1,50;DINHEIRO;N/A;21/05/2023;False;True;[]
TXN_2766651;BOLO;;3,00;9,00;N/A;N/A;11/05/2023;True;True;[]
TXN_2166064;CAFÉ;4;2,00;8,00;N/A;PRESENCIAL;08/02/2023;False;True;[]
TXN_4617771;VITAMINA;4;4,00;16,00;CARTEIRA DIGITAL;PARA VIAGEM;10/09/2023;False;True;[]
TXN_9444461;SANDUICHE;2;4,00;8,00;N/A;N/A;28/05/2023;False;True;[]
TXN_4723978;N/A;2;1,00;2,00;N/A;N/A;20/04/2023;False;True;[]
TXN_1741325;CHÁ;2;1,50;3,00;CARTÃO DE CRÉDITO;PRESENCIAL;31/03/2023;False;True;[]
TXN_9370294;BOLO;2;3,00;6,00;CARTÃO DE CRÉDITO;N/A;23/04/2023;False;True;[]
TXN_9983356;SANDUICHE;2;4,00;8,00;CARTEIRA DIGITAL;PARA VIAGEM;20/09/2023;False;True;[]
TXN_8964527;SANDUICHE;4;4,00;16,00;CARTEIRA DIGITAL;PARA VIAGEM;22/02/2023;False;True;[]
TXN_3331437;N/A;1;2,00;2,00;DINHEIRO;PARA VIAGEM;26/02/2023;False;True;[]
TXN_6313325;BISCOITO;5;1,00;5,00;N/A;N/A;07/07/2023;False;True;[]
TXN_9497634;SUCO;3;3,00;9,00;DINHEIRO;N/A;20/07/2023;False;True;[]
TXN_9408993;SANDUICHE;1;4,00;4,00;CARTEIRA DIGITAL;PRESENCIAL;19/08/2023;False;True;[]
TXN_7810285;BOLO;4;3,00;12,00;DINHEIRO;PARA VIAGEM;25/10/2023;False;True;[]
TXN_5322809;BOLO;2;3,00;6,00;N/A;N/A;30/04/2023;False;True;[]
TXN_1961595;VITAMINA;5;4,00;20,00;CARTEIRA DIGITAL;PRESENCIAL;02/07/2023;False;True;[]
TXN_1200795;SANDUICHE;1;4,00;4,00;N/A;PRESENCIAL;18/08/2023;False;True;[]
TXN_8958073;VITAMINA;1;4,00;4,00;N/A;N/A;31/03/2023;False;True;[]
TXN_4114503;SALADA;5;5,00;25,00;N/A;PARA VIAGEM;07/11/2023;False;True;[]
TXN_4179561;BISCOITO;2;1,00;2,00;CARTEIRA DIGITAL;PRESENCIAL;12/11/2023;False;True;[]
TXN_5669113;SANDUICHE;2;4,00;8,00;N/A;PARA VIAGEM;19/03/2023;False;True;[]
TXN_7574828;CAFÉ;2;2,00;4,00;N/A;PRESENCIAL;24/09/2023;False;True;[]
TXN_9056301;BISCOITO;2;1,00;2,00;CARTÃO DE CRÉDITO;PARA VIAGEM;02/03/2023;False;True;[]
TXN_8530924;SANDUICHE;2;4,00;8,00;CARTÃO DE CRÉDITO;N/A;05/08/2023;False;True;[]
TXN_1505947;N/A;3;1,00;3,00;DINHEIRO;N/A;21/11/2023;False;True;[]
TXN_2114258;N/A;1;1,00;1,00;CARTEIRA DIGITAL;PRESENCIAL;04/12/2023;False;True;[]
TXN_5965422;CAFÉ;2;2,00;4,00;CARTÃO DE CRÉDITO;N/A;20/06/2023;False;True;[]
TXN_6910030;CAFÉ;4;2,00;8,00;CARTEIRA DIGITAL;PARA VIAGEM;09/07/2023;False;True;[]
TXN_3713626;SANDUICHE;2;4,00;8,00;DINHEIRO;N/A;24/12/2023;False;True;[]
TXN_5753095;SANDUICHE;4;4,00;16,00;N/A;N/A;25/06/2023;False;True;[]
TXN_5538503;VITAMINA;2;4,00;8,00;N/A;PRESENCIAL;05/09/2023;False;True;[]
TXN_7609781;VITAMINA;3;4,00;12,00;DINHEIRO;PRESENCIAL;13/03/2023;False;True;[]
TXN_8398059;BOLO;1;3,00;3,00;DINHEIRO;PARA VIAGEM;15/10/2023;False;True;[]
TXN_3755379;BISCOITO;2;;2,00;CARTEIRA DIGITAL;PRESENCIAL;19/11/2023;True;True;[]
TXN_6565955;N/A;3;2,00;6,00;CARTEIRA DIGITAL;PRESENCIAL;29/12/2023;False;True;[]
TXN_1792573;VITAMINA;5;4,00;20,00;DINHEIRO;PARA VIAGEM;07/12/2023;False;True;[]
TXN_4812472;BOLO;2;3,00;6,00;DINHEIRO;N/A;16/09/2023;False;True;[]
TXN_2923987;N/A;4;2,00;8,00;DINHEIRO;PARA VIAGEM;28/03/2023;False;True;[]
TXN_5050993;BISCOITO;4;1,00;4,00;N/A;N/A;06/02/2023;False;True;[]
TXN_9991225;BOLO;5;3,00;15,00;CARTÃO DE CRÉDITO;PARA VIAGEM;03/02/2023;False;True;[]
TXN_8734476;CHÁ;1;1,50;1,50;DINHEIRO;PARA VIAGEM;12/09/2023;False;True;[]
TXN_6471962;SANDUICHE;4;4,00;16,00;DINHEIRO;PARA VIAGEM;21/09/2023;False;True;[]
TXN_1981602;SANDUICHE;4;4,00;16,00;DINHEIRO;N/A;04/09/2023;False;True;[]
TXN_4792702;SANDUICHE;1;4,00;4,00;DINHEIRO;PARA VIAGEM;28/06/2023;False;True;[]
TXN_3572190;CAFÉ;5;2,00;10,00;CARTÃO DE CRÉDITO;PARA VIAGEM;05/03/2023;False;True;[]
TXN_6791398;CAFÉ;1;2,00;2,00;CARTÃO DE CRÉDITO;PARA VIAGEM;17/12/2023;False;True;[]
TXN_8361255;BOLO;3;3,00;9,00;DINHEIRO;PARA VIAGEM;29/07/2023;False;True;[]
TXN_1096690;VITAMINA;5;4,00;20,00;CARTÃO DE CRÉDITO;N/A;09/10/2023;False;True;[]
TXN_1371554;SANDUICHE;2;4,00;8,00;N/A;N/A;19/05/2023;False;True;[]
TXN_5080213;N/A;1;2,00;2,00;CARTEIRA DIGITAL;N/A;18/07/2023;False;True;[]
TXN_5858988;SUCO;1;;3,00;CARTÃO DE CRÉDITO;PARA VIAGEM;24/06/2023;True;True;[]
TXN_1476066;VITAMINA;2;4,00;8,00;N/A;PARA VIAGEM;19/10/2023;False;True;[]
TXN_6078834;VITAMINA;1;4,00;4,00;CARTEIRA DIGITAL;PARA VIAGEM;28/04/2023;False;True;[]
TXN_7812601;CHÁ;2;1,50;3,00;CARTÃO DE CRÉDITO;N/A;15/11/2023;False;True;[]
TXN_8186625;BISCOITO;1;1,00;1,00;CARTEIRA DIGITAL;PARA VIAGEM;21/07/2023;False;True;[]
TXN_3713976;SUCO;2;3,00;6,00;N/A;PARA VIAGEM;06/11/2023;False;True;[]
TXN_2946829;BISCOITO;2;1,00;2,00;CARTEIRA DIGITAL;PARA VIAGEM;08/02/2023;False;True;[]
TXN_8750849;BOLO;2;3,00;6,00;CARTÃO DE CRÉDITO;PARA VIAGEM;03/03/2023;False;True;[]
TXN_2889344;SANDUICHE;3;4,00;12,00;N/A;PRESENCIAL;21/05/2023;False;True;[]
TXN_4067814;CHÁ;5;1,50;7,50;DINHEIRO;N/A;20/12/2023;False;True;[]
TXN_2018654;SALADA;1;;5,00;N/A;N/A;23/10/2023;True;True;[]
TXN_1973716;SALADA;4;5,00;20,00;CARTÃO DE CRÉDITO;PRESENCIAL;21/01/2023;False;True;[]
TXN_1105589;CAFÉ;5;2,00;10,00;DINHEIRO;PARA VIAGEM;04/07/2023;False;True;[]
TXN_3727374;BOLO;2;3,00;6,00;N/A;PRESENCIAL;10/04/2023;False;True;[]
TXN_9155299;SUCO;3;3,00;9,00;N/A;PARA VIAGEM;09/02/2023;False;True;[]
TXN_1346936;BISCOITO;5;1,00;5,00;N/A;N/A;10/10/2023;False;True;[]
TXN_2089778;BOLO;1;3,00;3,00;N/A;PRESENCIAL;12/06/2023;False;True;[]
TXN_4896948;BOLO;;3,00;12,00;N/A;N/A;11/10/2023;True;True;[]
TXN_5375349;CAFÉ;1;2,00;2,00;N/A;PARA VIAGEM;13/11/2023;False;True;[]
TXN_6206171;BOLO;1;3,00;3,00;CARTEIRA DIGITAL;N/A;19/03/2023;False;True;[]
TXN_9256387;CHÁ;5;1,50;7,50;N/A;N/A;31/05/2023;False;True;[]
TXN_6915192;CAFÉ;4;2,00;8,00;N/A;PRESENCIAL;09/12/2023;False;True;[]
TXN_8908224;CAFÉ;4;2,00;8,00;N/A;N/A;21/08/2023;False;True;[]
TXN_4988665;BOLO;1;3,00;3,00;CARTEIRA DIGITAL;PARA VIAGEM;16/12/2023;False;True;[]
TXN_7740907;VITAMINA;5;4,00;20,00;N/A;PRESENCIAL;11/02/2023;False;True;[]
TXN_9596100;N/A;4;3,00;12,00;DINHEIRO;PARA VIAGEM;04/05/2023;False;True;[]
TXN_5019407;SUCO;4;3,00;12,00;CARTÃO DE CRÉDITO;N/A;17/04/2023;False;True;[]
TXN_2482363;CHÁ;3;1,50;4,50;DINHEIRO;N/A;06/08/2023;False;True;[]
TXN_5412834;VITAMINA;4;4,00;16,00;DINHEIRO;PARA VIAGEM;13/07/2023;False;True;[]
TXN_1389258;SALADA;1;5,00;5,00;DINHEIRO;PARA VIAGEM;31/12/2023;False;True;[]
TXN_3223187;CAFÉ;2;2,00;4,00;CARTÃO DE CRÉDITO;N/A;21/08/2023;False;True;[]
TXN_9288207;BOLO;4;3,00;12,00;N/A;PARA VIAGEM;16/05/2023;False;True;[]
TXN_8300706;SALADA;2;5,00;10,00;CARTEIRA DIGITAL;N/A;23/12/2023;False;True;[]
TXN_8076559;BOLO;5;3,00;15,00;DINHEIRO;PARA VIAGEM;02/11/2023;False;True;[]
TXN_2749266;SANDUICHE;;4,00;12,00;N/A;PARA VIAGEM;06/02/2023;True;True;[]
TXN_4310310;BOLO;3;3,00;9,00;DINHEIRO;PARA VIAGEM;08/03/2023;False;True;[]
TXN_5301689;BOLO;5;3,00;15,00;N/A;PRESENCIAL;11/04/2023;False;True;[]
TXN_9971927;VITAMINA;3;4,00;12,00;N/A;PARA VIAGEM;07/08/2023;False;True;[]
TXN_9143440;CAFÉ;4;2,00;8,00;CARTEIRA DIGITAL;N/A;31/03/2023;False;True;[]
TXN_6359777;N/A;5;4,00;20,00;N/A;N/A;13/01/2023;False;True;[]
TXN_2916209;BOLO;2;3,00;6,00;N/A;PRESENCIAL;15/04/2023;False;True;[]
TXN_6411716;BOLO;4;3,00;12,00;CARTÃO DE CRÉDITO;PRESENCIAL;25/02/2023;False;True;[]
TXN_7759607;SANDUICHE;1;4,00;4,00;CARTEIRA DIGITAL;N/A;11/08/2023;False;True;[]
TXN_8441057;BOLO;4;3,00;12,00;CARTÃO DE CRÉDITO;N/A;04/11/2023;False;True;[]
TXN_8283691;SUCO;3;3,00;9,00;N/A;N/A;25/01/2023;False;True;[]
TXN_1154979;CAFÉ;3;2,00;6,00;CARTÃO DE CRÉDITO;PRESENCIAL;11/12/2023;False;True;[]
TXN_4258949;BOLO;2;3,00;6,00;N/A;N/A;07/03/2023;False;True;[]
TXN_6129205;SANDUICHE;5;4,00;20,00;DINHEIRO;PRESENCIAL;20/07/2023;False;True;[]
TXN_3444519;BISCOITO;4;1,00;4,00;N/A;PARA VIAGEM;10/03/2023;False;True;[]
TXN_6813508;SALADA;1;5,00;5,00;DINHEIRO;N/A;26/10/2023;False;True;[]
TXN_5540986;BOLO;3;3,00;9,00;N/A;N/A;12/05/2023;False;True;[]
TXN_4832513;BISCOITO;5;1,00;5,00;CARTÃO DE CRÉDITO;PRESENCIAL;05/06/2023;False;True;[]
TXN_6202035;CHÁ;2;1,50;3,00;N/A;PRESENCIAL;06/09/2023;False;True;[]
TXN_4108120;CAFÉ;2;2,00;4,00;N/A;PRESENCIAL;14/06/2023;False;True;[]
TXN_8466519;N/A;1;1,00;1,00;N/A;PARA VIAGEM;31/08/2023;False;True;[]
TXN_5379385;CAFÉ;5;2,00;10,00;CARTÃO DE CRÉDITO;N/A;21/02/2023;False;True;[]
TXN_6782228;CAFÉ;4;2,00;8,00;CARTÃO DE CRÉDITO;N/A;18/08/2023;False;True;[]
TXN_7268366;SUCO;5;3,00;15,00;N/A;PRESENCIAL;14/12/2023;False;True;[]
TXN_1180969;BISCOITO;1;1,00;1,00;CARTEIRA DIGITAL;PRESENCIAL;06/01/2023;False;True;[]
TXN_3815345;N/A;5;1,00;5,00;DINHEIRO;PRESENCIAL;16/09/2023;False;True;[]
TXN_7453213;CAFÉ;;2,00;6,00;N/A;PRESENCIAL;27/10/2023;True;True;[]
TXN_9469533;BISCOITO;4;;4,00;DINHEIRO;N/A;22/05/2023;True;True;[]
TXN_6492919;SUCO;3;3,00;9,00;CARTEIRA DIGITAL;N/A;24/09/2023;False;True;[]
TXN_4356223;SALADA;3;5,00;15,00;CARTEIRA DIGITAL;PARA VIAGEM;23/11/2023;False;True;[]
TXN_7515082;CAFÉ;2;2,00;4,00;N/A;PRESENCIAL;21/10/2023;False;True;[]
TXN_7216161;CHÁ;4;1,50;6,00;CARTÃO DE CRÉDITO;N/A;06/07/2023;False;True;[]
TXN_2426782;CAFÉ;2;;4,00;CARTÃO DE CRÉDITO;PRESENCIAL;04/11/2023;True;True;[]
TXN_3484520;SUCO;3;3,00;9,00;CARTÃO DE CRÉDITO;N/A;15/08/2023;False;True;[]
TXN_2806515;VITAMINA;4;4,00;16,00;N/A;PRESENCIAL;31/12/2023;False;True;[]
TXN_7198128;BOLO;2;3,00;6,00;N/A;PRESENCIAL;07/09/2023;False;True;[]
TXN_6717061;SALADA;3;5,00;15,00;CARTÃO DE CRÉDITO;N/A;07/08/2023;False;True;[]
TXN_3562350;CAFÉ;2;2,00;4,00;N/A;N/A;04/02/2023;False;True;[]
TXN_1987977;N/A;2;4,00;8,00;N/A;N/A;16/11/2023;False;True;[]
TXN_4250492;SALADA;5;;25,00;N/A;PARA VIAGEM;29/09/2023;True;True;[]
TXN_2471972;BISCOITO;1;1,00;1,00;DINHEIRO;PARA VIAGEM;08/04/2023;False;True;[]
TXN_3060152;SUCO;5;3,00;15,00;CARTEIRA DIGITAL;N/A;07/02/2023;False;True;[]
TXN_4651514;CHÁ;2;1,50;3,00;CARTEIRA DIGITAL;PRESENCIAL;28/03/2023;False;True;[]
TXN_6555617;SALADA;2;5,00;10,00;CARTEIRA DIGITAL;PARA VIAGEM;27/12/2023;False;True;[]
TXN_7033977;SANDUICHE;4;4,00;16,00;N/A;PARA VIAGEM;04/05/2023;False;True;[]
TXN_6899834;BOLO;3;3,00;9,00;CARTÃO DE CRÉDITO;PARA VIAGEM;27/01/2023;False;True;[]
TXN_5031214;N/A;5;;5,00;N/A;PARA VIAGEM;29/07/2023;True;True;[]
TXN_3427950;VITAMINA;5;4,00;20,00;N/A;PRESENCIAL;23/02/2023;False;True;[]
TXN_8817239;N/A;5;4,00;20,00;DINHEIRO;PRESENCIAL;29/01/2023;False;True;[]
TXN_8543211;SUCO;3;3,00;9,00;N/A;PARA VIAGEM;30/11/2023;False;True;[]
TXN_7538570;VITAMINA;4;4,00;16,00;CARTÃO DE CRÉDITO;PARA VIAGEM;18/04/2023;False;True;[]
TXN_8789116;SALADA;5;5,00;25,00;CARTEIRA DIGITAL;PARA VIAGEM;13/01/2023;False;True;[]
TXN_8930109;BISCOITO;5;1,00;5,00;CARTEIRA DIGITAL;PARA VIAGEM;17/05/2023;False;True;[]
TXN_9799798;CAFÉ;5;2,00;10,00;CARTÃO DE CRÉDITO;PARA VIAGEM;23/05/2023;False;True;[]
TXN_8551432;N/A;;1,50;6,00;N/A;PARA VIAGEM;12/01/2023;True;True;[]
TXN_8831813;VITAMINA;5;4,00;20,00;N/A;N/A;23/11/2023;False;True;[]
TXN_5067373;BISCOITO;3;1,00;3,00;DINHEIRO;N/A;18/10/2023;False;True;[]
TXN_5755839;SANDUICHE;3;4,00;12,00;CARTÃO DE CRÉDITO;N/A;19/12/2023;False;True;[]
TXN_1681153;SUCO;3;3,00;9,00;DINHEIRO;PARA VIAGEM;09/02/2023;False;True;[]
TXN_4255503;CAFÉ;3;2,00;6,00;CARTEIRA DIGITAL;PARA VIAGEM;19/11/2023;False;True;[]
TXN_6086709;N/A;5;3,00;15,00;N/A;N/A;07/07/2023;False;True;[]
TXN_2385697;CAFÉ;1;2,00;2,00;DINHEIRO;PARA VIAGEM;10/09/2023;False;True;[]
TXN_9151321;SANDUICHE;4;4,00;16,00;DINHEIRO;PRESENCIAL;05/01/2023;False;True;[]
TXN_7369807;CAFÉ;4;2,00;8,00;N/A;PRESENCIAL;22/02/2023;False;True;[]
TXN_1602799;BOLO;4;3,00;12,00;CARTEIRA DIGITAL;PARA VIAGEM;23/03/2023;False;True;[]
TXN_3336502;SANDUICHE;3;4,00;12,00;CARTÃO DE CRÉDITO;N/A;04/05/2023;False;True;[]
TXN_9579181;SANDUICHE;1;4,00;4,00;CARTEIRA DIGITAL;PRESENCIAL;24/05/2023;False;True;[]
TXN_7391267;BOLO;3;;9,00;CARTEIRA DIGITAL;PRESENCIAL;07/12/2023;True;True;[]
TXN_1388606;BOLO;3;3,00;9,00;CARTEIRA DIGITAL;PARA VIAGEM;31/08/2023;False;True;[]
TXN_2336857;BOLO;3;3,00;9,00;DINHEIRO;PRESENCIAL;02/08/2023;False;True;[]
TXN_9526867;BISCOITO;2;1,00;2,00;CARTEIRA DIGITAL;PARA VIAGEM;21/10/2023;False;True;[]
TXN_4427348;BOLO;5;3,00;15,00;DINHEIRO;N/A;22/12/2023;False;True;[]
TXN_5901180;BISCOITO;3;1,00;3,00;CARTEIRA DIGITAL;N/A;20/12/2023;False;True;[]
TXN_4932018;N/A;4;4,00;16,00;CARTEIRA DIGITAL;PARA VIAGEM;23/08/2023;False;True;[]
TXN_3224921;SANDUICHE;5;4,00;20,00;N/A;PRESENCIAL;06/04/2023;False;True;[]
TXN_5792655;SUCO;1;3,00;3,00;CARTEIRA DIGITAL;PARA VIAGEM;21/12/2023;False;True;[]
TXN_5566652;SUCO;5;3,00;15,00;CARTÃO DE CRÉDITO;N/A;16/09/2023;False;True;[]
TXN_7782538;SUCO;2;3,00;6,00;CARTEIRA DIGITAL;PARA VIAGEM;15/08/2023;False;True;[]
TXN_7478389;BISCOITO;5;1,00;5,00;CARTEIRA DIGITAL;N/A;13/10/2023;False;True;[]
TXN_6108428;BOLO;3;3,00;9,00;CARTEIRA DIGITAL;N/A;08/05/2023;False;True;[]
TXN_3615483;SANDUICHE;2;4,00;8,00;CARTEIRA DIGITAL;N/A;08/09/2023;False;True;[]
TXN_6404763;SANDUICHE;5;4,00;20,00;CARTEIRA DIGITAL;PARA VIAGEM;13/11/2023;False;True;[]
TXN_2269497;CAFÉ;5;2,00;10,00;N/A;N/A;14/08/2023;False;True;[]
TXN_8205107;N/A;4;4,00;16,00;N/A;PARA VIAGEM;19/04/2023;False;True;[]
TXN_5290522;N/A;2;2,00;4,00;CARTÃO DE CRÉDITO;PARA VIAGEM;16/02/2023;False;True;[]
TXN_8396271;N/A;2;;2,00;N/A;N/A;12/09/2023;True;True;[]
TXN_5153686;CAFÉ;5;2,00;10,00;N/A;PARA VIAGEM;05/04/2023;False;True;[]
TXN_4915908;SANDUICHE;5;4,00;20,00;CARTÃO DE CRÉDITO;PRESENCIAL;06/06/2023;False;True;[]
TXN_7146613;VITAMINA;1;4,00;4,00;DINHEIRO;N/A;01/08/2023;False;True;[]
TXN_8219519;CHÁ;5;1,50;7,50;N/A;N/A;29/11/2023;False;True;[]
TXN_7867311;VITAMINA;2;4,00;8,00;N/A;N/A;17/07/2023;False;True;[]
TXN_4798534;N/A;5;5,00;25,00;CARTEIRA DIGITAL;PARA VIAGEM;23/07/2023;False;True;[]
TXN_9844703;N/A;2;1,50;3,00;N/A;N/A;18/05/2023;False;True;[]
TXN_4147073;N/A;4;3,00;12,00;DINHEIRO;PARA VIAGEM;16/06/2023;False;True;[]
TXN_4203585;BOLO;2;3,00;6,00;N/A;N/A;03/09/2023;False;True;[]
TXN_7222483;SANDUICHE;5;4,00;20,00;N/A;PARA VIAGEM;02/05/2023;False;True;[]
TXN_9996968;SANDUICHE;1;;4,00;DINHEIRO;PRESENCIAL;14/10/2023;True;True;[]
TXN_4472156;BISCOITO;1;1,00;1,00;N/A;PRESENCIAL;03/11/2023;False;True;[]
TXN_7043825;SUCO;2;3,00;6,00;DINHEIRO;PARA VIAGEM;07/02/2023;False;True;[]
TXN_2195630;SANDUICHE;5;;20,00;CARTÃO DE CRÉDITO;PARA VIAGEM;09/03/2023;True;True;[]
TXN_2539318;SANDUICHE;4;4,00;16,00;CARTEIRA DIGITAL;N/A;15/01/2023;False;True;[]
TXN_5788769;SUCO;1;3,00;3,00;DINHEIRO;PRESENCIAL;19/07/2023;False;True;[]
TXN_3628056;BOLO;4;;12,00;DINHEIRO;PRESENCIAL;09/07/2023;True;True;[]
TXN_5735731;VITAMINA;2;;8,00;CARTÃO DE CRÉDITO;N/A;22/01/2023;True;True;[]
TXN_2424930;CHÁ;5;1,50;7,50;CARTEIRA DIGITAL;N/A;20/01/2023;False;True;[]
TXN_5856820;CHÁ;2;1,50;3,00;CARTÃO DE CRÉDITO;PARA VIAGEM;18/07/2023;False;True;[]
TXN_3753993;SANDUICHE;5;4,00;20,00;CARTÃO DE CRÉDITO;N/A;01/04/2023;False;True;[]
TXN_3001647;N/A;1;5,00;5,00;N/A;N/A;01/07/2023;False;True;[]
TXN_9354616;CHÁ;4;1,50;6,00;CARTEIRA DIGITAL;PARA VIAGEM;27/01/2023;False;True;[]
TXN_3749365;BISCOITO;3;1,00;3,00;DINHEIRO;N/A;19/01/2023;False;True;[]
TXN_6900785;SUCO;1;3,00;3,00;N/A;PARA VIAGEM;25/09/2023;False;True;[]
TXN_5775113;SALADA;1;5,00;5,00;CARTEIRA DIGITAL;N/A;23/10/2023;False;True;[]
TXN_5268203;BOLO;1;3,00;3,00;CARTÃO DE CRÉDITO;PARA VIAGEM;04/03/2023;False;True;[]
TXN_3483570;SANDUICHE;2;4,00;8,00;N/A;PARA VIAGEM;21/03/2023;False;True;[]
TXN_7406393;N/A;5;1,50;7,50;CARTÃO DE CRÉDITO;PARA VIAGEM;18/06/2023;False;True;[]
TXN_5226635;BISCOITO;4;1,00;4,00;CARTÃO DE CRÉDITO;PARA VIAGEM;01/02/2023;False;True;[]
TXN_5469063;CAFÉ;2;2,00;4,00;N/A;PARA VIAGEM;24/02/2023;False;True;[]
TXN_9278992;VITAMINA;4;4,00;16,00;DINHEIRO;PARA VIAGEM;15/12/2023;False;True;[]
TXN_4369292;BOLO;1;3,00;3,00;CARTÃO DE CRÉDITO;PARA VIAGEM;09/10/2023;False;True;[]
TXN_6011884;CHÁ;5;1,50;7,50;N/A;N/A;25/12/2023;False;True;[]
TXN_3912727;CHÁ;5;1,50;7,50;CARTEIRA DIGITAL;PARA VIAGEM;13/04/2023;False;True;[]
TXN_1951569;SALADA;2;5,00;10,00;CARTEIRA DIGITAL;N/A;27/02/2023;False;True;[]
TXN_6983139;SALADA;2;5,00;10,00;CARTÃO DE CRÉDITO;PARA VIAGEM;18/12/2023;False;True;[]
TXN_6787560;BOLO;3;3,00;9,00;N/A;N/A;13/07/2023;False;True;[]
TXN_5977414;BOLO;2;3,00;6,00;CARTÃO DE CRÉDITO;PRESENCIAL;06/08/2023;False;True;[]
TXN_8517379;N/A;4;3,00;12,00;CARTEIRA DIGITAL;PARA VIAGEM;23/09/2023;False;True;[]
TXN_5485384;SANDUICHE;5;4,00;20,00;N/A;N/A;04/03/2023;False;True;[]
TXN_9285663;BISCOITO;4;1,00;4,00;N/A;N/A;18/11/2023;False;True;[]
TXN_9074075;SUCO;5;3,00;15,00;CARTÃO DE CRÉDITO;N/A;14/08/2023;False;True;[]
TXN_8050034;BISCOITO;4;1,00;4,00;N/A;PRESENCIAL;29/07/2023;False;True;[]
TXN_8842223;SANDUICHE;5;;20,00;CARTEIRA DIGITAL;PRESENCIAL;01/01/2023;True;True;[]
TXN_5121322;SANDUICHE;3;4,00;12,00;N/A;PRESENCIAL;17/12/2023;False;True;[]
TXN_3091582;SANDUICHE;5;4,00;20,00;N/A;N/A;28/11/2023;False;True;[]
TXN_8550184;SUCO;3;3,00;9,00;CARTEIRA DIGITAL;PARA VIAGEM;05/04/2023;False;True;[]
TXN_7604352;CAFÉ;;2,00;6,00;N/A;PARA VIAGEM;19/12/2023;True;True;[]
TXN_6899248;N/A;5;3,00;15,00;N/A;N/A;13/12/2023;False;True;[]
TXN_2773491;SALADA;5;5,00;25,00;DINHEIRO;N/A;14/11/2023;False;True;[]
TXN_3071617;N/A;4;1,00;4,00;CARTÃO DE CRÉDITO;N/A;15/12/2023;False;True;[]
TXN_3712466;BOLO;5;3,00;15,00;CARTEIRA DIGITAL;N/A;10/04/2023;False;True;[]
TXN_3670298;N/A;4;1,00;4,00;CARTÃO DE CRÉDITO;PARA VIAGEM;04/02/2023;False;True;[]
TXN_4901854;BISCOITO;5;1,00;5,00;N/A;N/A;23/04/2023;False;True;[]
TXN_6962242;SUCO;1;3,00;3,00;CARTEIRA DIGITAL;PARA VIAGEM;30/06/2023;False;True;[]
TXN_5780931;CHÁ;4;1,50;6,00;CARTEIRA DIGITAL;N/A;06/10/2023;False;True;[]
TXN_4563679;CAFÉ;4;2,00;8,00;N/A;PRESENCIAL;11/09/2023;False;True;[]
TXN_6290642;CAFÉ;4;2,00;8,00;N/A;PARA VIAGEM;23/12/2023;False;True;[]
TXN_6177865;SUCO;5;3,00;15,00;CARTEIRA DIGITAL;N/A;30/01/2023;False;True;[]
TXN_8115752;VITAMINA;2;4,00;8,00;CARTEIRA DIGITAL;N/A;27/06/2023;False;True;[]
TXN_9253398;SANDUICHE;2;4,00;8,00;N/A;PARA VIAGEM;14/12/2023;False;True;[]
TXN_3116227;BOLO;1;3,00;3,00;CARTEIRA DIGITAL;N/A;30/05/2023;False;True;[]
TXN_2494138;BISCOITO;3;1,00;3,00;DINHEIRO;N/A;10/01/2023;False;True;[]
TXN_4889269;BOLO;2;3,00;6,00;DINHEIRO;N/A;19/02/2023;False;True;[]
TXN_6105240;SUCO;5;3,00;15,00;N/A;PRESENCIAL;27/11/2023;False;True;[]
TXN_8808162;VITAMINA;4;4,00;16,00;CARTEIRA DIGITAL;N/A;07/05/2023;False;True;[]
TXN_4548466;CHÁ;4;1,50;6,00;CARTÃO DE CRÉDITO;PARA VIAGEM;30/11/2023;False;True;[]
TXN_3195257;N/A;;5,00;5,00;DINHEIRO;N/A;09/10/2023;True;True;[]
TXN_9835676;BISCOITO;2;1,00;2,00;CARTEIRA DIGITAL;N/A;30/03/2023;False;True;[]
TXN_9728454;SUCO;4;3,00;12,00;CARTEIRA DIGITAL;PARA VIAGEM;03/01/2023;False;True;[]
TXN_5907854;SUCO;3;3,00;9,00;N/A;PRESENCIAL;11/11/2023;False;True;[]
TXN_8685846;CHÁ;5;1,50;7,50;CARTÃO DE CRÉDITO;N/A;27/12/2023;False;True;[]
TXN_1726774;SALADA;3;5,00;15,00;N/A;N/A;16/11/2023;False;True;[]
TXN_2594430;CAFÉ;1;2,00;2,00;N/A;N/A;18/05/2023;False;True;[]
TXN_5750278;SALADA;;5,00;15,00;DINHEIRO;PARA VIAGEM;08/06/2023;True;True;[]
TXN_6714931;SUCO;3;3,00;9,00;N/A;N/A;02/07/2023;False;True;[]
TXN_5537740;BOLO;;3,00;9,00;CARTÃO DE CRÉDITO;PARA VIAGEM;30/04/2023;True;True;[]
TXN_9433769;BOLO;4;;12,00;CARTEIRA DIGITAL;N/A;13/08/2023;True;True;[]
TXN_5944206;BISCOITO;5;1,00;5,00;CARTEIRA DIGITAL;PARA VIAGEM;12/05/2023;False;True;[]
TXN_9212178;SUCO;1;3,00;3,00;CARTÃO DE CRÉDITO;PARA VIAGEM;18/11/2023;False;True;[]
TXN_2915856;CHÁ;1;1,50;1,50;N/A;PRESENCIAL;19/06/2023;False;True;[]
TXN_4376214;SALADA;5;5,00;25,00;N/A;N/A;26/04/2023;False;True;[]
TXN_9201212;VITAMINA;4;4,00;16,00;CARTEIRA DIGITAL;PARA VIAGEM;08/06/2023;False;True;[]
TXN_7055260;SANDUICHE;4;4,00;16,00;CARTEIRA DIGITAL;PRESENCIAL;20/06/2023;False;True;[]
TXN_4773465;CAFÉ;5;2,00;10,00;CARTEIRA DIGITAL;PARA VIAGEM;28/11/2023;False;True;[]
TXN_9087344;CHÁ;5;1,50;7,50;DINHEIRO;N/A;29/07/2023;False;True;[]
TXN_1757340;BOLO;2;3,00;6,00;CARTÃO DE CRÉDITO;PRESENCIAL;29/12/2023;False;True;[]
TXN_9975321;SALADA;2;5,00;10,00;CARTEIRA DIGITAL;N/A;25/03/2023;False;True;[]
TXN_1681216;BOLO;3;3,00;9,00;N/A;N/A;23/03/2023;False;True;[]
TXN_3835043;SUCO;2;3,00;6,00;DINHEIRO;N/A;29/12/2023;False;True;[]
TXN_8366002;SANDUICHE;2;4,00;8,00;CARTÃO DE CRÉDITO;N/A;26/12/2023;False;True;[]
TXN_9390740;BOLO;2;3,00;6,00;DINHEIRO;PRESENCIAL;06/12/2023;False;True;[]
TXN_4928254;BOLO;1;3,00;3,00;CARTÃO DE CRÉDITO;N/A;22/12/2023;False;True;[]
TXN_5191642;SALADA;;5,00;25,00;DINHEIRO;N/A;15/04/2023;True;True;[]
TXN_9117434;BOLO;1;3,00;3,00;N/A;PRESENCIAL;18/07/2023;False;True;[]
TXN_2820788;N/A;5;1,00;5,00;N/A;N/A;25/09/2023;False;True;[]
TXN_3593060;VITAMINA;;;16,00;DINHEIRO;N/A;05/03/2023;True;True;[]
TXN_7531745;BOLO;2;3,00;6,00;DINHEIRO;N/A;23/06/2023;False;True;[]
TXN_1082421;SALADA;1;5,00;5,00;CARTEIRA DIGITAL;PRESENCIAL;19/12/2023;False;True;[]
TXN_2148444;SUCO;2;3,00;6,00;DINHEIRO;N/A;27/11/2023;False;True;[]
TXN_5402385;N/A;2;3,00;6,00;DINHEIRO;PRESENCIAL;18/06/2023;False;True;[]
TXN_9277146;BOLO;5;3,00;15,00;CARTÃO DE CRÉDITO;N/A;11/07/2023;False;True;[]
TXN_9333347;VITAMINA;5;4,00;20,00;DINHEIRO;N/A;10/09/2023;False;True;[]
TXN_9127105;SUCO;3;3,00;9,00;DINHEIRO;N/A;04/03/2023;False;True;[]
TXN_1417724;SANDUICHE;2;4,00;8,00;CARTEIRA DIGITAL;N/A;07/06/2023;False;True;[]
TXN_6451377;SALADA;5;5,00;25,00;CARTÃO DE CRÉDITO;PARA VIAGEM;19/03/2023;False;True;[]
TXN_2142961;CAFÉ;5;2,00;10,00;CARTÃO DE CRÉDITO;PARA VIAGEM;21/09/2023;False;True;[]
TXN_5927884;CAFÉ;4;2,00;8,00;N/A;N/A;21/12/2023;False;True;[]
TXN_8588335;SALADA;4;5,00;20,00;CARTÃO DE CRÉDITO;N/A;04/09/2023;False;True;[]
TXN_6738350;SUCO;2;3,00;6,00;CARTEIRA DIGITAL;N/A;02/11/2023;False;True;[]
TXN_5575561;CHÁ;4;1,50;6,00;CARTEIRA DIGITAL;PARA VIAGEM;13/02/2023;False;True;[]
TXN_1007347;SALADA;4;5,00;20,00;CARTEIRA DIGITAL;PRESENCIAL;28/08/2023;False;True;[]
TXN_8933459;SUCO;1;3,00;3,00;N/A;N/A;31/12/2023;False;True;[]
TXN_3678091;SUCO;;3,00;9,00;DINHEIRO;N/A;07/09/2023;True;True;[]
TXN_7692628;CHÁ;2;1,50;3,00;DINHEIRO;N/A;01/05/2023;False;True;[]
TXN_6731518;BISCOITO;1;1,00;1,00;CARTEIRA DIGITAL;PARA VIAGEM;04/12/2023;False;True;[]
TXN_3455702;SALADA;1;5,00;5,00;DINHEIRO;PARA VIAGEM;23/03/2023;False;True;[]
TXN_7794561;SUCO;4;3,00;12,00;CARTÃO DE CRÉDITO;PRESENCIAL;18/05/2023;False;True;[]
TXN_8908193;VITAMINA;5;4,00;20,00;DINHEIRO;N/A;02/04/2023;False;True;[]
TXN_7688625;CAFÉ;1;2,00;2,00;CARTÃO DE CRÉDITO;PRESENCIAL;15/12/2023;False;True;[]
TXN_7012065;CAFÉ;3;2,00;6,00;N/A;N/A;05/08/2023;False;True;[]
TXN_4323570;N/A;1;1,00;1,00;DINHEIRO;N/A;04/03/2023;False;True;[]
TXN_8831924;CAFÉ;3;2,00;6,00;CARTEIRA DIGITAL;PRESENCIAL;12/07/2023;False;True;[]
TXN_2865104;BOLO;5;3,00;15,00;N/A;PRESENCIAL;12/03/2023;False;True;[]
TXN_1360998;BISCOITO;2;1,00;2,00;DINHEIRO;PARA VIAGEM;30/07/2023;False;True;[]
TXN_4125921;SUCO;5;3,00;15,00;CARTÃO DE CRÉDITO;N/A;26/01/2023;False;True;[]
TXN_4657842;N/A;;1,00;5,00;DINHEIRO;PARA VIAGEM;29/09/2023;True;True;[]
TXN_8149585;SUCO;1;3,00;3,00;CARTÃO DE CRÉDITO;N/A;21/02/2023;False;True;[]
TXN_9047278;CHÁ;4;1,50;6,00;CARTÃO DE CRÉDITO;PARA VIAGEM;20/06/2023;False;True;[]
TXN_8666003;VITAMINA;4;4,00;16,00;N/A;PARA VIAGEM;09/06/2023;False;True;[]
TXN_7606512;BISCOITO;5;1,00;5,00;DINHEIRO;N/A;03/12/2023;False;True;[]
TXN_1819615;CAFÉ;4;2,00;8,00;N/A;N/A;03/06/2023;False;True;[]
TXN_1931404;BOLO;5;3,00;15,00;N/A;PRESENCIAL;01/10/2023;False;True;[]
TXN_4516901;CHÁ;2;1,50;3,00;CARTÃO DE CRÉDITO;PRESENCIAL;05/09/2023;False;True;[]
TXN_6817795;CHÁ;1;1,50;1,50;DINHEIRO;PARA VIAGEM;12/09/2023;False;True;[]
TXN_4643515;N/A;1;4,00;4,00;CARTEIRA DIGITAL;PRESENCIAL;03/10/2023;False;True;[]
TXN_9762385;CHÁ;3;1,50;4,50;N/A;N/A;19/05/2023;False;True;[]
TXN_6809170;VITAMINA;4;4,00;16,00;DINHEIRO;PARA VIAGEM;10/08/2023;False;True;[]
TXN_7365744;BISCOITO;4;1,00;4,00;DINHEIRO;PRESENCIAL;20/08/2023;False;True;[]
TXN_9847116;SALADA;3;5,00;15,00;DINHEIRO;PARA VIAGEM;28/07/2023;False;True;[]
TXN_8356338;SALADA;5;5,00;25,00;CARTÃO DE CRÉDITO;PRESENCIAL;06/08/2023;False;True;[]
TXN_4413506;SUCO;4;3,00;12,00;CARTEIRA DIGITAL;PRESENCIAL;29/10/2023;False;True;[]
TXN_1057209;N/A;5;1,00;5,00;CARTÃO DE CRÉDITO;PRESENCIAL;17/09/2023;False;True;[]
TXN_9534685;SALADA;1;5,00;5,00;N/A;PARA VIAGEM;27/04/2023;False;True;[]
TXN_4893692;SALADA;2;5,00;10,00;N/A;N/A;02/01/2023;False;True;[]
TXN_5680629;BOLO;2;3,00;6,00;N/A;PARA VIAGEM;30/04/2023;False;True;[]
TXN_2494194;SALADA;5;5,00;25,00;CARTEIRA DIGITAL;N/A;11/02/2023;False;True;[]
TXN_4737392;SANDUICHE;2;4,00;8,00;DINHEIRO;PRESENCIAL;17/02/2023;False;True;[]
TXN_9538738;CAFÉ;4;2,00;8,00;DINHEIRO;PRESENCIAL;25/09/2023;False;True;[]
TXN_1854102;CAFÉ;2;2,00;4,00;CARTEIRA DIGITAL;PARA VIAGEM;18/07/2023;False;True;[]
TXN_3109692;SUCO;4;3,00;12,00;CARTÃO DE CRÉDITO;PRESENCIAL;21/06/2023;False;True;[]
TXN_5395229;CAFÉ;5;2,00;10,00;DINHEIRO;N/A;29/11/2023;False;True;[]
TXN_8918902;CAFÉ;5;2,00;10,00;N/A;N/A;22/05/2023;False;True;[]
TXN_8837375;SANDUICHE;2;4,00;8,00;CARTEIRA DIGITAL;PARA VIAGEM;21/11/2023;False;True;[]
TXN_3952218;SALADA;5;5,00;25,00;N/A;N/A;07/04/2023;False;True;[]
TXN_3225552;SALADA;1;5,00;5,00;N/A;PRESENCIAL;16/05/2023;False;True;[]
TXN_7950226;CHÁ;1;1,50;1,50;CARTEIRA DIGITAL;PRESENCIAL;13/10/2023;False;True;[]
TXN_9086541;SALADA;3;5,00;15,00;DINHEIRO;PRESENCIAL;15/02/2023;False;True;[]
TXN_1817596;CHÁ;2;1,50;3,00;N/A;PRESENCIAL;04/11/2023;False;True;[]
TXN_7644786;BISCOITO;3;1,00;3,00;CARTÃO DE CRÉDITO;PARA VIAGEM;20/01/2023;False;True;[]
TXN_8017969;SUCO;1;3,00;3,00;DINHEIRO;PARA VIAGEM;26/03/2023;False;True;[]
TXN_6667388;BOLO;3;3,00;9,00;DINHEIRO;PRESENCIAL;14/08/2023;False;True;[]
TXN_3488611;CHÁ;1;1,50;1,50;DINHEIRO;N/A;13/02/2023;False;True;[]
TXN_3109334;VITAMINA;3;4,00;12,00;N/A;PRESENCIAL;06/04/2023;False;True;[]
TXN_9425645;BOLO;3;3,00;9,00;CARTÃO DE CRÉDITO;PARA VIAGEM;19/03/2023;False;True;[]
TXN_2461238;CAFÉ;1;2,00;2,00;N/A;PARA VIAGEM;29/01/2023;False;True;[]
TXN_4692976;SUCO;1;3,00;3,00;CARTEIRA DIGITAL;N/A;06/11/2023;False;True;[]
TXN_6747376;VITAMINA;3;4,00;12,00;CARTEIRA DIGITAL;PRESENCIAL;20/11/2023;False;True;[]
TXN_3689335;SUCO;1;3,00;3,00;N/A;PARA VIAGEM;11/12/2023;False;True;[]
TXN_9662568;CHÁ;5;1,50;7,50;DINHEIRO;N/A;30/10/2023;False;True;[]
TXN_5470087;SALADA;2;5,00;10,00;N/A;PARA VIAGEM;11/10/2023;False;True;[]
TXN_3717372;SUCO;2;3,00;6,00;CARTÃO DE CRÉDITO;N/A;15/02/2023;False;True;[]
TXN_6727985;SALADA;5;5,00;25,00;CARTÃO DE CRÉDITO;PRESENCIAL;16/06/2023;False;True;[]
TXN_1755661;SALADA;5;5,00;25,00;N/A;PRESENCIAL;14/07/2023;False;True;[]
TXN_9899571;N/A;2;5,00;10,00;CARTÃO DE CRÉDITO;PARA VIAGEM;18/02/2023;False;True;[]
TXN_5692316;VITAMINA;1;4,00;4,00;CARTEIRA DIGITAL;N/A;22/06/2023;False;True;[]
TXN_2062269;SUCO;4;3,00;12,00;CARTEIRA DIGITAL;PARA VIAGEM;08/09/2023;False;True;[]
TXN_2160316;SANDUICHE;1;4,00;4,00;N/A;PRESENCIAL;24/10/2023;False;True;[]
TXN_4220743;SANDUICHE;4;4,00;16,00;N/A;PRESENCIAL;22/10/2023;False;True;[]
TXN_2726843;SANDUICHE;1;4,00;4,00;N/A;PRESENCIAL;31/05/2023;False;True;[]
TXN_9969283;SANDUICHE;3;4,00;12,00;CARTEIRA DIGITAL;N/A;26/10/2023;False;True;[]
TXN_8540115;N/A;2;1,50;3,00;N/A;N/A;26/06/2023;False;True;[]
TXN_8313892;SALADA;3;5,00;15,00;CARTÃO DE CRÉDITO;PARA VIAGEM;29/11/2023;False;True;[]
TXN_3131761;VITAMINA;1;4,00;4,00;N/A;PARA VIAGEM;18/10/2023;False;True;[]
TXN_1243964;N/A;3;1,50;4,50;N/A;PARA VIAGEM;01/12/2023;False;True;[]
TXN_1856112;SALADA;3;5,00;15,00;CARTÃO DE CRÉDITO;N/A;08/06/2023;False;True;[]
TXN_4532651;CAFÉ;2;2,00;4,00;N/A;PRESENCIAL;13/09/2023;False;True;[]
TXN_4083736;CAFÉ;1;2,00;2,00;N/A;PRESENCIAL;21/08/2023;False;True;[]
TXN_4493176;CHÁ;3;1,50;4,50;N/A;N/A;14/10/2023;False;True;[]
TXN_6712994;CAFÉ;3;2,00;6,00;DINHEIRO;PARA VIAGEM;02/10/2023;False;True;[]
TXN_1840566;CAFÉ;4;2,00;8,00;N/A;N/A;05/01/2023;False;True;[]
TXN_6257776;SUCO;5;3,00;15,00;DINHEIRO;PRESENCIAL;28/10/2023;False;True;[]
TXN_9039165;SANDUICHE;4;4,00;16,00;N/A;PARA VIAGEM;10/03/2023;False;True;[]
TXN_3869150;BISCOITO;3;1,00;3,00;DINHEIRO;N/A;26/03/2023;False;True;[]
TXN_3604156;CAFÉ;;2,00;10,00;CARTÃO DE CRÉDITO;PARA VIAGEM;08/11/2023;True;True;[]
TXN_2018236;CAFÉ;5;2,00;10,00;DINHEIRO;N/A;19/04/2023;False;True;[]
TXN_4430176;SANDUICHE;4;;16,00;CARTÃO DE CRÉDITO;PARA VIAGEM;27/08/2023;True;True;[]
TXN_6073195;SANDUICHE;3;4,00;12,00;CARTÃO DE CRÉDITO;PARA VIAGEM;13/09/2023;False;True;[]
TXN_5245399;N/A;5;;10,00;N/A;N/A;25/12/2023;True;True;[]
TXN_4178872;CHÁ;1;1,50;1,50;CARTÃO DE CRÉDITO;N/A;25/01/2023;False;True;[]
TXN_8836650;VITAMINA;5;4,00;20,00;N/A;N/A;22/05/2023;False;True;[]
TXN_5882584;BOLO;5;3,00;15,00;N/A;PRESENCIAL;16/09/2023;False;True;[]
TXN_4291132;BOLO;2;3,00;6,00;CARTÃO DE CRÉDITO;PARA VIAGEM;07/08/2023;False;True;[]
TXN_1622123;BISCOITO;2;1,00;2,00;DINHEIRO;PARA VIAGEM;05/01/2023;False;True;[]
TXN_2878078;BOLO;2;3,00;6,00;CARTEIRA DIGITAL;PARA VIAGEM;15/12/2023;False;True;[]
TXN_7134579;BISCOITO;5;1,00;5,00;CARTEIRA DIGITAL;PARA VIAGEM;06/06/2023;False;True;[]
TXN_6921057;SANDUICHE;4;4,00;16,00;CARTEIRA DIGITAL;PARA VIAGEM;10/07/2023;False;True;[]
TXN_2335088;SALADA;4;5,00;20,00;DINHEIRO;PRESENCIAL;27/10/2023;False;True;[]
TXN_9778859;BISCOITO;3;1,00;3,00;DINHEIRO;PARA VIAGEM;05/06/2023;False;True;[]
TXN_3850274;SUCO;5;3,00;15,00;N/A;N/A;08/09/2023;False;True;[]
TXN_4428448;BISCOITO;4;1,00;4,00;N/A;N/A;04/02/2023;False;True;[]
TXN_1062822;SUCO;;3,00;6,00;CARTÃO DE CRÉDITO;N/A;28/06/2023;True;True;[]
TXN_6386662;SALADA;5;5,00;25,00;CARTÃO DE CRÉDITO;PARA VIAGEM;04/12/2023;False;True;[]
TXN_5491825;BOLO;4;3,00;12,00;DINHEIRO;PRESENCIAL;09/06/2023;False;True;[]
TXN_5330930;BOLO;1;3,00;3,00;N/A;PRESENCIAL;12/07/2023;False;True;[]
TXN_5580933;VITAMINA;3;4,00;12,00;DINHEIRO;PARA VIAGEM;19/10/2023;False;True;[]
TXN_3326110;CAFÉ;2;2,00;4,00;CARTÃO DE CRÉDITO;PARA VIAGEM;13/08/2023;False;True;[]
TXN_5455079;SALADA;2;5,00;10,00;DINHEIRO;PRESENCIAL;30/11/2023;False;True;[]
TXN_5526475;CHÁ;4;1,50;6,00;DINHEIRO;PRESENCIAL;06/05/2023;False;True;[]
TXN_3800253;BOLO;2;3,00;6,00;DINHEIRO;PARA VIAGEM;15/01/2023;False;True;[]
TXN_9169782;SUCO;5;3,00;15,00;CARTÃO DE CRÉDITO;N/A;18/09/2023;False;True;[]
TXN_4639621;CAFÉ;2;;4,00;N/A;PRESENCIAL;12/10/2023;True;True;[]
TXN_4432823;N/A;5;4,00;20,00;N/A;PRESENCIAL;10/02/2023;False;True;[]
TXN_8138157;N/A;2;4,00;8,00;DINHEIRO;PARA VIAGEM;07/05/2023;False;True;[]
TXN_4134478;SUCO;2;3,00;6,00;CARTÃO DE CRÉDITO;PARA VIAGEM;25/06/2023;False;True;[]
TXN_4997327;CAFÉ;2;2,00;4,00;N/A;PRESENCIAL;19/03/2023;False;True;[]
TXN_4049949;BISCOITO;1;1,00;1,00;N/A;PARA VIAGEM;06/11/2023;False;True;[]
TXN_7296498;SALADA;5;5,00;25,00;CARTÃO DE CRÉDITO;PARA VIAGEM;19/05/2023;False;True;[]
TXN_4706042;SALADA;5;5,00;25,00;N/A;PRESENCIAL;01/12/2023;False;True;[]
TXN_2488987;CHÁ;5;1,50;7,50;DINHEIRO;PRESENCIAL;12/06/2023;False;True;[]
TXN_6708156;CHÁ;5;1,50;7,50;CARTÃO DE CRÉDITO;N/A;26/11/2023;False;True;[]
TXN_7616002;CHÁ;2;1,50;3,00;N/A;PRESENCIAL;08/11/2023;False;True;[]
TXN_1865735;VITAMINA;2;4,00;8,00;CARTEIRA DIGITAL;PRESENCIAL;22/09/2023;False;True;[]
TXN_5396450;SUCO;3;3,00;9,00;CARTEIRA DIGITAL;N/A;09/12/2023;False;True;[]
TXN_5881757;SANDUICHE;3;4,00;12,00;CARTÃO DE CRÉDITO;N/A;15/08/2023;False;True;[]
TXN_3404479;N/A;4;4,00;16,00;CARTÃO DE CRÉDITO;N/A;23/08/2023;False;True;[]
TXN_5342589;CHÁ;2;1,50;3,00;CARTEIRA DIGITAL;N/A;06/04/2023;False;True;[]
TXN_1987212;VITAMINA;5;4,00;20,00;CARTÃO DE CRÉDITO;PARA VIAGEM;07/04/2023;False;True;[]
TXN_5303275;BISCOITO;4;1,00;4,00;DINHEIRO;PARA VIAGEM;18/09/2023;False;True;[]
TXN_9193760;SALADA;5;5,00;25,00;N/A;N/A;20/01/2023;False;True;[]
TXN_8541074;SALADA;4;5,00;20,00;N/A;PRESENCIAL;08/11/2023;False;True;[]
TXN_1075183;CHÁ;2;1,50;3,00;CARTÃO DE CRÉDITO;N/A;09/01/2023;False;True;[]
TXN_9316158;SANDUICHE;5;4,00;20,00;DINHEIRO;PRESENCIAL;31/10/2023;False;True;[]
TXN_8207244;CHÁ;5;1,50;7,50;DINHEIRO;PARA VIAGEM;04/05/2023;False;True;[]
TXN_2346001;N/A;2;5,00;10,00;CARTEIRA DIGITAL;PARA VIAGEM;21/08/2023;False;True;[]
TXN_2814866;VITAMINA;1;4,00;4,00;CARTEIRA DIGITAL;PRESENCIAL;29/07/2023;False;True;[]
TXN_8454044;CAFÉ;5;2,00;10,00;CARTÃO DE CRÉDITO;N/A;27/05/2023;False;True;[]
TXN_8321092;N/A;2;3,00;6,00;CARTÃO DE CRÉDITO;N/A;28/09/2023;False;True;[]
TXN_2560137;BOLO;1;3,00;3,00;DINHEIRO;PARA VIAGEM;13/10/2023;False;True;[]
TXN_7350571;VITAMINA;1;4,00;4,00;CARTÃO DE CRÉDITO;PRESENCIAL;19/02/2023;False;True;[]
TXN_3915802;CAFÉ;3;2,00;6,00;DINHEIRO;PARA VIAGEM;16/12/2023;False;True;[]
TXN_5019143;CAFÉ;5;2,00;10,00;DINHEIRO;N/A;21/02/2023;False;True;[]
TXN_1785371;CAFÉ;1;2,00;2,00;N/A;PARA VIAGEM;16/01/2023;False;True;[]
TXN_6441650;BOLO;5;3,00;15,00;N/A;PARA VIAGEM;06/09/2023;False;True;[]
TXN_2493262;BISCOITO;2;1,00;2,00;CARTÃO DE CRÉDITO;PARA VIAGEM;03/01/2023;False;True;[]
TXN_6038791;SUCO;2;3,00;6,00;CARTEIRA DIGITAL;PRESENCIAL;06/03/2023;False;True;[]
TXN_1335337;CHÁ;3;1,50;4,50;CARTÃO DE CRÉDITO;PRESENCIAL;06/09/2023;False;True;[]
TXN_2275914;SANDUICHE;2;4,00;8,00;N/A;PARA VIAGEM;24/10/2023;False;True;[]
TXN_6258276;SANDUICHE;5;4,00;20,00;CARTÃO DE CRÉDITO;N/A;29/01/2023;False;True;[]
TXN_2340312;BOLO;4;3,00;12,00;N/A;PARA VIAGEM;30/07/2023;False;True;[]
TXN_6066433;CHÁ;2;1,50;3,00;DINHEIRO;N/A;17/06/2023;False;True;[]
TXN_1872922;SANDUICHE;5;4,00;20,00;N/A;PRESENCIAL;16/07/2023;False;True;[]
TXN_7730388;BISCOITO;5;1,00;5,00;CARTEIRA DIGITAL;PRESENCIAL;09/09/2023;False;True;[]
TXN_3330377;N/A;5;2,00;10,00;N/A;N/A;08/05/2023;False;True;[]
TXN_3147198;VITAMINA;2;4,00;8,00;CARTEIRA DIGITAL;N/A;04/02/2023;False;True;[]
TXN_6363897;SALADA;5;5,00;25,00;CARTÃO DE CRÉDITO;PARA VIAGEM;26/11/2023;False;True;[]
TXN_1893222;VITAMINA;5;4,00;20,00;CARTÃO DE CRÉDITO;PRESENCIAL;20/12/2023;False;True;[]
TXN_9262803;SUCO;5;3,00;15,00;CARTEIRA DIGITAL;N/A;04/10/2023;False;True;[]
TXN_6577035;VITAMINA;2;4,00;8,00;N/A;PRESENCIAL;20/05/2023;False;True;[]
TXN_9970966;CAFÉ;5;2,00;10,00;N/A;PRESENCIAL;09/09/2023;False;True;[]
TXN_5624179;BISCOITO;1;1,00;1,00;DINHEIRO;PARA VIAGEM;26/10/2023;False;True;[]
TXN_3450160;BOLO;4;3,00;12,00;CARTÃO DE CRÉDITO;PRESENCIAL;23/10/2023;False;True;[]
TXN_4075432;SANDUICHE;5;4,00;20,00;DINHEIRO;PRESENCIAL;12/09/2023;False;True;[]
TXN_2023802;BOLO;2;3,00;6,00;DINHEIRO;PRESENCIAL;28/02/2023;False;True;[]
TXN_5130399;BISCOITO;3;1,00;3,00;N/A;N/A;21/10/2023;False;True;[]
TXN_6745832;CAFÉ;2;2,00;4,00;CARTÃO DE CRÉDITO;N/A;02/10/2023;False;True;[]
TXN_7560989;SANDUICHE;3;4,00;12,00;CARTEIRA DIGITAL;N/A;16/06/2023;False;True;[]
TXN_9367492;CHÁ;2;;;DINHEIRO;PRESENCIAL;19/06/2023;True;True;[]
TXN_3115258;SALADA;1;5,00;5,00;N/A;PARA VIAGEM;06/12/2023;False;True;[]
TXN_8182245;SANDUICHE;5;4,00;20,00;CARTEIRA DIGITAL;PARA VIAGEM;24/10/2023;False;True;[]
TXN_3970335;SUCO;5;3,00;15,00;CARTEIRA DIGITAL;PARA VIAGEM;01/09/2023;False;True;[]
TXN_6376630;N/A;2;3,00;6,00;DINHEIRO;PRESENCIAL;24/01/2023;False;True;[]
TXN_7100596;VITAMINA;5;4,00;20,00;CARTÃO DE CRÉDITO;PRESENCIAL;14/09/2023;False;True;[]
TXN_1481116;CHÁ;2;1,50;3,00;CARTEIRA DIGITAL;PRESENCIAL;26/02/2023;False;True;[]
TXN_9454212;SUCO;5;3,00;15,00;DINHEIRO;PRESENCIAL;19/11/2023;False;True;[]
TXN_3648327;BOLO;1;3,00;3,00;CARTEIRA DIGITAL;PARA VIAGEM;17/08/2023;False;True;[]
TXN_6188394;SUCO;5;3,00;15,00;CARTÃO DE CRÉDITO;PRESENCIAL;05/10/2023;False;True;[]
TXN_2553803;SUCO;1;3,00;3,00;DINHEIRO;PRESENCIAL;29/12/2023;False;True;[]
TXN_5700545;SALADA;2;5,00;10,00;CARTÃO DE CRÉDITO;N/A;25/05/2023;False;True;[]
TXN_8018479;CHÁ;1;1,50;1,50;CARTEIRA DIGITAL;PARA VIAGEM;15/09/2023;False;True;[]
TXN_9465300;CHÁ;2;1,50;3,00;CARTÃO DE CRÉDITO;N/A;01/09/2023;False;True;[]
TXN_3046108;CHÁ;5;1,50;7,50;CARTEIRA DIGITAL;PARA VIAGEM;15/01/2023;False;True;[]
TXN_5998419;SUCO;4;3,00;12,00;N/A;PARA VIAGEM;26/09/2023;False;True;[]
TXN_4454198;CHÁ;1;1,50;1,50;CARTEIRA DIGITAL;PRESENCIAL;22/08/2023;False;True;[]
TXN_5855756;SANDUICHE;1;4,00;4,00;CARTÃO DE CRÉDITO;PRESENCIAL;29/08/2023;False;True;[]
TXN_5182399;N/A;3;2,00;6,00;CARTEIRA DIGITAL;PARA VIAGEM;08/09/2023;False;True;[]
TXN_6758675;SUCO;1;3,00;3,00;CARTÃO DE CRÉDITO;PRESENCIAL;05/11/2023;False;True;[]
TXN_1962275;CAFÉ;5;;10,00;CARTÃO DE CRÉDITO;PARA VIAGEM;26/05/2023;True;True;[]
TXN_9530003;SALADA;1;5,00;5,00;CARTEIRA DIGITAL;N/A;24/08/2023;False;True;[]
TXN_2347596;SUCO;4;3,00;12,00;CARTÃO DE CRÉDITO;N/A;27/12/2023;False;True;[]
TXN_6215303;SALADA;4;5,00;20,00;N/A;PARA VIAGEM;20/08/2023;False;True;[]
TXN_5524352;SANDUICHE;1;4,00;4,00;N/A;N/A;05/01/2023;False;True;[]
TXN_6668414;BOLO;1;3,00;3,00;N/A;PRESENCIAL;29/12/2023;False;True;[]
TXN_1525046;VITAMINA;2;4,00;8,00;DINHEIRO;N/A;02/12/2023;False;True;[]
TXN_9867948;VITAMINA;2;4,00;8,00;CARTEIRA DIGITAL;N/A;07/10/2023;False;True;[]
TXN_8512466;N/A;5;3,00;15,00;N/A;N/A;10/02/2023;False;True;[]
TXN_9663990;SUCO;1;3,00;3,00;N/A;N/A;06/01/2023;False;True;[]
TXN_7681072;BISCOITO;1;1,00;1,00;CARTÃO DE CRÉDITO;PARA VIAGEM;07/07/2023;False;True;[]
TXN_3099191;SALADA;;5,00;10,00;N/A;N/A;19/05/2023;True;True;[]
TXN_8789986;BOLO;2;3,00;6,00;DINHEIRO;PARA VIAGEM;21/09/2023;False;True;[]
TXN_8382825;CAFÉ;5;2,00;10,00;DINHEIRO;PRESENCIAL;20/01/2023;False;True;[]
TXN_4486700;BOLO;2;3,00;6,00;CARTEIRA DIGITAL;PARA VIAGEM;08/02/2023;False;True;[]
TXN_2668108;BISCOITO;5;1,00;5,00;DINHEIRO;N/A;23/09/2023;False;True;[]
TXN_5085328;CAFÉ;4;2,00;8,00;CARTEIRA DIGITAL;PARA VIAGEM;03/02/2023;False;True;[]
TXN_6023823;BISCOITO;2;1,00;2,00;CARTEIRA DIGITAL;N/A;20/04/2023;False;True;[]
TXN_6541659;SANDUICHE;3;4,00;12,00;N/A;PARA VIAGEM;29/01/2023;False;True;[]
TXN_3203928;CAFÉ;3;2,00;6,00;N/A;PRESENCIAL;04/12/2023;False;True;[]
TXN_3443235;SANDUICHE;5;4,00;20,00;N/A;N/A;11/10/2023;False;True;[]
TXN_6191769;SALADA;1;5,00;5,00;CARTÃO DE CRÉDITO;PARA VIAGEM;17/05/2023;False;True;[]
TXN_6110386;VITAMINA;1;4,00;4,00;DINHEIRO;PRESENCIAL;17/03/2023;False;True;[]
TXN_7355635;SUCO;3;3,00;9,00;N/A;PRESENCIAL;21/12/2023;False;True;[]
TXN_2944518;N/A;3;3,00;9,00;N/A;PARA VIAGEM;14/09/2023;False;True;[]
TXN_9169536;BOLO;5;3,00;15,00;DINHEIRO;PRESENCIAL;10/06/2023;False;True;[]
TXN_8257774;BISCOITO;5;1,00;5,00;DINHEIRO;PARA VIAGEM;04/03/2023;False;True;[]
TXN_3873718;N/A;1;5,00;5,00;DINHEIRO;PRESENCIAL;07/03/2023;False;True;[]
TXN_8767676;VITAMINA;1;4,00;4,00;N/A;N/A;30/11/2023;False;True;[]
TXN_1225638;BOLO;4;3,00;12,00;DINHEIRO;PARA VIAGEM;28/05/2023;False;True;[]
TXN_5050111;N/A;3;5,00;15,00;DINHEIRO;PRESENCIAL;13/06/2023;False;True;[]
TXN_5508620;SANDUICHE;2;4,00;8,00;DINHEIRO;PRESENCIAL;26/08/2023;False;True;[]
TXN_7864080;CHÁ;5;1,50;7,50;CARTÃO DE CRÉDITO;PARA VIAGEM;12/11/2023;False;True;[]
TXN_6066883;BOLO;2;3,00;6,00;CARTÃO DE CRÉDITO;N/A;21/12/2023;False;True;[]
TXN_6034785;CAFÉ;3;2,00;6,00;CARTEIRA DIGITAL;N/A;17/06/2023;False;True;[]
TXN_7818024;BOLO;3;3,00;9,00;N/A;N/A;16/08/2023;False;True;[]
TXN_2463115;SANDUICHE;5;4,00;20,00;CARTÃO DE CRÉDITO;PARA VIAGEM;12/09/2023;False;True;[]
TXN_9948425;BOLO;3;3,00;9,00;N/A;PARA VIAGEM;21/11/2023;False;True;[]
TXN_2540440;N/A;2;1,50;3,00;CARTEIRA DIGITAL;N/A;30/12/2023;False;True;[]
TXN_2006923;SALADA;5;5,00;25,00;CARTEIRA DIGITAL;N/A;31/05/2023;False;True;[]
TXN_6762172;CAFÉ;5;2,00;10,00;DINHEIRO;PARA VIAGEM;19/01/2023;False;True;[]
TXN_6638051;VITAMINA;2;4,00;8,00;DINHEIRO;N/A;05/11/2023;False;True;[]
TXN_9834329;VITAMINA;;4,00;4,00;DINHEIRO;N/A;17/09/2023;True;True;[]
TXN_9172616;N/A;4;2,00;8,00;N/A;PARA VIAGEM;21/11/2023;False;True;[]
TXN_8867300;VITAMINA;4;4,00;16,00;N/A;PRESENCIAL;06/05/2023;False;True;[]
TXN_6987950;BOLO;4;3,00;12,00;CARTÃO DE CRÉDITO;N/A;04/05/2023;False;True;[]
TXN_9967728;CAFÉ;4;2,00;8,00;N/A;N/A;30/01/2023;False;True;[]
TXN_5591967;SANDUICHE;1;4,00;4,00;CARTÃO DE CRÉDITO;PARA VIAGEM;08/04/2023;False;True;[]
TXN_5861158;SANDUICHE;3;4,00;12,00;CARTÃO DE CRÉDITO;PARA VIAGEM;21/11/2023;False;True;[]
TXN_7501002;CAFÉ;1;2,00;2,00;CARTEIRA DIGITAL;N/A;23/08/2023;False;True;[]
TXN_2848654;VITAMINA;5;4,00;20,00;CARTEIRA DIGITAL;PRESENCIAL;15/03/2023;False;True;[]
TXN_2406254;N/A;5;3,00;15,00;N/A;PARA VIAGEM;12/11/2023;False;True;[]
TXN_3034652;SUCO;5;3,00;15,00;CARTÃO DE CRÉDITO;PRESENCIAL;04/11/2023;False;True;[]
TXN_2710779;SANDUICHE;5;4,00;20,00;CARTEIRA DIGITAL;PRESENCIAL;30/09/2023;False;True;[]
TXN_2333576;CHÁ;2;;3,00;CARTEIRA DIGITAL;PARA VIAGEM;22/11/2023;True;True;[]
TXN_6330369;SUCO;1;3,00;3,00;N/A;N/A;25/01/2023;False;True;[]
TXN_7852032;SANDUICHE;1;4,00;4,00;DINHEIRO;N/A;19/03/2023;False;True;[]
TXN_7189368;SANDUICHE;2;4,00;8,00;CARTÃO DE CRÉDITO;N/A;22/01/2023;False;True;[]
TXN_6306655;N/A;4;1,00;4,00;CARTEIRA DIGITAL;PARA VIAGEM;22/01/2023;False;True;[]
TXN_6607568;CAFÉ;2;2,00;4,00;DINHEIRO;PRESENCIAL;24/03/2023;False;True;[]
TXN_8245906;BOLO;1;;3,00;CARTEIRA DIGITAL;N/A;08/02/2023;True;True;[]
TXN_9837568;SALADA;5;5,00;25,00;DINHEIRO;PRESENCIAL;17/04/2023;False;True;[]
TXN_9603263;BISCOITO;5;1,00;5,00;DINHEIRO;N/A;02/05/2023;False;True;[]
TXN_9425610;SANDUICHE;3;4,00;12,00;DINHEIRO;PRESENCIAL;08/01/2023;False;True;[]
TXN_8092496;SUCO;4;3,00;12,00;N/A;PRESENCIAL;11/03/2023;False;True;[]
TXN_3611851;N/A;4;;;CARTÃO DE CRÉDITO;N/A;09/02/2023;True;True;[]
TXN_9749333;BISCOITO;5;1,00;5,00;DINHEIRO;PRESENCIAL;27/02/2023;False;True;[]
TXN_2771364;CAFÉ;1;2,00;2,00;CARTEIRA DIGITAL;N/A;23/01/2023;False;True;[]
TXN_5180326;SUCO;;3,00;12,00;N/A;N/A;26/04/2023;True;True;[]
TXN_7376092;BISCOITO;4;1,00;4,00;DINHEIRO;PRESENCIAL;07/11/2023;False;True;[]
TXN_9279347;SANDUICHE;;4,00;20,00;CARTÃO DE CRÉDITO;N/A;27/02/2023;True;True;[]
TXN_8278982;VITAMINA;5;4,00;20,00;CARTÃO DE CRÉDITO;PARA VIAGEM;06/09/2023;False;True;[]
TXN_7686476;CAFÉ;3;2,00;6,00;CARTEIRA DIGITAL;PARA VIAGEM;03/01/2023;False;True;[]
TXN_4283563;N/A;2;1,50;3,00;DINHEIRO;N/A;04/05/2023;False;True;[]
TXN_1926278;BISCOITO;1;1,00;1,00;CARTÃO DE CRÉDITO;N/A;29/07/2023;False;True;[]
TXN_3981000;CHÁ;1;1,50;1,50;CARTEIRA DIGITAL;PRESENCIAL;24/05/2023;False;True;[]
TXN_6167259;SUCO;2;3,00;6,00;CARTEIRA DIGITAL;N/A;14/04/2023;False;True;[]
TXN_7068653;BISCOITO;2;;2,00;DINHEIRO;PRESENCIAL;05/06/2023;True;True;[]
TXN_1572930;CAFÉ;3;2,00;6,00;N/A;PRESENCIAL;17/07/2023;False;True;[]
TXN_2788797;CHÁ;2;1,50;3,00;N/A;N/A;23/03/2023;False;True;[]
TXN_4255767;SUCO;1;3,00;3,00;N/A;N/A;25/05/2023;False;True;[]
TXN_7367474;SUCO;5;3,00;15,00;CARTEIRA DIGITAL;PARA VIAGEM;01/01/2023;False;True;[]
TXN_7551097;BOLO;2;3,00;6,00;CARTEIRA DIGITAL;N/A;12/06/2023;False;True;[]
TXN_1546695;CAFÉ;5;2,00;10,00;N/A;PARA VIAGEM;06/03/2023;False;True;[]
TXN_4567455;CAFÉ;3;2,00;6,00;N/A;PRESENCIAL;01/02/2023;False;True;[]
TXN_7958487;BISCOITO;5;1,00;5,00;N/A;N/A;20/01/2023;False;True;[]
TXN_2864420;SANDUICHE;1;4,00;4,00;N/A;N/A;12/07/2023;False;True;[]
TXN_1498343;SALADA;2;5,00;10,00;CARTÃO DE CRÉDITO;PARA VIAGEM;31/03/2023;False;True;[]
TXN_3107619;BISCOITO;2;1,00;2,00;CARTEIRA DIGITAL;PARA VIAGEM;31/05/2023;False;True;[]
TXN_1923349;N/A;4;;6,00;N/A;N/A;06/07/2023;True;True;[]
TXN_7380217;CHÁ;1;1,50;1,50;CARTEIRA DIGITAL;N/A;10/09/2023;False;True;[]
TXN_3195132;SALADA;4;5,00;20,00;CARTÃO DE CRÉDITO;N/A;26/08/2023;False;True;[]
TXN_9001088;CAFÉ;2;;4,00;CARTÃO DE CRÉDITO;N/A;19/08/2023;True;True;[]
TXN_2101437;N/A;2;4,00;8,00;DINHEIRO;PRESENCIAL;27/08/2023;False;True;[]
TXN_7411993;BOLO;2;3,00;6,00;CARTEIRA DIGITAL;PRESENCIAL;11/02/2023;False;True;[]
TXN_2879092;N/A;3;1,50;4,50;DINHEIRO;N/A;22/05/2023;False;True;[]
TXN_8791641;CHÁ;5;1,50;7,50;N/A;PRESENCIAL;25/01/2023;False;True;[]
TXN_4679593;SUCO;1;3,00;3,00;DINHEIRO;PRESENCIAL;10/01/2023;False;True;[]
TXN_1907250;BISCOITO;1;1,00;1,00;CARTÃO DE CRÉDITO;N/A;15/11/2023;False;True;[]
TXN_8504764;N/A;2;4,00;8,00;CARTEIRA DIGITAL;PARA VIAGEM;19/02/2023;False;True;[]
TXN_1630051;VITAMINA;5;4,00;20,00;CARTEIRA DIGITAL;PARA VIAGEM;17/03/2023;False;True;[]
TXN_2566258;BISCOITO;4;1,00;4,00;DINHEIRO;PARA VIAGEM;08/06/2023;False;True;[]
TXN_5785600;SALADA;5;5,00;25,00;DINHEIRO;PRESENCIAL;10/12/2023;False;True;[]
TXN_4864206;BISCOITO;5;1,00;5,00;DINHEIRO;PRESENCIAL;18/03/2023;False;True;[]
TXN_4360040;SALADA;1;5,00;5,00;CARTÃO DE CRÉDITO;N/A;15/11/2023;False;True;[]
TXN_9490163;SALADA;4;5,00;20,00;CARTÃO DE CRÉDITO;N/A;23/02/2023;False;True;[]
TXN_2640727;N/A;3;3,00;9,00;CARTEIRA DIGITAL;PARA VIAGEM;05/03/2023;False;True;[]
TXN_9927061;BISCOITO;2;1,00;2,00;N/A;N/A;17/10/2023;False;True;[]
TXN_5113993;CAFÉ;1;2,00;2,00;CARTÃO DE CRÉDITO;PARA VIAGEM;10/02/2023;False;True;[]
TXN_2192787;SANDUICHE;5;4,00;20,00;DINHEIRO;PRESENCIAL;01/01/2023;False;True;[]
TXN_2127588;BOLO;4;3,00;12,00;DINHEIRO;PRESENCIAL;17/07/2023;False;True;[]
TXN_5284338;N/A;4;2,00;8,00;DINHEIRO;PARA VIAGEM;30/03/2023;False;True;[]
TXN_8108748;SANDUICHE;1;4,00;4,00;DINHEIRO;N/A;19/06/2023;False;True;[]
TXN_5538713;BISCOITO;2;1,00;2,00;CARTEIRA DIGITAL;PARA VIAGEM;20/09/2023;False;True;[]
TXN_5949811;CHÁ;;1,50;3,00;CARTEIRA DIGITAL;PRESENCIAL;21/02/2023;True;True;[]
TXN_2565449;VITAMINA;3;4,00;12,00;CARTÃO DE CRÉDITO;PRESENCIAL;04/10/2023;False;True;[]
TXN_7264039;BOLO;5;3,00;15,00;DINHEIRO;N/A;19/09/2023;False;True;[]
TXN_9224501;SALADA;5;5,00;25,00;CARTÃO DE CRÉDITO;PRESENCIAL;08/12/2023;False;True;[]
TXN_5767393;VITAMINA;3;4,00;12,00;CARTEIRA DIGITAL;PRESENCIAL;11/09/2023;False;True;[]
TXN_2628024;VITAMINA;1;4,00;4,00;N/A;PRESENCIAL;02/05/2023;False;True;[]
TXN_4638629;VITAMINA;4;4,00;16,00;CARTÃO DE CRÉDITO;N/A;10/02/2023;False;True;[]
TXN_9287133;BOLO;5;3,00;15,00;CARTEIRA DIGITAL;PRESENCIAL;20/04/2023;False;True;[]
TXN_6223786;BOLO;5;3,00;15,00;DINHEIRO;N/A;05/07/2023;False;True;[]
TXN_5460750;SUCO;3;3,00;9,00;CARTÃO DE CRÉDITO;N/A;31/07/2023;False;True;[]
TXN_6792445;BOLO;;3,00;9,00;DINHEIRO;N/A;03/12/2023;True;True;[]
TXN_2543138;SANDUICHE;1;4,00;4,00;CARTÃO DE CRÉDITO;N/A;20/05/2023;False;True;[]
TXN_7134064;VITAMINA;5;4,00;20,00;CARTÃO DE CRÉDITO;PARA VIAGEM;04/04/2023;False;True;[]
TXN_9201988;CAFÉ;3;2,00;6,00;N/A;N/A;14/05/2023;False;True;[]
TXN_5486063;VITAMINA;3;4,00;12,00;DINHEIRO;PRESENCIAL;21/05/2023;False;True;[]
TXN_2285849;CHÁ;2;1,50;3,00;CARTÃO DE CRÉDITO;PARA VIAGEM;10/09/2023;False;True;[]
TXN_9577271;SANDUICHE;5;4,00;20,00;DINHEIRO;PRESENCIAL;30/09/2023;False;True;[]
TXN_6568536;BOLO;1;3,00;3,00;DINHEIRO;N/A;29/12/2023;False;True;[]
TXN_6802372;SUCO;3;3,00;9,00;N/A;PRESENCIAL;20/07/2023;False;True;[]
TXN_2624121;CHÁ;5;1,50;7,50;CARTEIRA DIGITAL;PRESENCIAL;28/01/2023;False;True;[]
TXN_8994477;CAFÉ;3;;6,00;N/A;PRESENCIAL;19/04/2023;True;True;[]
TXN_7868879;SANDUICHE;4;4,00;16,00;DINHEIRO;PARA VIAGEM;02/05/2023;False;True;[]
TXN_8321225;N/A;4;1,50;6,00;CARTÃO DE CRÉDITO;PARA VIAGEM;20/08/2023;False;True;[]
TXN_1439390;SUCO;4;3,00;12,00;N/A;PRESENCIAL;14/02/2023;False;True;[]
TXN_9373436;SALADA;4;5,00;20,00;CARTEIRA DIGITAL;N/A;06/04/2023;False;True;[]
TXN_6243519;CAFÉ;3;2,00;6,00;DINHEIRO;PARA VIAGEM;03/03/2023;False;True;[]
TXN_8668901;SUCO;2;3,00;6,00;CARTÃO DE CRÉDITO;PARA VIAGEM;30/06/2023;False;True;[]
TXN_4903004;CHÁ;4;1,50;6,00;CARTEIRA DIGITAL;PRESENCIAL;03/12/2023;False;True;[]
TXN_2195218;BOLO;4;3,00;12,00;CARTEIRA DIGITAL;PRESENCIAL;10/09/2023;False;True;[]
TXN_9678108;SALADA;3;5,00;15,00;N/A;PARA VIAGEM;10/10/2023;False;True;[]
TXN_3206876;SALADA;4;5,00;20,00;N/A;PRESENCIAL;07/11/2023;False;True;[]
TXN_3064922;N/A;;5,00;10,00;DINHEIRO;N/A;12/11/2023;True;True;[]
TXN_7362525;BOLO;5;3,00;15,00;DINHEIRO;PARA VIAGEM;09/06/2023;False;True;[]
TXN_2161341;SALADA;5;5,00;25,00;CARTEIRA DIGITAL;N/A;12/03/2023;False;True;[]
TXN_8753888;BISCOITO;4;1,00;4,00;CARTÃO DE CRÉDITO;PARA VIAGEM;25/12/2023;False;True;[]
TXN_3265596;CHÁ;1;1,50;1,50;DINHEIRO;N/A;28/12/2023;False;True;[]
TXN_2815691;SUCO;5;3,00;15,00;CARTEIRA DIGITAL;N/A;06/02/2023;False;True;[]
TXN_8956534;CAFÉ;5;2,00;10,00;DINHEIRO;PARA VIAGEM;05/06/2023;False;True;[]
TXN_7957208;CHÁ;1;1,50;1,50;CARTEIRA DIGITAL;PARA VIAGEM;14/04/2023;False;True;[]
TXN_6851213;SUCO;1;3,00;3,00;CARTEIRA DIGITAL;N/A;19/05/2023;False;True;[]
TXN_7127903;CAFÉ;5;2,00;10,00;N/A;PRESENCIAL;27/11/2023;False;True;[]
TXN_7543722;BISCOITO;3;1,00;3,00;CARTEIRA DIGITAL;N/A;26/08/2023;False;True;[]
TXN_7952680;N/A;1;5,00;5,00;N/A;N/A;09/06/2023;False;True;[]
TXN_8556062;SANDUICHE;5;4,00;20,00;N/A;N/A;07/08/2023;False;True;[]
TXN_8429412;VITAMINA;4;4,00;16,00;N/A;N/A;23/06/2023;False;True;[]
TXN_3817784;SALADA;;5,00;5,00;N/A;N/A;25/11/2023;True;True;[]
TXN_1749105;SANDUICHE;5;4,00;20,00;DINHEIRO;PRESENCIAL;17/10/2023;False;True;[]
TXN_9731530;CHÁ;;1,50;6,00;CARTÃO DE CRÉDITO;N/A;23/06/2023;True;True;[]
TXN_1248266;SALADA;3;5,00;15,00;CARTÃO DE CRÉDITO;PRESENCIAL;14/10/2023;False;True;[]
TXN_5400273;VITAMINA;4;4,00;16,00;CARTÃO DE CRÉDITO;N/A;24/05/2023;False;True;[]
TXN_2255634;SALADA;4;5,00;20,00;N/A;N/A;09/04/2023;False;True;[]
TXN_3312002;VITAMINA;4;4,00;16,00;CARTEIRA DIGITAL;N/A;30/04/2023;False;True;[]
TXN_5331122;SALADA;4;5,00;20,00;CARTÃO DE CRÉDITO;PRESENCIAL;26/09/2023;False;True;[]
TXN_1227800;SUCO;3;3,00;9,00;DINHEIRO;PARA VIAGEM;19/02/2023;False;True;[]
TXN_1867836;SUCO;1;3,00;3,00;CARTÃO DE CRÉDITO;N/A;21/03/2023;False;True;[]
TXN_3051509;BISCOITO;;1,00;5,00;N/A;PRESENCIAL;07/03/2023;True;True;[]
TXN_5108804;SUCO;1;;3,00;CARTEIRA DIGITAL;PRESENCIAL;26/09/2023;True;True;[]
TXN_2699583;SANDUICHE;5;4,00;20,00;CARTEIRA DIGITAL;PRESENCIAL;26/07/2023;False;True;[]
TXN_1622577;SUCO;1;3,00;3,00;DINHEIRO;N/A;14/03/2023;False;True;[]
TXN_9508880;CAFÉ;4;2,00;8,00;N/A;PRESENCIAL;26/10/2023;False;True;[]
TXN_2156218;VITAMINA;2;4,00;8,00;CARTEIRA DIGITAL;PRESENCIAL;24/07/2023;False;True;[]
TXN_8271025;SUCO;5;3,00;15,00;CARTÃO DE CRÉDITO;N/A;09/03/2023;False;True;[]
TXN_4894699;BISCOITO;2;1,00;2,00;CARTEIRA DIGITAL;PRESENCIAL;20/02/2023;False;True;[]
TXN_5427338;BOLO;;3,00;6,00;CARTEIRA DIGITAL;PRESENCIAL;27/04/2023;True;True;[]
TXN_8631468;BOLO;1;3,00;3,00;CARTÃO DE CRÉDITO;PRESENCIAL;10/10/2023;False;True;[]
TXN_6315590;CHÁ;5;1,50;7,50;N/A;PRESENCIAL;04/10/2023;False;True;[]
TXN_7825457;BOLO;5;3,00;15,00;DINHEIRO;N/A;15/09/2023;False;True;[]
TXN_2378096;CHÁ;3;1,50;4,50;DINHEIRO;PARA VIAGEM;22/09/2023;False;True;[]
TXN_2627056;SANDUICHE;4;4,00;16,00;CARTEIRA DIGITAL;N/A;22/04/2023;False;True;[]
TXN_5062280;VITAMINA;4;4,00;16,00;CARTÃO DE CRÉDITO;N/A;05/07/2023;False;True;[]
TXN_3620110;CAFÉ;1;2,00;2,00;CARTEIRA DIGITAL;PARA VIAGEM;01/06/2023;False;True;[]
TXN_7290923;SALADA;3;5,00;15,00;N/A;N/A;09/02/2023;False;True;[]
TXN_1005331;CAFÉ;1;2,00;2,00;CARTEIRA DIGITAL;PARA VIAGEM;04/11/2023;False;True;[]
TXN_1579182;SUCO;5;3,00;15,00;DINHEIRO;PRESENCIAL;20/02/2023;False;True;[]
TXN_7311097;CAFÉ;5;2,00;10,00;N/A;PRESENCIAL;05/08/2023;False;True;[]
TXN_4836614;N/A;4;1,50;6,00;CARTEIRA DIGITAL;N/A;03/04/2023;False;True;[]
TXN_7477271;CHÁ;5;1,50;7,50;N/A;PARA VIAGEM;12/07/2023;False;True;[]
TXN_6503052;SUCO;4;3,00;12,00;N/A;N/A;21/04/2023;False;True;[]
TXN_6471268;VITAMINA;5;4,00;20,00;CARTEIRA DIGITAL;N/A;10/02/2023;False;True;[]
TXN_6843517;SANDUICHE;5;4,00;20,00;CARTÃO DE CRÉDITO;PRESENCIAL;02/01/2023;False;True;[]
TXN_9370304;VITAMINA;4;;16,00;N/A;PARA VIAGEM;01/09/2023;True;True;[]
TXN_9298053;SUCO;5;3,00;15,00;DINHEIRO;PRESENCIAL;29/06/2023;False;True;[]
TXN_1446862;BOLO;3;3,00;9,00;N/A;PARA VIAGEM;26/09/2023;False;True;[]
TXN_4987246;BISCOITO;3;1,00;3,00;CARTEIRA DIGITAL;PARA VIAGEM;24/11/2023;False;True;[]
TXN_6271219;SANDUICHE;3;4,00;12,00;DINHEIRO;N/A;07/06/2023;False;True;[]
TXN_2614545;CHÁ;1;1,50;1,50;N/A;PRESENCIAL;10/08/2023;False;True;[]
TXN_4917580;N/A;3;2,00;6,00;N/A;PRESENCIAL;08/03/2023;False;True;[]
TXN_6236864;CHÁ;2;1,50;3,00;CARTEIRA DIGITAL;PRESENCIAL;17/08/2023;False;True;[]
TXN_7825648;CAFÉ;1;2,00;2,00;N/A;PARA VIAGEM;18/05/2023;False;True;[]
TXN_1853196;SANDUICHE;1;4,00;4,00;CARTÃO DE CRÉDITO;N/A;28/08/2023;False;True;[]
TXN_7201361;VITAMINA;3;4,00;12,00;DINHEIRO;PRESENCIAL;26/05/2023;False;True;[]
TXN_6902481;SUCO;3;3,00;9,00;DINHEIRO;N/A;03/09/2023;False;True;[]
TXN_4041845;SUCO;5;3,00;15,00;N/A;N/A;01/12/2023;False;True;[]
TXN_8861272;CAFÉ;1;2,00;2,00;CARTEIRA DIGITAL;N/A;27/03/2023;False;True;[]
TXN_7527954;BOLO;4;3,00;12,00;N/A;N/A;09/12/2023;False;True;[]
TXN_2229365;SANDUICHE;2;4,00;8,00;DINHEIRO;PRESENCIAL;07/09/2023;False;True;[]
TXN_5563675;CHÁ;3;1,50;4,50;CARTEIRA DIGITAL;PRESENCIAL;01/01/2023;False;True;[]
TXN_7416770;N/A;3;3,00;9,00;N/A;PARA VIAGEM;08/04/2023;False;True;[]
TXN_8632098;SALADA;2;;10,00;N/A;N/A;06/01/2023;True;True;[]
TXN_3520908;SANDUICHE;3;;12,00;CARTEIRA DIGITAL;N/A;01/08/2023;True;True;[]
TXN_7907499;SUCO;3;3,00;9,00;CARTEIRA DIGITAL;PARA VIAGEM;18/04/2023;False;True;[]
TXN_8360073;BOLO;4;3,00;12,00;CARTEIRA DIGITAL;PRESENCIAL;15/06/2023;False;True;[]
TXN_4840295;N/A;4;4,00;16,00;CARTEIRA DIGITAL;PARA VIAGEM;02/02/2023;False;True;[]
TXN_4140167;CAFÉ;2;2,00;4,00;DINHEIRO;N/A;29/06/2023;False;True;[]
TXN_2690515;SANDUICHE;2;4,00;8,00;DINHEIRO;PARA VIAGEM;06/09/2023;False;True;[]
TXN_2080682;CAFÉ;3;2,00;6,00;CARTÃO DE CRÉDITO;PRESENCIAL;02/05/2023;False;True;[]
TXN_8399341;CHÁ;5;1,50;7,50;DINHEIRO;N/A;22/03/2023;False;True;[]
TXN_5661891;SALADA;1;5,00;5,00;CARTEIRA DIGITAL;PARA VIAGEM;28/10/2023;False;True;[]
TXN_3164212;VITAMINA;4;4,00;16,00;N/A;PRESENCIAL;14/11/2023;False;True;[]
TXN_1834831;N/A;5;5,00;25,00;CARTEIRA DIGITAL;PRESENCIAL;16/02/2023;False;True;[]
TXN_3360401;N/A;2;1,50;3,00;N/A;PARA VIAGEM;05/02/2023;False;True;[]
TXN_6036520;CAFÉ;5;2,00;10,00;DINHEIRO;N/A;15/09/2023;False;True;[]
TXN_1582958;CAFÉ;2;2,00;4,00;DINHEIRO;N/A;08/12/2023;False;True;[]
TXN_9834415;BISCOITO;2;1,00;2,00;CARTÃO DE CRÉDITO;PRESENCIAL;28/12/2023;False;True;[]
TXN_7325430;CAFÉ;2;2,00;4,00;DINHEIRO;N/A;17/04/2023;False;True;[]
TXN_6440365;VITAMINA;2;4,00;8,00;DINHEIRO;N/A;14/05/2023;False;True;[]
TXN_4002629;BOLO;5;3,00;15,00;CARTÃO DE CRÉDITO;PRESENCIAL;15/06/2023;False;True;[]
TXN_4244830;CAFÉ;5;2,00;10,00;N/A;PRESENCIAL;24/04/2023;False;True;[]
TXN_2217038;CHÁ;5;1,50;7,50;N/A;N/A;12/06/2023;False;True;[]
TXN_6259827;BOLO;2;;6,00;CARTÃO DE CRÉDITO;PARA VIAGEM;14/06/2023;True;True;[]
TXN_6551087;VITAMINA;1;4,00;4,00;CARTÃO DE CRÉDITO;N/A;02/05/2023;False;True;[]
TXN_1643039;BISCOITO;3;1,00;3,00;N/A;N/A;17/02/2023;False;True;[]
TXN_3683787;CHÁ;5;;7,50;CARTÃO DE CRÉDITO;N/A;16/09/2023;True;True;[]
TXN_5765576;SANDUICHE;5;4,00;20,00;N/A;PRESENCIAL;22/11/2023;False;True;[]
TXN_4155134;BISCOITO;1;1,00;1,00;N/A;PARA VIAGEM;07/05/2023;False;True;[]
TXN_1795044;CAFÉ;2;2,00;4,00;CARTEIRA DIGITAL;N/A;15/08/2023;False;True;[]
TXN_3328393;N/A;3;3,00;9,00;N/A;N/A;16/04/2023;False;True;[]
TXN_2399870;SALADA;4;5,00;20,00;N/A;N/A;08/04/2023;False;True;[]
TXN_8898121;CHÁ;4;1,50;6,00;CARTEIRA DIGITAL;N/A;26/03/2023;False;True;[]
TXN_4735392;VITAMINA;3;4,00;12,00;CARTÃO DE CRÉDITO;PARA VIAGEM;04/04/2023;False;True;[]
TXN_3244935;SALADA;5;5,00;25,00;N/A;PARA VIAGEM;24/11/2023;False;True;[]
TXN_8410712;SUCO;5;3,00;15,00;CARTEIRA DIGITAL;PARA VIAGEM;23/10/2023;False;True;[]
TXN_8997048;SUCO;1;3,00;3,00;N/A;PRESENCIAL;05/12/2023;False;True;[]
TXN_6009395;SANDUICHE;4;4,00;16,00;DINHEIRO;PRESENCIAL;20/07/2023;False;True;[]
TXN_3733753;SANDUICHE;1;4,00;4,00;CARTEIRA DIGITAL;PARA VIAGEM;10/03/2023;False;True;[]
TXN_4084548;SALADA;2;5,00;10,00;DINHEIRO;PRESENCIAL;21/07/2023;False;True;[]
TXN_7125945;BOLO;3;3,00;9,00;CARTÃO DE CRÉDITO;PRESENCIAL;30/01/2023;False;True;[]
TXN_8103439;VITAMINA;1;4,00;4,00;N/A;PARA VIAGEM;30/11/2023;False;True;[]
TXN_9474082;N/A;3;5,00;15,00;CARTEIRA DIGITAL;PRESENCIAL;22/03/2023;False;True;[]
TXN_2623927;SANDUICHE;2;4,00;8,00;N/A;N/A;27/01/2023;False;True;[]
TXN_8707598;SUCO;4;;12,00;CARTÃO DE CRÉDITO;N/A;22/10/2023;True;True;[]
TXN_2810554;N/A;1;3,00;3,00;CARTÃO DE CRÉDITO;PARA VIAGEM;18/02/2023;False;True;[]
TXN_5435751;SANDUICHE;1;4,00;4,00;CARTÃO DE CRÉDITO;PARA VIAGEM;24/05/2023;False;True;[]
TXN_9991468;SUCO;4;3,00;12,00;CARTÃO DE CRÉDITO;N/A;30/11/2023;False;True;[]
TXN_1339457;N/A;3;4,00;12,00;CARTEIRA DIGITAL;PRESENCIAL;23/05/2023;False;True;[]
TXN_5186460;SUCO;3;3,00;9,00;CARTÃO DE CRÉDITO;N/A;07/11/2023;False;True;[]
TXN_8936782;SUCO;5;3,00;15,00;N/A;PRESENCIAL;01/04/2023;False;True;[]
TXN_6885561;VITAMINA;3;4,00;12,00;CARTEIRA DIGITAL;PARA VIAGEM;24/06/2023;False;True;[]
TXN_4089089;VITAMINA;5;4,00;20,00;N/A;N/A;26/10/2023;False;True;[]
TXN_6304285;BOLO;5;3,00;15,00;CARTEIRA DIGITAL;PARA VIAGEM;16/11/2023;False;True;[]
TXN_7792996;SALADA;4;5,00;20,00;DINHEIRO;N/A;20/12/2023;False;True;[]
TXN_3653328;BISCOITO;4;1,00;4,00;CARTEIRA DIGITAL;PRESENCIAL;27/06/2023;False;True;[]
TXN_3003876;BISCOITO;3;1,00;3,00;DINHEIRO;N/A;27/08/2023;False;True;[]
TXN_4015634;CHÁ;2;1,50;3,00;N/A;N/A;28/06/2023;False;True;[]
TXN_8166394;SUCO;4;3,00;12,00;CARTÃO DE CRÉDITO;N/A;22/12/2023;False;True;[]
TXN_1270603;SUCO;4;3,00;12,00;CARTÃO DE CRÉDITO;PARA VIAGEM;03/12/2023;False;True;[]
TXN_8837886;VITAMINA;3;4,00;12,00;N/A;N/A;20/04/2023;False;True;[]
TXN_1437275;CAFÉ;3;2,00;6,00;CARTÃO DE CRÉDITO;N/A;22/07/2023;False;True;[]
TXN_5791605;VITAMINA;3;4,00;12,00;N/A;PARA VIAGEM;17/05/2023;False;True;[]
TXN_5836079;CAFÉ;1;2,00;2,00;CARTEIRA DIGITAL;N/A;14/07/2023;False;True;[]
TXN_2897115;N/A;3;2,00;6,00;CARTEIRA DIGITAL;PRESENCIAL;23/06/2023;False;True;[]
TXN_8916613;SALADA;4;5,00;20,00;N/A;PARA VIAGEM;19/06/2023;False;True;[]
TXN_9251292;CHÁ;2;1,50;3,00;DINHEIRO;N/A;20/01/2023;False;True;[]
TXN_9639025;CAFÉ;5;2,00;10,00;N/A;N/A;06/12/2023;False;True;[]
TXN_7770253;CAFÉ;5;2,00;10,00;CARTEIRA DIGITAL;PARA VIAGEM;06/01/2023;False;True;[]
TXN_9196116;BOLO;2;;6,00;N/A;PRESENCIAL;06/07/2023;True;True;[]
TXN_5405799;CAFÉ;3;2,00;6,00;DINHEIRO;N/A;13/08/2023;False;True;[]
TXN_1701500;VITAMINA;1;4,00;4,00;N/A;PARA VIAGEM;05/01/2023;False;True;[]
TXN_6669163;BISCOITO;;1,00;1,00;CARTÃO DE CRÉDITO;PARA VIAGEM;26/07/2023;True;True;[]
TXN_9695128;BOLO;1;3,00;3,00;DINHEIRO;PRESENCIAL;21/12/2023;False;True;[]
TXN_8700156;CHÁ;4;;6,00;CARTÃO DE CRÉDITO;PRESENCIAL;25/12/2023;True;True;[]
TXN_7192920;VITAMINA;4;4,00;16,00;CARTEIRA DIGITAL;N/A;28/02/2023;False;True;[]
TXN_1866816;SUCO;3;3,00;9,00;N/A;PRESENCIAL;21/08/2023;False;True;[]
TXN_2423762;CAFÉ;1;2,00;2,00;N/A;N/A;12/08/2023;False;True;[]
TXN_4007506;SALADA;1;5,00;5,00;N/A;N/A;19/01/2023;False;True;[]
TXN_4371760;VITAMINA;2;4,00;8,00;DINHEIRO;PRESENCIAL;12/01/2023;False;True;[]
TXN_4468830;VITAMINA;4;4,00;16,00;CARTEIRA DIGITAL;PRESENCIAL;10/11/2023;False;True;[]
TXN_1908100;SUCO;2;3,00;6,00;N/A;PRESENCIAL;17/04/2023;False;True;[]
TXN_3892344;BISCOITO;2;1,00;2,00;N/A;N/A;28/07/2023;False;True;[]
TXN_3023841;CHÁ;3;1,50;4,50;CARTEIRA DIGITAL;PARA VIAGEM;29/04/2023;False;True;[]
TXN_8793244;BOLO;4;3,00;12,00;CARTÃO DE CRÉDITO;PARA VIAGEM;08/05/2023;False;True;[]
TXN_5764993;SALADA;3;5,00;15,00;N/A;PARA VIAGEM;26/04/2023;False;True;[]
TXN_2628941;VITAMINA;1;4,00;4,00;N/A;PRESENCIAL;27/12/2023;False;True;[]
TXN_5206049;N/A;3;;3,00;CARTEIRA DIGITAL;N/A;24/06/2023;True;True;[]
TXN_5448602;SUCO;3;3,00;9,00;CARTÃO DE CRÉDITO;PRESENCIAL;17/01/2023;False;True;[]
TXN_1346517;CAFÉ;1;2,00;2,00;CARTEIRA DIGITAL;PARA VIAGEM;20/03/2023;False;True;[]
TXN_9277534;VITAMINA;2;4,00;8,00;CARTÃO DE CRÉDITO;PRESENCIAL;25/04/2023;False;True;[]
TXN_4946991;BOLO;1;;3,00;N/A;N/A;17/04/2023;True;True;[]
TXN_9663098;SUCO;2;3,00;6,00;DINHEIRO;N/A;10/06/2023;False;True;[]
TXN_2492586;SALADA;3;;15,00;DINHEIRO;N/A;17/05/2023;True;True;[]
TXN_2450799;CHÁ;5;;7,50;N/A;N/A;26/11/2023;True;True;[]
TXN_6145837;BOLO;5;3,00;15,00;CARTEIRA DIGITAL;PARA VIAGEM;27/08/2023;False;True;[]
TXN_3665727;BISCOITO;1;1,00;1,00;N/A;PRESENCIAL;13/10/2023;False;True;[]
TXN_5067056;SANDUICHE;1;4,00;4,00;DINHEIRO;PRESENCIAL;13/08/2023;False;True;[]
TXN_8453110;VITAMINA;3;4,00;12,00;CARTEIRA DIGITAL;N/A;24/06/2023;False;True;[]
TXN_4954887;BISCOITO;3;1,00;3,00;N/A;PRESENCIAL;11/06/2023;False;True;[]
TXN_4449173;N/A;;2,00;2,00;CARTEIRA DIGITAL;PARA VIAGEM;05/04/2023;True;True;[]
TXN_6641409;N/A;5;4,00;20,00;CARTEIRA DIGITAL;N/A;21/11/2023;False;True;[]
TXN_6132959;SALADA;5;5,00;25,00;CARTEIRA DIGITAL;N/A;01/07/2023;False;True;[]
TXN_8626161;VITAMINA;3;4,00;12,00;CARTEIRA DIGITAL;PRESENCIAL;23/11/2023;False;True;[]
TXN_7099050;SALADA;3;5,00;15,00;CARTÃO DE CRÉDITO;PARA VIAGEM;18/01/2023;False;True;[]
TXN_8938663;CAFÉ;1;2,00;2,00;CARTEIRA DIGITAL;N/A;09/09/2023;False;True;[]
TXN_5039624;BISCOITO;4;1,00;4,00;N/A;PARA VIAGEM;27/04/2023;False;True;[]
TXN_9565465;CHÁ;3;1,50;4,50;CARTÃO DE CRÉDITO;PRESENCIAL;26/12/2023;False;True;[]
TXN_6301600;SUCO;4;3,00;12,00;CARTEIRA DIGITAL;PRESENCIAL;28/02/2023;False;True;[]
TXN_4784128;SANDUICHE;3;4,00;12,00;DINHEIRO;PARA VIAGEM;27/08/2023;False;True;[]
TXN_5807634;SANDUICHE;5;4,00;20,00;CARTEIRA DIGITAL;N/A;23/05/2023;False;True;[]
TXN_5560205;CAFÉ;3;2,00;6,00;DINHEIRO;PRESENCIAL;22/12/2023;False;True;[]
TXN_2193092;SUCO;4;;12,00;N/A;PARA VIAGEM;30/10/2023;True;True;[]
TXN_1833277;CHÁ;2;1,50;3,00;N/A;PARA VIAGEM;19/10/2023;False;True;[]
TXN_6119798;SALADA;1;5,00;5,00;CARTÃO DE CRÉDITO;PRESENCIAL;19/09/2023;False;True;[]
TXN_9793353;CAFÉ;3;2,00;6,00;CARTÃO DE CRÉDITO;PARA VIAGEM;21/08/2023;False;True;[]
TXN_5017895;SALADA;4;5,00;20,00;DINHEIRO;N/A;25/09/2023;False;True;[]
TXN_4547995;BOLO;3;3,00;9,00;CARTEIRA DIGITAL;N/A;30/11/2023;False;True;[]
TXN_7032256;SANDUICHE;5;4,00;20,00;CARTÃO DE CRÉDITO;N/A;13/03/2023;False;True;[]
TXN_2578309;VITAMINA;3;4,00;12,00;N/A;N/A;05/05/2023;False;True;[]
TXN_2064360;CAFÉ;4;2,00;8,00;CARTEIRA DIGITAL;PRESENCIAL;30/08/2023;False;True;[]
TXN_5508573;BOLO;1;3,00;3,00;N/A;PARA VIAGEM;17/12/2023;False;True;[]
TXN_7125392;BISCOITO;4;;4,00;CARTEIRA DIGITAL;PARA VIAGEM;05/07/2023;True;True;[]
TXN_2564219;SALADA;1;5,00;5,00;CARTEIRA DIGITAL;PARA VIAGEM;18/07/2023;False;True;[]
TXN_1203954;SANDUICHE;1;4,00;4,00;CARTEIRA DIGITAL;N/A;12/08/2023;False;True;[]
TXN_4671054;N/A;;5,00;20,00;DINHEIRO;N/A;20/06/2023;True;True;[]
TXN_4488222;CHÁ;3;1,50;4,50;CARTEIRA DIGITAL;PARA VIAGEM;13/03/2023;False;True;[]
TXN_3103967;SUCO;2;3,00;6,00;CARTÃO DE CRÉDITO;N/A;12/11/2023;False;True;[]
TXN_9853577;SANDUICHE;2;4,00;8,00;CARTÃO DE CRÉDITO;PRESENCIAL;30/04/2023;False;True;[]
TXN_4349597;SUCO;4;3,00;12,00;CARTÃO DE CRÉDITO;N/A;21/08/2023;False;True;[]
TXN_3353214;VITAMINA;5;4,00;20,00;CARTÃO DE CRÉDITO;N/A;12/08/2023;False;True;[]
TXN_7122708;SANDUICHE;5;;20,00;N/A;PARA VIAGEM;23/06/2023;True;True;[]
TXN_8788437;CAFÉ;1;2,00;2,00;N/A;N/A;19/11/2023;False;True;[]
TXN_1672443;CAFÉ;1;2,00;2,00;CARTÃO DE CRÉDITO;PARA VIAGEM;03/10/2023;False;True;[]
TXN_6277500;CAFÉ;4;2,00;8,00;CARTÃO DE CRÉDITO;PARA VIAGEM;09/01/2023;False;True;[]
TXN_6671827;SALADA;1;5,00;5,00;CARTÃO DE CRÉDITO;PARA VIAGEM;09/08/2023;False;True;[]
TXN_4647042;SANDUICHE;5;4,00;20,00;N/A;PARA VIAGEM;25/04/2023;False;True;[]
TXN_1183212;SUCO;4;3,00;12,00;N/A;PRESENCIAL;30/06/2023;False;True;[]
TXN_8426712;BISCOITO;3;1,00;3,00;N/A;PRESENCIAL;22/05/2023;False;True;[]
TXN_5894676;VITAMINA;5;4,00;20,00;CARTÃO DE CRÉDITO;PARA VIAGEM;17/06/2023;False;True;[]
TXN_1411744;VITAMINA;4;4,00;16,00;CARTÃO DE CRÉDITO;PARA VIAGEM;17/09/2023;False;True;[]
TXN_6610554;CAFÉ;5;2,00;10,00;CARTEIRA DIGITAL;N/A;28/10/2023;False;True;[]
TXN_6169248;SUCO;5;3,00;15,00;CARTÃO DE CRÉDITO;N/A;12/08/2023;False;True;[]
TXN_1581997;SALADA;4;5,00;20,00;CARTEIRA DIGITAL;N/A;26/08/2023;False;True;[]
TXN_4868913;BOLO;4;3,00;12,00;DINHEIRO;N/A;30/06/2023;False;True;[]
TXN_8277553;CHÁ;3;1,50;4,50;DINHEIRO;N/A;26/09/2023;False;True;[]
TXN_4030197;SALADA;3;5,00;15,00;CARTÃO DE CRÉDITO;PARA VIAGEM;05/03/2023;False;True;[]
TXN_7276927;CAFÉ;5;;10,00;DINHEIRO;PARA VIAGEM;06/07/2023;True;True;[]
TXN_3912836;SALADA;1;5,00;5,00;CARTÃO DE CRÉDITO;PRESENCIAL;23/11/2023;False;True;[]
TXN_3833729;VITAMINA;4;4,00;16,00;CARTEIRA DIGITAL;PRESENCIAL;13/11/2023;False;True;[]
TXN_7054393;CAFÉ;2;2,00;4,00;CARTEIRA DIGITAL;PRESENCIAL;30/05/2023;False;True;[]
TXN_1395083;SUCO;1;3,00;3,00;DINHEIRO;PRESENCIAL;08/07/2023;False;True;[]
TXN_8784653;VITAMINA;1;4,00;4,00;DINHEIRO;PRESENCIAL;12/09/2023;False;True;[]
TXN_3943666;SUCO;4;3,00;12,00;N/A;PARA VIAGEM;15/03/2023;False;True;[]
TXN_8308672;SALADA;2;5,00;10,00;CARTEIRA DIGITAL;PARA VIAGEM;01/01/2023;False;True;[]
TXN_3190959;CHÁ;2;1,50;3,00;CARTÃO DE CRÉDITO;PARA VIAGEM;16/12/2023;False;True;[]
TXN_6199016;SUCO;1;3,00;3,00;CARTEIRA DIGITAL;N/A;14/02/2023;False;True;[]
TXN_9301279;VITAMINA;1;;4,00;CARTÃO DE CRÉDITO;N/A;27/05/2023;True;True;[]
TXN_8900751;SANDUICHE;1;4,00;4,00;N/A;PARA VIAGEM;30/01/2023;False;True;[]
TXN_6542877;SUCO;1;3,00;3,00;N/A;PRESENCIAL;06/12/2023;False;True;[]
TXN_5516804;SANDUICHE;;4,00;20,00;CARTÃO DE CRÉDITO;PARA VIAGEM;26/09/2023;True;True;[]
TXN_6345733;CAFÉ;1;2,00;2,00;N/A;PRESENCIAL;26/11/2023;False;True;[]
TXN_5834491;CHÁ;3;1,50;4,50;N/A;N/A;13/08/2023;False;True;[]
TXN_1667192;BOLO;4;3,00;12,00;N/A;PARA VIAGEM;17/07/2023;False;True;[]
TXN_1454730;CAFÉ;5;2,00;10,00;N/A;PARA VIAGEM;21/07/2023;False;True;[]
TXN_3243832;BOLO;2;3,00;6,00;N/A;N/A;10/08/2023;False;True;[]
TXN_7501717;SANDUICHE;1;4,00;4,00;CARTÃO DE CRÉDITO;N/A;03/08/2023;False;True;[]
TXN_1351151;VITAMINA;;4,00;4,00;CARTÃO DE CRÉDITO;N/A;03/10/2023;True;True;[]
TXN_6117497;CAFÉ;2;2,00;4,00;CARTEIRA DIGITAL;PRESENCIAL;13/02/2023;False;True;[]
TXN_3818464;BOLO;2;3,00;6,00;DINHEIRO;PRESENCIAL;02/03/2023;False;True;[]
TXN_2093816;SANDUICHE;;4,00;12,00;DINHEIRO;PARA VIAGEM;06/04/2023;True;True;[]
TXN_7694020;BISCOITO;2;;2,00;CARTEIRA DIGITAL;PARA VIAGEM;06/08/2023;True;True;[]
TXN_4215488;SALADA;5;5,00;25,00;N/A;PRESENCIAL;07/10/2023;False;True;[]
TXN_5167425;SUCO;;3,00;15,00;CARTEIRA DIGITAL;N/A;04/08/2023;True;True;[]
TXN_7075261;SUCO;1;3,00;3,00;N/A;N/A;29/07/2023;False;True;[]
TXN_2694724;SANDUICHE;2;4,00;8,00;CARTEIRA DIGITAL;N/A;26/06/2023;False;True;[]
TXN_8285304;BISCOITO;1;1,00;1,00;DINHEIRO;N/A;09/07/2023;False;True;[]
TXN_7415686;SANDUICHE;3;4,00;12,00;CARTÃO DE CRÉDITO;PRESENCIAL;13/04/2023;False;True;[]
TXN_8877644;BISCOITO;2;1,00;2,00;N/A;PARA VIAGEM;01/09/2023;False;True;[]
TXN_7231548;VITAMINA;3;4,00;12,00;CARTÃO DE CRÉDITO;PRESENCIAL;06/11/2023;False;True;[]
TXN_2879361;SUCO;3;3,00;9,00;N/A;PARA VIAGEM;22/11/2023;False;True;[]
TXN_5956755;SANDUICHE;5;4,00;20,00;CARTEIRA DIGITAL;PARA VIAGEM;05/03/2023;False;True;[]
TXN_6124342;BOLO;3;3,00;9,00;N/A;PARA VIAGEM;14/09/2023;False;True;[]
TXN_3824443;VITAMINA;3;4,00;12,00;N/A;PRESENCIAL;08/10/2023;False;True;[]
TXN_6778177;BISCOITO;4;1,00;4,00;N/A;PARA VIAGEM;12/10/2023;False;True;[]
TXN_2634410;VITAMINA;3;4,00;12,00;N/A;N/A;15/07/2023;False;True;[]
TXN_6975750;SUCO;5;3,00;15,00;N/A;N/A;08/01/2023;False;True;[]
TXN_7741256;N/A;5;3,00;15,00;CARTEIRA DIGITAL;PARA VIAGEM;24/04/2023;False;True;[]
TXN_3484190;CAFÉ;5;2,00;10,00;CARTEIRA DIGITAL;N/A;27/12/2023;False;True;[]
TXN_2621008;N/A;2;1,00;2,00;CARTEIRA DIGITAL;PARA VIAGEM;21/10/2023;False;True;[]
TXN_5429861;BOLO;1;3,00;3,00;CARTEIRA DIGITAL;N/A;20/03/2023;False;True;[]
TXN_2828596;CAFÉ;;2,00;4,00;N/A;N/A;25/11/2023;True;True;[]
TXN_6348290;N/A;4;2,00;8,00;N/A;PRESENCIAL;24/01/2023;False;True;[]
TXN_9813943;SALADA;2;5,00;10,00;DINHEIRO;N/A;06/04/2023;False;True;[]
TXN_2364171;SUCO;4;3,00;12,00;DINHEIRO;N/A;18/05/2023;False;True;[]
TXN_8002886;CAFÉ;5;2,00;10,00;CARTEIRA DIGITAL;PARA VIAGEM;28/05/2023;False;True;[]
TXN_9956671;BOLO;3;;9,00;CARTÃO DE CRÉDITO;N/A;05/05/2023;True;True;[]
TXN_7694491;SALADA;3;5,00;15,00;DINHEIRO;PRESENCIAL;01/09/2023;False;True;[]
TXN_7517996;BOLO;2;3,00;6,00;DINHEIRO;N/A;22/10/2023;False;True;[]
TXN_1655827;BOLO;1;3,00;3,00;N/A;PRESENCIAL;06/09/2023;False;True;[]
TXN_6047026;VITAMINA;2;4,00;8,00;N/A;N/A;24/03/2023;False;True;[]
TXN_2764962;CHÁ;2;1,50;3,00;CARTÃO DE CRÉDITO;PARA VIAGEM;13/08/2023;False;True;[]
TXN_5396727;SUCO;2;;6,00;CARTÃO DE CRÉDITO;PARA VIAGEM;13/10/2023;True;True;[]
TXN_5198827;CHÁ;5;1,50;7,50;N/A;N/A;15/02/2023;False;True;[]
TXN_8023817;SUCO;4;3,00;12,00;N/A;PARA VIAGEM;08/05/2023;False;True;[]
TXN_3413185;BOLO;;3,00;12,00;CARTÃO DE CRÉDITO;PRESENCIAL;03/03/2023;True;True;[]
TXN_9783452;SUCO;3;3,00;9,00;DINHEIRO;N/A;11/04/2023;False;True;[]
TXN_4171507;CHÁ;1;1,50;1,50;N/A;PRESENCIAL;26/10/2023;False;True;[]
TXN_1491299;SUCO;2;3,00;6,00;CARTÃO DE CRÉDITO;PRESENCIAL;27/02/2023;False;True;[]
TXN_4187327;CHÁ;2;1,50;3,00;N/A;PARA VIAGEM;01/04/2023;False;True;[]
TXN_3277379;SALADA;2;5,00;10,00;CARTÃO DE CRÉDITO;PARA VIAGEM;06/01/2023;False;True;[]
TXN_2568101;SALADA;5;5,00;25,00;DINHEIRO;PARA VIAGEM;03/08/2023;False;True;[]
TXN_3247340;CHÁ;3;1,50;4,50;DINHEIRO;PARA VIAGEM;25/12/2023;False;True;[]
TXN_7797321;SANDUICHE;5;4,00;20,00;N/A;N/A;26/11/2023;False;True;[]
TXN_3044825;N/A;1;1,50;1,50;CARTÃO DE CRÉDITO;PRESENCIAL;14/08/2023;False;True;[]
TXN_9019429;VITAMINA;2;4,00;8,00;CARTEIRA DIGITAL;N/A;11/05/2023;False;True;[]
TXN_9744862;SUCO;4;3,00;12,00;DINHEIRO;PRESENCIAL;19/09/2023;False;True;[]
TXN_6365371;N/A;2;4,00;8,00;CARTÃO DE CRÉDITO;N/A;16/06/2023;False;True;[]
TXN_4543880;SALADA;3;5,00;15,00;DINHEIRO;N/A;18/07/2023;False;True;[]
TXN_4064245;SUCO;3;3,00;9,00;CARTÃO DE CRÉDITO;PARA VIAGEM;20/02/2023;False;True;[]
TXN_8777692;CAFÉ;4;2,00;8,00;CARTÃO DE CRÉDITO;PRESENCIAL;06/12/2023;False;True;[]
TXN_9126502;VITAMINA;5;4,00;20,00;CARTÃO DE CRÉDITO;N/A;22/09/2023;False;True;[]
TXN_6626427;BISCOITO;4;1,00;4,00;CARTEIRA DIGITAL;PRESENCIAL;13/02/2023;False;True;[]
TXN_4507755;BOLO;2;3,00;6,00;CARTEIRA DIGITAL;N/A;10/05/2023;False;True;[]
TXN_3928766;SUCO;5;3,00;15,00;N/A;PARA VIAGEM;14/01/2023;False;True;[]
TXN_9104535;BOLO;4;3,00;12,00;N/A;N/A;13/04/2023;False;True;[]
TXN_4824773;SALADA;5;5,00;25,00;DINHEIRO;PARA VIAGEM;06/06/2023;False;True;[]
TXN_9981953;N/A;3;4,00;12,00;N/A;N/A;03/02/2023;False;True;[]
TXN_6627338;SUCO;5;3,00;15,00;N/A;PARA VIAGEM;03/12/2023;False;True;[]
TXN_3555821;SANDUICHE;3;4,00;12,00;N/A;PRESENCIAL;12/07/2023;False;True;[]
TXN_1372991;CAFÉ;4;2,00;8,00;N/A;PRESENCIAL;17/11/2023;False;True;[]
TXN_6364938;CAFÉ;3;;6,00;CARTEIRA DIGITAL;PRESENCIAL;16/07/2023;True;True;[]
TXN_3040823;VITAMINA;1;4,00;4,00;N/A;PRESENCIAL;06/10/2023;False;True;[]
TXN_6755757;N/A;4;4,00;16,00;CARTÃO DE CRÉDITO;PRESENCIAL;05/04/2023;False;True;[]
TXN_4563646;SUCO;5;3,00;15,00;DINHEIRO;PARA VIAGEM;10/10/2023;False;True;[]
TXN_2130415;N/A;;2,00;2,00;CARTEIRA DIGITAL;PARA VIAGEM;08/12/2023;True;True;[]
TXN_9617421;CHÁ;1;1,50;1,50;N/A;PRESENCIAL;21/08/2023;False;True;[]
TXN_1738607;SUCO;2;3,00;6,00;CARTÃO DE CRÉDITO;PRESENCIAL;17/01/2023;False;True;[]
TXN_3832513;SALADA;1;5,00;5,00;N/A;PARA VIAGEM;13/02/2023;False;True;[]
TXN_4128086;CHÁ;4;1,50;6,00;N/A;N/A;29/05/2023;False;True;[]
TXN_3927733;SALADA;5;5,00;25,00;CARTÃO DE CRÉDITO;PARA VIAGEM;20/01/2023;False;True;[]
TXN_2518917;BISCOITO;1;1,00;1,00;N/A;PRESENCIAL;21/05/2023;False;True;[]
TXN_9489176;SUCO;5;3,00;15,00;CARTEIRA DIGITAL;PRESENCIAL;10/01/2023;False;True;[]
TXN_2004781;SANDUICHE;5;;20,00;N/A;PARA VIAGEM;20/04/2023;True;True;[]
TXN_3061266;BISCOITO;4;1,00;4,00;CARTÃO DE CRÉDITO;PRESENCIAL;06/12/2023;False;True;[]
TXN_2036482;BOLO;1;3,00;3,00;DINHEIRO;N/A;04/06/2023;False;True;[]
TXN_7217284;SALADA;3;5,00;15,00;DINHEIRO;PRESENCIAL;29/12/2023;False;True;[]
TXN_5055872;SANDUICHE;;4,00;12,00;CARTÃO DE CRÉDITO;N/A;05/02/2023;True;True;[]
TXN_1386024;BOLO;4;3,00;12,00;CARTÃO DE CRÉDITO;N/A;21/05/2023;False;True;[]
TXN_8397155;SALADA;4;5,00;20,00;CARTÃO DE CRÉDITO;PARA VIAGEM;16/08/2023;False;True;[]
TXN_9491244;N/A;5;3,00;15,00;N/A;N/A;19/04/2023;False;True;[]
TXN_4301188;VITAMINA;4;4,00;16,00;CARTÃO DE CRÉDITO;PRESENCIAL;23/12/2023;False;True;[]
TXN_4522012;CAFÉ;2;2,00;4,00;N/A;PRESENCIAL;13/04/2023;False;True;[]
TXN_4650044;BISCOITO;4;1,00;4,00;DINHEIRO;N/A;21/06/2023;False;True;[]
TXN_5721215;CHÁ;2;1,50;3,00;N/A;PARA VIAGEM;17/05/2023;False;True;[]
TXN_7865220;VITAMINA;1;4,00;4,00;CARTÃO DE CRÉDITO;PARA VIAGEM;28/06/2023;False;True;[]
TXN_1869147;VITAMINA;4;4,00;16,00;CARTEIRA DIGITAL;N/A;21/11/2023;False;True;[]
TXN_3377885;SANDUICHE;3;4,00;12,00;DINHEIRO;N/A;08/05/2023;False;True;[]
TXN_9270865;VITAMINA;2;4,00;8,00;CARTÃO DE CRÉDITO;PARA VIAGEM;06/11/2023;False;True;[]
TXN_7373126;VITAMINA;2;4,00;8,00;CARTÃO DE CRÉDITO;N/A;18/11/2023;False;True;[]
TXN_8097899;CAFÉ;4;2,00;8,00;CARTEIRA DIGITAL;N/A;05/09/2023;False;True;[]
TXN_6131415;N/A;5;1,50;7,50;CARTEIRA DIGITAL;N/A;24/11/2023;False;True;[]
TXN_1248436;BOLO;4;3,00;12,00;CARTÃO DE CRÉDITO;PARA VIAGEM;14/08/2023;False;True;[]
TXN_1718733;N/A;3;2,00;6,00;DINHEIRO;N/A;31/05/2023;False;True;[]
TXN_9063887;BOLO;5;3,00;15,00;N/A;PARA VIAGEM;15/07/2023;False;True;[]
TXN_5932169;SALADA;5;;25,00;CARTÃO DE CRÉDITO;N/A;06/11/2023;True;True;[]
TXN_6064282;VITAMINA;4;4,00;16,00;CARTÃO DE CRÉDITO;N/A;18/10/2023;False;True;[]
TXN_9309509;CHÁ;5;;7,50;N/A;N/A;15/11/2023;True;True;[]
TXN_5413274;VITAMINA;5;4,00;20,00;CARTÃO DE CRÉDITO;PRESENCIAL;10/02/2023;False;True;[]
TXN_5902629;BISCOITO;3;1,00;3,00;DINHEIRO;PARA VIAGEM;26/01/2023;False;True;[]
TXN_2461859;SANDUICHE;2;4,00;8,00;CARTEIRA DIGITAL;N/A;23/09/2023;False;True;[]
TXN_6629689;SANDUICHE;2;4,00;8,00;CARTÃO DE CRÉDITO;PRESENCIAL;29/05/2023;False;True;[]
TXN_2806206;SANDUICHE;3;4,00;12,00;DINHEIRO;N/A;25/01/2023;False;True;[]
TXN_8900579;SANDUICHE;3;4,00;12,00;CARTÃO DE CRÉDITO;N/A;01/11/2023;False;True;[]
TXN_5406758;N/A;5;5,00;25,00;N/A;PARA VIAGEM;06/07/2023;False;True;[]
TXN_2982163;CAFÉ;4;2,00;8,00;N/A;N/A;22/03/2023;False;True;[]
TXN_3225132;SANDUICHE;3;4,00;12,00;CARTÃO DE CRÉDITO;N/A;26/06/2023;False;True;[]
TXN_6522252;CHÁ;2;1,50;3,00;CARTEIRA DIGITAL;N/A;14/01/2023;False;True;[]
TXN_5855981;SUCO;2;3,00;6,00;DINHEIRO;N/A;09/11/2023;False;True;[]
TXN_4802389;BOLO;2;3,00;6,00;N/A;N/A;14/12/2023;False;True;[]
TXN_7516790;BOLO;2;3,00;6,00;N/A;N/A;08/01/2023;False;True;[]
TXN_2345373;CHÁ;3;1,50;4,50;CARTÃO DE CRÉDITO;PARA VIAGEM;20/02/2023;False;True;[]
TXN_9372046;N/A;3;2,00;6,00;CARTÃO DE CRÉDITO;PRESENCIAL;10/04/2023;False;True;[]
TXN_9402270;CAFÉ;3;2,00;6,00;N/A;PRESENCIAL;09/02/2023;False;True;[]
TXN_9306229;VITAMINA;2;4,00;8,00;N/A;N/A;08/09/2023;False;True;[]
TXN_5379179;BISCOITO;2;1,00;2,00;CARTEIRA DIGITAL;N/A;08/07/2023;False;True;[]
TXN_1996318;BOLO;5;3,00;15,00;CARTEIRA DIGITAL;N/A;04/09/2023;False;True;[]
TXN_2135613;VITAMINA;3;4,00;12,00;CARTEIRA DIGITAL;N/A;06/04/2023;False;True;[]
TXN_1461246;VITAMINA;1;4,00;4,00;N/A;N/A;01/06/2023;False;True;[]
TXN_2452624;SUCO;1;3,00;3,00;DINHEIRO;N/A;10/11/2023;False;True;[]
TXN_1108663;SUCO;3;3,00;9,00;DINHEIRO;PARA VIAGEM;16/08/2023;False;True;[]
TXN_5319247;SANDUICHE;5;4,00;20,00;N/A;PRESENCIAL;02/03/2023;False;True;[]
TXN_3599473;CAFÉ;2;2,00;4,00;DINHEIRO;N/A;29/08/2023;False;True;[]
TXN_4959129;N/A;2;3,00;6,00;CARTÃO DE CRÉDITO;PRESENCIAL;24/06/2023;False;True;[]
TXN_5591145;SANDUICHE;3;4,00;12,00;N/A;PARA VIAGEM;22/08/2023;False;True;[]
TXN_9587015;SALADA;3;5,00;15,00;CARTEIRA DIGITAL;PRESENCIAL;25/06/2023;False;True;[]
TXN_7997641;VITAMINA;2;4,00;8,00;N/A;PRESENCIAL;20/12/2023;False;True;[]
TXN_6845472;VITAMINA;5;4,00;20,00;CARTEIRA DIGITAL;N/A;11/12/2023;False;True;[]
TXN_2861396;SALADA;5;5,00;25,00;CARTÃO DE CRÉDITO;N/A;04/01/2023;False;True;[]
TXN_6915899;SALADA;3;5,00;15,00;CARTÃO DE CRÉDITO;PRESENCIAL;29/05/2023;False;True;[]
TXN_6211466;N/A;2;1,50;3,00;DINHEIRO;PRESENCIAL;12/09/2023;False;True;[]
TXN_3200203;N/A;2;;8,00;N/A;N/A;04/12/2023;True;True;[]
TXN_5198524;BOLO;1;3,00;3,00;CARTÃO DE CRÉDITO;PRESENCIAL;14/06/2023;False;True;[]
TXN_8498613;SANDUICHE;2;;;N/A;N/A;08/11/2023;True;True;[]
TXN_3432879;BOLO;5;3,00;15,00;CARTÃO DE CRÉDITO;N/A;05/02/2023;False;True;[]
TXN_6786340;CAFÉ;5;2,00;10,00;CARTEIRA DIGITAL;PARA VIAGEM;18/04/2023;False;True;[]
TXN_8689246;SANDUICHE;5;4,00;20,00;CARTÃO DE CRÉDITO;PRESENCIAL;16/05/2023;False;True;[]
TXN_4536553;CHÁ;2;1,50;3,00;DINHEIRO;N/A;17/08/2023;False;True;[]
TXN_9036067;BISCOITO;5;1,00;5,00;CARTÃO DE CRÉDITO;N/A;06/10/2023;False;True;[]
TXN_4201578;SALADA;5;5,00;25,00;N/A;PRESENCIAL;23/01/2023;False;True;[]
TXN_1249069;CAFÉ;2;2,00;4,00;N/A;N/A;22/01/2023;False;True;[]
TXN_4068183;VITAMINA;4;4,00;16,00;CARTEIRA DIGITAL;N/A;01/08/2023;False;True;[]
TXN_7206160;SANDUICHE;;4,00;8,00;N/A;N/A;07/09/2023;True;True;[]
TXN_7903841;N/A;2;3,00;6,00;CARTEIRA DIGITAL;N/A;24/06/2023;False;True;[]
TXN_8936663;BISCOITO;4;1,00;4,00;CARTÃO DE CRÉDITO;N/A;12/11/2023;False;True;[]
TXN_7771434;CAFÉ;4;2,00;8,00;CARTÃO DE CRÉDITO;N/A;26/03/2023;False;True;[]
TXN_6087494;SUCO;5;3,00;15,00;CARTÃO DE CRÉDITO;N/A;05/07/2023;False;True;[]
TXN_2252121;VITAMINA;3;4,00;12,00;N/A;N/A;01/02/2023;False;True;[]
TXN_5358805;CAFÉ;5;2,00;10,00;CARTEIRA DIGITAL;N/A;01/01/2023;False;True;[]
TXN_2490759;VITAMINA;3;4,00;12,00;DINHEIRO;N/A;19/11/2023;False;True;[]
TXN_2605566;BOLO;2;;6,00;N/A;N/A;01/12/2023;True;True;[]
TXN_6691781;CAFÉ;4;2,00;8,00;CARTÃO DE CRÉDITO;N/A;07/09/2023;False;True;[]
TXN_1730850;SUCO;2;3,00;6,00;DINHEIRO;PARA VIAGEM;15/12/2023;False;True;[]
TXN_7051359;CAFÉ;5;2,00;10,00;N/A;N/A;30/10/2023;False;True;[]
TXN_2202863;SALADA;5;5,00;25,00;N/A;N/A;28/07/2023;False;True;[]
TXN_7145672;SANDUICHE;1;4,00;4,00;CARTÃO DE CRÉDITO;N/A;11/10/2023;False;True;[]
TXN_5974123;SANDUICHE;2;4,00;8,00;CARTEIRA DIGITAL;N/A;25/06/2023;False;True;[]
TXN_9833245;BISCOITO;1;1,00;1,00;CARTEIRA DIGITAL;PARA VIAGEM;30/04/2023;False;True;[]
TXN_1515059;N/A;4;3,00;12,00;N/A;PRESENCIAL;25/10/2023;False;True;[]
TXN_9690114;CAFÉ;;2,00;4,00;CARTÃO DE CRÉDITO;PARA VIAGEM;01/12/2023;True;True;[]
TXN_7944534;CHÁ;2;;3,00;CARTEIRA DIGITAL;PRESENCIAL;13/10/2023;True;True;[]
TXN_6337312;SALADA;1;5,00;5,00;N/A;PRESENCIAL;11/01/2023;False;True;[]
TXN_5239202;BOLO;1;3,00;3,00;N/A;N/A;14/09/2023;False;True;[]
TXN_1512184;CAFÉ;3;2,00;6,00;N/A;PARA VIAGEM;28/01/2023;False;True;[]
TXN_6811368;CAFÉ;4;2,00;8,00;N/A;PARA VIAGEM;18/02/2023;False;True;[]
TXN_3854036;SUCO;3;;9,00;DINHEIRO;N/A;07/11/2023;True;True;[]
TXN_3873656;CAFÉ;3;2,00;6,00;N/A;PARA VIAGEM;30/09/2023;False;True;[]
TXN_8792638;CHÁ;3;1,50;4,50;CARTÃO DE CRÉDITO;PARA VIAGEM;02/07/2023;False;True;[]
TXN_7397665;SALADA;5;;25,00;CARTÃO DE CRÉDITO;PARA VIAGEM;11/11/2023;True;True;[]
TXN_3493951;VITAMINA;5;4,00;20,00;DINHEIRO;PARA VIAGEM;20/08/2023;False;True;[]
TXN_1510315;N/A;3;2,00;6,00;DINHEIRO;N/A;28/02/2023;False;True;[]
TXN_7763592;VITAMINA;1;4,00;4,00;N/A;PRESENCIAL;17/02/2023;False;True;[]
TXN_9710307;N/A;;1,50;3,00;N/A;PARA VIAGEM;24/01/2023;True;True;[]
TXN_1860406;CAFÉ;2;2,00;4,00;N/A;PARA VIAGEM;17/06/2023;False;True;[]
TXN_1663257;SUCO;3;3,00;9,00;CARTÃO DE CRÉDITO;N/A;23/04/2023;False;True;[]
TXN_2743696;BISCOITO;1;1,00;1,00;N/A;N/A;28/04/2023;False;True;[]
TXN_7640700;SUCO;2;3,00;6,00;N/A;N/A;15/01/2023;False;True;[]
TXN_3227186;SALADA;2;5,00;10,00;CARTEIRA DIGITAL;N/A;05/05/2023;False;True;[]
TXN_7917193;BISCOITO;3;1,00;3,00;DINHEIRO;N/A;18/05/2023;False;True;[]
TXN_2490435;BISCOITO;1;1,00;1,00;N/A;N/A;13/03/2023;False;True;[]
TXN_4698656;VITAMINA;4;4,00;16,00;N/A;N/A;07/12/2023;False;True;[]
TXN_3507334;SUCO;4;3,00;12,00;N/A;N/A;05/05/2023;False;True;[]
TXN_5255023;N/A;2;4,00;8,00;CARTÃO DE CRÉDITO;PRESENCIAL;15/11/2023;False;True;[]
TXN_8669012;N/A;3;1,50;4,50;CARTEIRA DIGITAL;N/A;26/07/2023;False;True;[]
TXN_1299959;VITAMINA;5;4,00;20,00;DINHEIRO;N/A;23/06/2023;False;True;[]
TXN_3680047;SALADA;5;5,00;25,00;N/A;N/A;16/07/2023;False;True;[]
TXN_8379880;SUCO;;3,00;9,00;N/A;PARA VIAGEM;24/05/2023;True;True;[]
TXN_4801832;SALADA;2;5,00;10,00;N/A;PARA VIAGEM;05/08/2023;False;True;[]
TXN_3425783;SUCO;2;3,00;6,00;N/A;N/A;15/06/2023;False;True;[]
TXN_4099487;N/A;5;4,00;20,00;CARTEIRA DIGITAL;N/A;25/01/2023;False;True;[]
TXN_8878830;CAFÉ;4;2,00;8,00;CARTÃO DE CRÉDITO;PARA VIAGEM;11/10/2023;False;True;[]
TXN_7524977;N/A;4;;;N/A;N/A;09/12/2023;True;True;[]
TXN_8295101;CHÁ;4;1,50;6,00;N/A;N/A;23/10/2023;False;True;[]
TXN_3303114;SALADA;4;5,00;20,00;CARTÃO DE CRÉDITO;PRESENCIAL;18/06/2023;False;True;[]
TXN_2106437;CHÁ;1;1,50;1,50;DINHEIRO;PARA VIAGEM;01/08/2023;False;True;[]
TXN_2291713;SALADA;4;5,00;20,00;DINHEIRO;PRESENCIAL;06/08/2023;False;True;[]
TXN_7552449;BOLO;3;3,00;9,00;DINHEIRO;N/A;26/05/2023;False;True;[]
TXN_9021000;CAFÉ;3;2,00;6,00;N/A;N/A;20/01/2023;False;True;[]
TXN_4205369;SALADA;5;5,00;25,00;N/A;PARA VIAGEM;16/07/2023;False;True;[]
TXN_4551806;CHÁ;1;1,50;1,50;N/A;N/A;09/01/2023;False;True;[]
TXN_5313211;VITAMINA;5;4,00;20,00;CARTÃO DE CRÉDITO;N/A;04/05/2023;False;True;[]
TXN_2282283;BISCOITO;2;1,00;2,00;CARTEIRA DIGITAL;N/A;23/02/2023;False;True;[]
TXN_3193321;VITAMINA;3;4,00;12,00;N/A;PARA VIAGEM;15/08/2023;False;True;[]
TXN_7211769;SUCO;1;3,00;3,00;CARTÃO DE CRÉDITO;N/A;11/09/2023;False;True;[]
TXN_6643951;N/A;1;4,00;4,00;CARTÃO DE CRÉDITO;PRESENCIAL;07/01/2023;False;True;[]
TXN_1653570;CAFÉ;5;2,00;10,00;N/A;PARA VIAGEM;10/10/2023;False;True;[]
TXN_3722720;SALADA;2;5,00;10,00;N/A;PRESENCIAL;27/06/2023;False;True;[]
TXN_7624646;VITAMINA;2;4,00;8,00;N/A;N/A;24/03/2023;False;True;[]
TXN_6725579;CHÁ;2;1,50;3,00;CARTÃO DE CRÉDITO;PARA VIAGEM;21/02/2023;False;True;[]
TXN_4015101;SANDUICHE;1;4,00;4,00;CARTÃO DE CRÉDITO;N/A;18/01/2023;False;True;[]
TXN_6037712;SALADA;;5,00;15,00;CARTÃO DE CRÉDITO;PRESENCIAL;10/08/2023;True;True;[]
TXN_6845225;CHÁ;4;1,50;6,00;CARTÃO DE CRÉDITO;PARA VIAGEM;21/02/2023;False;True;[]
TXN_5214219;SALADA;4;5,00;20,00;CARTÃO DE CRÉDITO;N/A;22/03/2023;False;True;[]
TXN_3388054;CAFÉ;5;2,00;10,00;DINHEIRO;N/A;13/11/2023;False;True;[]
TXN_5817991;VITAMINA;4;4,00;16,00;DINHEIRO;N/A;24/05/2023;False;True;[]
TXN_2916247;SALADA;3;;15,00;N/A;PRESENCIAL;03/09/2023;True;True;[]
TXN_9798525;CAFÉ;2;2,00;4,00;CARTEIRA DIGITAL;PARA VIAGEM;05/11/2023;False;True;[]
TXN_4974012;SANDUICHE;5;;20,00;DINHEIRO;PARA VIAGEM;17/05/2023;True;True;[]
TXN_7644000;BOLO;2;3,00;6,00;N/A;PARA VIAGEM;07/02/2023;False;True;[]
TXN_1482123;CAFÉ;1;2,00;2,00;DINHEIRO;PRESENCIAL;17/06/2023;False;True;[]
TXN_5622313;SALADA;2;5,00;10,00;CARTÃO DE CRÉDITO;PRESENCIAL;07/01/2023;False;True;[]
TXN_5737831;SUCO;4;;12,00;N/A;PARA VIAGEM;15/05/2023;True;True;[]
TXN_3446033;BISCOITO;3;1,00;3,00;CARTÃO DE CRÉDITO;N/A;15/02/2023;False;True;[]
TXN_6249754;VITAMINA;1;4,00;4,00;CARTÃO DE CRÉDITO;PARA VIAGEM;21/10/2023;False;True;[]
TXN_9729280;CHÁ;3;1,50;4,50;CARTÃO DE CRÉDITO;PRESENCIAL;06/11/2023;False;True;[]
TXN_9551638;SALADA;3;5,00;15,00;DINHEIRO;N/A;25/06/2023;False;True;[]
TXN_5158607;VITAMINA;4;;16,00;CARTÃO DE CRÉDITO;N/A;24/03/2023;True;True;[]
TXN_1045022;SANDUICHE;4;4,00;16,00;CARTÃO DE CRÉDITO;PARA VIAGEM;13/10/2023;False;True;[]
TXN_5818032;N/A;1;1,00;1,00;N/A;N/A;19/04/2023;False;True;[]
TXN_5404249;N/A;1;4,00;4,00;N/A;N/A;04/10/2023;False;True;[]
TXN_5484423;N/A;2;2,00;4,00;N/A;N/A;26/08/2023;False;True;[]
TXN_4598397;CAFÉ;4;2,00;8,00;DINHEIRO;PARA VIAGEM;13/09/2023;False;True;[]
TXN_3849488;SALADA;;;5,00;N/A;PRESENCIAL;01/03/2023;True;True;[]
TXN_9186913;BISCOITO;2;1,00;2,00;CARTÃO DE CRÉDITO;PARA VIAGEM;16/10/2023;False;True;[]
TXN_9507002;VITAMINA;1;4,00;4,00;DINHEIRO;PARA VIAGEM;08/05/2023;False;True;[]
TXN_4423218;BISCOITO;3;1,00;3,00;DINHEIRO;PRESENCIAL;29/05/2023;False;True;[]
TXN_4851339;SANDUICHE;1;4,00;4,00;CARTEIRA DIGITAL;PARA VIAGEM;01/02/2023;False;True;[]
TXN_3274105;BISCOITO;5;1,00;5,00;CARTÃO DE CRÉDITO;PARA VIAGEM;28/07/2023;False;True;[]
TXN_2810280;VITAMINA;1;4,00;4,00;CARTEIRA DIGITAL;PARA VIAGEM;25/06/2023;False;True;[]
TXN_9901424;BISCOITO;3;1,00;3,00;CARTEIRA DIGITAL;N/A;30/05/2023;False;True;[]
TXN_3880417;BISCOITO;1;1,00;1,00;N/A;PRESENCIAL;27/06/2023;False;True;[]
TXN_3756680;CHÁ;2;1,50;3,00;CARTÃO DE CRÉDITO;N/A;30/08/2023;False;True;[]
TXN_2334523;CAFÉ;;2,00;10,00;CARTEIRA DIGITAL;PARA VIAGEM;17/08/2023;True;True;[]
TXN_8611913;CHÁ;5;1,50;7,50;CARTEIRA DIGITAL;PRESENCIAL;16/07/2023;False;True;[]
TXN_9904091;SALADA;4;5,00;20,00;N/A;N/A;20/05/2023;False;True;[]
TXN_5908857;VITAMINA;5;4,00;20,00;N/A;PRESENCIAL;04/06/2023;False;True;[]
TXN_4411172;VITAMINA;4;4,00;16,00;DINHEIRO;N/A;09/07/2023;False;True;[]
TXN_6841805;BOLO;2;3,00;6,00;N/A;N/A;14/02/2023;False;True;[]
TXN_7800236;SALADA;3;5,00;15,00;CARTEIRA DIGITAL;N/A;19/07/2023;False;True;[]
TXN_2413026;CAFÉ;1;;2,00;N/A;PARA VIAGEM;26/04/2023;True;True;[]
TXN_9947479;VITAMINA;5;4,00;20,00;DINHEIRO;PARA VIAGEM;27/09/2023;False;True;[]
TXN_6403859;SANDUICHE;5;4,00;20,00;CARTÃO DE CRÉDITO;PRESENCIAL;06/03/2023;False;True;[]
TXN_6828371;VITAMINA;4;4,00;16,00;N/A;N/A;20/10/2023;False;True;[]
TXN_8335965;CHÁ;5;1,50;7,50;CARTÃO DE CRÉDITO;N/A;21/03/2023;False;True;[]
TXN_9703722;SANDUICHE;5;4,00;20,00;CARTEIRA DIGITAL;PARA VIAGEM;11/01/2023;False;True;[]
TXN_6259001;CHÁ;4;1,50;6,00;CARTEIRA DIGITAL;PRESENCIAL;30/01/2023;False;True;[]
TXN_6119081;CAFÉ;2;2,00;4,00;DINHEIRO;PRESENCIAL;27/09/2023;False;True;[]
TXN_4811887;BOLO;2;3,00;6,00;DINHEIRO;PRESENCIAL;11/02/2023;False;True;[]
TXN_9587814;SUCO;3;3,00;9,00;DINHEIRO;PRESENCIAL;25/01/2023;False;True;[]
TXN_7682605;CHÁ;5;1,50;7,50;CARTEIRA DIGITAL;N/A;19/10/2023;False;True;[]
TXN_7946450;VITAMINA;1;;4,00;CARTÃO DE CRÉDITO;PRESENCIAL;15/07/2023;True;True;[]
TXN_2611393;VITAMINA;3;4,00;12,00;N/A;N/A;25/04/2023;False;True;[]
TXN_2122597;BOLO;3;3,00;9,00;CARTÃO DE CRÉDITO;N/A;11/05/2023;False;True;[]
TXN_7510217;CHÁ;;1,50;7,50;CARTÃO DE CRÉDITO;PRESENCIAL;24/10/2023;True;True;[]
TXN_3267783;BOLO;3;3,00;9,00;N/A;PRESENCIAL;30/10/2023;False;True;[]
TXN_7852397;CHÁ;3;1,50;4,50;DINHEIRO;PRESENCIAL;10/08/2023;False;True;[]
TXN_8459594;SANDUICHE;1;4,00;4,00;CARTÃO DE CRÉDITO;N/A;07/11/2023;False;True;[]
TXN_9190969;CAFÉ;1;2,00;2,00;N/A;PRESENCIAL;06/10/2023;False;True;[]
TXN_2982995;SALADA;1;5,00;5,00;CARTÃO DE CRÉDITO;PARA VIAGEM;06/04/2023;False;True;[]
TXN_9181144;N/A;3;3,00;9,00;N/A;PARA VIAGEM;25/10/2023;False;True;[]
TXN_6490609;SALADA;4;5,00;20,00;N/A;PRESENCIAL;03/03/2023;False;True;[]
TXN_9938260;VITAMINA;4;4,00;16,00;N/A;PRESENCIAL;03/03/2023;False;True;[]
TXN_5486398;BISCOITO;4;1,00;4,00;DINHEIRO;N/A;13/05/2023;False;True;[]
TXN_5875661;SANDUICHE;3;4,00;12,00;CARTÃO DE CRÉDITO;N/A;12/08/2023;False;True;[]
TXN_2555823;BOLO;4;3,00;12,00;CARTEIRA DIGITAL;N/A;21/06/2023;False;True;[]
TXN_4223265;BOLO;5;3,00;15,00;CARTEIRA DIGITAL;PRESENCIAL;06/06/2023;False;True;[]
TXN_3390072;CHÁ;1;1,50;1,50;CARTÃO DE CRÉDITO;N/A;03/05/2023;False;True;[]
TXN_6491662;CAFÉ;2;2,00;4,00;CARTEIRA DIGITAL;PARA VIAGEM;06/10/2023;False;True;[]
TXN_1248167;N/A;1;4,00;4,00;DINHEIRO;N/A;05/03/2023;False;True;[]
TXN_9500986;BISCOITO;2;1,00;2,00;CARTEIRA DIGITAL;PARA VIAGEM;10/05/2023;False;True;[]
TXN_2147453;N/A;4;1,00;4,00;CARTÃO DE CRÉDITO;N/A;27/04/2023;False;True;[]
TXN_9137801;N/A;5;4,00;20,00;CARTÃO DE CRÉDITO;PRESENCIAL;10/06/2023;False;True;[]
TXN_4892303;SANDUICHE;4;4,00;16,00;N/A;N/A;16/07/2023;False;True;[]
TXN_5985451;SANDUICHE;2;4,00;8,00;N/A;N/A;24/07/2023;False;True;[]
TXN_6092344;BISCOITO;5;1,00;5,00;CARTÃO DE CRÉDITO;PARA VIAGEM;04/12/2023;False;True;[]
TXN_1218016;CHÁ;3;1,50;4,50;CARTEIRA DIGITAL;N/A;26/11/2023;False;True;[]
TXN_8110646;N/A;2;3,00;6,00;CARTÃO DE CRÉDITO;PARA VIAGEM;07/06/2023;False;True;[]
TXN_1221777;CAFÉ;3;2,00;6,00;N/A;PRESENCIAL;29/01/2023;False;True;[]
TXN_3691087;BISCOITO;4;1,00;4,00;N/A;N/A;11/07/2023;False;True;[]
TXN_5571026;N/A;1;5,00;5,00;DINHEIRO;PARA VIAGEM;08/09/2023;False;True;[]
TXN_6336973;CAFÉ;4;2,00;8,00;CARTEIRA DIGITAL;PARA VIAGEM;21/03/2023;False;True;[]
TXN_5609260;BISCOITO;5;1,00;5,00;CARTEIRA DIGITAL;PRESENCIAL;02/05/2023;False;True;[]
TXN_4242676;CAFÉ;5;2,00;10,00;CARTÃO DE CRÉDITO;PARA VIAGEM;26/11/2023;False;True;[]
TXN_6835777;SUCO;5;3,00;15,00;CARTEIRA DIGITAL;N/A;11/05/2023;False;True;[]
TXN_6097706;SANDUICHE;4;;16,00;DINHEIRO;PARA VIAGEM;15/02/2023;True;True;[]
TXN_5496581;SUCO;1;3,00;3,00;CARTÃO DE CRÉDITO;N/A;11/08/2023;False;True;[]
TXN_2897468;SALADA;2;5,00;10,00;DINHEIRO;N/A;10/10/2023;False;True;[]
TXN_3260087;SALADA;5;5,00;25,00;N/A;N/A;20/04/2023;False;True;[]
TXN_2047672;SANDUICHE;1;4,00;4,00;CARTÃO DE CRÉDITO;PRESENCIAL;25/01/2023;False;True;[]
TXN_6893490;CAFÉ;3;2,00;6,00;CARTÃO DE CRÉDITO;PARA VIAGEM;17/03/2023;False;True;[]
TXN_3743336;SALADA;2;5,00;10,00;CARTEIRA DIGITAL;N/A;21/02/2023;False;True;[]
TXN_6851654;SALADA;1;5,00;5,00;CARTEIRA DIGITAL;PARA VIAGEM;25/01/2023;False;True;[]
TXN_8510511;CAFÉ;4;2,00;8,00;N/A;N/A;06/10/2023;False;True;[]
TXN_2092306;SUCO;4;3,00;12,00;N/A;PRESENCIAL;01/04/2023;False;True;[]
TXN_7345190;VITAMINA;4;4,00;16,00;CARTEIRA DIGITAL;N/A;20/02/2023;False;True;[]
TXN_6647319;SUCO;5;3,00;15,00;CARTÃO DE CRÉDITO;N/A;23/10/2023;False;True;[]
TXN_5889912;SALADA;1;5,00;5,00;DINHEIRO;PRESENCIAL;26/09/2023;False;True;[]
TXN_4483304;VITAMINA;4;4,00;16,00;CARTÃO DE CRÉDITO;PARA VIAGEM;08/11/2023;False;True;[]
TXN_3720223;BOLO;4;3,00;12,00;DINHEIRO;PARA VIAGEM;22/10/2023;False;True;[]
TXN_4506778;BOLO;3;3,00;9,00;CARTEIRA DIGITAL;N/A;21/04/2023;False;True;[]
TXN_8226226;SANDUICHE;1;4,00;4,00;N/A;PRESENCIAL;30/07/2023;False;True;[]
TXN_9723120;CHÁ;5;1,50;7,50;CARTÃO DE CRÉDITO;N/A;26/01/2023;False;True;[]
TXN_2726676;CAFÉ;3;2,00;6,00;CARTEIRA DIGITAL;PRESENCIAL;10/08/2023;False;True;[]
TXN_4011694;N/A;1;2,00;2,00;CARTÃO DE CRÉDITO;PRESENCIAL;02/09/2023;False;True;[]
TXN_3327212;CHÁ;2;1,50;3,00;CARTÃO DE CRÉDITO;N/A;20/12/2023;False;True;[]
TXN_3558795;VITAMINA;1;4,00;4,00;DINHEIRO;PRESENCIAL;30/05/2023;False;True;[]
TXN_9989242;SANDUICHE;4;4,00;16,00;N/A;N/A;12/09/2023;False;True;[]
TXN_2035772;BISCOITO;2;;2,00;DINHEIRO;N/A;17/01/2023;True;True;[]
TXN_2711627;VITAMINA;5;4,00;20,00;DINHEIRO;N/A;09/11/2023;False;True;[]
TXN_2804828;BOLO;3;3,00;9,00;DINHEIRO;N/A;25/02/2023;False;True;[]
TXN_3869958;BOLO;1;3,00;3,00;CARTEIRA DIGITAL;N/A;11/01/2023;False;True;[]
TXN_9684465;BOLO;5;3,00;15,00;N/A;PARA VIAGEM;15/02/2023;False;True;[]
TXN_6476304;SANDUICHE;2;4,00;8,00;CARTÃO DE CRÉDITO;N/A;17/03/2023;False;True;[]
TXN_3893927;SALADA;4;5,00;20,00;N/A;PRESENCIAL;14/09/2023;False;True;[]
TXN_5947976;CAFÉ;3;2,00;6,00;N/A;PRESENCIAL;21/05/2023;False;True;[]
TXN_4139983;CHÁ;5;1,50;7,50;DINHEIRO;PARA VIAGEM;16/10/2023;False;True;[]
TXN_4571222;BISCOITO;2;1,00;2,00;CARTÃO DE CRÉDITO;N/A;21/03/2023;False;True;[]
TXN_6484542;SALADA;5;5,00;25,00;CARTÃO DE CRÉDITO;N/A;18/05/2023;False;True;[]
TXN_5183630;CAFÉ;4;2,00;8,00;N/A;PRESENCIAL;15/02/2023;False;True;[]
TXN_5562799;BISCOITO;5;1,00;5,00;N/A;N/A;25/10/2023;False;True;[]
TXN_9601220;N/A;3;1,00;3,00;CARTEIRA DIGITAL;PARA VIAGEM;20/04/2023;False;True;[]
TXN_6404625;BOLO;5;3,00;15,00;CARTÃO DE CRÉDITO;N/A;24/04/2023;False;True;[]
TXN_5327102;BISCOITO;2;1,00;2,00;N/A;N/A;16/07/2023;False;True;[]
TXN_5741619;VITAMINA;;4,00;20,00;DINHEIRO;N/A;02/01/2023;True;True;[]
TXN_4452589;CHÁ;;1,50;1,50;N/A;PARA VIAGEM;22/08/2023;True;True;[]
TXN_6540284;SUCO;1;3,00;3,00;N/A;N/A;24/04/2023;False;True;[]
TXN_9657957;VITAMINA;;4,00;8,00;N/A;N/A;27/11/2023;True;True;[]
TXN_3670939;CHÁ;3;1,50;4,50;DINHEIRO;N/A;13/07/2023;False;True;[]
TXN_2935871;BISCOITO;4;1,00;4,00;DINHEIRO;PARA VIAGEM;07/07/2023;False;True;[]
TXN_1610204;BOLO;1;3,00;3,00;N/A;PARA VIAGEM;19/02/2023;False;True;[]
TXN_8372268;SALADA;2;;10,00;N/A;PARA VIAGEM;15/06/2023;True;True;[]
TXN_1239021;SANDUICHE;5;;20,00;CARTÃO DE CRÉDITO;N/A;15/09/2023;True;True;[]
TXN_1863866;VITAMINA;1;4,00;4,00;DINHEIRO;N/A;03/10/2023;False;True;[]
TXN_4630854;CHÁ;1;1,50;1,50;CARTEIRA DIGITAL;N/A;10/02/2023;False;True;[]
TXN_6183842;CHÁ;3;1,50;4,50;N/A;N/A;15/09/2023;False;True;[]
TXN_5355693;VITAMINA;1;4,00;4,00;N/A;N/A;03/12/2023;False;True;[]
TXN_8284910;VITAMINA;1;4,00;4,00;DINHEIRO;PRESENCIAL;19/07/2023;False;True;[]
TXN_4408913;SALADA;2;5,00;10,00;DINHEIRO;N/A;24/08/2023;False;True;[]
TXN_2123573;CAFÉ;5;2,00;10,00;CARTEIRA DIGITAL;PARA VIAGEM;09/01/2023;False;True;[]
TXN_8036176;BISCOITO;4;1,00;4,00;CARTÃO DE CRÉDITO;PARA VIAGEM;20/06/2023;False;True;[]
TXN_9107676;SANDUICHE;;4,00;8,00;DINHEIRO;N/A;12/02/2023;True;True;[]
TXN_2490185;SALADA;4;5,00;20,00;CARTÃO DE CRÉDITO;PRESENCIAL;18/12/2023;False;True;[]
TXN_6295420;SUCO;1;3,00;3,00;CARTEIRA DIGITAL;PARA VIAGEM;27/09/2023;False;True;[]
TXN_1542042;BOLO;4;3,00;12,00;CARTÃO DE CRÉDITO;PARA VIAGEM;26/07/2023;False;True;[]
TXN_7716125;BISCOITO;2;1,00;2,00;CARTEIRA DIGITAL;N/A;17/05/2023;False;True;[]
TXN_6579109;SUCO;1;3,00;3,00;CARTÃO DE CRÉDITO;PARA VIAGEM;22/02/2023;False;True;[]
TXN_5577030;BISCOITO;4;1,00;4,00;CARTEIRA DIGITAL;PARA VIAGEM;15/02/2023;False;True;[]
TXN_3910230;SANDUICHE;5;4,00;20,00;DINHEIRO;PARA VIAGEM;05/01/2023;False;True;[]
TXN_8031804;CAFÉ;4;2,00;8,00;CARTÃO DE CRÉDITO;N/A;01/07/2023;False;True;[]
TXN_6928775;N/A;2;1,00;2,00;DINHEIRO;PRESENCIAL;25/03/2023;False;True;[]
TXN_6755107;VITAMINA;2;4,00;8,00;CARTEIRA DIGITAL;N/A;14/11/2023;False;True;[]
TXN_5153899;CHÁ;3;1,50;4,50;N/A;PARA VIAGEM;01/03/2023;False;True;[]
TXN_5632156;SANDUICHE;4;4,00;16,00;CARTEIRA DIGITAL;N/A;02/08/2023;False;True;[]
TXN_9861782;SANDUICHE;4;4,00;16,00;CARTÃO DE CRÉDITO;PRESENCIAL;15/07/2023;False;True;[]
TXN_8861275;VITAMINA;2;4,00;8,00;N/A;PRESENCIAL;31/10/2023;False;True;[]
TXN_8961155;BOLO;5;3,00;15,00;DINHEIRO;PARA VIAGEM;06/09/2023;False;True;[]
TXN_6112765;CAFÉ;2;2,00;4,00;CARTÃO DE CRÉDITO;PARA VIAGEM;21/07/2023;False;True;[]
TXN_7090563;VITAMINA;3;4,00;12,00;N/A;PRESENCIAL;17/08/2023;False;True;[]
TXN_9737090;SANDUICHE;3;4,00;12,00;N/A;PRESENCIAL;01/06/2023;False;True;[]
TXN_2847831;CAFÉ;1;2,00;2,00;DINHEIRO;PRESENCIAL;19/02/2023;False;True;[]
TXN_3385167;CHÁ;3;1,50;4,50;DINHEIRO;PRESENCIAL;26/04/2023;False;True;[]
TXN_1938071;SANDUICHE;4;4,00;16,00;CARTÃO DE CRÉDITO;PRESENCIAL;25/12/2023;False;True;[]
TXN_8774692;CHÁ;5;1,50;7,50;CARTEIRA DIGITAL;N/A;12/07/2023;False;True;[]
TXN_4887268;SALADA;1;5,00;5,00;CARTÃO DE CRÉDITO;PRESENCIAL;16/10/2023;False;True;[]
TXN_9506372;BOLO;4;3,00;12,00;N/A;N/A;06/11/2023;False;True;[]
TXN_6651961;SALADA;4;5,00;20,00;CARTÃO DE CRÉDITO;PRESENCIAL;08/02/2023;False;True;[]
TXN_2537138;BOLO;3;3,00;9,00;N/A;N/A;24/10/2023;False;True;[]
TXN_2015313;SALADA;5;5,00;25,00;DINHEIRO;N/A;18/10/2023;False;True;[]
TXN_5604797;CAFÉ;1;2,00;2,00;DINHEIRO;PRESENCIAL;13/10/2023;False;True;[]
TXN_6303383;BOLO;4;3,00;12,00;CARTEIRA DIGITAL;PRESENCIAL;22/09/2023;False;True;[]
TXN_5203710;N/A;;5,00;20,00;CARTEIRA DIGITAL;N/A;22/04/2023;True;True;[]
TXN_5403707;VITAMINA;3;4,00;12,00;DINHEIRO;PRESENCIAL;20/03/2023;False;True;[]
TXN_4084052;SUCO;2;3,00;6,00;CARTEIRA DIGITAL;PRESENCIAL;30/06/2023;False;True;[]
TXN_3843541;N/A;3;5,00;15,00;CARTÃO DE CRÉDITO;PRESENCIAL;06/03/2023;False;True;[]
TXN_4000025;CHÁ;5;;7,50;N/A;PARA VIAGEM;12/06/2023;True;True;[]
TXN_7113656;SUCO;2;3,00;6,00;CARTÃO DE CRÉDITO;PARA VIAGEM;22/01/2023;False;True;[]
TXN_6039235;SUCO;2;3,00;6,00;CARTEIRA DIGITAL;N/A;25/06/2023;False;True;[]
TXN_6621756;BISCOITO;1;1,00;1,00;N/A;N/A;14/11/2023;False;True;[]
TXN_3923847;BOLO;2;3,00;6,00;CARTÃO DE CRÉDITO;N/A;12/09/2023;False;True;[]
TXN_3226989;SALADA;1;5,00;5,00;CARTÃO DE CRÉDITO;PARA VIAGEM;17/04/2023;False;True;[]
TXN_1523567;SALADA;3;5,00;15,00;CARTEIRA DIGITAL;PARA VIAGEM;22/11/2023;False;True;[]
TXN_8751289;CHÁ;2;1,50;3,00;DINHEIRO;PRESENCIAL;10/09/2023;False;True;[]
TXN_9996195;SUCO;5;3,00;15,00;CARTEIRA DIGITAL;PRESENCIAL;16/03/2023;False;True;[]
TXN_2151688;BOLO;5;3,00;15,00;N/A;N/A;29/09/2023;False;True;[]
TXN_4243591;BOLO;4;3,00;12,00;CARTÃO DE CRÉDITO;PRESENCIAL;11/10/2023;False;True;[]
TXN_4138399;BISCOITO;5;1,00;5,00;CARTÃO DE CRÉDITO;PARA VIAGEM;03/07/2023;False;True;[]
TXN_1724233;BISCOITO;5;1,00;5,00;CARTEIRA DIGITAL;PARA VIAGEM;01/02/2023;False;True;[]
TXN_1564506;VITAMINA;5;4,00;20,00;CARTEIRA DIGITAL;PRESENCIAL;01/02/2023;False;True;[]
TXN_3520982;SALADA;5;5,00;25,00;N/A;N/A;26/10/2023;False;True;[]
TXN_8936591;BISCOITO;5;1,00;5,00;N/A;PRESENCIAL;22/03/2023;False;True;[]
TXN_7622389;CHÁ;4;1,50;6,00;CARTEIRA DIGITAL;PRESENCIAL;26/02/2023;False;True;[]
TXN_2896048;CHÁ;4;;6,00;DINHEIRO;N/A;17/05/2023;True;True;[]
TXN_2204457;CAFÉ;4;2,00;8,00;DINHEIRO;PARA VIAGEM;06/01/2023;False;True;[]
TXN_1319834;BISCOITO;1;1,00;1,00;N/A;N/A;31/03/2023;False;True;[]
TXN_7503593;BISCOITO;5;1,00;5,00;CARTEIRA DIGITAL;PARA VIAGEM;19/04/2023;False;True;[]
TXN_4076463;BISCOITO;3;1,00;3,00;CARTEIRA DIGITAL;N/A;25/06/2023;False;True;[]
TXN_1901704;SALADA;5;5,00;25,00;DINHEIRO;N/A;17/11/2023;False;True;[]
TXN_5589433;BOLO;2;3,00;6,00;DINHEIRO;PRESENCIAL;13/03/2023;False;True;[]
TXN_4386732;VITAMINA;4;4,00;16,00;DINHEIRO;N/A;01/08/2023;False;True;[]
TXN_3174336;BISCOITO;;1,00;1,00;N/A;N/A;17/07/2023;True;True;[]
TXN_4983903;N/A;5;4,00;20,00;N/A;N/A;18/09/2023;False;True;[]
TXN_8043642;SALADA;4;5,00;20,00;DINHEIRO;PRESENCIAL;12/06/2023;False;True;[]
TXN_1223805;SUCO;3;3,00;9,00;N/A;PRESENCIAL;04/07/2023;False;True;[]
TXN_3879110;N/A;4;1,00;4,00;CARTÃO DE CRÉDITO;PARA VIAGEM;18/03/2023;False;True;[]
TXN_9551491;SALADA;1;5,00;5,00;N/A;N/A;13/07/2023;False;True;[]
TXN_3033987;BOLO;4;3,00;12,00;DINHEIRO;N/A;13/03/2023;False;True;[]
TXN_2732570;BISCOITO;3;1,00;3,00;CARTEIRA DIGITAL;N/A;23/06/2023;False;True;[]
TXN_9104781;SANDUICHE;2;4,00;8,00;N/A;N/A;03/07/2023;False;True;[]
TXN_7876775;CAFÉ;5;2,00;10,00;N/A;PARA VIAGEM;09/02/2023;False;True;[]
TXN_7566250;SALADA;3;5,00;15,00;N/A;PARA VIAGEM;04/06/2023;False;True;[]
TXN_3365018;SUCO;5;3,00;15,00;DINHEIRO;PARA VIAGEM;06/02/2023;False;True;[]
TXN_1487762;CHÁ;3;1,50;4,50;N/A;N/A;07/02/2023;False;True;[]
TXN_4592205;BISCOITO;3;1,00;3,00;CARTÃO DE CRÉDITO;PRESENCIAL;30/12/2023;False;True;[]
TXN_6660755;BISCOITO;2;1,00;2,00;CARTÃO DE CRÉDITO;PRESENCIAL;16/05/2023;False;True;[]
TXN_3750900;CHÁ;2;;3,00;CARTÃO DE CRÉDITO;PRESENCIAL;03/04/2023;True;True;[]
TXN_3290872;BOLO;2;3,00;6,00;CARTÃO DE CRÉDITO;PRESENCIAL;13/06/2023;False;True;[]
TXN_6378158;SALADA;5;;25,00;CARTÃO DE CRÉDITO;PRESENCIAL;17/06/2023;True;True;[]
TXN_8800818;BOLO;2;3,00;6,00;CARTEIRA DIGITAL;N/A;28/09/2023;False;True;[]
TXN_5707386;CHÁ;5;1,50;7,50;N/A;PARA VIAGEM;28/06/2023;False;True;[]
TXN_1145592;SUCO;1;3,00;3,00;CARTÃO DE CRÉDITO;PARA VIAGEM;11/09/2023;False;True;[]
TXN_2670487;CAFÉ;3;2,00;6,00;CARTEIRA DIGITAL;N/A;20/10/2023;False;True;[]
TXN_9485101;BISCOITO;2;1,00;2,00;DINHEIRO;PARA VIAGEM;01/11/2023;False;True;[]
TXN_9667219;SUCO;4;3,00;12,00;DINHEIRO;PRESENCIAL;09/10/2023;False;True;[]
TXN_3119835;CHÁ;2;1,50;3,00;CARTEIRA DIGITAL;PRESENCIAL;01/03/2023;False;True;[]
TXN_7014091;CAFÉ;5;2,00;10,00;DINHEIRO;PRESENCIAL;26/11/2023;False;True;[]
TXN_7107807;BISCOITO;1;1,00;1,00;CARTEIRA DIGITAL;N/A;01/11/2023;False;True;[]
TXN_5698925;SUCO;2;3,00;6,00;N/A;PRESENCIAL;08/04/2023;False;True;[]
TXN_6662213;SANDUICHE;4;4,00;16,00;CARTEIRA DIGITAL;N/A;18/01/2023;False;True;[]
TXN_1336900;CAFÉ;5;2,00;10,00;CARTÃO DE CRÉDITO;N/A;16/01/2023;False;True;[]
TXN_2250785;BOLO;1;3,00;3,00;DINHEIRO;N/A;19/03/2023;False;True;[]
TXN_8122340;CAFÉ;4;2,00;8,00;CARTÃO DE CRÉDITO;N/A;09/06/2023;False;True;[]
TXN_9911498;CAFÉ;4;2,00;8,00;DINHEIRO;PRESENCIAL;27/03/2023;False;True;[]
TXN_3741325;SANDUICHE;5;4,00;20,00;CARTEIRA DIGITAL;N/A;04/07/2023;False;True;[]
TXN_8658970;SALADA;3;5,00;15,00;CARTÃO DE CRÉDITO;N/A;03/09/2023;False;True;[]
TXN_2887971;VITAMINA;2;4,00;8,00;CARTEIRA DIGITAL;N/A;26/06/2023;False;True;[]
TXN_9865855;CAFÉ;3;2,00;6,00;CARTEIRA DIGITAL;PARA VIAGEM;18/04/2023;False;True;[]
TXN_2217295;SUCO;4;;12,00;CARTÃO DE CRÉDITO;PRESENCIAL;22/11/2023;True;True;[]
TXN_8913492;SANDUICHE;4;4,00;16,00;CARTÃO DE CRÉDITO;PRESENCIAL;25/12/2023;False;True;[]
TXN_5625086;SANDUICHE;1;4,00;4,00;CARTÃO DE CRÉDITO;PRESENCIAL;17/06/2023;False;True;[]
TXN_2690222;N/A;4;3,00;12,00;N/A;N/A;01/01/2023;False;True;[]
TXN_5767429;BOLO;2;3,00;6,00;N/A;N/A;19/03/2023;False;True;[]
TXN_5910541;BOLO;;3,00;15,00;DINHEIRO;PRESENCIAL;08/09/2023;True;True;[]
TXN_4435352;SALADA;2;5,00;10,00;CARTÃO DE CRÉDITO;N/A;03/05/2023;False;True;[]
TXN_1009421;BISCOITO;4;1,00;4,00;DINHEIRO;PARA VIAGEM;21/02/2023;False;True;[]
TXN_5369243;VITAMINA;4;4,00;16,00;DINHEIRO;PARA VIAGEM;16/11/2023;False;True;[]
TXN_2939667;N/A;1;3,00;3,00;N/A;PRESENCIAL;21/12/2023;False;True;[]
TXN_5734395;SANDUICHE;;4,00;20,00;DINHEIRO;PARA VIAGEM;17/05/2023;True;True;[]
TXN_2966262;CHÁ;;1,50;4,50;DINHEIRO;N/A;19/11/2023;True;True;[]
TXN_7293241;N/A;1;2,00;2,00;CARTEIRA DIGITAL;N/A;27/08/2023;False;True;[]
TXN_1827212;SANDUICHE;5;4,00;20,00;N/A;N/A;22/12/2023;False;True;[]
TXN_4809548;VITAMINA;3;4,00;12,00;N/A;PARA VIAGEM;04/11/2023;False;True;[]
TXN_2224935;CAFÉ;1;2,00;2,00;CARTEIRA DIGITAL;N/A;15/04/2023;False;True;[]
TXN_7580441;CAFÉ;1;;2,00;DINHEIRO;N/A;09/08/2023;True;True;[]
TXN_4897993;SANDUICHE;4;;16,00;N/A;PRESENCIAL;07/12/2023;True;True;[]
TXN_9522045;CAFÉ;3;2,00;6,00;N/A;N/A;30/05/2023;False;True;[]
TXN_6128966;SANDUICHE;3;4,00;12,00;N/A;N/A;18/12/2023;False;True;[]
TXN_5475746;BOLO;3;3,00;9,00;CARTÃO DE CRÉDITO;PRESENCIAL;20/08/2023;False;True;[]
TXN_6071339;CAFÉ;5;2,00;10,00;DINHEIRO;PARA VIAGEM;17/10/2023;False;True;[]
TXN_9540864;BISCOITO;2;1,00;2,00;CARTEIRA DIGITAL;PARA VIAGEM;07/08/2023;False;True;[]
TXN_6389404;SUCO;5;3,00;15,00;CARTEIRA DIGITAL;PRESENCIAL;20/11/2023;False;True;[]
TXN_8724474;N/A;5;5,00;25,00;DINHEIRO;N/A;04/08/2023;False;True;[]
TXN_8199524;BOLO;5;3,00;15,00;DINHEIRO;N/A;01/12/2023;False;True;[]
TXN_1212652;SUCO;3;3,00;9,00;CARTÃO DE CRÉDITO;N/A;30/01/2023;False;True;[]
TXN_1799247;CAFÉ;3;2,00;6,00;N/A;N/A;25/01/2023;False;True;[]
TXN_5745054;VITAMINA;1;4,00;4,00;CARTÃO DE CRÉDITO;N/A;26/01/2023;False;True;[]
TXN_4328090;N/A;;4,00;4,00;CARTEIRA DIGITAL;PRESENCIAL;18/04/2023;True;True;[]
TXN_3499226;SUCO;1;3,00;3,00;CARTÃO DE CRÉDITO;PARA VIAGEM;08/09/2023;False;True;[]
TXN_1259340;CHÁ;3;;;CARTEIRA DIGITAL;N/A;24/02/2023;True;True;[]
TXN_3893480;BISCOITO;3;1,00;3,00;N/A;N/A;24/12/2023;False;True;[]
TXN_2614271;N/A;2;4,00;8,00;CARTEIRA DIGITAL;N/A;03/08/2023;False;True;[]
TXN_8295765;BOLO;4;3,00;12,00;N/A;PARA VIAGEM;05/04/2023;False;True;[]
TXN_1324760;CHÁ;4;1,50;6,00;DINHEIRO;PRESENCIAL;18/01/2023;False;True;[]
TXN_8292441;SALADA;1;5,00;5,00;DINHEIRO;PARA VIAGEM;15/09/2023;False;True;[]
TXN_6663486;CAFÉ;3;2,00;6,00;N/A;N/A;02/11/2023;False;True;[]
TXN_9423451;CAFÉ;1;;2,00;N/A;N/A;22/10/2023;True;True;[]
TXN_3792125;SALADA;5;5,00;25,00;CARTÃO DE CRÉDITO;PRESENCIAL;25/08/2023;False;True;[]
TXN_7021504;BISCOITO;2;1,00;2,00;N/A;PRESENCIAL;31/05/2023;False;True;[]
TXN_8608811;BOLO;5;3,00;15,00;CARTÃO DE CRÉDITO;PARA VIAGEM;05/01/2023;False;True;[]
TXN_4844386;N/A;5;;15,00;CARTÃO DE CRÉDITO;PRESENCIAL;28/10/2023;True;True;[]
TXN_4368729;CAFÉ;3;2,00;6,00;CARTEIRA DIGITAL;PRESENCIAL;11/06/2023;False;True;[]
TXN_5072156;CHÁ;3;1,50;4,50;CARTEIRA DIGITAL;PARA VIAGEM;24/07/2023;False;True;[]
TXN_5763520;N/A;1;5,00;5,00;N/A;N/A;17/01/2023;False;True;[]
TXN_4877933;SUCO;5;3,00;15,00;CARTEIRA DIGITAL;PRESENCIAL;12/01/2023;False;True;[]
TXN_8854384;SUCO;5;3,00;15,00;DINHEIRO;PARA VIAGEM;12/08/2023;False;True;[]
TXN_3308378;BISCOITO;4;1,00;4,00;CARTEIRA DIGITAL;N/A;28/04/2023;False;True;[]
TXN_4355766;BISCOITO;5;1,00;5,00;CARTEIRA DIGITAL;N/A;07/11/2023;False;True;[]
TXN_5644235;SALADA;4;5,00;20,00;DINHEIRO;PRESENCIAL;25/03/2023;False;True;[]
TXN_5331285;SANDUICHE;3;4,00;12,00;CARTEIRA DIGITAL;N/A;12/03/2023;False;True;[]
TXN_7620397;BISCOITO;4;1,00;4,00;N/A;N/A;24/12/2023;False;True;[]
TXN_1214868;SUCO;4;;12,00;DINHEIRO;PRESENCIAL;30/07/2023;True;True;[]
TXN_5117595;VITAMINA;4;4,00;16,00;DINHEIRO;PRESENCIAL;05/02/2023;False;True;[]
TXN_9708144;VITAMINA;3;4,00;12,00;DINHEIRO;N/A;18/04/2023;False;True;[]
TXN_8266689;N/A;5;;15,00;DINHEIRO;PRESENCIAL;03/12/2023;True;True;[]
TXN_3589166;CHÁ;1;1,50;1,50;N/A;N/A;02/02/2023;False;True;[]
TXN_3943672;SANDUICHE;4;4,00;16,00;CARTÃO DE CRÉDITO;N/A;21/10/2023;False;True;[]
TXN_8988279;VITAMINA;2;4,00;8,00;N/A;PRESENCIAL;08/08/2023;False;True;[]
TXN_4269933;VITAMINA;2;4,00;8,00;N/A;PARA VIAGEM;28/03/2023;False;True;[]
TXN_2234460;CHÁ;2;1,50;3,00;N/A;PARA VIAGEM;15/08/2023;False;True;[]
TXN_4356564;CAFÉ;2;2,00;4,00;CARTÃO DE CRÉDITO;PARA VIAGEM;05/10/2023;False;True;[]
TXN_2223047;N/A;2;2,00;4,00;N/A;PARA VIAGEM;14/06/2023;False;True;[]
TXN_9469735;BOLO;1;3,00;3,00;N/A;PRESENCIAL;31/12/2023;False;True;[]
TXN_6762250;BISCOITO;2;1,00;2,00;CARTEIRA DIGITAL;PARA VIAGEM;17/06/2023;False;True;[]
TXN_8553273;SUCO;5;3,00;15,00;DINHEIRO;PRESENCIAL;15/01/2023;False;True;[]
TXN_8713971;CHÁ;1;1,50;1,50;DINHEIRO;N/A;26/08/2023;False;True;[]
TXN_4076575;VITAMINA;3;4,00;12,00;N/A;PARA VIAGEM;18/01/2023;False;True;[]
TXN_2432379;CAFÉ;1;2,00;2,00;CARTÃO DE CRÉDITO;PRESENCIAL;24/10/2023;False;True;[]
TXN_3187634;N/A;5;2,00;10,00;CARTEIRA DIGITAL;PARA VIAGEM;01/09/2023;False;True;[]
TXN_1961943;VITAMINA;;4,00;12,00;CARTEIRA DIGITAL;PRESENCIAL;05/11/2023;True;True;[]
TXN_5908104;SANDUICHE;2;4,00;8,00;CARTÃO DE CRÉDITO;N/A;12/05/2023;False;True;[]
TXN_1355212;CAFÉ;2;2,00;4,00;N/A;N/A;25/05/2023;False;True;[]
TXN_2155393;SUCO;2;3,00;6,00;CARTEIRA DIGITAL;PRESENCIAL;12/07/2023;False;True;[]
TXN_3485938;N/A;4;5,00;20,00;DINHEIRO;PARA VIAGEM;28/05/2023;False;True;[]
TXN_9449037;CAFÉ;4;2,00;8,00;N/A;PARA VIAGEM;30/04/2023;False;True;[]
TXN_3114654;SUCO;3;3,00;9,00;N/A;PRESENCIAL;01/12/2023;False;True;[]
TXN_5837801;SALADA;1;5,00;5,00;CARTÃO DE CRÉDITO;PRESENCIAL;25/01/2023;False;True;[]
TXN_1336470;CHÁ;1;1,50;1,50;DINHEIRO;N/A;22/12/2023;False;True;[]
TXN_2544724;BOLO;5;3,00;15,00;CARTEIRA DIGITAL;PARA VIAGEM;28/12/2023;False;True;[]
TXN_1035504;VITAMINA;2;4,00;8,00;CARTEIRA DIGITAL;PARA VIAGEM;30/03/2023;False;True;[]
TXN_2576799;SUCO;1;3,00;3,00;DINHEIRO;N/A;12/03/2023;False;True;[]
TXN_4659155;SUCO;1;3,00;3,00;N/A;N/A;13/04/2023;False;True;[]
TXN_9781961;CAFÉ;1;2,00;2,00;CARTÃO DE CRÉDITO;PRESENCIAL;01/12/2023;False;True;[]
TXN_5313347;BISCOITO;2;1,00;2,00;CARTEIRA DIGITAL;PARA VIAGEM;10/12/2023;False;True;[]
TXN_7926510;SALADA;4;5,00;20,00;DINHEIRO;N/A;03/10/2023;False;True;[]
TXN_3477975;SANDUICHE;;4,00;16,00;N/A;N/A;26/02/2023;True;True;[]
TXN_6736084;SUCO;1;3,00;3,00;N/A;PARA VIAGEM;19/04/2023;False;True;[]
TXN_5573731;SANDUICHE;4;4,00;16,00;DINHEIRO;N/A;15/01/2023;False;True;[]
TXN_2760327;SALADA;1;5,00;5,00;N/A;PARA VIAGEM;16/02/2023;False;True;[]
TXN_5540067;CHÁ;4;1,50;6,00;N/A;N/A;24/08/2023;False;True;[]
TXN_7585599;BOLO;1;3,00;3,00;CARTÃO DE CRÉDITO;N/A;12/01/2023;False;True;[]
TXN_6333241;CAFÉ;;2,00;4,00;CARTEIRA DIGITAL;N/A;15/09/2023;True;True;[]
TXN_1635631;BISCOITO;4;1,00;4,00;CARTÃO DE CRÉDITO;N/A;04/07/2023;False;True;[]
TXN_8907996;SANDUICHE;4;4,00;16,00;DINHEIRO;PRESENCIAL;19/02/2023;False;True;[]
TXN_3206049;CAFÉ;4;2,00;8,00;N/A;N/A;27/03/2023;False;True;[]
TXN_4620647;CAFÉ;1;2,00;2,00;CARTEIRA DIGITAL;N/A;15/07/2023;False;True;[]
TXN_5348915;SUCO;1;3,00;3,00;CARTEIRA DIGITAL;PARA VIAGEM;09/07/2023;False;True;[]
TXN_4036214;BOLO;2;;6,00;CARTÃO DE CRÉDITO;N/A;17/10/2023;True;True;[]
TXN_6323914;SUCO;1;3,00;3,00;CARTÃO DE CRÉDITO;PRESENCIAL;19/03/2023;False;True;[]
TXN_7804128;SANDUICHE;5;4,00;20,00;CARTEIRA DIGITAL;PRESENCIAL;12/02/2023;False;True;[]
TXN_6228313;N/A;4;3,00;12,00;N/A;N/A;24/01/2023;False;True;[]
TXN_2930752;BOLO;2;3,00;6,00;CARTÃO DE CRÉDITO;N/A;04/03/2023;False;True;[]
TXN_3477101;BISCOITO;4;1,00;4,00;N/A;PARA VIAGEM;02/05/2023;False;True;[]
TXN_2210265;SUCO;2;3,00;6,00;CARTÃO DE CRÉDITO;PARA VIAGEM;14/06/2023;False;True;[]
TXN_5534515;VITAMINA;1;4,00;4,00;CARTÃO DE CRÉDITO;PARA VIAGEM;09/02/2023;False;True;[]
TXN_9561380;SANDUICHE;1;4,00;4,00;CARTEIRA DIGITAL;PARA VIAGEM;11/08/2023;False;True;[]
TXN_3038078;BISCOITO;1;1,00;1,00;CARTÃO DE CRÉDITO;PARA VIAGEM;06/04/2023;False;True;[]
TXN_5652473;VITAMINA;4;4,00;16,00;N/A;N/A;19/03/2023;False;True;[]
TXN_5222822;SALADA;1;5,00;5,00;N/A;PRESENCIAL;20/11/2023;False;True;[]
TXN_6238191;VITAMINA;4;4,00;16,00;N/A;PRESENCIAL;27/10/2023;False;True;[]
TXN_1244593;SALADA;5;5,00;25,00;N/A;PRESENCIAL;11/04/2023;False;True;[]
TXN_9749175;BOLO;1;3,00;3,00;CARTÃO DE CRÉDITO;PRESENCIAL;07/09/2023;False;True;[]
TXN_4502314;BISCOITO;3;1,00;3,00;CARTÃO DE CRÉDITO;N/A;02/06/2023;False;True;[]
TXN_3703964;SANDUICHE;2;4,00;8,00;CARTÃO DE CRÉDITO;PARA VIAGEM;23/09/2023;False;True;[]
TXN_1554195;VITAMINA;2;4,00;8,00;CARTEIRA DIGITAL;N/A;22/10/2023;False;True;[]
TXN_1025152;BISCOITO;4;1,00;4,00;N/A;N/A;19/08/2023;False;True;[]
TXN_3429942;VITAMINA;3;4,00;12,00;CARTEIRA DIGITAL;PRESENCIAL;24/04/2023;False;True;[]
TXN_2134660;N/A;5;3,00;15,00;CARTÃO DE CRÉDITO;PRESENCIAL;08/11/2023;False;True;[]
TXN_8944175;SALADA;3;5,00;15,00;CARTEIRA DIGITAL;N/A;30/11/2023;False;True;[]
TXN_4680399;SUCO;5;3,00;15,00;CARTEIRA DIGITAL;N/A;07/04/2023;False;True;[]
TXN_5328065;BOLO;5;3,00;15,00;DINHEIRO;N/A;18/09/2023;False;True;[]
TXN_9202496;BOLO;5;3,00;15,00;CARTÃO DE CRÉDITO;PRESENCIAL;19/07/2023;False;True;[]
TXN_2914953;BOLO;2;3,00;6,00;DINHEIRO;PRESENCIAL;25/07/2023;False;True;[]
TXN_6068148;BOLO;3;3,00;9,00;N/A;PRESENCIAL;11/08/2023;False;True;[]
TXN_1216051;BOLO;4;3,00;12,00;CARTEIRA DIGITAL;PARA VIAGEM;28/10/2023;False;True;[]
TXN_3943327;SUCO;1;3,00;3,00;N/A;N/A;20/05/2023;False;True;[]
TXN_5268025;BISCOITO;5;1,00;5,00;CARTEIRA DIGITAL;PRESENCIAL;19/05/2023;False;True;[]
TXN_9952441;VITAMINA;1;4,00;4,00;DINHEIRO;PRESENCIAL;05/09/2023;False;True;[]
TXN_7354271;BISCOITO;4;1,00;4,00;N/A;PRESENCIAL;12/04/2023;False;True;[]
TXN_3358494;CAFÉ;5;2,00;10,00;CARTEIRA DIGITAL;PARA VIAGEM;22/06/2023;False;True;[]
TXN_2966507;BISCOITO;3;1,00;3,00;N/A;PRESENCIAL;25/04/2023;False;True;[]
TXN_9752586;CHÁ;2;1,50;3,00;CARTEIRA DIGITAL;N/A;14/06/2023;False;True;[]
TXN_1324968;BISCOITO;3;1,00;3,00;CARTÃO DE CRÉDITO;PRESENCIAL;05/01/2023;False;True;[]
TXN_8424417;VITAMINA;2;;8,00;N/A;PARA VIAGEM;21/10/2023;True;True;[]
TXN_3985920;SALADA;5;5,00;25,00;CARTEIRA DIGITAL;PRESENCIAL;29/03/2023;False;True;[]
TXN_7335526;SANDUICHE;4;4,00;16,00;DINHEIRO;PRESENCIAL;03/06/2023;False;True;[]
TXN_5989987;VITAMINA;4;4,00;16,00;DINHEIRO;N/A;02/08/2023;False;True;[]
TXN_8132632;CHÁ;3;1,50;4,50;N/A;N/A;26/07/2023;False;True;[]
TXN_2408294;SANDUICHE;4;4,00;16,00;CARTEIRA DIGITAL;PRESENCIAL;26/12/2023;False;True;[]
TXN_7380756;SALADA;1;5,00;5,00;CARTEIRA DIGITAL;PARA VIAGEM;16/10/2023;False;True;[]
TXN_1145888;CAFÉ;4;2,00;8,00;N/A;N/A;26/01/2023;False;True;[]
TXN_3845754;CHÁ;4;1,50;6,00;N/A;PARA VIAGEM;25/11/2023;False;True;[]
TXN_1315214;CHÁ;2;1,50;3,00;CARTEIRA DIGITAL;PRESENCIAL;03/11/2023;False;True;[]
TXN_7602467;BISCOITO;1;1,00;1,00;CARTÃO DE CRÉDITO;PARA VIAGEM;17/10/2023;False;True;[]
TXN_1672708;SALADA;4;5,00;20,00;N/A;N/A;04/04/2023;False;True;[]
TXN_4979250;CHÁ;3;1,50;4,50;DINHEIRO;PRESENCIAL;01/11/2023;False;True;[]
TXN_2809397;SALADA;2;5,00;10,00;CARTEIRA DIGITAL;PARA VIAGEM;13/09/2023;False;True;[]
TXN_8752130;SUCO;2;3,00;6,00;CARTÃO DE CRÉDITO;PARA VIAGEM;23/10/2023;False;True;[]
TXN_7326075;BISCOITO;1;;1,00;DINHEIRO;N/A;12/06/2023;True;True;[]
TXN_9134257;CAFÉ;;2,00;6,00;CARTEIRA DIGITAL;PARA VIAGEM;19/05/2023;True;True;[]
TXN_9944832;CAFÉ;3;2,00;6,00;N/A;N/A;25/12/2023;False;True;[]
TXN_9639317;BOLO;3;3,00;9,00;DINHEIRO;N/A;28/12/2023;False;True;[]
TXN_7707761;CHÁ;3;1,50;4,50;CARTÃO DE CRÉDITO;N/A;08/03/2023;False;True;[]
TXN_3177517;N/A;1;1,50;1,50;CARTÃO DE CRÉDITO;PRESENCIAL;22/02/2023;False;True;[]
TXN_5353855;N/A;3;4,00;12,00;CARTÃO DE CRÉDITO;PARA VIAGEM;24/12/2023;False;True;[]
TXN_3106811;SUCO;3;3,00;9,00;DINHEIRO;PARA VIAGEM;27/09/2023;False;True;[]
TXN_3475342;SUCO;3;3,00;9,00;N/A;PRESENCIAL;24/04/2023;False;True;[]
TXN_8017663;CAFÉ;2;2,00;4,00;N/A;N/A;18/05/2023;False;True;[]
TXN_6309965;BOLO;5;3,00;15,00;CARTEIRA DIGITAL;PARA VIAGEM;14/06/2023;False;True;[]
TXN_7146871;CAFÉ;;2,00;4,00;N/A;N/A;20/09/2023;True;True;[]
TXN_2661443;SUCO;2;3,00;6,00;CARTÃO DE CRÉDITO;N/A;30/06/2023;False;True;[]
TXN_6954434;SUCO;3;;9,00;DINHEIRO;PARA VIAGEM;23/02/2023;True;True;[]
TXN_3578712;CHÁ;5;;7,50;CARTÃO DE CRÉDITO;N/A;15/08/2023;True;True;[]
TXN_6131350;SANDUICHE;2;;8,00;CARTÃO DE CRÉDITO;N/A;28/09/2023;True;True;[]
TXN_9207050;BISCOITO;5;1,00;5,00;CARTEIRA DIGITAL;PRESENCIAL;21/07/2023;False;True;[]
TXN_5351656;CHÁ;1;1,50;1,50;N/A;PARA VIAGEM;02/03/2023;False;True;[]
TXN_8905718;CHÁ;5;1,50;7,50;N/A;PRESENCIAL;07/09/2023;False;True;[]
TXN_1938148;BOLO;2;3,00;6,00;CARTÃO DE CRÉDITO;PARA VIAGEM;07/06/2023;False;True;[]
TXN_2024598;SANDUICHE;1;4,00;4,00;CARTEIRA DIGITAL;PRESENCIAL;01/01/2023;False;True;[]
TXN_7145872;SALADA;5;5,00;25,00;CARTEIRA DIGITAL;PARA VIAGEM;15/04/2023;False;True;[]
TXN_8140560;BOLO;5;3,00;15,00;N/A;PARA VIAGEM;29/06/2023;False;True;[]
TXN_6591756;BISCOITO;5;1,00;5,00;N/A;N/A;09/03/2023;False;True;[]
TXN_9004306;CAFÉ;4;2,00;8,00;CARTÃO DE CRÉDITO;PRESENCIAL;26/05/2023;False;True;[]
TXN_7899686;N/A;1;4,00;4,00;CARTEIRA DIGITAL;PARA VIAGEM;09/09/2023;False;True;[]
TXN_7092761;SALADA;4;5,00;20,00;N/A;N/A;11/05/2023;False;True;[]
TXN_6360436;BOLO;2;3,00;6,00;CARTEIRA DIGITAL;PARA VIAGEM;13/09/2023;False;True;[]
TXN_3295247;CAFÉ;5;2,00;10,00;CARTEIRA DIGITAL;N/A;25/08/2023;False;True;[]
TXN_5822344;SANDUICHE;5;4,00;20,00;DINHEIRO;PRESENCIAL;27/09/2023;False;True;[]
TXN_4266069;CAFÉ;1;2,00;2,00;N/A;N/A;25/12/2023;False;True;[]
TXN_9470768;VITAMINA;5;4,00;20,00;CARTÃO DE CRÉDITO;N/A;27/09/2023;False;True;[]
TXN_1540181;CHÁ;3;1,50;4,50;N/A;PARA VIAGEM;17/08/2023;False;True;[]
TXN_6688020;SALADA;5;5,00;25,00;N/A;N/A;05/09/2023;False;True;[]
TXN_4181147;CAFÉ;4;2,00;8,00;N/A;PARA VIAGEM;18/02/2023;False;True;[]
TXN_7211792;CHÁ;3;1,50;4,50;N/A;PARA VIAGEM;27/11/2023;False;True;[]
TXN_6568978;BOLO;3;3,00;9,00;CARTEIRA DIGITAL;N/A;12/03/2023;False;True;[]
TXN_6670607;SUCO;5;3,00;15,00;N/A;PARA VIAGEM;06/01/2023;False;True;[]
TXN_9773606;CHÁ;2;1,50;3,00;DINHEIRO;PARA VIAGEM;04/12/2023;False;True;[]
TXN_9762035;VITAMINA;1;4,00;4,00;DINHEIRO;PARA VIAGEM;21/08/2023;False;True;[]
TXN_4493661;SANDUICHE;1;4,00;4,00;DINHEIRO;N/A;08/07/2023;False;True;[]
TXN_4617139;SUCO;4;;12,00;N/A;N/A;12/04/2023;True;True;[]
TXN_5339625;VITAMINA;5;4,00;20,00;CARTEIRA DIGITAL;N/A;29/06/2023;False;True;[]
TXN_9657636;BOLO;1;3,00;3,00;DINHEIRO;PARA VIAGEM;08/07/2023;False;True;[]
TXN_1375992;CAFÉ;5;2,00;10,00;CARTÃO DE CRÉDITO;PRESENCIAL;23/03/2023;False;True;[]
TXN_2077318;SUCO;2;3,00;6,00;CARTEIRA DIGITAL;PRESENCIAL;24/08/2023;False;True;[]
TXN_8232653;SALADA;5;5,00;25,00;DINHEIRO;N/A;21/04/2023;False;True;[]
TXN_4624436;SANDUICHE;1;4,00;4,00;N/A;N/A;22/05/2023;False;True;[]
TXN_6158865;BISCOITO;1;1,00;1,00;CARTEIRA DIGITAL;N/A;27/11/2023;False;True;[]
TXN_6148337;BISCOITO;2;1,00;2,00;N/A;PRESENCIAL;27/09/2023;False;True;[]
TXN_9096951;VITAMINA;3;4,00;12,00;DINHEIRO;PARA VIAGEM;28/06/2023;False;True;[]
TXN_7080148;BOLO;3;3,00;9,00;N/A;N/A;30/12/2023;False;True;[]
TXN_4275169;SALADA;1;5,00;5,00;N/A;PARA VIAGEM;27/06/2023;False;True;[]
TXN_9005396;SUCO;4;3,00;12,00;DINHEIRO;N/A;10/08/2023;False;True;[]
TXN_2466036;CAFÉ;5;2,00;10,00;N/A;PARA VIAGEM;31/08/2023;False;True;[]
TXN_1533790;BOLO;;3,00;12,00;CARTEIRA DIGITAL;PARA VIAGEM;21/07/2023;True;True;[]
TXN_7090165;SANDUICHE;5;4,00;20,00;CARTEIRA DIGITAL;PRESENCIAL;30/08/2023;False;True;[]
TXN_9533792;BISCOITO;3;1,00;3,00;CARTEIRA DIGITAL;PRESENCIAL;01/09/2023;False;True;[]
TXN_4995910;BOLO;5;3,00;15,00;N/A;N/A;10/03/2023;False;True;[]
TXN_9174916;CAFÉ;3;2,00;6,00;CARTÃO DE CRÉDITO;N/A;21/06/2023;False;True;[]
TXN_8121601;SUCO;4;3,00;12,00;N/A;PRESENCIAL;02/07/2023;False;True;[]
TXN_5882077;SANDUICHE;3;4,00;12,00;N/A;PARA VIAGEM;10/03/2023;False;True;[]
TXN_3163681;SANDUICHE;2;4,00;8,00;N/A;N/A;11/05/2023;False;True;[]
TXN_2849719;CAFÉ;5;2,00;10,00;CARTEIRA DIGITAL;PARA VIAGEM;23/06/2023;False;True;[]
TXN_9623460;SANDUICHE;3;4,00;12,00;CARTEIRA DIGITAL;PRESENCIAL;17/01/2023;False;True;[]
TXN_3359704;SALADA;3;5,00;15,00;CARTEIRA DIGITAL;PRESENCIAL;23/07/2023;False;True;[]
TXN_7093219;VITAMINA;4;4,00;16,00;CARTÃO DE CRÉDITO;N/A;06/06/2023;False;True;[]
TXN_2444408;SANDUICHE;2;4,00;8,00;CARTEIRA DIGITAL;PRESENCIAL;11/05/2023;False;True;[]
TXN_2475111;BISCOITO;3;1,00;3,00;N/A;PARA VIAGEM;31/03/2023;False;True;[]
TXN_3296152;SALADA;3;5,00;15,00;CARTÃO DE CRÉDITO;PRESENCIAL;20/10/2023;False;True;[]
TXN_5157855;SALADA;1;5,00;5,00;CARTEIRA DIGITAL;N/A;18/08/2023;False;True;[]
TXN_2887411;VITAMINA;2;4,00;8,00;DINHEIRO;PRESENCIAL;16/01/2023;False;True;[]
TXN_7543369;CHÁ;5;1,50;7,50;CARTEIRA DIGITAL;PARA VIAGEM;18/11/2023;False;True;[]
TXN_9561441;CHÁ;5;1,50;7,50;DINHEIRO;PRESENCIAL;11/11/2023;False;True;[]
TXN_5595584;VITAMINA;2;4,00;8,00;N/A;PRESENCIAL;19/10/2023;False;True;[]
TXN_1158197;CAFÉ;2;2,00;4,00;N/A;PARA VIAGEM;21/05/2023;False;True;[]
TXN_3633955;SANDUICHE;4;4,00;16,00;DINHEIRO;PRESENCIAL;20/09/2023;False;True;[]
TXN_2761949;SALADA;3;5,00;15,00;CARTÃO DE CRÉDITO;PRESENCIAL;01/10/2023;False;True;[]
TXN_4967355;SANDUICHE;2;4,00;8,00;N/A;PRESENCIAL;25/04/2023;False;True;[]
TXN_8062897;VITAMINA;2;4,00;8,00;CARTEIRA DIGITAL;PARA VIAGEM;02/10/2023;False;True;[]
TXN_4831426;SUCO;4;3,00;12,00;CARTÃO DE CRÉDITO;N/A;27/02/2023;False;True;[]
TXN_3995843;N/A;3;4,00;12,00;N/A;PRESENCIAL;31/12/2023;False;True;[]
TXN_4284492;SUCO;3;3,00;9,00;N/A;PARA VIAGEM;30/05/2023;False;True;[]
TXN_9942634;CHÁ;5;1,50;7,50;N/A;PARA VIAGEM;17/01/2023;False;True;[]
TXN_7104682;BISCOITO;5;1,00;5,00;N/A;PARA VIAGEM;31/08/2023;False;True;[]
TXN_6866209;VITAMINA;5;4,00;20,00;CARTEIRA DIGITAL;PRESENCIAL;20/05/2023;False;True;[]
TXN_7573801;BOLO;2;3,00;6,00;N/A;PRESENCIAL;14/12/2023;False;True;[]
TXN_9681880;CAFÉ;3;2,00;6,00;DINHEIRO;PRESENCIAL;21/03/2023;False;True;[]
TXN_2559288;SALADA;4;5,00;20,00;CARTÃO DE CRÉDITO;N/A;27/12/2023;False;True;[]
TXN_9188692;BOLO;;3,00;;CARTÃO DE CRÉDITO;N/A;01/12/2023;True;True;[]
TXN_2936975;CHÁ;1;1,50;1,50;CARTEIRA DIGITAL;PARA VIAGEM;05/10/2023;False;True;[]
TXN_5027125;SALADA;3;5,00;15,00;DINHEIRO;PRESENCIAL;06/07/2023;False;True;[]
TXN_7433758;BISCOITO;1;1,00;1,00;DINHEIRO;N/A;09/06/2023;False;True;[]
TXN_2092288;CAFÉ;1;2,00;2,00;CARTÃO DE CRÉDITO;PARA VIAGEM;30/03/2023;False;True;[]
TXN_5701303;CAFÉ;1;2,00;2,00;CARTEIRA DIGITAL;PARA VIAGEM;08/09/2023;False;True;[]
TXN_7323833;N/A;3;4,00;12,00;CARTÃO DE CRÉDITO;N/A;09/04/2023;False;True;[]
TXN_5161371;BOLO;2;3,00;6,00;CARTÃO DE CRÉDITO;PRESENCIAL;17/01/2023;False;True;[]
TXN_1132566;BOLO;3;3,00;9,00;DINHEIRO;N/A;27/02/2023;False;True;[]
TXN_3713527;BISCOITO;4;1,00;4,00;N/A;PARA VIAGEM;08/03/2023;False;True;[]
TXN_1719440;BISCOITO;5;1,00;5,00;CARTEIRA DIGITAL;PARA VIAGEM;13/07/2023;False;True;[]
TXN_6273703;CHÁ;2;1,50;3,00;CARTÃO DE CRÉDITO;N/A;24/12/2023;False;True;[]
TXN_2050017;SANDUICHE;4;4,00;16,00;N/A;PARA VIAGEM;24/03/2023;False;True;[]
TXN_6797827;SANDUICHE;1;4,00;4,00;CARTÃO DE CRÉDITO;N/A;16/06/2023;False;True;[]
TXN_6885626;BOLO;5;3,00;15,00;N/A;PRESENCIAL;06/08/2023;False;True;[]
TXN_3729074;SALADA;3;5,00;15,00;CARTÃO DE CRÉDITO;PRESENCIAL;15/04/2023;False;True;[]
TXN_7418962;VITAMINA;4;4,00;16,00;DINHEIRO;N/A;07/03/2023;False;True;[]
TXN_7217537;SALADA;3;5,00;15,00;DINHEIRO;PRESENCIAL;19/12/2023;False;True;[]
TXN_7904970;CHÁ;;1,50;3,00;CARTÃO DE CRÉDITO;PARA VIAGEM;23/05/2023;True;True;[]
TXN_8845592;SANDUICHE;5;4,00;20,00;CARTÃO DE CRÉDITO;PRESENCIAL;12/11/2023;False;True;[]
TXN_2402637;N/A;2;4,00;8,00;N/A;PARA VIAGEM;18/06/2023;False;True;[]
TXN_2081985;CAFÉ;2;2,00;4,00;CARTEIRA DIGITAL;N/A;24/03/2023;False;True;[]
TXN_5664467;CHÁ;4;1,50;6,00;CARTEIRA DIGITAL;PARA VIAGEM;06/11/2023;False;True;[]
TXN_2275523;CHÁ;4;1,50;6,00;CARTEIRA DIGITAL;N/A;02/09/2023;False;True;[]
TXN_7230977;N/A;5;3,00;15,00;N/A;PARA VIAGEM;24/08/2023;False;True;[]
TXN_6451747;SALADA;4;5,00;20,00;DINHEIRO;N/A;23/05/2023;False;True;[]
TXN_2680626;BOLO;3;3,00;9,00;DINHEIRO;PRESENCIAL;08/01/2023;False;True;[]
TXN_8668840;BOLO;5;3,00;15,00;CARTEIRA DIGITAL;N/A;03/10/2023;False;True;[]
TXN_5390428;SUCO;2;3,00;6,00;N/A;PRESENCIAL;25/11/2023;False;True;[]
TXN_5009367;SUCO;3;3,00;9,00;CARTÃO DE CRÉDITO;PRESENCIAL;19/04/2023;False;True;[]
TXN_3067854;BOLO;1;3,00;3,00;CARTÃO DE CRÉDITO;N/A;08/07/2023;False;True;[]
TXN_6401072;VITAMINA;4;4,00;16,00;DINHEIRO;PARA VIAGEM;28/07/2023;False;True;[]
TXN_6799966;CHÁ;4;1,50;6,00;CARTEIRA DIGITAL;N/A;03/03/2023;False;True;[]
TXN_5080934;SUCO;;3,00;9,00;DINHEIRO;PARA VIAGEM;10/12/2023;True;True;[]
TXN_8684125;SALADA;2;5,00;10,00;CARTÃO DE CRÉDITO;PRESENCIAL;08/03/2023;False;True;[]
TXN_1647077;VITAMINA;2;4,00;8,00;N/A;N/A;19/08/2023;False;True;[]
TXN_8167808;BOLO;3;3,00;9,00;DINHEIRO;PRESENCIAL;03/02/2023;False;True;[]
TXN_4541998;SANDUICHE;;4,00;4,00;N/A;PARA VIAGEM;13/01/2023;True;True;[]
TXN_3369789;SANDUICHE;5;4,00;20,00;N/A;N/A;15/04/2023;False;True;[]
TXN_7973461;CHÁ;3;1,50;4,50;N/A;PRESENCIAL;11/04/2023;False;True;[]
TXN_7753587;BOLO;1;3,00;3,00;CARTÃO DE CRÉDITO;PARA VIAGEM;28/03/2023;False;True;[]
TXN_4490958;CAFÉ;2;2,00;4,00;N/A;N/A;30/03/2023;False;True;[]
TXN_8715515;N/A;5;3,00;15,00;CARTÃO DE CRÉDITO;PARA VIAGEM;23/07/2023;False;True;[]
TXN_8242126;SALADA;4;5,00;20,00;CARTEIRA DIGITAL;PRESENCIAL;20/11/2023;False;True;[]
TXN_2972659;CHÁ;3;1,50;4,50;N/A;N/A;16/12/2023;False;True;[]
TXN_5685028;BOLO;5;3,00;15,00;CARTEIRA DIGITAL;PARA VIAGEM;12/08/2023;False;True;[]
TXN_9835620;SUCO;2;3,00;6,00;N/A;N/A;09/06/2023;False;True;[]
TXN_9245124;CHÁ;4;1,50;6,00;CARTEIRA DIGITAL;PRESENCIAL;19/04/2023;False;True;[]
TXN_8619762;VITAMINA;4;4,00;16,00;DINHEIRO;PARA VIAGEM;05/08/2023;False;True;[]
TXN_5983031;SUCO;3;3,00;9,00;CARTEIRA DIGITAL;PRESENCIAL;09/03/2023;False;True;[]
TXN_8730549;VITAMINA;4;4,00;16,00;N/A;PARA VIAGEM;04/02/2023;False;True;[]
TXN_6889867;SANDUICHE;5;4,00;20,00;DINHEIRO;N/A;07/03/2023;False;True;[]
TXN_9035484;CAFÉ;2;2,00;4,00;DINHEIRO;N/A;29/06/2023;False;True;[]
TXN_9972525;CAFÉ;4;2,00;8,00;N/A;N/A;31/07/2023;False;True;[]
TXN_3315026;SUCO;5;3,00;15,00;DINHEIRO;N/A;06/11/2023;False;True;[]
TXN_3613385;BISCOITO;3;1,00;3,00;N/A;PARA VIAGEM;26/05/2023;False;True;[]
TXN_9629541;SANDUICHE;5;4,00;20,00;CARTEIRA DIGITAL;N/A;18/12/2023;False;True;[]
TXN_7503640;SALADA;3;5,00;15,00;CARTEIRA DIGITAL;N/A;04/11/2023;False;True;[]
TXN_1135761;N/A;3;3,00;9,00;CARTEIRA DIGITAL;N/A;30/01/2023;False;True;[]
TXN_8558404;SALADA;;5,00;20,00;CARTEIRA DIGITAL;PRESENCIAL;15/07/2023;True;True;[]
TXN_8430735;SUCO;2;3,00;6,00;N/A;N/A;25/10/2023;False;True;[]
TXN_8279865;SUCO;1;;3,00;DINHEIRO;N/A;18/07/2023;True;True;[]
TXN_5906520;SALADA;2;5,00;10,00;N/A;N/A;31/01/2023;False;True;[]
TXN_8250427;CAFÉ;4;2,00;8,00;CARTÃO DE CRÉDITO;N/A;15/09/2023;False;True;[]
TXN_9928337;SUCO;1;3,00;3,00;N/A;PARA VIAGEM;05/11/2023;False;True;[]
TXN_7008306;SALADA;2;5,00;10,00;N/A;N/A;11/04/2023;False;True;[]
TXN_5603538;SUCO;3;3,00;9,00;DINHEIRO;N/A;15/02/2023;False;True;[]
TXN_7368648;CHÁ;1;1,50;1,50;CARTEIRA DIGITAL;PRESENCIAL;09/03/2023;False;True;[]
TXN_6220542;SUCO;3;3,00;9,00;N/A;PARA VIAGEM;24/03/2023;False;True;[]
TXN_3299535;CAFÉ;3;2,00;6,00;N/A;PARA VIAGEM;16/11/2023;False;True;[]
TXN_1217959;SUCO;2;3,00;6,00;CARTEIRA DIGITAL;PARA VIAGEM;28/07/2023;False;True;[]
TXN_4390633;CHÁ;2;1,50;3,00;N/A;N/A;17/10/2023;False;True;[]
TXN_5052998;SUCO;3;3,00;9,00;CARTÃO DE CRÉDITO;N/A;07/10/2023;False;True;[]
TXN_5171332;CHÁ;5;1,50;7,50;DINHEIRO;PARA VIAGEM;05/02/2023;False;True;[]
TXN_4798484;SUCO;3;3,00;9,00;N/A;PRESENCIAL;09/08/2023;False;True;[]
TXN_7905741;BISCOITO;5;1,00;5,00;CARTÃO DE CRÉDITO;N/A;08/02/2023;False;True;[]
TXN_6369875;CHÁ;5;1,50;7,50;DINHEIRO;N/A;04/10/2023;False;True;[]
TXN_7840162;BISCOITO;5;;5,00;DINHEIRO;PARA VIAGEM;27/02/2023;True;True;[]
TXN_9069297;BISCOITO;4;1,00;4,00;CARTÃO DE CRÉDITO;PRESENCIAL;27/01/2023;False;True;[]
TXN_5017038;SANDUICHE;3;4,00;12,00;N/A;N/A;25/05/2023;False;True;[]
TXN_6748453;SANDUICHE;5;4,00;20,00;N/A;PRESENCIAL;08/05/2023;False;True;[]
TXN_1678985;SUCO;2;3,00;6,00;DINHEIRO;PRESENCIAL;16/07/2023;False;True;[]
TXN_6697669;BOLO;5;3,00;15,00;DINHEIRO;N/A;03/01/2023;False;True;[]
TXN_3131555;SANDUICHE;2;4,00;8,00;DINHEIRO;PARA VIAGEM;04/12/2023;False;True;[]
TXN_1617029;N/A;4;5,00;20,00;DINHEIRO;PARA VIAGEM;15/05/2023;False;True;[]
TXN_7785297;BISCOITO;3;1,00;3,00;DINHEIRO;N/A;06/12/2023;False;True;[]
TXN_9432588;CAFÉ;5;2,00;10,00;N/A;N/A;26/07/2023;False;True;[]
TXN_3313000;CAFÉ;5;2,00;10,00;CARTÃO DE CRÉDITO;PRESENCIAL;08/01/2023;False;True;[]
TXN_3120023;BISCOITO;3;1,00;3,00;DINHEIRO;PRESENCIAL;30/09/2023;False;True;[]
TXN_7483257;SANDUICHE;2;4,00;8,00;CARTEIRA DIGITAL;PARA VIAGEM;05/06/2023;False;True;[]
TXN_3430842;BISCOITO;2;1,00;2,00;DINHEIRO;PARA VIAGEM;02/08/2023;False;True;[]
TXN_9622300;SALADA;;5,00;5,00;DINHEIRO;PARA VIAGEM;23/06/2023;True;True;[]
TXN_8822610;BOLO;4;3,00;12,00;N/A;PARA VIAGEM;05/08/2023;False;True;[]
TXN_8005089;SALADA;4;5,00;20,00;N/A;N/A;10/06/2023;False;True;[]
TXN_7009420;SANDUICHE;5;4,00;20,00;N/A;PARA VIAGEM;07/07/2023;False;True;[]
TXN_5118667;CAFÉ;4;2,00;8,00;DINHEIRO;PRESENCIAL;12/12/2023;False;True;[]
TXN_6533180;CAFÉ;5;2,00;10,00;N/A;PARA VIAGEM;03/05/2023;False;True;[]
TXN_6989438;SANDUICHE;4;4,00;16,00;DINHEIRO;PARA VIAGEM;17/12/2023;False;True;[]
TXN_7003185;CHÁ;2;1,50;3,00;N/A;N/A;03/06/2023;False;True;[]
TXN_1139495;SALADA;3;5,00;15,00;CARTEIRA DIGITAL;N/A;19/02/2023;False;True;[]
TXN_1256536;SALADA;1;5,00;5,00;N/A;PARA VIAGEM;16/12/2023;False;True;[]
TXN_6437055;BOLO;1;3,00;3,00;N/A;N/A;22/10/2023;False;True;[]
TXN_6212975;N/A;1;4,00;4,00;CARTÃO DE CRÉDITO;PARA VIAGEM;08/06/2023;False;True;[]
TXN_4223466;SUCO;4;3,00;12,00;CARTEIRA DIGITAL;PARA VIAGEM;31/05/2023;False;True;[]
TXN_6684202;SANDUICHE;1;4,00;4,00;N/A;N/A;31/07/2023;False;True;[]
TXN_7279066;N/A;5;3,00;15,00;CARTEIRA DIGITAL;PARA VIAGEM;09/09/2023;False;True;[]
TXN_5032114;SANDUICHE;2;4,00;8,00;N/A;N/A;31/05/2023;False;True;[]
TXN_3411281;BOLO;2;3,00;6,00;N/A;N/A;29/09/2023;False;True;[]
TXN_6608817;SANDUICHE;5;4,00;20,00;CARTÃO DE CRÉDITO;PARA VIAGEM;17/07/2023;False;True;[]
TXN_4258943;SANDUICHE;2;4,00;8,00;CARTÃO DE CRÉDITO;PRESENCIAL;02/01/2023;False;True;[]
TXN_9774691;BOLO;3;3,00;9,00;CARTÃO DE CRÉDITO;PARA VIAGEM;11/04/2023;False;True;[]
TXN_8556230;N/A;5;1,00;5,00;DINHEIRO;PRESENCIAL;21/05/2023;False;True;[]
TXN_1522430;VITAMINA;3;4,00;12,00;CARTÃO DE CRÉDITO;N/A;06/12/2023;False;True;[]
TXN_2797077;N/A;2;5,00;10,00;N/A;PARA VIAGEM;04/07/2023;False;True;[]
TXN_7666909;SUCO;4;3,00;12,00;CARTÃO DE CRÉDITO;PARA VIAGEM;29/08/2023;False;True;[]
TXN_9365558;SALADA;4;5,00;20,00;CARTÃO DE CRÉDITO;PARA VIAGEM;12/02/2023;False;True;[]
TXN_6837601;SALADA;1;5,00;5,00;CARTEIRA DIGITAL;PARA VIAGEM;05/02/2023;False;True;[]
TXN_1713983;SALADA;2;5,00;10,00;DINHEIRO;PRESENCIAL;11/05/2023;False;True;[]
TXN_4674417;BISCOITO;5;1,00;5,00;CARTEIRA DIGITAL;PARA VIAGEM;03/07/2023;False;True;[]
TXN_4641838;BISCOITO;5;1,00;5,00;CARTÃO DE CRÉDITO;N/A;30/04/2023;False;True;[]
TXN_9315119;SALADA;2;5,00;10,00;N/A;PARA VIAGEM;16/06/2023;False;True;[]
TXN_2552405;SUCO;5;3,00;15,00;CARTÃO DE CRÉDITO;N/A;22/06/2023;False;True;[]
TXN_3465980;BISCOITO;4;1,00;4,00;DINHEIRO;PARA VIAGEM;08/07/2023;False;True;[]
TXN_4220189;CHÁ;1;1,50;1,50;N/A;PARA VIAGEM;16/08/2023;False;True;[]
TXN_7343905;BOLO;1;3,00;3,00;CARTEIRA DIGITAL;PRESENCIAL;17/01/2023;False;True;[]
TXN_9813938;SANDUICHE;5;4,00;20,00;DINHEIRO;N/A;30/06/2023;False;True;[]
TXN_6129460;SUCO;5;3,00;15,00;DINHEIRO;N/A;19/11/2023;False;True;[]
TXN_9470590;SALADA;1;5,00;5,00;CARTÃO DE CRÉDITO;PARA VIAGEM;11/04/2023;False;True;[]
TXN_7212607;CAFÉ;3;2,00;6,00;CARTEIRA DIGITAL;PRESENCIAL;06/08/2023;False;True;[]
TXN_8384628;SALADA;3;5,00;15,00;CARTÃO DE CRÉDITO;PARA VIAGEM;22/08/2023;False;True;[]
TXN_4200340;BOLO;5;3,00;15,00;DINHEIRO;PARA VIAGEM;06/07/2023;False;True;[]
TXN_9349052;N/A;4;3,00;12,00;DINHEIRO;N/A;31/10/2023;False;True;[]
TXN_2693584;BISCOITO;;1,00;3,00;N/A;N/A;28/10/2023;True;True;[]
TXN_4778105;SUCO;4;3,00;12,00;CARTEIRA DIGITAL;PRESENCIAL;08/10/2023;False;True;[]
TXN_7804488;BISCOITO;2;1,00;2,00;CARTEIRA DIGITAL;N/A;28/11/2023;False;True;[]
TXN_4674667;CAFÉ;2;2,00;4,00;N/A;PARA VIAGEM;24/05/2023;False;True;[]
TXN_4278785;SALADA;3;5,00;15,00;DINHEIRO;PRESENCIAL;29/04/2023;False;True;[]
TXN_4462052;BISCOITO;1;1,00;1,00;DINHEIRO;PRESENCIAL;12/10/2023;False;True;[]
TXN_3379368;BOLO;5;3,00;15,00;CARTÃO DE CRÉDITO;N/A;26/05/2023;False;True;[]
TXN_7651864;VITAMINA;4;4,00;16,00;CARTEIRA DIGITAL;N/A;29/04/2023;False;True;[]
TXN_7089173;SUCO;1;3,00;3,00;CARTEIRA DIGITAL;N/A;14/01/2023;False;True;[]
TXN_1906642;BISCOITO;4;1,00;4,00;N/A;PARA VIAGEM;06/06/2023;False;True;[]
TXN_5410349;N/A;5;3,00;15,00;CARTÃO DE CRÉDITO;PARA VIAGEM;05/03/2023;False;True;[]
TXN_5234368;CAFÉ;3;2,00;6,00;CARTEIRA DIGITAL;N/A;10/06/2023;False;True;[]
TXN_5544904;SALADA;5;5,00;25,00;N/A;N/A;19/04/2023;False;True;[]
TXN_3376958;SALADA;4;5,00;20,00;N/A;PRESENCIAL;31/10/2023;False;True;[]
TXN_5446085;CAFÉ;3;2,00;6,00;CARTEIRA DIGITAL;N/A;16/09/2023;False;True;[]
TXN_9676940;SUCO;2;3,00;6,00;CARTÃO DE CRÉDITO;PARA VIAGEM;16/08/2023;False;True;[]
TXN_2371941;SUCO;2;3,00;6,00;DINHEIRO;N/A;26/01/2023;False;True;[]
TXN_5708913;BOLO;2;3,00;6,00;DINHEIRO;PRESENCIAL;29/04/2023;False;True;[]
TXN_6310726;N/A;3;1,00;3,00;CARTÃO DE CRÉDITO;N/A;30/03/2023;False;True;[]
TXN_4096816;N/A;3;2,00;6,00;CARTEIRA DIGITAL;PARA VIAGEM;02/11/2023;False;True;[]
TXN_7451083;CAFÉ;1;2,00;2,00;CARTEIRA DIGITAL;N/A;24/06/2023;False;True;[]
TXN_5132082;SALADA;5;5,00;25,00;N/A;N/A;08/10/2023;False;True;[]
TXN_7323040;BISCOITO;3;1,00;3,00;N/A;PARA VIAGEM;09/11/2023;False;True;[]
TXN_9176418;VITAMINA;1;4,00;4,00;CARTEIRA DIGITAL;PARA VIAGEM;02/03/2023;False;True;[]
TXN_9702662;N/A;4;;16,00;N/A;PARA VIAGEM;10/07/2023;True;True;[]
TXN_7612618;VITAMINA;4;4,00;16,00;CARTÃO DE CRÉDITO;N/A;12/04/2023;False;True;[]
TXN_7321789;SUCO;3;3,00;9,00;CARTEIRA DIGITAL;PARA VIAGEM;10/05/2023;False;True;[]
TXN_3679126;BISCOITO;1;1,00;1,00;DINHEIRO;N/A;15/07/2023;False;True;[]
TXN_2008137;CAFÉ;4;2,00;8,00;N/A;N/A;07/10/2023;False;True;[]
TXN_2622670;BOLO;5;3,00;15,00;CARTEIRA DIGITAL;N/A;28/01/2023;False;True;[]
TXN_4791105;N/A;3;4,00;12,00;N/A;PARA VIAGEM;18/05/2023;False;True;[]
TXN_6882819;N/A;1;3,00;3,00;DINHEIRO;N/A;21/08/2023;False;True;[]
TXN_2152670;CHÁ;3;1,50;4,50;CARTÃO DE CRÉDITO;PRESENCIAL;24/12/2023;False;True;[]
TXN_3482117;SANDUICHE;2;4,00;8,00;N/A;N/A;18/07/2023;False;True;[]
TXN_1843989;N/A;5;1,00;5,00;N/A;PARA VIAGEM;19/07/2023;False;True;[]
TXN_4943715;CAFÉ;5;2,00;10,00;CARTEIRA DIGITAL;N/A;06/10/2023;False;True;[]
TXN_8571836;SUCO;3;;9,00;DINHEIRO;N/A;27/12/2023;True;True;[]
TXN_2544176;CHÁ;3;1,50;4,50;N/A;PARA VIAGEM;19/12/2023;False;True;[]
TXN_1589264;N/A;2;5,00;10,00;DINHEIRO;N/A;26/07/2023;False;True;[]
TXN_1379209;CHÁ;5;1,50;7,50;N/A;PRESENCIAL;06/02/2023;False;True;[]
TXN_2515920;N/A;3;3,00;9,00;DINHEIRO;PRESENCIAL;02/10/2023;False;True;[]
TXN_6496099;CAFÉ;;2,00;10,00;CARTEIRA DIGITAL;N/A;21/07/2023;True;True;[]
TXN_8696065;VITAMINA;3;4,00;12,00;CARTÃO DE CRÉDITO;PRESENCIAL;04/11/2023;False;True;[]
TXN_4746320;BISCOITO;2;1,00;2,00;N/A;PARA VIAGEM;02/04/2023;False;True;[]
TXN_1250407;BISCOITO;1;1,00;1,00;CARTÃO DE CRÉDITO;PARA VIAGEM;21/11/2023;False;True;[]
TXN_1617476;BOLO;2;3,00;6,00;CARTEIRA DIGITAL;PRESENCIAL;10/02/2023;False;True;[]
TXN_4196578;CHÁ;2;1,50;3,00;CARTÃO DE CRÉDITO;N/A;26/06/2023;False;True;[]
TXN_9725461;VITAMINA;3;4,00;12,00;CARTÃO DE CRÉDITO;PRESENCIAL;25/11/2023;False;True;[]
TXN_2975443;SALADA;5;5,00;25,00;N/A;PARA VIAGEM;31/12/2023;False;True;[]
TXN_1000555;CHÁ;1;1,50;1,50;CARTÃO DE CRÉDITO;PRESENCIAL;19/10/2023;False;True;[]
TXN_1622411;SALADA;2;5,00;10,00;N/A;PARA VIAGEM;23/07/2023;False;True;[]
TXN_9429128;CAFÉ;;2,00;8,00;CARTÃO DE CRÉDITO;PRESENCIAL;19/12/2023;True;True;[]
TXN_1056277;BISCOITO;;1,00;5,00;N/A;N/A;06/02/2023;True;True;[]
TXN_4801617;SUCO;5;3,00;15,00;N/A;N/A;02/04/2023;False;True;[]
TXN_1365285;SUCO;5;3,00;15,00;CARTÃO DE CRÉDITO;N/A;11/06/2023;False;True;[]
TXN_3189677;VITAMINA;;4,00;4,00;N/A;N/A;11/01/2023;True;True;[]
TXN_3375399;BISCOITO;;1,00;1,00;CARTEIRA DIGITAL;PARA VIAGEM;21/05/2023;True;True;[]
TXN_9315755;BOLO;5;3,00;15,00;DINHEIRO;PARA VIAGEM;26/09/2023;False;True;[]
TXN_6853678;BISCOITO;4;1,00;4,00;CARTEIRA DIGITAL;N/A;23/07/2023;False;True;[]
TXN_6530886;CAFÉ;1;2,00;2,00;CARTÃO DE CRÉDITO;N/A;21/10/2023;False;True;[]
TXN_3530720;VITAMINA;5;4,00;20,00;CARTEIRA DIGITAL;PRESENCIAL;18/10/2023;False;True;[]
TXN_1410102;SALADA;1;5,00;5,00;DINHEIRO;PRESENCIAL;23/06/2023;False;True;[]
TXN_6977098;SUCO;5;3,00;15,00;CARTÃO DE CRÉDITO;PRESENCIAL;09/06/2023;False;True;[]
TXN_7735237;BOLO;2;3,00;6,00;CARTEIRA DIGITAL;PRESENCIAL;13/01/2023;False;True;[]
TXN_7510766;CAFÉ;3;2,00;6,00;N/A;PRESENCIAL;24/07/2023;False;True;[]
TXN_3352256;SANDUICHE;2;4,00;8,00;N/A;PARA VIAGEM;08/09/2023;False;True;[]
TXN_8494538;BOLO;4;3,00;12,00;N/A;N/A;08/11/2023;False;True;[]
TXN_8676769;SALADA;;5,00;15,00;CARTEIRA DIGITAL;PRESENCIAL;16/06/2023;True;True;[]
TXN_5282529;CHÁ;5;1,50;7,50;CARTÃO DE CRÉDITO;PARA VIAGEM;13/04/2023;False;True;[]
TXN_9495930;CAFÉ;2;2,00;4,00;CARTEIRA DIGITAL;PARA VIAGEM;23/10/2023;False;True;[]
TXN_3514492;SUCO;3;3,00;9,00;CARTEIRA DIGITAL;PRESENCIAL;23/02/2023;False;True;[]
TXN_1349215;N/A;;4,00;4,00;CARTEIRA DIGITAL;N/A;06/02/2023;True;True;[]
TXN_7223646;BISCOITO;;1,00;5,00;CARTÃO DE CRÉDITO;N/A;19/09/2023;True;True;[]
TXN_4033982;N/A;2;1,50;3,00;CARTÃO DE CRÉDITO;PARA VIAGEM;04/01/2023;False;True;[]
TXN_1842697;N/A;5;;15,00;N/A;N/A;25/10/2023;True;True;[]
TXN_4227337;CHÁ;4;1,50;6,00;CARTEIRA DIGITAL;PARA VIAGEM;15/12/2023;False;True;[]
TXN_5790213;SUCO;3;3,00;9,00;DINHEIRO;N/A;30/08/2023;False;True;[]
TXN_3546261;CHÁ;3;1,50;4,50;N/A;PARA VIAGEM;20/03/2023;False;True;[]
TXN_7119228;N/A;4;3,00;12,00;CARTEIRA DIGITAL;N/A;09/10/2023;False;True;[]
TXN_3334257;SANDUICHE;2;4,00;8,00;DINHEIRO;N/A;10/06/2023;False;True;[]
TXN_5665767;CHÁ;4;1,50;6,00;N/A;N/A;22/08/2023;False;True;[]
TXN_4527464;CHÁ;4;1,50;6,00;N/A;PRESENCIAL;09/08/2023;False;True;[]
TXN_1011236;BOLO;1;3,00;3,00;DINHEIRO;PRESENCIAL;08/02/2023;False;True;[]
TXN_8293691;CAFÉ;4;2,00;8,00;N/A;N/A;30/06/2023;False;True;[]
TXN_7463011;SANDUICHE;2;4,00;8,00;N/A;PRESENCIAL;22/01/2023;False;True;[]
TXN_6872268;SUCO;2;3,00;6,00;CARTEIRA DIGITAL;PRESENCIAL;07/01/2023;False;True;[]
TXN_3999554;CAFÉ;1;2,00;2,00;CARTÃO DE CRÉDITO;PARA VIAGEM;13/09/2023;False;True;[]
TXN_9942247;CAFÉ;2;2,00;4,00;DINHEIRO;PARA VIAGEM;15/10/2023;False;True;[]
TXN_6113452;SANDUICHE;2;4,00;8,00;DINHEIRO;PARA VIAGEM;21/09/2023;False;True;[]
TXN_1752617;CHÁ;5;1,50;7,50;N/A;PARA VIAGEM;05/09/2023;False;True;[]
TXN_1949789;SALADA;2;5,00;10,00;N/A;PARA VIAGEM;07/11/2023;False;True;[]
TXN_7386089;SANDUICHE;2;4,00;8,00;N/A;PRESENCIAL;15/07/2023;False;True;[]
TXN_6751134;SANDUICHE;3;;12,00;N/A;N/A;12/01/2023;True;True;[]
TXN_2731270;BOLO;1;3,00;3,00;N/A;PARA VIAGEM;31/05/2023;False;True;[]
TXN_8830813;CAFÉ;;2,00;2,00;DINHEIRO;PRESENCIAL;18/06/2023;True;True;[]
TXN_2548248;BOLO;4;3,00;12,00;N/A;PARA VIAGEM;28/06/2023;False;True;[]
TXN_3026930;BOLO;2;3,00;6,00;DINHEIRO;PRESENCIAL;23/03/2023;False;True;[]
TXN_2824366;SANDUICHE;4;4,00;16,00;N/A;PRESENCIAL;02/07/2023;False;True;[]
TXN_2801651;SUCO;4;3,00;12,00;CARTEIRA DIGITAL;PARA VIAGEM;10/07/2023;False;True;[]
TXN_5005592;CAFÉ;1;2,00;2,00;CARTÃO DE CRÉDITO;PRESENCIAL;05/06/2023;False;True;[]
TXN_8284313;SALADA;5;5,00;25,00;N/A;N/A;20/11/2023;False;True;[]
TXN_8058026;CHÁ;1;1,50;1,50;N/A;PARA VIAGEM;19/05/2023;False;True;[]
TXN_2182790;CHÁ;5;1,50;7,50;CARTÃO DE CRÉDITO;PARA VIAGEM;05/05/2023;False;True;[]
TXN_7251929;N/A;2;5,00;10,00;CARTEIRA DIGITAL;PRESENCIAL;31/01/2023;False;True;[]
TXN_2145530;SANDUICHE;3;4,00;12,00;CARTEIRA DIGITAL;N/A;08/10/2023;False;True;[]
TXN_4159861;SUCO;1;3,00;3,00;CARTEIRA DIGITAL;N/A;20/03/2023;False;True;[]
TXN_4600614;SANDUICHE;3;4,00;12,00;CARTEIRA DIGITAL;PARA VIAGEM;27/01/2023;False;True;[]
TXN_1853298;BISCOITO;5;1,00;5,00;CARTÃO DE CRÉDITO;N/A;02/01/2023;False;True;[]
TXN_6600858;SANDUICHE;3;4,00;12,00;DINHEIRO;N/A;27/03/2023;False;True;[]
TXN_7494793;VITAMINA;5;;20,00;N/A;PARA VIAGEM;29/12/2023;True;True;[]
TXN_3968170;SALADA;1;5,00;5,00;N/A;PRESENCIAL;05/08/2023;False;True;[]
TXN_4628310;SUCO;4;3,00;12,00;CARTÃO DE CRÉDITO;PARA VIAGEM;20/04/2023;False;True;[]
TXN_6110009;SUCO;5;3,00;15,00;N/A;PARA VIAGEM;26/12/2023;False;True;[]
TXN_8996187;SALADA;2;;10,00;CARTÃO DE CRÉDITO;PRESENCIAL;28/09/2023;True;True;[]
TXN_3544792;SANDUICHE;1;4,00;4,00;CARTEIRA DIGITAL;N/A;27/06/2023;False;True;[]
TXN_2353057;BOLO;3;3,00;9,00;N/A;PARA VIAGEM;04/08/2023;False;True;[]
TXN_6013295;SUCO;2;3,00;6,00;DINHEIRO;PARA VIAGEM;07/11/2023;False;True;[]
TXN_3200195;SUCO;3;3,00;9,00;CARTEIRA DIGITAL;PRESENCIAL;04/05/2023;False;True;[]
TXN_4860027;BISCOITO;5;1,00;5,00;CARTEIRA DIGITAL;PARA VIAGEM;28/07/2023;False;True;[]
TXN_3509437;N/A;4;4,00;16,00;N/A;PRESENCIAL;06/12/2023;False;True;[]
TXN_5442505;BOLO;4;;12,00;CARTEIRA DIGITAL;PARA VIAGEM;07/09/2023;True;True;[]
TXN_4708410;BOLO;4;3,00;12,00;CARTEIRA DIGITAL;PRESENCIAL;08/10/2023;False;True;[]
TXN_4847617;SANDUICHE;4;4,00;16,00;CARTÃO DE CRÉDITO;N/A;04/08/2023;False;True;[]
TXN_1898329;BOLO;5;3,00;15,00;DINHEIRO;PRESENCIAL;12/04/2023;False;True;[]
TXN_2508266;BISCOITO;1;1,00;1,00;N/A;N/A;28/01/2023;False;True;[]
TXN_1945918;SUCO;2;3,00;6,00;N/A;N/A;12/09/2023;False;True;[]
TXN_8147057;SUCO;1;3,00;3,00;CARTEIRA DIGITAL;PRESENCIAL;21/08/2023;False;True;[]
TXN_9546556;N/A;5;3,00;15,00;DINHEIRO;PRESENCIAL;18/08/2023;False;True;[]
TXN_4935258;BOLO;2;3,00;6,00;CARTÃO DE CRÉDITO;N/A;14/09/2023;False;True;[]
TXN_5588239;BISCOITO;1;1,00;1,00;CARTEIRA DIGITAL;PARA VIAGEM;31/03/2023;False;True;[]
TXN_6575599;CAFÉ;5;2,00;10,00;CARTEIRA DIGITAL;PARA VIAGEM;09/10/2023;False;True;[]
TXN_9382156;CHÁ;5;1,50;7,50;N/A;PARA VIAGEM;02/06/2023;False;True;[]
TXN_1229376;BOLO;3;3,00;9,00;CARTEIRA DIGITAL;PRESENCIAL;14/08/2023;False;True;[]
TXN_1732216;CAFÉ;3;2,00;6,00;CARTEIRA DIGITAL;PARA VIAGEM;30/08/2023;False;True;[]
TXN_1756717;VITAMINA;3;4,00;12,00;CARTÃO DE CRÉDITO;N/A;22/01/2023;False;True;[]
TXN_8188857;BOLO;1;3,00;3,00;N/A;N/A;21/12/2023;False;True;[]
TXN_9783697;SANDUICHE;1;4,00;4,00;CARTEIRA DIGITAL;PARA VIAGEM;14/07/2023;False;True;[]
TXN_6991253;SUCO;3;3,00;9,00;N/A;PRESENCIAL;13/12/2023;False;True;[]
TXN_7177487;CHÁ;;1,50;6,00;CARTÃO DE CRÉDITO;N/A;07/09/2023;True;True;[]
TXN_8444245;N/A;1;3,00;3,00;DINHEIRO;N/A;30/01/2023;False;True;[]
TXN_3224756;BOLO;2;3,00;6,00;CARTÃO DE CRÉDITO;PARA VIAGEM;20/11/2023;False;True;[]
TXN_3421456;BOLO;;3,00;3,00;N/A;N/A;05/09/2023;True;True;[]
TXN_9421618;BOLO;3;3,00;9,00;DINHEIRO;N/A;21/02/2023;False;True;[]
TXN_9054741;SUCO;1;3,00;3,00;CARTÃO DE CRÉDITO;PARA VIAGEM;24/06/2023;False;True;[]
TXN_9063299;BOLO;4;3,00;12,00;CARTEIRA DIGITAL;PRESENCIAL;15/06/2023;False;True;[]
TXN_4318159;CAFÉ;4;2,00;8,00;CARTEIRA DIGITAL;N/A;30/03/2023;False;True;[]
TXN_8127390;CHÁ;3;1,50;4,50;N/A;PRESENCIAL;19/01/2023;False;True;[]
TXN_9682798;BOLO;3;3,00;9,00;DINHEIRO;PRESENCIAL;15/09/2023;False;True;[]
TXN_9716971;SALADA;4;5,00;20,00;CARTEIRA DIGITAL;N/A;21/06/2023;False;True;[]
TXN_7827797;SALADA;3;5,00;15,00;N/A;PARA VIAGEM;30/06/2023;False;True;[]
TXN_4343391;BISCOITO;5;1,00;5,00;DINHEIRO;PARA VIAGEM;01/06/2023;False;True;[]
TXN_6877186;BISCOITO;2;1,00;2,00;CARTÃO DE CRÉDITO;PRESENCIAL;05/12/2023;False;True;[]
TXN_6559173;VITAMINA;5;4,00;20,00;N/A;N/A;09/08/2023;False;True;[]
TXN_9818498;VITAMINA;3;4,00;12,00;CARTÃO DE CRÉDITO;PARA VIAGEM;01/09/2023;False;True;[]
TXN_2520102;CAFÉ;1;2,00;2,00;CARTEIRA DIGITAL;N/A;08/03/2023;False;True;[]
TXN_9155044;SANDUICHE;3;4,00;12,00;CARTÃO DE CRÉDITO;PRESENCIAL;28/02/2023;False;True;[]
TXN_5625110;SALADA;3;5,00;15,00;CARTEIRA DIGITAL;PARA VIAGEM;07/11/2023;False;True;[]
TXN_8706498;VITAMINA;5;4,00;20,00;N/A;N/A;08/05/2023;False;True;[]
TXN_1188596;SUCO;1;3,00;3,00;DINHEIRO;N/A;24/10/2023;False;True;[]
TXN_8085790;BISCOITO;4;1,00;4,00;DINHEIRO;PARA VIAGEM;27/10/2023;False;True;[]
TXN_3113823;SALADA;5;;25,00;CARTEIRA DIGITAL;PRESENCIAL;01/03/2023;True;True;[]
TXN_3423451;SALADA;4;5,00;20,00;DINHEIRO;N/A;11/10/2023;False;True;[]
TXN_8010863;CAFÉ;2;2,00;4,00;N/A;N/A;30/06/2023;False;True;[]
TXN_6154626;VITAMINA;5;4,00;20,00;N/A;PARA VIAGEM;06/05/2023;False;True;[]
TXN_5841004;BISCOITO;2;;2,00;CARTÃO DE CRÉDITO;PRESENCIAL;28/04/2023;True;True;[]
TXN_2886223;SANDUICHE;5;4,00;20,00;CARTÃO DE CRÉDITO;N/A;24/07/2023;False;True;[]
TXN_6047742;VITAMINA;5;4,00;20,00;CARTEIRA DIGITAL;PRESENCIAL;11/12/2023;False;True;[]
TXN_5086795;SALADA;1;5,00;5,00;DINHEIRO;PRESENCIAL;29/04/2023;False;True;[]
TXN_1943186;SALADA;2;5,00;10,00;DINHEIRO;PRESENCIAL;16/12/2023;False;True;[]
TXN_9600016;BISCOITO;4;1,00;4,00;N/A;PARA VIAGEM;06/05/2023;False;True;[]
TXN_4305997;CHÁ;3;1,50;4,50;N/A;PRESENCIAL;22/11/2023;False;True;[]
TXN_4364374;SANDUICHE;2;4,00;8,00;DINHEIRO;N/A;20/04/2023;False;True;[]
TXN_7031347;N/A;4;3,00;12,00;CARTÃO DE CRÉDITO;PARA VIAGEM;09/06/2023;False;True;[]
TXN_9703331;BOLO;2;3,00;6,00;DINHEIRO;N/A;09/09/2023;False;True;[]
TXN_3851247;BOLO;1;3,00;3,00;CARTÃO DE CRÉDITO;PRESENCIAL;23/11/2023;False;True;[]
TXN_6666679;SUCO;2;3,00;6,00;CARTEIRA DIGITAL;N/A;25/08/2023;False;True;[]
TXN_5683213;VITAMINA;2;4,00;8,00;CARTÃO DE CRÉDITO;PRESENCIAL;30/10/2023;False;True;[]
TXN_2052609;BOLO;4;;12,00;CARTÃO DE CRÉDITO;PARA VIAGEM;23/06/2023;True;True;[]
TXN_6557825;CHÁ;;1,50;4,50;N/A;N/A;07/05/2023;True;True;[]
TXN_6228999;BISCOITO;5;1,00;5,00;N/A;N/A;07/02/2023;False;True;[]
TXN_4226287;BISCOITO;1;1,00;1,00;N/A;N/A;29/04/2023;False;True;[]
TXN_2570829;SUCO;1;3,00;3,00;DINHEIRO;PARA VIAGEM;31/03/2023;False;True;[]
TXN_7433531;SANDUICHE;2;4,00;8,00;N/A;PARA VIAGEM;16/08/2023;False;True;[]
TXN_5190685;BISCOITO;4;1,00;4,00;DINHEIRO;PARA VIAGEM;12/11/2023;False;True;[]
TXN_4526296;VITAMINA;5;4,00;20,00;N/A;PARA VIAGEM;23/11/2023;False;True;[]
TXN_5137315;SALADA;;5,00;25,00;CARTÃO DE CRÉDITO;PRESENCIAL;05/01/2023;True;True;[]
TXN_6513435;SUCO;3;3,00;9,00;N/A;PARA VIAGEM;16/08/2023;False;True;[]
TXN_8337899;BISCOITO;1;1,00;1,00;CARTEIRA DIGITAL;N/A;10/11/2023;False;True;[]
TXN_2245787;SALADA;4;5,00;20,00;N/A;PARA VIAGEM;29/10/2023;False;True;[]
TXN_9203396;CAFÉ;5;2,00;10,00;CARTEIRA DIGITAL;PRESENCIAL;08/01/2023;False;True;[]
TXN_9352671;SANDUICHE;2;4,00;8,00;DINHEIRO;PARA VIAGEM;10/02/2023;False;True;[]
TXN_6391414;VITAMINA;4;4,00;16,00;DINHEIRO;PRESENCIAL;08/05/2023;False;True;[]
TXN_2613440;SUCO;3;3,00;9,00;CARTÃO DE CRÉDITO;PRESENCIAL;15/04/2023;False;True;[]
TXN_5632564;BISCOITO;1;1,00;1,00;CARTÃO DE CRÉDITO;N/A;04/11/2023;False;True;[]
TXN_4175122;N/A;4;2,00;8,00;CARTEIRA DIGITAL;PRESENCIAL;29/09/2023;False;True;[]
TXN_4704439;CAFÉ;3;2,00;6,00;DINHEIRO;N/A;14/06/2023;False;True;[]
TXN_2666340;BOLO;2;3,00;6,00;DINHEIRO;PARA VIAGEM;29/09/2023;False;True;[]
TXN_8004162;SALADA;5;5,00;25,00;N/A;N/A;04/11/2023;False;True;[]
TXN_6539480;BOLO;5;3,00;15,00;DINHEIRO;PARA VIAGEM;25/08/2023;False;True;[]
TXN_1993002;N/A;4;3,00;12,00;N/A;PARA VIAGEM;30/03/2023;False;True;[]
TXN_5024094;CHÁ;1;;1,50;CARTÃO DE CRÉDITO;N/A;20/02/2023;True;True;[]
TXN_7399898;SUCO;3;3,00;9,00;N/A;N/A;19/02/2023;False;True;[]
TXN_7675213;N/A;;4,00;8,00;CARTEIRA DIGITAL;PRESENCIAL;08/03/2023;True;True;[]
TXN_5180728;CHÁ;2;1,50;3,00;N/A;PRESENCIAL;01/09/2023;False;True;[]
TXN_1442791;CHÁ;1;1,50;1,50;N/A;N/A;23/03/2023;False;True;[]
TXN_7169607;BOLO;2;3,00;6,00;CARTÃO DE CRÉDITO;N/A;10/04/2023;False;True;[]
TXN_8157817;CHÁ;2;1,50;3,00;CARTÃO DE CRÉDITO;PARA VIAGEM;30/08/2023;False;True;[]
TXN_9105544;CHÁ;3;1,50;4,50;N/A;PRESENCIAL;08/07/2023;False;True;[]
TXN_7620529;SANDUICHE;2;4,00;8,00;DINHEIRO;PRESENCIAL;08/08/2023;False;True;[]
TXN_1491670;SUCO;5;3,00;15,00;CARTÃO DE CRÉDITO;PARA VIAGEM;28/06/2023;False;True;[]
TXN_8041777;BOLO;1;3,00;3,00;DINHEIRO;N/A;23/11/2023;False;True;[]
TXN_2366464;SUCO;1;3,00;3,00;DINHEIRO;PARA VIAGEM;05/06/2023;False;True;[]
TXN_7994275;VITAMINA;3;4,00;12,00;CARTÃO DE CRÉDITO;PRESENCIAL;18/09/2023;False;True;[]
TXN_6034920;BISCOITO;1;1,00;1,00;CARTÃO DE CRÉDITO;PRESENCIAL;09/09/2023;False;True;[]
TXN_4673812;BISCOITO;2;1,00;2,00;CARTEIRA DIGITAL;PARA VIAGEM;01/05/2023;False;True;[]
TXN_3577949;BOLO;3;;;N/A;PARA VIAGEM;25/04/2023;True;True;[]
TXN_4503560;BOLO;5;3,00;15,00;CARTEIRA DIGITAL;N/A;21/02/2023;False;True;[]
TXN_6543620;BISCOITO;2;1,00;2,00;DINHEIRO;PARA VIAGEM;08/04/2023;False;True;[]
TXN_5071222;BISCOITO;5;1,00;5,00;CARTEIRA DIGITAL;N/A;25/10/2023;False;True;[]
TXN_1605048;BOLO;4;3,00;12,00;DINHEIRO;PARA VIAGEM;16/03/2023;False;True;[]
TXN_9907306;N/A;3;1,00;3,00;CARTEIRA DIGITAL;PARA VIAGEM;06/09/2023;False;True;[]
TXN_2401829;VITAMINA;5;4,00;20,00;CARTEIRA DIGITAL;PARA VIAGEM;07/02/2023;False;True;[]
TXN_8359674;SALADA;3;5,00;15,00;N/A;PARA VIAGEM;16/10/2023;False;True;[]
TXN_1937611;CHÁ;2;;3,00;CARTÃO DE CRÉDITO;PARA VIAGEM;02/11/2023;True;True;[]
TXN_5438111;VITAMINA;3;4,00;12,00;DINHEIRO;PRESENCIAL;06/01/2023;False;True;[]
TXN_1442771;N/A;1;3,00;3,00;N/A;N/A;25/04/2023;False;True;[]
TXN_5793057;SANDUICHE;3;4,00;12,00;CARTÃO DE CRÉDITO;PRESENCIAL;25/02/2023;False;True;[]
TXN_1778597;BISCOITO;3;1,00;3,00;DINHEIRO;N/A;28/09/2023;False;True;[]
TXN_4076631;N/A;4;3,00;12,00;DINHEIRO;PRESENCIAL;21/07/2023;False;True;[]
TXN_1660757;BOLO;4;3,00;12,00;CARTEIRA DIGITAL;PARA VIAGEM;08/11/2023;False;True;[]
TXN_7540909;CHÁ;2;1,50;3,00;CARTEIRA DIGITAL;N/A;20/02/2023;False;True;[]
TXN_1469462;BOLO;1;3,00;3,00;CARTÃO DE CRÉDITO;PARA VIAGEM;05/09/2023;False;True;[]
TXN_4745094;CHÁ;5;1,50;7,50;CARTÃO DE CRÉDITO;N/A;05/12/2023;False;True;[]
TXN_3711712;SALADA;5;5,00;25,00;CARTEIRA DIGITAL;PRESENCIAL;20/08/2023;False;True;[]
TXN_7909509;VITAMINA;3;4,00;12,00;N/A;PARA VIAGEM;10/10/2023;False;True;[]
TXN_8577850;CHÁ;;1,50;4,50;N/A;N/A;10/07/2023;True;True;[]
TXN_1268480;SALADA;5;5,00;25,00;DINHEIRO;PRESENCIAL;18/04/2023;False;True;[]
TXN_6579974;SANDUICHE;5;4,00;20,00;CARTEIRA DIGITAL;N/A;10/05/2023;False;True;[]
TXN_6957331;SUCO;3;3,00;9,00;CARTEIRA DIGITAL;N/A;23/01/2023;False;True;[]
TXN_7796731;SUCO;;3,00;6,00;N/A;PRESENCIAL;09/06/2023;True;True;[]
TXN_7218914;N/A;1;5,00;5,00;CARTEIRA DIGITAL;PRESENCIAL;11/01/2023;False;True;[]
TXN_4869107;VITAMINA;3;4,00;12,00;CARTEIRA DIGITAL;PRESENCIAL;30/01/2023;False;True;[]
TXN_2027203;CAFÉ;3;2,00;6,00;CARTÃO DE CRÉDITO;N/A;15/07/2023;False;True;[]
TXN_6149748;SALADA;3;5,00;15,00;CARTÃO DE CRÉDITO;N/A;06/07/2023;False;True;[]
TXN_1633563;N/A;4;4,00;16,00;CARTEIRA DIGITAL;PRESENCIAL;05/02/2023;False;True;[]
TXN_3088330;CHÁ;5;1,50;7,50;CARTEIRA DIGITAL;PRESENCIAL;08/12/2023;False;True;[]
TXN_5001766;VITAMINA;1;4,00;4,00;CARTEIRA DIGITAL;N/A;24/05/2023;False;True;[]
TXN_5634960;CHÁ;2;1,50;3,00;N/A;PARA VIAGEM;06/09/2023;False;True;[]
TXN_6280724;CAFÉ;3;2,00;6,00;CARTÃO DE CRÉDITO;N/A;02/05/2023;False;True;[]
TXN_7650834;SALADA;2;5,00;10,00;DINHEIRO;PARA VIAGEM;29/10/2023;False;True;[]
TXN_4107857;CHÁ;1;1,50;1,50;CARTÃO DE CRÉDITO;PARA VIAGEM;29/01/2023;False;True;[]
TXN_4635037;SUCO;1;3,00;3,00;CARTEIRA DIGITAL;PRESENCIAL;17/05/2023;False;True;[]
TXN_2160119;N/A;5;4,00;20,00;DINHEIRO;N/A;27/12/2023;False;True;[]
TXN_9103776;CHÁ;4;1,50;6,00;CARTÃO DE CRÉDITO;PRESENCIAL;03/05/2023;False;True;[]
TXN_7538221;BOLO;5;3,00;15,00;CARTÃO DE CRÉDITO;PARA VIAGEM;31/03/2023;False;True;[]
TXN_4565754;VITAMINA;;4,00;;CARTEIRA DIGITAL;PARA VIAGEM;06/10/2023;True;True;[]
TXN_8807333;SANDUICHE;5;4,00;20,00;CARTEIRA DIGITAL;PRESENCIAL;18/03/2023;False;True;[]
TXN_8006056;SUCO;4;3,00;12,00;CARTÃO DE CRÉDITO;PARA VIAGEM;19/12/2023;False;True;[]
TXN_2216532;CHÁ;3;1,50;4,50;DINHEIRO;N/A;27/12/2023;False;True;[]
TXN_6553720;CAFÉ;4;2,00;8,00;N/A;PRESENCIAL;02/02/2023;False;True;[]
TXN_5828907;BISCOITO;5;1,00;5,00;CARTEIRA DIGITAL;N/A;13/05/2023;False;True;[]
TXN_2336248;BOLO;;3,00;15,00;N/A;PARA VIAGEM;19/10/2023;True;True;[]
TXN_3321611;N/A;3;4,00;12,00;N/A;PARA VIAGEM;09/09/2023;False;True;[]
TXN_6022618;VITAMINA;1;4,00;4,00;CARTEIRA DIGITAL;PRESENCIAL;18/12/2023;False;True;[]
TXN_1665810;SANDUICHE;5;4,00;20,00;CARTEIRA DIGITAL;PRESENCIAL;26/02/2023;False;True;[]
TXN_1399696;BOLO;5;3,00;15,00;DINHEIRO;PRESENCIAL;08/04/2023;False;True;[]
TXN_9154381;BISCOITO;2;1,00;2,00;CARTÃO DE CRÉDITO;PRESENCIAL;21/04/2023;False;True;[]
TXN_5333966;SUCO;4;3,00;12,00;N/A;PRESENCIAL;11/06/2023;False;True;[]
TXN_8361813;BISCOITO;3;1,00;3,00;DINHEIRO;PRESENCIAL;01/08/2023;False;True;[]
TXN_9841222;SANDUICHE;5;4,00;20,00;CARTÃO DE CRÉDITO;N/A;23/04/2023;False;True;[]
TXN_4754346;SUCO;4;3,00;12,00;CARTÃO DE CRÉDITO;PRESENCIAL;31/08/2023;False;True;[]
TXN_5910268;SALADA;4;5,00;20,00;N/A;PARA VIAGEM;04/07/2023;False;True;[]
TXN_5227574;SUCO;4;3,00;12,00;CARTEIRA DIGITAL;N/A;10/04/2023;False;True;[]
TXN_5485774;CAFÉ;2;2,00;4,00;CARTÃO DE CRÉDITO;N/A;20/07/2023;False;True;[]
TXN_6504165;SUCO;3;;9,00;DINHEIRO;PARA VIAGEM;13/02/2023;True;True;[]
TXN_6297232;CAFÉ;;2,00;;N/A;N/A;07/04/2023;True;True;[]
TXN_2391659;CHÁ;5;1,50;7,50;N/A;N/A;16/02/2023;False;True;[]
TXN_8964493;VITAMINA;1;4,00;4,00;DINHEIRO;N/A;10/02/2023;False;True;[]
TXN_1931832;N/A;4;4,00;16,00;CARTÃO DE CRÉDITO;N/A;07/05/2023;False;True;[]
TXN_4939667;SALADA;1;5,00;5,00;DINHEIRO;PARA VIAGEM;23/01/2023;False;True;[]
TXN_7126803;SANDUICHE;5;4,00;20,00;CARTEIRA DIGITAL;PARA VIAGEM;24/05/2023;False;True;[]
TXN_9649878;BOLO;5;3,00;15,00;DINHEIRO;N/A;24/12/2023;False;True;[]
TXN_5086063;SUCO;3;3,00;9,00;CARTEIRA DIGITAL;PARA VIAGEM;28/09/2023;False;True;[]
TXN_5026564;VITAMINA;3;4,00;12,00;DINHEIRO;N/A;12/09/2023;False;True;[]
TXN_9680054;BOLO;3;3,00;9,00;N/A;PRESENCIAL;14/03/2023;False;True;[]
TXN_7299015;CAFÉ;5;2,00;10,00;N/A;PARA VIAGEM;02/12/2023;False;True;[]
TXN_6040824;SANDUICHE;1;4,00;4,00;DINHEIRO;N/A;07/01/2023;False;True;[]
TXN_4520062;N/A;2;1,50;3,00;N/A;PRESENCIAL;10/01/2023;False;True;[]
TXN_5889049;BISCOITO;2;1,00;2,00;N/A;PRESENCIAL;14/07/2023;False;True;[]
TXN_1177438;SALADA;4;5,00;20,00;N/A;PARA VIAGEM;21/08/2023;False;True;[]
TXN_6345691;N/A;5;4,00;20,00;CARTÃO DE CRÉDITO;N/A;03/09/2023;False;True;[]
TXN_6523635;N/A;2;5,00;10,00;N/A;PARA VIAGEM;22/04/2023;False;True;[]
TXN_6854151;SANDUICHE;3;4,00;12,00;CARTÃO DE CRÉDITO;PRESENCIAL;07/02/2023;False;True;[]
TXN_6862075;N/A;3;3,00;9,00;CARTÃO DE CRÉDITO;PRESENCIAL;13/08/2023;False;True;[]
TXN_9202272;SANDUICHE;3;4,00;12,00;N/A;N/A;29/11/2023;False;True;[]
TXN_8620934;BISCOITO;5;1,00;5,00;N/A;PRESENCIAL;10/09/2023;False;True;[]
TXN_8133627;BOLO;5;3,00;15,00;DINHEIRO;PRESENCIAL;15/08/2023;False;True;[]
TXN_5777224;CHÁ;3;1,50;4,50;N/A;N/A;16/09/2023;False;True;[]
TXN_1895899;VITAMINA;4;;16,00;CARTÃO DE CRÉDITO;PRESENCIAL;17/07/2023;True;True;[]
TXN_3658211;BOLO;;3,00;12,00;DINHEIRO;PARA VIAGEM;02/04/2023;True;True;[]
TXN_5117140;BISCOITO;5;1,00;5,00;CARTEIRA DIGITAL;PARA VIAGEM;17/08/2023;False;True;[]
TXN_2513950;VITAMINA;4;4,00;16,00;N/A;PRESENCIAL;03/04/2023;False;True;[]
TXN_7890585;BOLO;5;3,00;15,00;DINHEIRO;N/A;11/08/2023;False;True;[]
TXN_5106045;CAFÉ;3;;6,00;CARTÃO DE CRÉDITO;N/A;17/11/2023;True;True;[]
TXN_5177565;SANDUICHE;5;4,00;20,00;N/A;N/A;24/10/2023;False;True;[]
TXN_2792107;BOLO;1;3,00;3,00;N/A;N/A;10/07/2023;False;True;[]
TXN_4036747;VITAMINA;1;4,00;4,00;DINHEIRO;PARA VIAGEM;27/05/2023;False;True;[]
TXN_2955691;BOLO;1;3,00;3,00;N/A;PARA VIAGEM;04/04/2023;False;True;[]
TXN_9641364;BISCOITO;3;1,00;3,00;N/A;PRESENCIAL;04/03/2023;False;True;[]
TXN_3488590;BISCOITO;;1,00;2,00;CARTÃO DE CRÉDITO;PARA VIAGEM;28/12/2023;True;True;[]
TXN_9720549;BISCOITO;1;1,00;1,00;CARTÃO DE CRÉDITO;PRESENCIAL;30/07/2023;False;True;[]
TXN_2477550;N/A;2;4,00;8,00;DINHEIRO;PARA VIAGEM;02/02/2023;False;True;[]
TXN_2172960;VITAMINA;1;4,00;4,00;CARTEIRA DIGITAL;N/A;04/07/2023;False;True;[]
TXN_5901182;SANDUICHE;5;4,00;20,00;CARTEIRA DIGITAL;PRESENCIAL;15/07/2023;False;True;[]
TXN_1923984;BOLO;2;3,00;6,00;CARTÃO DE CRÉDITO;PARA VIAGEM;31/08/2023;False;True;[]
TXN_4163149;SALADA;1;5,00;5,00;DINHEIRO;N/A;30/07/2023;False;True;[]
TXN_5996894;SUCO;1;3,00;3,00;CARTÃO DE CRÉDITO;N/A;12/06/2023;False;True;[]
TXN_2979899;BOLO;5;3,00;15,00;CARTEIRA DIGITAL;N/A;26/05/2023;False;True;[]
TXN_7762739;SANDUICHE;4;4,00;16,00;N/A;PRESENCIAL;05/11/2023;False;True;[]
TXN_6392156;BISCOITO;5;1,00;5,00;CARTÃO DE CRÉDITO;PARA VIAGEM;12/11/2023;False;True;[]
TXN_7278248;SALADA;;5,00;25,00;DINHEIRO;PARA VIAGEM;23/10/2023;True;True;[]
TXN_1315847;BOLO;1;3,00;3,00;CARTEIRA DIGITAL;PRESENCIAL;19/06/2023;False;True;[]
TXN_9367729;CAFÉ;2;2,00;4,00;N/A;PARA VIAGEM;10/10/2023;False;True;[]
TXN_1464150;CAFÉ;5;2,00;10,00;DINHEIRO;PARA VIAGEM;14/02/2023;False;True;[]
TXN_1746001;BISCOITO;;1,00;3,00;CARTEIRA DIGITAL;PARA VIAGEM;15/03/2023;True;True;[]
TXN_4203560;SUCO;1;3,00;3,00;N/A;N/A;20/08/2023;False;True;[]
TXN_1493452;SANDUICHE;3;4,00;12,00;N/A;N/A;08/11/2023;False;True;[]
TXN_4171998;SANDUICHE;;4,00;8,00;N/A;PARA VIAGEM;18/10/2023;True;True;[]
TXN_4528664;SALADA;3;5,00;15,00;DINHEIRO;PRESENCIAL;31/12/2023;False;True;[]
TXN_1775278;SUCO;4;3,00;12,00;CARTÃO DE CRÉDITO;PARA VIAGEM;22/02/2023;False;True;[]
TXN_1459078;BISCOITO;5;1,00;5,00;N/A;PRESENCIAL;10/11/2023;False;True;[]
TXN_1411473;CAFÉ;3;2,00;6,00;CARTÃO DE CRÉDITO;PRESENCIAL;04/01/2023;False;True;[]
TXN_5132747;CAFÉ;2;2,00;4,00;N/A;N/A;28/10/2023;False;True;[]
TXN_7684072;CHÁ;2;1,50;3,00;CARTÃO DE CRÉDITO;N/A;12/05/2023;False;True;[]
TXN_3660999;BOLO;3;3,00;9,00;CARTEIRA DIGITAL;N/A;02/02/2023;False;True;[]
TXN_7828462;N/A;;1,50;4,50;DINHEIRO;PARA VIAGEM;11/01/2023;True;True;[]
TXN_3976744;SUCO;1;3,00;3,00;DINHEIRO;N/A;25/12/2023;False;True;[]
TXN_3397978;VITAMINA;5;4,00;20,00;CARTEIRA DIGITAL;PRESENCIAL;01/08/2023;False;True;[]
TXN_8568597;SUCO;1;3,00;3,00;CARTEIRA DIGITAL;PARA VIAGEM;03/04/2023;False;True;[]
TXN_4152709;SANDUICHE;4;4,00;16,00;N/A;N/A;03/12/2023;False;True;[]
TXN_5222110;CAFÉ;2;2,00;4,00;N/A;N/A;30/01/2023;False;True;[]
TXN_1987716;CAFÉ;1;2,00;2,00;CARTÃO DE CRÉDITO;N/A;13/11/2023;False;True;[]
TXN_3643348;SANDUICHE;4;4,00;16,00;CARTEIRA DIGITAL;PRESENCIAL;06/09/2023;False;True;[]
TXN_6537449;SALADA;2;5,00;10,00;N/A;PRESENCIAL;15/01/2023;False;True;[]
TXN_1244509;VITAMINA;3;4,00;12,00;CARTÃO DE CRÉDITO;PRESENCIAL;21/02/2023;False;True;[]
TXN_3490516;CAFÉ;5;2,00;10,00;N/A;N/A;28/04/2023;False;True;[]
TXN_2726254;VITAMINA;3;;12,00;N/A;PARA VIAGEM;08/06/2023;True;True;[]
TXN_9917989;VITAMINA;4;4,00;16,00;CARTEIRA DIGITAL;PARA VIAGEM;20/10/2023;False;True;[]
TXN_4168628;CHÁ;4;1,50;6,00;CARTEIRA DIGITAL;PRESENCIAL;27/04/2023;False;True;[]
TXN_2490026;BOLO;5;3,00;15,00;N/A;N/A;21/10/2023;False;True;[]
TXN_7327440;N/A;3;1,00;3,00;DINHEIRO;PRESENCIAL;02/05/2023;False;True;[]
TXN_3597656;CAFÉ;4;2,00;8,00;CARTEIRA DIGITAL;N/A;03/04/2023;False;True;[]
TXN_1765281;VITAMINA;3;4,00;12,00;CARTÃO DE CRÉDITO;PRESENCIAL;28/01/2023;False;True;[]
TXN_4667663;BOLO;5;3,00;15,00;CARTÃO DE CRÉDITO;N/A;07/03/2023;False;True;[]
TXN_8571235;BOLO;1;3,00;3,00;DINHEIRO;PARA VIAGEM;01/03/2023;False;True;[]
TXN_2580487;BOLO;1;3,00;3,00;N/A;PARA VIAGEM;13/01/2023;False;True;[]
TXN_2611683;BOLO;3;3,00;9,00;CARTEIRA DIGITAL;PRESENCIAL;11/04/2023;False;True;[]
TXN_4271744;SUCO;3;3,00;9,00;CARTEIRA DIGITAL;PARA VIAGEM;19/06/2023;False;True;[]
TXN_2917072;CHÁ;3;1,50;4,50;N/A;PARA VIAGEM;25/01/2023;False;True;[]
TXN_5777903;CAFÉ;;2,00;4,00;N/A;PARA VIAGEM;15/05/2023;True;True;[]
TXN_5153086;CHÁ;3;1,50;4,50;DINHEIRO;PRESENCIAL;27/06/2023;False;True;[]
TXN_6004967;SALADA;4;5,00;20,00;CARTÃO DE CRÉDITO;N/A;13/01/2023;False;True;[]
TXN_3435509;SANDUICHE;1;4,00;4,00;DINHEIRO;PARA VIAGEM;19/08/2023;False;True;[]
TXN_2488232;CHÁ;2;1,50;3,00;N/A;N/A;05/10/2023;False;True;[]
TXN_8771574;CAFÉ;3;2,00;6,00;CARTEIRA DIGITAL;PARA VIAGEM;03/05/2023;False;True;[]
TXN_1181626;BISCOITO;4;1,00;4,00;N/A;PARA VIAGEM;06/02/2023;False;True;[]
TXN_4081759;N/A;;2,00;4,00;N/A;N/A;30/09/2023;True;True;[]
TXN_6177161;CHÁ;5;1,50;7,50;CARTÃO DE CRÉDITO;PRESENCIAL;01/04/2023;False;True;[]
TXN_2500345;SALADA;5;5,00;25,00;N/A;PRESENCIAL;16/04/2023;False;True;[]
TXN_1228652;SALADA;1;;5,00;DINHEIRO;PRESENCIAL;24/07/2023;True;True;[]
TXN_4476151;SUCO;4;3,00;12,00;CARTÃO DE CRÉDITO;PRESENCIAL;15/02/2023;False;True;[]
TXN_6557174;SALADA;4;5,00;20,00;CARTÃO DE CRÉDITO;PRESENCIAL;20/08/2023;False;True;[]
TXN_5089516;VITAMINA;2;4,00;8,00;CARTÃO DE CRÉDITO;PRESENCIAL;04/11/2023;False;True;[]
TXN_5915706;CHÁ;1;1,50;1,50;DINHEIRO;PRESENCIAL;18/08/2023;False;True;[]
TXN_9341159;BOLO;5;3,00;15,00;N/A;N/A;29/09/2023;False;True;[]
TXN_1870303;CAFÉ;4;2,00;8,00;CARTEIRA DIGITAL;PRESENCIAL;05/05/2023;False;True;[]
TXN_5680238;SUCO;5;3,00;15,00;N/A;N/A;17/12/2023;False;True;[]
TXN_7766134;CHÁ;1;1,50;1,50;CARTÃO DE CRÉDITO;PARA VIAGEM;05/01/2023;False;True;[]
TXN_2617257;BISCOITO;1;1,00;1,00;DINHEIRO;PARA VIAGEM;20/08/2023;False;True;[]
TXN_8993132;BOLO;3;3,00;9,00;N/A;PRESENCIAL;21/01/2023;False;True;[]
TXN_4268167;VITAMINA;4;4,00;16,00;N/A;N/A;06/07/2023;False;True;[]
TXN_9358399;CHÁ;5;1,50;7,50;CARTÃO DE CRÉDITO;N/A;16/06/2023;False;True;[]
TXN_2793054;VITAMINA;4;4,00;16,00;N/A;PARA VIAGEM;29/04/2023;False;True;[]
TXN_6179169;SANDUICHE;2;4,00;8,00;DINHEIRO;PRESENCIAL;21/10/2023;False;True;[]
TXN_7932895;VITAMINA;2;4,00;8,00;N/A;PRESENCIAL;04/04/2023;False;True;[]
TXN_3364751;CAFÉ;2;2,00;4,00;CARTEIRA DIGITAL;PARA VIAGEM;12/04/2023;False;True;[]
TXN_1097334;CAFÉ;2;2,00;4,00;CARTÃO DE CRÉDITO;PARA VIAGEM;21/03/2023;False;True;[]
TXN_9914084;N/A;1;2,00;2,00;N/A;PARA VIAGEM;16/06/2023;False;True;[]
TXN_5982786;SUCO;4;3,00;12,00;CARTÃO DE CRÉDITO;PRESENCIAL;26/12/2023;False;True;[]
TXN_3160090;SALADA;1;5,00;5,00;N/A;PARA VIAGEM;23/07/2023;False;True;[]
TXN_2300313;CAFÉ;4;2,00;8,00;N/A;PRESENCIAL;02/06/2023;False;True;[]
TXN_9461396;VITAMINA;5;4,00;20,00;N/A;N/A;23/05/2023;False;True;[]
TXN_6887407;BOLO;3;3,00;9,00;DINHEIRO;PRESENCIAL;15/09/2023;False;True;[]
TXN_6425991;SALADA;1;5,00;5,00;CARTÃO DE CRÉDITO;PARA VIAGEM;06/08/2023;False;True;[]
TXN_6040882;BISCOITO;1;1,00;1,00;DINHEIRO;PRESENCIAL;06/06/2023;False;True;[]
TXN_4151440;BOLO;5;3,00;15,00;N/A;PRESENCIAL;16/11/2023;False;True;[]
TXN_7921799;BISCOITO;1;1,00;1,00;CARTÃO DE CRÉDITO;PARA VIAGEM;14/09/2023;False;True;[]
TXN_1715317;N/A;5;3,00;15,00;CARTEIRA DIGITAL;PRESENCIAL;10/02/2023;False;True;[]
TXN_2482242;BISCOITO;4;1,00;4,00;N/A;N/A;07/02/2023;False;True;[]
TXN_5861636;CAFÉ;4;2,00;8,00;CARTÃO DE CRÉDITO;N/A;15/05/2023;False;True;[]
TXN_7272630;CHÁ;4;1,50;6,00;DINHEIRO;PARA VIAGEM;24/03/2023;False;True;[]
TXN_7157169;SANDUICHE;3;4,00;12,00;N/A;N/A;29/01/2023;False;True;[]
TXN_9325384;SUCO;5;3,00;15,00;N/A;PRESENCIAL;24/04/2023;False;True;[]
TXN_2832778;SUCO;2;3,00;6,00;CARTÃO DE CRÉDITO;N/A;27/09/2023;False;True;[]
TXN_9894745;CHÁ;;1,50;3,00;DINHEIRO;PARA VIAGEM;28/08/2023;True;True;[]
TXN_1244299;SANDUICHE;2;4,00;8,00;DINHEIRO;PARA VIAGEM;18/07/2023;False;True;[]
TXN_1694090;CAFÉ;4;2,00;8,00;CARTEIRA DIGITAL;N/A;30/11/2023;False;True;[]
TXN_5965095;SALADA;4;5,00;20,00;CARTEIRA DIGITAL;PRESENCIAL;16/06/2023;False;True;[]
TXN_7911650;SUCO;2;3,00;6,00;DINHEIRO;PARA VIAGEM;13/03/2023;False;True;[]
TXN_9610933;CHÁ;3;1,50;4,50;DINHEIRO;N/A;20/05/2023;False;True;[]
TXN_7440879;N/A;1;3,00;3,00;N/A;PRESENCIAL;30/12/2023;False;True;[]
TXN_4228312;CAFÉ;4;2,00;8,00;CARTEIRA DIGITAL;N/A;22/01/2023;False;True;[]
TXN_6431703;SANDUICHE;1;4,00;4,00;CARTÃO DE CRÉDITO;PARA VIAGEM;25/08/2023;False;True;[]
TXN_1063524;VITAMINA;5;4,00;20,00;CARTÃO DE CRÉDITO;N/A;09/11/2023;False;True;[]
TXN_9031518;SANDUICHE;5;4,00;20,00;CARTÃO DE CRÉDITO;PRESENCIAL;13/01/2023;False;True;[]
TXN_5781767;SANDUICHE;5;;20,00;CARTÃO DE CRÉDITO;PRESENCIAL;27/04/2023;True;True;[]
TXN_4465589;N/A;;1,50;3,00;CARTÃO DE CRÉDITO;N/A;26/03/2023;True;True;[]
TXN_2035838;N/A;;3,00;15,00;CARTEIRA DIGITAL;PARA VIAGEM;01/02/2023;True;True;[]
TXN_9817602;N/A;2;4,00;8,00;CARTÃO DE CRÉDITO;PARA VIAGEM;26/12/2023;False;True;[]
TXN_9643180;CAFÉ;2;2,00;4,00;DINHEIRO;N/A;10/06/2023;False;True;[]
TXN_9070074;CAFÉ;5;2,00;10,00;CARTEIRA DIGITAL;N/A;03/02/2023;False;True;[]
TXN_5274961;N/A;1;3,00;3,00;CARTÃO DE CRÉDITO;PRESENCIAL;04/11/2023;False;True;[]
TXN_8715388;SALADA;1;5,00;5,00;N/A;PRESENCIAL;04/11/2023;False;True;[]
TXN_1980303;CHÁ;3;1,50;4,50;CARTEIRA DIGITAL;N/A;22/04/2023;False;True;[]
TXN_9291130;BISCOITO;;1,00;5,00;DINHEIRO;PRESENCIAL;11/05/2023;True;True;[]
TXN_2652800;BOLO;4;3,00;12,00;DINHEIRO;N/A;30/11/2023;False;True;[]
TXN_7068406;SUCO;2;3,00;6,00;CARTEIRA DIGITAL;PARA VIAGEM;26/01/2023;False;True;[]
TXN_5380220;CAFÉ;4;2,00;8,00;CARTÃO DE CRÉDITO;PRESENCIAL;18/10/2023;False;True;[]
TXN_7842557;CHÁ;4;1,50;6,00;N/A;PRESENCIAL;09/02/2023;False;True;[]
TXN_7208533;CHÁ;1;1,50;1,50;DINHEIRO;PRESENCIAL;15/05/2023;False;True;[]
TXN_6916853;VITAMINA;5;4,00;20,00;DINHEIRO;N/A;22/12/2023;False;True;[]
TXN_9086710;SALADA;2;5,00;10,00;N/A;PRESENCIAL;27/10/2023;False;True;[]
TXN_1830278;BISCOITO;3;1,00;3,00;CARTÃO DE CRÉDITO;N/A;15/05/2023;False;True;[]
TXN_8388122;CHÁ;4;1,50;6,00;N/A;PRESENCIAL;01/11/2023;False;True;[]
TXN_8612901;SUCO;3;3,00;9,00;CARTEIRA DIGITAL;N/A;18/03/2023;False;True;[]
TXN_7752958;SUCO;2;3,00;6,00;N/A;N/A;22/09/2023;False;True;[]
TXN_5311814;CHÁ;4;1,50;6,00;CARTEIRA DIGITAL;N/A;06/07/2023;False;True;[]
TXN_2933739;BISCOITO;1;1,00;1,00;CARTEIRA DIGITAL;N/A;15/09/2023;False;True;[]
TXN_1239876;N/A;2;4,00;8,00;CARTEIRA DIGITAL;PRESENCIAL;04/04/2023;False;True;[]
TXN_6295047;CHÁ;;1,50;6,00;CARTEIRA DIGITAL;N/A;06/09/2023;True;True;[]
TXN_3858791;BISCOITO;5;1,00;5,00;CARTÃO DE CRÉDITO;N/A;25/06/2023;False;True;[]
TXN_1737731;VITAMINA;5;4,00;20,00;CARTEIRA DIGITAL;N/A;29/06/2023;False;True;[]
TXN_6131195;SALADA;1;5,00;5,00;N/A;N/A;24/10/2023;False;True;[]
TXN_3251829;CHÁ;;1,50;;CARTEIRA DIGITAL;PRESENCIAL;25/07/2023;True;True;[]
TXN_2727347;BOLO;5;3,00;15,00;DINHEIRO;PARA VIAGEM;20/01/2023;False;True;[]
TXN_7242713;SANDUICHE;1;4,00;4,00;N/A;PRESENCIAL;21/04/2023;False;True;[]
TXN_7797231;N/A;5;;10,00;CARTEIRA DIGITAL;N/A;05/05/2023;True;True;[]
TXN_3651337;VITAMINA;4;4,00;16,00;DINHEIRO;PRESENCIAL;25/10/2023;False;True;[]
TXN_4740892;BOLO;1;3,00;3,00;CARTEIRA DIGITAL;PARA VIAGEM;19/11/2023;False;True;[]
TXN_7218719;BOLO;1;3,00;3,00;DINHEIRO;N/A;07/10/2023;False;True;[]
TXN_3455415;BISCOITO;2;1,00;2,00;CARTÃO DE CRÉDITO;N/A;31/03/2023;False;True;[]
TXN_3390882;SANDUICHE;3;4,00;12,00;CARTÃO DE CRÉDITO;PRESENCIAL;03/07/2023;False;True;[]
TXN_3848261;CHÁ;2;1,50;3,00;N/A;PARA VIAGEM;03/08/2023;False;True;[]
TXN_2797925;BOLO;2;3,00;6,00;DINHEIRO;N/A;19/10/2023;False;True;[]
TXN_2599005;BOLO;2;3,00;6,00;DINHEIRO;N/A;10/06/2023;False;True;[]
TXN_1872692;SALADA;5;5,00;25,00;DINHEIRO;PRESENCIAL;09/08/2023;False;True;[]
TXN_1372492;SALADA;4;5,00;20,00;DINHEIRO;PARA VIAGEM;28/03/2023;False;True;[]
TXN_6549132;SALADA;5;;25,00;N/A;N/A;05/12/2023;True;True;[]
TXN_1003246;SUCO;2;3,00;6,00;N/A;N/A;15/02/2023;False;True;[]
TXN_5732615;CAFÉ;;2,00;4,00;DINHEIRO;PARA VIAGEM;05/12/2023;True;True;[]
TXN_3197621;SANDUICHE;5;4,00;20,00;N/A;PRESENCIAL;10/02/2023;False;True;[]
TXN_6221348;SANDUICHE;1;;4,00;N/A;N/A;28/03/2023;True;True;[]
TXN_4986514;CHÁ;3;1,50;4,50;CARTÃO DE CRÉDITO;PRESENCIAL;06/06/2023;False;True;[]
TXN_1050083;BOLO;5;3,00;15,00;CARTÃO DE CRÉDITO;PARA VIAGEM;28/06/2023;False;True;[]
TXN_5880567;VITAMINA;5;4,00;20,00;N/A;PRESENCIAL;13/02/2023;False;True;[]
TXN_1068317;SUCO;3;3,00;9,00;CARTEIRA DIGITAL;PARA VIAGEM;16/03/2023;False;True;[]
TXN_7389329;CAFÉ;4;2,00;8,00;N/A;N/A;18/01/2023;False;True;[]
TXN_3951460;N/A;4;4,00;16,00;N/A;PARA VIAGEM;21/04/2023;False;True;[]
TXN_6584150;SUCO;5;3,00;15,00;CARTÃO DE CRÉDITO;N/A;27/10/2023;False;True;[]
TXN_7754428;BISCOITO;2;1,00;2,00;N/A;PRESENCIAL;27/07/2023;False;True;[]
TXN_3918515;N/A;4;5,00;20,00;CARTÃO DE CRÉDITO;PARA VIAGEM;29/03/2023;False;True;[]
TXN_6484387;BISCOITO;5;;5,00;DINHEIRO;N/A;23/11/2023;True;True;[]
TXN_4156369;BOLO;5;3,00;15,00;N/A;PRESENCIAL;07/08/2023;False;True;[]
TXN_4483226;SUCO;1;3,00;3,00;CARTÃO DE CRÉDITO;N/A;08/08/2023;False;True;[]
TXN_6457997;N/A;1;;4,00;CARTÃO DE CRÉDITO;N/A;12/12/2023;True;True;[]
TXN_2553269;N/A;5;1,00;5,00;CARTEIRA DIGITAL;N/A;09/04/2023;False;True;[]
TXN_5297692;SUCO;5;3,00;15,00;CARTÃO DE CRÉDITO;N/A;21/03/2023;False;True;[]
TXN_8241724;VITAMINA;1;4,00;4,00;CARTÃO DE CRÉDITO;PARA VIAGEM;14/05/2023;False;True;[]
TXN_4916936;VITAMINA;1;4,00;4,00;N/A;PARA VIAGEM;04/06/2023;False;True;[]
TXN_1425215;SUCO;1;3,00;3,00;DINHEIRO;PARA VIAGEM;13/03/2023;False;True;[]
TXN_4222908;BISCOITO;;1,00;1,00;N/A;PRESENCIAL;14/12/2023;True;True;[]
TXN_3938018;CAFÉ;;2,00;8,00;N/A;PARA VIAGEM;10/10/2023;True;True;[]
TXN_2363378;CAFÉ;5;2,00;10,00;DINHEIRO;PARA VIAGEM;23/04/2023;False;True;[]
TXN_8267616;CHÁ;4;1,50;6,00;DINHEIRO;N/A;01/03/2023;False;True;[]
TXN_4786680;N/A;3;4,00;12,00;N/A;PRESENCIAL;05/02/2023;False;True;[]
TXN_6437181;N/A;4;3,00;12,00;CARTÃO DE CRÉDITO;N/A;10/04/2023;False;True;[]
TXN_2335312;N/A;2;3,00;6,00;CARTEIRA DIGITAL;N/A;23/06/2023;False;True;[]
TXN_8999576;BOLO;5;3,00;15,00;CARTEIRA DIGITAL;PARA VIAGEM;09/04/2023;False;True;[]
TXN_4844022;N/A;1;1,00;1,00;N/A;PARA VIAGEM;26/02/2023;False;True;[]
TXN_5513984;CHÁ;1;1,50;1,50;CARTÃO DE CRÉDITO;PRESENCIAL;13/09/2023;False;True;[]
TXN_1662024;N/A;4;1,00;4,00;N/A;PRESENCIAL;16/01/2023;False;True;[]
TXN_5600914;VITAMINA;4;4,00;16,00;CARTÃO DE CRÉDITO;N/A;16/02/2023;False;True;[]
TXN_9923860;BISCOITO;2;1,00;2,00;N/A;N/A;16/11/2023;False;True;[]
TXN_5346493;BISCOITO;5;1,00;5,00;CARTEIRA DIGITAL;PRESENCIAL;08/04/2023;False;True;[]
TXN_3528599;BISCOITO;1;1,00;1,00;N/A;N/A;09/12/2023;False;True;[]
TXN_5738521;CAFÉ;5;2,00;10,00;CARTEIRA DIGITAL;N/A;14/03/2023;False;True;[]
TXN_6219634;SALADA;1;5,00;5,00;DINHEIRO;PARA VIAGEM;11/09/2023;False;True;[]
TXN_3539062;SALADA;2;5,00;10,00;CARTEIRA DIGITAL;PRESENCIAL;04/10/2023;False;True;[]
TXN_8782513;SANDUICHE;5;4,00;20,00;N/A;PARA VIAGEM;15/10/2023;False;True;[]
TXN_2851804;CAFÉ;3;2,00;6,00;N/A;N/A;30/11/2023;False;True;[]
TXN_9175519;BOLO;4;3,00;12,00;N/A;N/A;05/10/2023;False;True;[]
TXN_6224451;SANDUICHE;1;4,00;4,00;CARTÃO DE CRÉDITO;N/A;19/03/2023;False;True;[]
TXN_3174488;N/A;4;1,00;4,00;DINHEIRO;PARA VIAGEM;28/06/2023;False;True;[]
TXN_7630912;SUCO;2;;6,00;CARTÃO DE CRÉDITO;N/A;04/01/2023;True;True;[]
TXN_5650608;SUCO;;3,00;3,00;CARTEIRA DIGITAL;N/A;25/06/2023;True;True;[]
TXN_2134911;CHÁ;5;1,50;7,50;CARTEIRA DIGITAL;PRESENCIAL;07/10/2023;False;True;[]
TXN_4013761;CAFÉ;3;2,00;6,00;N/A;N/A;07/09/2023;False;True;[]
TXN_9257475;N/A;4;3,00;12,00;CARTEIRA DIGITAL;N/A;06/07/2023;False;True;[]
TXN_6616311;CAFÉ;4;2,00;8,00;N/A;N/A;01/09/2023;False;True;[]
TXN_6991430;BISCOITO;5;1,00;5,00;DINHEIRO;PRESENCIAL;31/05/2023;False;True;[]
TXN_6778974;VITAMINA;2;4,00;8,00;N/A;N/A;07/09/2023;False;True;[]
TXN_1818438;CAFÉ;5;2,00;10,00;DINHEIRO;N/A;18/06/2023;False;True;[]
TXN_5486886;VITAMINA;1;4,00;4,00;N/A;N/A;23/12/2023;False;True;[]
TXN_5470598;BOLO;3;3,00;9,00;CARTEIRA DIGITAL;PRESENCIAL;14/03/2023;False;True;[]
TXN_3186333;BISCOITO;5;1,00;5,00;DINHEIRO;PRESENCIAL;19/08/2023;False;True;[]
TXN_8748633;SANDUICHE;5;;20,00;DINHEIRO;PARA VIAGEM;27/04/2023;True;True;[]
TXN_3228558;SANDUICHE;2;4,00;8,00;CARTÃO DE CRÉDITO;N/A;13/12/2023;False;True;[]
TXN_6388107;N/A;3;3,00;9,00;CARTEIRA DIGITAL;PRESENCIAL;04/12/2023;False;True;[]
TXN_6506895;BOLO;5;3,00;15,00;CARTÃO DE CRÉDITO;PRESENCIAL;10/08/2023;False;True;[]
TXN_2917211;VITAMINA;5;4,00;20,00;CARTEIRA DIGITAL;PARA VIAGEM;19/11/2023;False;True;[]
TXN_5882566;BOLO;1;3,00;3,00;N/A;PARA VIAGEM;09/07/2023;False;True;[]
TXN_2413548;CHÁ;2;1,50;3,00;CARTÃO DE CRÉDITO;N/A;12/08/2023;False;True;[]
TXN_7116936;CAFÉ;5;2,00;10,00;CARTÃO DE CRÉDITO;PARA VIAGEM;19/05/2023;False;True;[]
TXN_7991322;CAFÉ;5;2,00;10,00;CARTEIRA DIGITAL;N/A;14/11/2023;False;True;[]
TXN_1914728;N/A;5;1,00;5,00;DINHEIRO;PRESENCIAL;16/06/2023;False;True;[]
TXN_4209748;BISCOITO;2;1,00;2,00;CARTEIRA DIGITAL;PARA VIAGEM;24/10/2023;False;True;[]
TXN_8941438;SUCO;4;3,00;12,00;CARTEIRA DIGITAL;N/A;23/07/2023;False;True;[]
TXN_7932127;CAFÉ;3;2,00;6,00;N/A;N/A;29/07/2023;False;True;[]
TXN_7097699;CHÁ;4;1,50;6,00;N/A;PARA VIAGEM;16/12/2023;False;True;[]
TXN_7054849;BOLO;4;3,00;12,00;DINHEIRO;PARA VIAGEM;16/06/2023;False;True;[]
TXN_7185724;BOLO;4;3,00;12,00;N/A;PARA VIAGEM;06/05/2023;False;True;[]
TXN_5664982;CHÁ;5;1,50;7,50;CARTEIRA DIGITAL;PRESENCIAL;24/12/2023;False;True;[]
TXN_9378562;SUCO;3;3,00;9,00;N/A;N/A;06/09/2023;False;True;[]
TXN_2892693;BISCOITO;4;1,00;4,00;CARTÃO DE CRÉDITO;PRESENCIAL;02/03/2023;False;True;[]
TXN_6552269;N/A;4;3,00;12,00;DINHEIRO;PARA VIAGEM;29/04/2023;False;True;[]
TXN_4639918;SANDUICHE;1;4,00;4,00;CARTEIRA DIGITAL;N/A;05/11/2023;False;True;[]
TXN_6037144;CHÁ;3;1,50;4,50;DINHEIRO;PARA VIAGEM;02/09/2023;False;True;[]
TXN_3494014;BOLO;1;3,00;3,00;CARTÃO DE CRÉDITO;PRESENCIAL;09/06/2023;False;True;[]
TXN_3656884;CAFÉ;5;2,00;10,00;CARTÃO DE CRÉDITO;N/A;08/10/2023;False;True;[]
TXN_2277013;VITAMINA;3;4,00;12,00;N/A;N/A;26/07/2023;False;True;[]
TXN_5423636;SANDUICHE;4;4,00;16,00;DINHEIRO;N/A;18/10/2023;False;True;[]
TXN_8040251;CAFÉ;1;2,00;2,00;CARTEIRA DIGITAL;N/A;16/04/2023;False;True;[]
TXN_1635137;BOLO;2;3,00;6,00;DINHEIRO;N/A;28/12/2023;False;True;[]
TXN_8411549;CHÁ;4;;6,00;CARTÃO DE CRÉDITO;PRESENCIAL;15/02/2023;True;True;[]
TXN_3747376;N/A;2;1,00;2,00;CARTEIRA DIGITAL;PARA VIAGEM;03/11/2023;False;True;[]
TXN_1503903;CHÁ;1;1,50;1,50;DINHEIRO;PARA VIAGEM;20/03/2023;False;True;[]
TXN_8606152;VITAMINA;5;4,00;20,00;CARTÃO DE CRÉDITO;N/A;05/08/2023;False;True;[]
TXN_1260517;VITAMINA;5;4,00;20,00;CARTEIRA DIGITAL;PARA VIAGEM;17/04/2023;False;True;[]
TXN_6898368;VITAMINA;3;4,00;12,00;CARTEIRA DIGITAL;N/A;01/05/2023;False;True;[]
TXN_2224251;SUCO;4;3,00;12,00;CARTEIRA DIGITAL;PARA VIAGEM;14/04/2023;False;True;[]
TXN_4567429;CHÁ;3;1,50;4,50;DINHEIRO;N/A;11/10/2023;False;True;[]
TXN_8622404;BISCOITO;3;1,00;3,00;N/A;N/A;21/09/2023;False;True;[]
TXN_1152249;VITAMINA;3;4,00;12,00;N/A;PRESENCIAL;09/05/2023;False;True;[]
TXN_2989533;SALADA;5;5,00;25,00;N/A;PARA VIAGEM;30/01/2023;False;True;[]
TXN_3734446;N/A;5;2,00;10,00;CARTEIRA DIGITAL;N/A;16/04/2023;False;True;[]
TXN_9517380;CHÁ;4;;6,00;DINHEIRO;N/A;29/10/2023;True;True;[]
TXN_3599216;N/A;;1,50;1,50;DINHEIRO;PRESENCIAL;21/09/2023;True;True;[]
TXN_1363508;SALADA;4;5,00;20,00;DINHEIRO;N/A;08/08/2023;False;True;[]
TXN_7969017;CHÁ;3;1,50;4,50;CARTEIRA DIGITAL;N/A;17/02/2023;False;True;[]
TXN_6987705;BISCOITO;5;1,00;5,00;DINHEIRO;N/A;04/06/2023;False;True;[]
TXN_8490157;SALADA;2;5,00;10,00;CARTÃO DE CRÉDITO;PRESENCIAL;06/09/2023;False;True;[]
TXN_7878395;SALADA;3;5,00;15,00;CARTÃO DE CRÉDITO;PRESENCIAL;26/05/2023;False;True;[]
TXN_1672632;N/A;3;5,00;15,00;CARTEIRA DIGITAL;N/A;04/07/2023;False;True;[]
TXN_9216314;BOLO;1;3,00;3,00;CARTÃO DE CRÉDITO;N/A;07/03/2023;False;True;[]
TXN_1647144;SALADA;2;;10,00;N/A;PARA VIAGEM;29/08/2023;True;True;[]
TXN_4090464;SANDUICHE;5;4,00;20,00;DINHEIRO;PARA VIAGEM;16/01/2023;False;True;[]
TXN_2172301;BISCOITO;4;1,00;4,00;CARTEIRA DIGITAL;PARA VIAGEM;06/04/2023;False;True;[]
TXN_3730077;BISCOITO;2;1,00;2,00;CARTÃO DE CRÉDITO;N/A;08/07/2023;False;True;[]
TXN_8253046;BOLO;1;3,00;3,00;N/A;PRESENCIAL;20/12/2023;False;True;[]
TXN_2901304;BISCOITO;3;1,00;3,00;N/A;N/A;01/07/2023;False;True;[]
TXN_6198799;SALADA;1;;5,00;N/A;N/A;27/05/2023;True;True;[]
TXN_9910573;SALADA;2;5,00;10,00;N/A;PARA VIAGEM;28/01/2023;False;True;[]
TXN_3680192;SALADA;4;5,00;20,00;CARTEIRA DIGITAL;PARA VIAGEM;20/05/2023;False;True;[]
TXN_9268974;SANDUICHE;2;4,00;8,00;CARTEIRA DIGITAL;PARA VIAGEM;29/10/2023;False;True;[]
TXN_7435796;CAFÉ;2;2,00;4,00;DINHEIRO;PRESENCIAL;03/11/2023;False;True;[]
TXN_1882390;BISCOITO;1;1,00;1,00;N/A;PARA VIAGEM;22/05/2023;False;True;[]
TXN_2465074;VITAMINA;1;4,00;4,00;CARTEIRA DIGITAL;N/A;29/09/2023;False;True;[]
TXN_8038871;SUCO;5;3,00;15,00;CARTEIRA DIGITAL;N/A;09/06/2023;False;True;[]
TXN_1269172;SANDUICHE;1;4,00;4,00;DINHEIRO;N/A;22/08/2023;False;True;[]
TXN_4564556;CAFÉ;3;2,00;6,00;CARTÃO DE CRÉDITO;N/A;21/11/2023;False;True;[]
TXN_8139533;VITAMINA;1;;4,00;DINHEIRO;PRESENCIAL;21/09/2023;True;True;[]
TXN_1998401;N/A;1;4,00;4,00;DINHEIRO;N/A;17/09/2023;False;True;[]
TXN_9327493;N/A;1;2,00;2,00;N/A;N/A;27/03/2023;False;True;[]
TXN_7349319;BISCOITO;3;1,00;3,00;CARTEIRA DIGITAL;N/A;10/03/2023;False;True;[]
TXN_7294526;VITAMINA;5;4,00;20,00;CARTEIRA DIGITAL;PARA VIAGEM;02/12/2023;False;True;[]
TXN_5618976;CAFÉ;2;2,00;4,00;DINHEIRO;PARA VIAGEM;05/12/2023;False;True;[]
TXN_3964398;BOLO;4;3,00;12,00;CARTÃO DE CRÉDITO;PARA VIAGEM;20/10/2023;False;True;[]
TXN_4372163;SANDUICHE;1;4,00;4,00;N/A;N/A;10/03/2023;False;True;[]
TXN_7242133;CAFÉ;3;2,00;6,00;N/A;N/A;20/05/2023;False;True;[]
TXN_7083168;BISCOITO;4;1,00;4,00;N/A;PARA VIAGEM;01/06/2023;False;True;[]
TXN_5107006;N/A;4;1,00;4,00;N/A;N/A;18/04/2023;False;True;[]
TXN_1210183;CHÁ;3;1,50;4,50;N/A;PRESENCIAL;23/01/2023;False;True;[]
TXN_3419352;SALADA;3;5,00;15,00;CARTEIRA DIGITAL;PRESENCIAL;22/10/2023;False;True;[]
TXN_1900036;BISCOITO;1;1,00;1,00;N/A;N/A;20/12/2023;False;True;[]
TXN_7497565;BISCOITO;4;1,00;4,00;N/A;PARA VIAGEM;07/10/2023;False;True;[]
TXN_6851735;N/A;1;1,00;1,00;CARTEIRA DIGITAL;N/A;17/01/2023;False;True;[]
TXN_6716918;CAFÉ;2;2,00;4,00;N/A;N/A;10/04/2023;False;True;[]
TXN_6654975;SALADA;3;5,00;15,00;N/A;PRESENCIAL;11/08/2023;False;True;[]
TXN_9184804;BISCOITO;2;;2,00;CARTEIRA DIGITAL;N/A;08/11/2023;True;True;[]
TXN_9100063;SANDUICHE;2;4,00;8,00;N/A;PRESENCIAL;16/09/2023;False;True;[]
TXN_6202631;CHÁ;2;1,50;3,00;CARTEIRA DIGITAL;PARA VIAGEM;29/07/2023;False;True;[]
TXN_1868447;CHÁ;3;1,50;4,50;DINHEIRO;N/A;30/09/2023;False;True;[]
TXN_4726531;SALADA;5;5,00;25,00;DINHEIRO;PARA VIAGEM;09/09/2023;False;True;[]
TXN_8640655;CAFÉ;3;2,00;6,00;N/A;N/A;27/12/2023;False;True;[]
TXN_8377812;CHÁ;2;1,50;3,00;CARTEIRA DIGITAL;PRESENCIAL;27/03/2023;False;True;[]
TXN_2603561;CAFÉ;3;2,00;6,00;CARTEIRA DIGITAL;N/A;25/04/2023;False;True;[]
TXN_9822173;BOLO;5;3,00;15,00;CARTEIRA DIGITAL;N/A;22/05/2023;False;True;[]
TXN_2163150;SALADA;1;5,00;5,00;DINHEIRO;PRESENCIAL;25/08/2023;False;True;[]
TXN_2371464;VITAMINA;4;4,00;16,00;DINHEIRO;PRESENCIAL;20/09/2023;False;True;[]
TXN_3389521;SALADA;5;;25,00;CARTEIRA DIGITAL;N/A;10/02/2023;True;True;[]
TXN_8916290;SALADA;5;5,00;25,00;CARTEIRA DIGITAL;N/A;08/07/2023;False;True;[]
TXN_6130281;N/A;2;4,00;8,00;DINHEIRO;N/A;18/01/2023;False;True;[]
TXN_2505416;BISCOITO;;1,00;2,00;N/A;N/A;18/05/2023;True;True;[]
TXN_8275626;CAFÉ;2;2,00;4,00;N/A;PARA VIAGEM;10/09/2023;False;True;[]
TXN_9803409;BISCOITO;4;1,00;4,00;N/A;PRESENCIAL;24/01/2023;False;True;[]
TXN_3094597;SANDUICHE;4;4,00;16,00;N/A;N/A;11/03/2023;False;True;[]
TXN_5276842;CAFÉ;2;2,00;4,00;CARTEIRA DIGITAL;PARA VIAGEM;26/06/2023;False;True;[]
TXN_1367003;SALADA;5;5,00;25,00;DINHEIRO;PRESENCIAL;10/11/2023;False;True;[]
TXN_1752992;N/A;3;2,00;6,00;N/A;N/A;12/12/2023;False;True;[]
TXN_5716276;N/A;4;1,50;6,00;CARTEIRA DIGITAL;N/A;12/09/2023;False;True;[]
TXN_5696844;BISCOITO;2;1,00;2,00;N/A;PRESENCIAL;29/01/2023;False;True;[]
TXN_5672156;BISCOITO;2;;2,00;CARTÃO DE CRÉDITO;PRESENCIAL;05/07/2023;True;True;[]
TXN_6480646;N/A;2;1,50;3,00;N/A;PARA VIAGEM;28/10/2023;False;True;[]
TXN_1603051;N/A;4;1,00;4,00;CARTÃO DE CRÉDITO;PARA VIAGEM;21/03/2023;False;True;[]
TXN_6293225;BOLO;4;3,00;12,00;DINHEIRO;N/A;02/07/2023;False;True;[]
TXN_6567880;SANDUICHE;5;;20,00;CARTÃO DE CRÉDITO;N/A;15/08/2023;True;True;[]
TXN_6355620;BISCOITO;1;;1,00;DINHEIRO;N/A;18/06/2023;True;True;[]
TXN_3466686;VITAMINA;3;4,00;12,00;CARTEIRA DIGITAL;PARA VIAGEM;03/09/2023;False;True;[]
TXN_6064301;BISCOITO;1;1,00;1,00;CARTÃO DE CRÉDITO;PARA VIAGEM;12/07/2023;False;True;[]
TXN_5005674;SALADA;4;5,00;20,00;CARTÃO DE CRÉDITO;PRESENCIAL;03/10/2023;False;True;[]
TXN_1714471;SUCO;4;3,00;12,00;DINHEIRO;PARA VIAGEM;17/08/2023;False;True;[]
TXN_5420062;N/A;4;5,00;20,00;DINHEIRO;PRESENCIAL;06/06/2023;False;True;[]
TXN_6377813;SALADA;2;5,00;10,00;CARTÃO DE CRÉDITO;N/A;07/08/2023;False;True;[]
TXN_2857444;VITAMINA;1;;;DINHEIRO;PARA VIAGEM;10/05/2023;True;True;[]
TXN_1064565;SUCO;4;3,00;12,00;CARTEIRA DIGITAL;PRESENCIAL;14/03/2023;False;True;[]
TXN_1784150;N/A;3;1,00;3,00;N/A;N/A;10/03/2023;False;True;[]
TXN_9104545;SUCO;2;3,00;6,00;CARTEIRA DIGITAL;PARA VIAGEM;19/03/2023;False;True;[]
TXN_2108125;CAFÉ;1;2,00;2,00;CARTÃO DE CRÉDITO;PRESENCIAL;06/10/2023;False;True;[]
TXN_7795324;SALADA;2;5,00;10,00;N/A;N/A;28/06/2023;False;True;[]
TXN_1203191;CAFÉ;5;2,00;10,00;N/A;PRESENCIAL;12/10/2023;False;True;[]
TXN_8743849;SUCO;2;3,00;6,00;CARTEIRA DIGITAL;PARA VIAGEM;04/05/2023;False;True;[]
TXN_8588231;BOLO;4;3,00;12,00;N/A;PARA VIAGEM;02/09/2023;False;True;[]
TXN_6324818;SALADA;5;5,00;25,00;N/A;N/A;26/06/2023;False;True;[]
TXN_4536827;BISCOITO;3;;3,00;CARTEIRA DIGITAL;PARA VIAGEM;14/10/2023;True;True;[]
TXN_6226704;N/A;4;2,00;8,00;CARTEIRA DIGITAL;PRESENCIAL;07/09/2023;False;True;[]
TXN_2693108;BISCOITO;3;1,00;3,00;DINHEIRO;PRESENCIAL;18/11/2023;False;True;[]
TXN_6234070;VITAMINA;2;4,00;8,00;CARTÃO DE CRÉDITO;PARA VIAGEM;31/01/2023;False;True;[]
TXN_9816901;CAFÉ;2;2,00;4,00;DINHEIRO;N/A;07/12/2023;False;True;[]
TXN_9489495;CAFÉ;1;2,00;2,00;CARTÃO DE CRÉDITO;N/A;20/05/2023;False;True;[]
TXN_7637178;CAFÉ;3;2,00;6,00;CARTEIRA DIGITAL;PARA VIAGEM;26/05/2023;False;True;[]
TXN_1281536;VITAMINA;5;4,00;20,00;CARTEIRA DIGITAL;PRESENCIAL;19/03/2023;False;True;[]
TXN_8736069;CHÁ;5;1,50;7,50;DINHEIRO;PARA VIAGEM;06/07/2023;False;True;[]
TXN_7975336;CHÁ;5;1,50;7,50;CARTÃO DE CRÉDITO;PARA VIAGEM;03/12/2023;False;True;[]
TXN_9278090;BOLO;5;3,00;15,00;CARTÃO DE CRÉDITO;N/A;28/12/2023;False;True;[]
TXN_1193809;CHÁ;3;1,50;4,50;CARTEIRA DIGITAL;N/A;21/01/2023;False;True;[]
TXN_9281710;SUCO;3;3,00;9,00;CARTÃO DE CRÉDITO;PRESENCIAL;05/08/2023;False;True;[]
TXN_3291149;CAFÉ;5;2,00;10,00;N/A;N/A;09/12/2023;False;True;[]
TXN_3596270;CAFÉ;;2,00;8,00;CARTÃO DE CRÉDITO;PARA VIAGEM;05/05/2023;True;True;[]
TXN_8172182;BOLO;2;3,00;6,00;N/A;N/A;22/06/2023;False;True;[]
TXN_3902135;CHÁ;4;1,50;6,00;CARTÃO DE CRÉDITO;N/A;20/06/2023;False;True;[]
TXN_9007414;BOLO;3;3,00;9,00;DINHEIRO;N/A;08/12/2023;False;True;[]
TXN_9131337;SANDUICHE;4;4,00;16,00;CARTÃO DE CRÉDITO;PARA VIAGEM;24/05/2023;False;True;[]
TXN_2278015;CHÁ;2;1,50;3,00;CARTEIRA DIGITAL;PRESENCIAL;10/04/2023;False;True;[]
TXN_1077060;CAFÉ;3;2,00;6,00;N/A;PARA VIAGEM;22/08/2023;False;True;[]
TXN_9362728;SANDUICHE;1;4,00;4,00;N/A;PRESENCIAL;26/12/2023;False;True;[]
TXN_6471185;SUCO;;3,00;15,00;N/A;PRESENCIAL;17/03/2023;True;True;[]
TXN_5677927;N/A;5;5,00;25,00;CARTEIRA DIGITAL;N/A;20/12/2023;False;True;[]
TXN_6177081;BISCOITO;;;1,00;DINHEIRO;N/A;26/07/2023;True;True;[]
TXN_9281586;SANDUICHE;5;4,00;20,00;N/A;N/A;20/05/2023;False;True;[]
TXN_8721484;N/A;4;2,00;8,00;N/A;N/A;03/04/2023;False;True;[]
TXN_9350427;SUCO;5;3,00;15,00;N/A;N/A;24/01/2023;False;True;[]
TXN_7860054;CHÁ;5;1,50;7,50;CARTÃO DE CRÉDITO;PRESENCIAL;07/02/2023;False;True;[]
TXN_9233730;CHÁ;5;1,50;7,50;CARTÃO DE CRÉDITO;N/A;28/05/2023;False;True;[]
TXN_8304399;CHÁ;2;1,50;3,00;DINHEIRO;PRESENCIAL;08/06/2023;False;True;[]
TXN_1538515;SUCO;4;3,00;12,00;DINHEIRO;N/A;11/06/2023;False;True;[]
TXN_9774251;N/A;2;3,00;6,00;CARTEIRA DIGITAL;PARA VIAGEM;16/06/2023;False;True;[]
TXN_4565233;SALADA;3;5,00;15,00;CARTÃO DE CRÉDITO;PRESENCIAL;16/11/2023;False;True;[]
TXN_6898341;CHÁ;2;1,50;3,00;CARTÃO DE CRÉDITO;PRESENCIAL;21/08/2023;False;True;[]
TXN_1016246;CAFÉ;1;2,00;2,00;N/A;N/A;19/01/2023;False;True;[]
TXN_9160109;BOLO;1;3,00;3,00;CARTÃO DE CRÉDITO;N/A;03/08/2023;False;True;[]
TXN_1082012;VITAMINA;5;4,00;20,00;CARTÃO DE CRÉDITO;N/A;04/01/2023;False;True;[]
TXN_8325464;N/A;5;4,00;20,00;CARTÃO DE CRÉDITO;PARA VIAGEM;02/08/2023;False;True;[]
TXN_7322436;SANDUICHE;3;4,00;12,00;CARTEIRA DIGITAL;PRESENCIAL;29/06/2023;False;True;[]
TXN_1733916;SANDUICHE;4;4,00;16,00;CARTEIRA DIGITAL;PRESENCIAL;12/01/2023;False;True;[]
TXN_6068564;BOLO;4;3,00;12,00;CARTÃO DE CRÉDITO;PARA VIAGEM;28/09/2023;False;True;[]
TXN_7023753;CAFÉ;;2,00;10,00;CARTÃO DE CRÉDITO;PARA VIAGEM;16/05/2023;True;True;[]
TXN_4507630;VITAMINA;2;4,00;8,00;N/A;PARA VIAGEM;11/05/2023;False;True;[]
TXN_5037728;VITAMINA;;4,00;12,00;CARTÃO DE CRÉDITO;N/A;18/08/2023;True;True;[]
TXN_4577234;N/A;4;3,00;12,00;N/A;PRESENCIAL;09/06/2023;False;True;[]
TXN_6309570;VITAMINA;1;4,00;4,00;CARTEIRA DIGITAL;PRESENCIAL;26/09/2023;False;True;[]
TXN_7587652;N/A;1;3,00;3,00;DINHEIRO;N/A;23/08/2023;False;True;[]
TXN_1118799;N/A;4;4,00;16,00;CARTÃO DE CRÉDITO;PARA VIAGEM;19/09/2023;False;True;[]
TXN_8192063;SUCO;4;3,00;12,00;DINHEIRO;N/A;06/02/2023;False;True;[]
TXN_2687593;N/A;5;3,00;15,00;N/A;PARA VIAGEM;27/06/2023;False;True;[]
TXN_1603563;BOLO;4;3,00;12,00;N/A;PARA VIAGEM;13/04/2023;False;True;[]
TXN_6346483;CAFÉ;1;2,00;2,00;CARTÃO DE CRÉDITO;N/A;08/06/2023;False;True;[]
TXN_3499910;BISCOITO;4;1,00;4,00;CARTÃO DE CRÉDITO;PARA VIAGEM;29/09/2023;False;True;[]
TXN_8616276;N/A;2;;3,00;CARTEIRA DIGITAL;PARA VIAGEM;22/07/2023;True;True;[]
TXN_5941840;BISCOITO;4;1,00;4,00;N/A;N/A;01/04/2023;False;True;[]
TXN_6249023;SUCO;1;3,00;3,00;CARTÃO DE CRÉDITO;N/A;03/11/2023;False;True;[]
TXN_8620426;BISCOITO;3;1,00;3,00;CARTÃO DE CRÉDITO;PARA VIAGEM;28/11/2023;False;True;[]
TXN_2037742;BOLO;4;3,00;12,00;CARTEIRA DIGITAL;PRESENCIAL;14/11/2023;False;True;[]
TXN_7013527;SALADA;2;5,00;10,00;CARTÃO DE CRÉDITO;PRESENCIAL;18/05/2023;False;True;[]
TXN_2798420;CHÁ;5;1,50;7,50;CARTEIRA DIGITAL;PARA VIAGEM;17/03/2023;False;True;[]
TXN_8106064;BISCOITO;;1,00;1,00;N/A;N/A;17/06/2023;True;True;[]
TXN_5483442;CHÁ;;1,50;7,50;DINHEIRO;N/A;03/04/2023;True;True;[]
TXN_3926570;CAFÉ;3;2,00;6,00;N/A;N/A;04/09/2023;False;True;[]
TXN_9489442;N/A;3;2,00;6,00;CARTÃO DE CRÉDITO;PARA VIAGEM;06/02/2023;False;True;[]
TXN_5506907;BISCOITO;2;1,00;2,00;DINHEIRO;PARA VIAGEM;08/12/2023;False;True;[]
TXN_8155325;N/A;5;2,00;10,00;CARTEIRA DIGITAL;PRESENCIAL;27/11/2023;False;True;[]
TXN_5353468;CHÁ;2;1,50;3,00;CARTÃO DE CRÉDITO;PRESENCIAL;30/11/2023;False;True;[]
TXN_2111293;VITAMINA;3;4,00;12,00;N/A;PARA VIAGEM;29/05/2023;False;True;[]
TXN_2101632;SANDUICHE;4;4,00;16,00;N/A;PARA VIAGEM;12/06/2023;False;True;[]
TXN_3355537;CHÁ;3;1,50;4,50;CARTEIRA DIGITAL;N/A;09/01/2023;False;True;[]
TXN_4594866;BISCOITO;1;1,00;1,00;CARTEIRA DIGITAL;N/A;24/03/2023;False;True;[]
TXN_7485712;SANDUICHE;4;4,00;16,00;DINHEIRO;PRESENCIAL;15/04/2023;False;True;[]
TXN_4848431;SALADA;5;5,00;25,00;CARTÃO DE CRÉDITO;N/A;09/01/2023;False;True;[]
TXN_7352058;CAFÉ;2;2,00;4,00;N/A;PARA VIAGEM;24/08/2023;False;True;[]
TXN_3442244;BOLO;4;3,00;12,00;N/A;PARA VIAGEM;13/05/2023;False;True;[]
TXN_9810868;BISCOITO;1;1,00;1,00;CARTÃO DE CRÉDITO;PARA VIAGEM;05/10/2023;False;True;[]
TXN_1430778;N/A;1;1,50;1,50;CARTÃO DE CRÉDITO;PARA VIAGEM;26/05/2023;False;True;[]
TXN_4837909;BOLO;5;3,00;15,00;N/A;PARA VIAGEM;19/11/2023;False;True;[]
TXN_4722816;SALADA;4;5,00;20,00;DINHEIRO;PRESENCIAL;19/10/2023;False;True;[]
TXN_1833012;SALADA;3;5,00;15,00;CARTEIRA DIGITAL;N/A;16/08/2023;False;True;[]
TXN_6933222;CHÁ;1;1,50;1,50;DINHEIRO;N/A;22/01/2023;False;True;[]
TXN_7737862;BISCOITO;2;1,00;2,00;CARTÃO DE CRÉDITO;N/A;29/08/2023;False;True;[]
TXN_7814690;VITAMINA;1;4,00;4,00;CARTÃO DE CRÉDITO;PARA VIAGEM;10/05/2023;False;True;[]
TXN_8880299;N/A;1;1,50;1,50;N/A;N/A;16/11/2023;False;True;[]
TXN_6083650;CAFÉ;2;2,00;4,00;CARTEIRA DIGITAL;PARA VIAGEM;01/07/2023;False;True;[]
TXN_8342990;CHÁ;1;1,50;1,50;CARTEIRA DIGITAL;PARA VIAGEM;23/04/2023;False;True;[]
TXN_4407959;CHÁ;1;1,50;1,50;CARTEIRA DIGITAL;PARA VIAGEM;28/01/2023;False;True;[]
TXN_4382970;CHÁ;;1,50;1,50;N/A;PRESENCIAL;04/06/2023;True;True;[]
TXN_3422759;SALADA;5;5,00;25,00;CARTÃO DE CRÉDITO;PARA VIAGEM;19/02/2023;False;True;[]
TXN_1074435;CAFÉ;1;2,00;2,00;N/A;PRESENCIAL;25/11/2023;False;True;[]
TXN_8164332;CHÁ;4;1,50;6,00;DINHEIRO;PARA VIAGEM;22/04/2023;False;True;[]
TXN_1912525;N/A;4;4,00;16,00;DINHEIRO;PARA VIAGEM;25/11/2023;False;True;[]
TXN_9715885;VITAMINA;4;4,00;16,00;N/A;PRESENCIAL;16/06/2023;False;True;[]
TXN_1583983;CHÁ;3;1,50;4,50;CARTÃO DE CRÉDITO;N/A;02/03/2023;False;True;[]
TXN_3634860;SUCO;5;3,00;15,00;CARTÃO DE CRÉDITO;N/A;28/05/2023;False;True;[]
TXN_5732357;CHÁ;5;1,50;7,50;CARTÃO DE CRÉDITO;N/A;06/05/2023;False;True;[]
TXN_2379052;N/A;1;5,00;5,00;N/A;N/A;16/02/2023;False;True;[]
TXN_7502273;N/A;5;2,00;10,00;N/A;PRESENCIAL;14/11/2023;False;True;[]
TXN_2567222;CAFÉ;3;2,00;6,00;N/A;PARA VIAGEM;09/09/2023;False;True;[]
TXN_3166181;BISCOITO;3;1,00;3,00;CARTÃO DE CRÉDITO;PRESENCIAL;21/05/2023;False;True;[]
TXN_5644074;SANDUICHE;2;;8,00;CARTEIRA DIGITAL;PRESENCIAL;08/11/2023;True;True;[]
TXN_5173881;BISCOITO;3;1,00;3,00;DINHEIRO;PARA VIAGEM;29/01/2023;False;True;[]
TXN_2396923;BISCOITO;1;;1,00;CARTEIRA DIGITAL;N/A;02/11/2023;True;True;[]
TXN_7249235;N/A;3;4,00;12,00;DINHEIRO;N/A;27/05/2023;False;True;[]
TXN_9612877;VITAMINA;1;4,00;4,00;DINHEIRO;PRESENCIAL;07/03/2023;False;True;[]
TXN_4841285;CHÁ;2;1,50;3,00;CARTÃO DE CRÉDITO;N/A;04/05/2023;False;True;[]
TXN_1263426;SANDUICHE;2;;8,00;N/A;N/A;20/10/2023;True;True;[]
TXN_5293518;SANDUICHE;3;;12,00;N/A;PRESENCIAL;16/07/2023;True;True;[]
TXN_4296204;SALADA;5;5,00;25,00;CARTEIRA DIGITAL;PRESENCIAL;28/11/2023;False;True;[]
TXN_7180164;SANDUICHE;;4,00;20,00;DINHEIRO;PARA VIAGEM;05/01/2023;True;True;[]
TXN_6478978;SUCO;3;3,00;9,00;CARTÃO DE CRÉDITO;PARA VIAGEM;27/10/2023;False;True;[]
TXN_2030107;SUCO;4;3,00;12,00;N/A;PARA VIAGEM;03/01/2023;False;True;[]
TXN_4897182;BOLO;3;3,00;9,00;DINHEIRO;PARA VIAGEM;26/11/2023;False;True;[]
TXN_4612269;SALADA;5;;25,00;N/A;N/A;09/01/2023;True;True;[]
TXN_7630750;SUCO;2;3,00;6,00;CARTEIRA DIGITAL;PRESENCIAL;16/03/2023;False;True;[]
TXN_6380978;CHÁ;1;1,50;1,50;DINHEIRO;N/A;31/12/2023;False;True;[]
TXN_3744974;N/A;1;3,00;3,00;N/A;PRESENCIAL;09/01/2023;False;True;[]
TXN_7551023;SALADA;5;5,00;25,00;DINHEIRO;N/A;06/10/2023;False;True;[]
TXN_6416741;CAFÉ;;2,00;8,00;DINHEIRO;N/A;03/12/2023;True;True;[]
TXN_1269252;BOLO;1;3,00;3,00;CARTEIRA DIGITAL;PARA VIAGEM;18/07/2023;False;True;[]
TXN_2377708;BISCOITO;1;1,00;1,00;N/A;PARA VIAGEM;03/01/2023;False;True;[]
TXN_3193212;BOLO;1;3,00;3,00;DINHEIRO;PRESENCIAL;23/11/2023;False;True;[]
TXN_1427963;CAFÉ;1;2,00;2,00;DINHEIRO;N/A;14/10/2023;False;True;[]
TXN_3391446;CHÁ;1;1,50;1,50;N/A;PARA VIAGEM;14/01/2023;False;True;[]
TXN_4849180;N/A;5;;15,00;CARTÃO DE CRÉDITO;PRESENCIAL;14/10/2023;True;True;[]
TXN_2370338;BOLO;4;3,00;12,00;CARTÃO DE CRÉDITO;PARA VIAGEM;30/10/2023;False;True;[]
TXN_8628848;SUCO;1;3,00;3,00;CARTÃO DE CRÉDITO;PRESENCIAL;29/01/2023;False;True;[]
TXN_4294955;SALADA;5;5,00;25,00;N/A;N/A;19/10/2023;False;True;[]
TXN_6894703;BISCOITO;1;1,00;1,00;CARTEIRA DIGITAL;N/A;06/06/2023;False;True;[]
TXN_9926931;BISCOITO;5;1,00;5,00;N/A;PARA VIAGEM;26/01/2023;False;True;[]
TXN_9681369;SALADA;5;5,00;25,00;N/A;N/A;23/10/2023;False;True;[]
TXN_9246948;BOLO;5;3,00;15,00;CARTÃO DE CRÉDITO;N/A;11/11/2023;False;True;[]
TXN_8519330;BISCOITO;4;1,00;4,00;N/A;N/A;18/03/2023;False;True;[]
TXN_1720329;BISCOITO;2;1,00;2,00;DINHEIRO;N/A;06/04/2023;False;True;[]
TXN_9859715;VITAMINA;5;4,00;20,00;N/A;N/A;11/07/2023;False;True;[]
TXN_2805332;BOLO;4;3,00;12,00;DINHEIRO;N/A;10/08/2023;False;True;[]
TXN_4807265;SANDUICHE;3;4,00;12,00;CARTEIRA DIGITAL;N/A;19/11/2023;False;True;[]
TXN_5275315;VITAMINA;2;4,00;8,00;CARTEIRA DIGITAL;PRESENCIAL;19/01/2023;False;True;[]
TXN_7423281;SUCO;1;3,00;3,00;CARTEIRA DIGITAL;N/A;01/06/2023;False;True;[]
TXN_9764251;BISCOITO;4;1,00;4,00;N/A;PARA VIAGEM;18/06/2023;False;True;[]
TXN_9272043;BOLO;4;3,00;12,00;N/A;N/A;20/04/2023;False;True;[]
TXN_5591048;N/A;3;2,00;6,00;N/A;PRESENCIAL;15/01/2023;False;True;[]
TXN_4455667;SANDUICHE;2;4,00;8,00;CARTÃO DE CRÉDITO;N/A;13/08/2023;False;True;[]
TXN_9945729;N/A;2;5,00;10,00;CARTEIRA DIGITAL;N/A;03/02/2023;False;True;[]
TXN_8124663;SANDUICHE;2;4,00;8,00;CARTÃO DE CRÉDITO;PARA VIAGEM;15/10/2023;False;True;[]
TXN_1769466;N/A;5;2,00;10,00;CARTEIRA DIGITAL;PARA VIAGEM;01/08/2023;False;True;[]
TXN_3209184;SALADA;;5,00;20,00;DINHEIRO;PARA VIAGEM;19/03/2023;True;True;[]
TXN_6717074;CHÁ;3;1,50;4,50;CARTEIRA DIGITAL;PARA VIAGEM;12/06/2023;False;True;[]
TXN_2833327;N/A;3;2,00;6,00;DINHEIRO;N/A;05/07/2023;False;True;[]
TXN_3856021;SALADA;1;5,00;5,00;CARTÃO DE CRÉDITO;N/A;24/02/2023;False;True;[]
TXN_2902289;CHÁ;5;1,50;7,50;CARTÃO DE CRÉDITO;PRESENCIAL;16/12/2023;False;True;[]
TXN_9456575;CHÁ;5;1,50;7,50;DINHEIRO;N/A;10/06/2023;False;True;[]
TXN_9231214;CHÁ;4;1,50;6,00;CARTEIRA DIGITAL;PARA VIAGEM;24/05/2023;False;True;[]
TXN_2005789;SUCO;3;3,00;9,00;CARTÃO DE CRÉDITO;PARA VIAGEM;13/03/2023;False;True;[]
TXN_4814965;SALADA;2;5,00;10,00;CARTEIRA DIGITAL;N/A;23/07/2023;False;True;[]
TXN_5656252;SANDUICHE;4;4,00;16,00;N/A;PARA VIAGEM;04/08/2023;False;True;[]
TXN_6739950;SALADA;;5,00;20,00;CARTÃO DE CRÉDITO;PRESENCIAL;04/03/2023;True;True;[]
TXN_1165762;N/A;3;2,00;6,00;CARTÃO DE CRÉDITO;N/A;22/10/2023;False;True;[]
TXN_1122700;SALADA;5;5,00;25,00;CARTEIRA DIGITAL;PRESENCIAL;09/11/2023;False;True;[]
TXN_6441337;CAFÉ;5;2,00;10,00;N/A;PARA VIAGEM;22/02/2023;False;True;[]
TXN_9134335;BOLO;3;3,00;9,00;CARTEIRA DIGITAL;PARA VIAGEM;30/01/2023;False;True;[]
TXN_7278970;SALADA;2;5,00;10,00;N/A;PRESENCIAL;15/08/2023;False;True;[]
TXN_7376255;N/A;;;25,00;N/A;PRESENCIAL;27/05/2023;True;True;[]
TXN_1075969;BISCOITO;2;1,00;2,00;CARTEIRA DIGITAL;N/A;13/08/2023;False;True;[]
TXN_1972843;CAFÉ;2;2,00;4,00;N/A;N/A;20/02/2023;False;True;[]
TXN_9546951;SANDUICHE;4;4,00;16,00;N/A;N/A;14/12/2023;False;True;[]
TXN_2336946;SANDUICHE;4;4,00;16,00;N/A;N/A;29/05/2023;False;True;[]
TXN_4219548;CAFÉ;5;2,00;10,00;N/A;PARA VIAGEM;24/07/2023;False;True;[]
TXN_5799196;SANDUICHE;3;4,00;12,00;CARTEIRA DIGITAL;N/A;03/12/2023;False;True;[]
TXN_3337203;VITAMINA;3;4,00;12,00;N/A;PARA VIAGEM;16/11/2023;False;True;[]
TXN_4561006;SUCO;3;3,00;9,00;CARTÃO DE CRÉDITO;N/A;23/11/2023;False;True;[]
TXN_6652858;SALADA;5;5,00;25,00;CARTÃO DE CRÉDITO;PRESENCIAL;13/09/2023;False;True;[]
TXN_5932892;SUCO;4;3,00;12,00;CARTEIRA DIGITAL;PRESENCIAL;19/11/2023;False;True;[]
TXN_7466586;SALADA;4;5,00;20,00;CARTEIRA DIGITAL;PARA VIAGEM;02/04/2023;False;True;[]
TXN_4207981;VITAMINA;1;4,00;4,00;CARTEIRA DIGITAL;PRESENCIAL;17/03/2023;False;True;[]
TXN_2771482;SALADA;4;5,00;20,00;CARTÃO DE CRÉDITO;N/A;03/02/2023;False;True;[]
TXN_9450903;VITAMINA;3;4,00;12,00;CARTEIRA DIGITAL;N/A;07/04/2023;False;True;[]
TXN_1165779;BISCOITO;4;1,00;4,00;CARTEIRA DIGITAL;PARA VIAGEM;30/06/2023;False;True;[]
TXN_1984966;N/A;2;1,50;3,00;CARTÃO DE CRÉDITO;PARA VIAGEM;31/03/2023;False;True;[]
TXN_4607933;VITAMINA;2;4,00;8,00;CARTÃO DE CRÉDITO;PRESENCIAL;22/09/2023;False;True;[]
TXN_3486178;BOLO;5;3,00;15,00;DINHEIRO;N/A;09/06/2023;False;True;[]
TXN_2324227;BISCOITO;1;1,00;1,00;CARTEIRA DIGITAL;PRESENCIAL;07/06/2023;False;True;[]
TXN_2452819;BISCOITO;3;1,00;3,00;CARTÃO DE CRÉDITO;PRESENCIAL;31/07/2023;False;True;[]
TXN_4789193;SUCO;3;3,00;9,00;N/A;N/A;21/02/2023;False;True;[]
TXN_5743519;VITAMINA;2;4,00;8,00;DINHEIRO;N/A;23/05/2023;False;True;[]
TXN_1783857;CAFÉ;2;;4,00;CARTEIRA DIGITAL;PRESENCIAL;29/11/2023;True;True;[]
TXN_6269540;N/A;;4,00;12,00;N/A;N/A;06/12/2023;True;True;[]
TXN_8106538;CAFÉ;3;;6,00;CARTEIRA DIGITAL;N/A;09/07/2023;True;True;[]
TXN_6732494;CAFÉ;2;2,00;4,00;CARTÃO DE CRÉDITO;PARA VIAGEM;18/03/2023;False;True;[]
TXN_3828620;N/A;1;5,00;5,00;N/A;PRESENCIAL;15/10/2023;False;True;[]
TXN_5458161;SANDUICHE;1;4,00;4,00;CARTEIRA DIGITAL;PARA VIAGEM;19/07/2023;False;True;[]
TXN_1518379;SUCO;4;3,00;12,00;N/A;PRESENCIAL;12/08/2023;False;True;[]
TXN_9097840;CHÁ;3;1,50;4,50;CARTÃO DE CRÉDITO;N/A;06/02/2023;False;True;[]
TXN_5747094;SUCO;2;3,00;6,00;CARTEIRA DIGITAL;PARA VIAGEM;11/05/2023;False;True;[]
TXN_9782087;SANDUICHE;4;4,00;16,00;CARTÃO DE CRÉDITO;PRESENCIAL;27/07/2023;False;True;[]
TXN_5824950;CAFÉ;1;2,00;2,00;CARTÃO DE CRÉDITO;PRESENCIAL;06/12/2023;False;True;[]
TXN_6682782;BISCOITO;5;1,00;5,00;DINHEIRO;PRESENCIAL;15/12/2023;False;True;[]
TXN_2468359;N/A;2;5,00;10,00;N/A;N/A;20/07/2023;False;True;[]
TXN_1902038;N/A;4;2,00;8,00;CARTÃO DE CRÉDITO;PARA VIAGEM;07/04/2023;False;True;[]
TXN_7210366;BOLO;2;3,00;6,00;CARTEIRA DIGITAL;N/A;25/03/2023;False;True;[]
TXN_6327785;N/A;3;1,50;4,50;CARTÃO DE CRÉDITO;N/A;20/11/2023;False;True;[]
TXN_3206293;BISCOITO;5;1,00;5,00;CARTEIRA DIGITAL;PARA VIAGEM;04/05/2023;False;True;[]
TXN_5827969;SALADA;5;5,00;25,00;CARTEIRA DIGITAL;N/A;03/07/2023;False;True;[]
TXN_6999471;N/A;1;3,00;3,00;N/A;N/A;07/08/2023;False;True;[]
TXN_2859077;VITAMINA;3;4,00;12,00;CARTEIRA DIGITAL;PARA VIAGEM;31/01/2023;False;True;[]
TXN_3643361;CHÁ;1;1,50;1,50;DINHEIRO;N/A;12/01/2023;False;True;[]
TXN_8066306;BOLO;5;3,00;15,00;CARTEIRA DIGITAL;PARA VIAGEM;07/01/2023;False;True;[]
TXN_2260351;CAFÉ;3;2,00;6,00;DINHEIRO;N/A;26/10/2023;False;True;[]
TXN_5224275;BISCOITO;4;1,00;4,00;CARTÃO DE CRÉDITO;PRESENCIAL;17/12/2023;False;True;[]
TXN_3842567;SALADA;1;5,00;5,00;CARTÃO DE CRÉDITO;PRESENCIAL;13/03/2023;False;True;[]
TXN_8515063;N/A;3;1,00;3,00;N/A;PARA VIAGEM;06/12/2023;False;True;[]
TXN_2188137;N/A;1;1,50;1,50;CARTÃO DE CRÉDITO;N/A;15/01/2023;False;True;[]
TXN_3104589;N/A;2;1,00;2,00;DINHEIRO;PARA VIAGEM;01/03/2023;False;True;[]
TXN_9638367;CAFÉ;1;2,00;2,00;N/A;N/A;22/07/2023;False;True;[]
TXN_8742742;BOLO;4;3,00;12,00;N/A;N/A;07/03/2023;False;True;[]
TXN_5687012;SALADA;2;5,00;10,00;DINHEIRO;N/A;12/03/2023;False;True;[]
TXN_5784372;SALADA;2;;10,00;DINHEIRO;N/A;23/05/2023;True;True;[]
TXN_2737300;BOLO;;3,00;3,00;N/A;PRESENCIAL;25/12/2023;True;True;[]
TXN_5905025;BISCOITO;4;1,00;4,00;N/A;PARA VIAGEM;08/03/2023;False;True;[]
TXN_6602557;BOLO;4;3,00;12,00;DINHEIRO;PARA VIAGEM;06/02/2023;False;True;[]
TXN_8065180;VITAMINA;5;4,00;20,00;CARTEIRA DIGITAL;PARA VIAGEM;07/06/2023;False;True;[]
TXN_4448424;SALADA;4;;20,00;CARTEIRA DIGITAL;N/A;31/01/2023;True;True;[]
TXN_3396099;CAFÉ;1;2,00;2,00;CARTEIRA DIGITAL;PRESENCIAL;06/04/2023;False;True;[]
TXN_2693431;SALADA;2;5,00;10,00;CARTEIRA DIGITAL;N/A;20/05/2023;False;True;[]
TXN_7767493;SANDUICHE;5;4,00;20,00;CARTÃO DE CRÉDITO;PRESENCIAL;20/02/2023;False;True;[]
TXN_2954575;CHÁ;2;1,50;3,00;CARTEIRA DIGITAL;PARA VIAGEM;14/11/2023;False;True;[]
TXN_8983868;N/A;5;2,00;10,00;CARTÃO DE CRÉDITO;N/A;10/03/2023;False;True;[]
TXN_3540841;N/A;;1,50;4,50;CARTÃO DE CRÉDITO;PRESENCIAL;22/03/2023;True;True;[]
TXN_8933027;SUCO;5;3,00;15,00;CARTÃO DE CRÉDITO;N/A;14/07/2023;False;True;[]
TXN_5763287;BOLO;2;;6,00;CARTÃO DE CRÉDITO;N/A;27/06/2023;True;True;[]
TXN_7272945;VITAMINA;4;4,00;16,00;N/A;PARA VIAGEM;13/04/2023;False;True;[]
TXN_8511110;CHÁ;3;1,50;4,50;N/A;N/A;17/10/2023;False;True;[]
TXN_9307650;CAFÉ;3;2,00;6,00;N/A;PARA VIAGEM;22/02/2023;False;True;[]
TXN_1812185;SUCO;2;3,00;6,00;CARTEIRA DIGITAL;N/A;21/09/2023;False;True;[]
TXN_2134650;SUCO;4;3,00;12,00;CARTEIRA DIGITAL;PARA VIAGEM;11/02/2023;False;True;[]
TXN_7899761;SUCO;2;3,00;6,00;N/A;PRESENCIAL;08/10/2023;False;True;[]
TXN_6785552;SUCO;5;3,00;15,00;DINHEIRO;N/A;19/01/2023;False;True;[]
TXN_8794205;BOLO;4;3,00;12,00;CARTÃO DE CRÉDITO;PARA VIAGEM;22/10/2023;False;True;[]
TXN_2464879;BOLO;2;3,00;6,00;CARTÃO DE CRÉDITO;N/A;11/10/2023;False;True;[]
TXN_8294790;BISCOITO;1;1,00;1,00;CARTEIRA DIGITAL;PARA VIAGEM;01/09/2023;False;True;[]
TXN_4207219;BOLO;1;3,00;3,00;DINHEIRO;PRESENCIAL;16/09/2023;False;True;[]
TXN_1921415;BOLO;1;3,00;3,00;DINHEIRO;PARA VIAGEM;03/11/2023;False;True;[]
TXN_7122109;CAFÉ;5;2,00;10,00;N/A;PARA VIAGEM;19/05/2023;False;True;[]
TXN_3601338;BOLO;3;3,00;9,00;CARTÃO DE CRÉDITO;N/A;06/03/2023;False;True;[]
TXN_7403839;CAFÉ;1;2,00;2,00;N/A;N/A;23/12/2023;False;True;[]
TXN_3709876;CAFÉ;1;2,00;2,00;CARTÃO DE CRÉDITO;PARA VIAGEM;04/11/2023;False;True;[]
TXN_6063689;BISCOITO;3;1,00;3,00;DINHEIRO;PRESENCIAL;01/02/2023;False;True;[]
TXN_8126762;CAFÉ;5;2,00;10,00;CARTEIRA DIGITAL;PARA VIAGEM;08/06/2023;False;True;[]
TXN_5940531;CHÁ;1;1,50;1,50;N/A;PRESENCIAL;11/01/2023;False;True;[]
TXN_9844453;CHÁ;2;1,50;3,00;N/A;N/A;09/01/2023;False;True;[]
TXN_5774784;BOLO;5;3,00;15,00;N/A;PRESENCIAL;04/10/2023;False;True;[]
TXN_6241682;SANDUICHE;3;4,00;12,00;N/A;PRESENCIAL;07/09/2023;False;True;[]
TXN_1235828;CHÁ;4;1,50;6,00;DINHEIRO;PARA VIAGEM;19/02/2023;False;True;[]
TXN_9206403;BISCOITO;1;1,00;1,00;N/A;PRESENCIAL;15/12/2023;False;True;[]
TXN_8377178;CAFÉ;5;2,00;10,00;N/A;N/A;03/02/2023;False;True;[]
TXN_8125141;CHÁ;3;1,50;4,50;N/A;PARA VIAGEM;18/04/2023;False;True;[]
TXN_9673343;N/A;2;4,00;8,00;DINHEIRO;PRESENCIAL;22/06/2023;False;True;[]
TXN_8734331;N/A;3;1,50;4,50;N/A;N/A;17/05/2023;False;True;[]
TXN_9565246;CAFÉ;5;2,00;10,00;DINHEIRO;N/A;28/12/2023;False;True;[]
TXN_9914747;CAFÉ;5;2,00;10,00;N/A;N/A;05/12/2023;False;True;[]
TXN_6148776;CAFÉ;5;2,00;10,00;N/A;PARA VIAGEM;02/03/2023;False;True;[]
TXN_4992510;BISCOITO;4;1,00;4,00;DINHEIRO;PRESENCIAL;26/01/2023;False;True;[]
TXN_8384806;SANDUICHE;3;;12,00;N/A;PARA VIAGEM;07/07/2023;True;True;[]
TXN_6472826;SUCO;4;3,00;12,00;DINHEIRO;PRESENCIAL;11/04/2023;False;True;[]
TXN_8131052;BISCOITO;1;1,00;1,00;CARTÃO DE CRÉDITO;PARA VIAGEM;16/09/2023;False;True;[]
TXN_8425819;SANDUICHE;1;4,00;4,00;N/A;N/A;09/01/2023;False;True;[]
TXN_6636395;SUCO;4;3,00;12,00;DINHEIRO;PRESENCIAL;30/01/2023;False;True;[]
TXN_2137354;CAFÉ;2;2,00;4,00;N/A;N/A;17/05/2023;False;True;[]
TXN_3353615;CAFÉ;4;2,00;8,00;CARTÃO DE CRÉDITO;PARA VIAGEM;24/07/2023;False;True;[]
TXN_2703095;SALADA;1;5,00;5,00;N/A;N/A;05/10/2023;False;True;[]
TXN_7282082;SANDUICHE;4;4,00;16,00;N/A;PRESENCIAL;02/02/2023;False;True;[]
TXN_6705109;BOLO;3;3,00;9,00;DINHEIRO;PRESENCIAL;05/08/2023;False;True;[]
TXN_1857902;SANDUICHE;5;4,00;20,00;N/A;PARA VIAGEM;26/04/2023;False;True;[]
TXN_5788053;SANDUICHE;5;4,00;20,00;CARTEIRA DIGITAL;N/A;04/01/2023;False;True;[]
TXN_8650185;VITAMINA;5;4,00;20,00;DINHEIRO;N/A;13/06/2023;False;True;[]
TXN_1171281;CAFÉ;2;2,00;4,00;CARTEIRA DIGITAL;N/A;06/02/2023;False;True;[]
TXN_9875865;BISCOITO;3;1,00;3,00;CARTEIRA DIGITAL;N/A;23/10/2023;False;True;[]
TXN_6244602;BOLO;5;3,00;15,00;CARTEIRA DIGITAL;N/A;06/05/2023;False;True;[]
TXN_5093855;N/A;4;;6,00;DINHEIRO;PARA VIAGEM;23/11/2023;True;True;[]
TXN_5588102;N/A;4;1,00;4,00;CARTÃO DE CRÉDITO;PRESENCIAL;14/01/2023;False;True;[]
TXN_7762815;VITAMINA;5;4,00;20,00;CARTÃO DE CRÉDITO;N/A;26/07/2023;False;True;[]
TXN_8421481;CAFÉ;4;2,00;8,00;CARTEIRA DIGITAL;PARA VIAGEM;27/07/2023;False;True;[]
TXN_3717307;BISCOITO;;1,00;1,00;CARTÃO DE CRÉDITO;PRESENCIAL;02/07/2023;True;True;[]
TXN_6201227;SALADA;2;5,00;10,00;DINHEIRO;PARA VIAGEM;15/01/2023;False;True;[]
TXN_9052231;SANDUICHE;1;4,00;4,00;CARTÃO DE CRÉDITO;PRESENCIAL;20/08/2023;False;True;[]
TXN_8228865;SUCO;3;3,00;9,00;CARTEIRA DIGITAL;PRESENCIAL;19/09/2023;False;True;[]
TXN_5875188;SALADA;3;5,00;15,00;CARTEIRA DIGITAL;PRESENCIAL;09/07/2023;False;True;[]
TXN_7997704;SANDUICHE;2;4,00;8,00;CARTEIRA DIGITAL;N/A;28/04/2023;False;True;[]
TXN_4409875;BOLO;3;3,00;9,00;CARTEIRA DIGITAL;N/A;08/09/2023;False;True;[]
TXN_4015427;BISCOITO;5;1,00;5,00;CARTÃO DE CRÉDITO;N/A;05/08/2023;False;True;[]
TXN_3358787;BOLO;1;3,00;3,00;CARTEIRA DIGITAL;N/A;10/06/2023;False;True;[]
TXN_8557847;N/A;4;4,00;16,00;N/A;PARA VIAGEM;02/09/2023;False;True;[]
TXN_1307239;CAFÉ;1;2,00;2,00;CARTEIRA DIGITAL;PARA VIAGEM;26/10/2023;False;True;[]
TXN_5138519;BOLO;5;3,00;15,00;DINHEIRO;PRESENCIAL;22/05/2023;False;True;[]
TXN_8763436;SUCO;4;3,00;12,00;DINHEIRO;N/A;11/04/2023;False;True;[]
TXN_3067609;N/A;4;5,00;20,00;DINHEIRO;N/A;25/12/2023;False;True;[]
TXN_4052950;SALADA;2;5,00;10,00;CARTÃO DE CRÉDITO;N/A;13/03/2023;False;True;[]
TXN_2207332;CAFÉ;1;2,00;2,00;CARTÃO DE CRÉDITO;N/A;12/01/2023;False;True;[]
TXN_6633385;N/A;2;3,00;6,00;CARTÃO DE CRÉDITO;PARA VIAGEM;12/02/2023;False;True;[]
TXN_6710660;SALADA;2;5,00;10,00;DINHEIRO;PRESENCIAL;08/02/2023;False;True;[]
TXN_9523369;CAFÉ;3;2,00;6,00;CARTEIRA DIGITAL;PARA VIAGEM;25/08/2023;False;True;[]
TXN_3548756;SUCO;3;3,00;9,00;CARTEIRA DIGITAL;N/A;24/02/2023;False;True;[]
TXN_9332035;BISCOITO;2;1,00;2,00;CARTEIRA DIGITAL;N/A;02/11/2023;False;True;[]
TXN_7539774;SALADA;1;;5,00;N/A;PRESENCIAL;12/02/2023;True;True;[]
TXN_7846513;SANDUICHE;3;4,00;12,00;CARTÃO DE CRÉDITO;N/A;19/10/2023;False;True;[]
TXN_6188931;BOLO;5;3,00;15,00;CARTEIRA DIGITAL;PRESENCIAL;28/01/2023;False;True;[]
TXN_6707466;SALADA;;5,00;10,00;CARTÃO DE CRÉDITO;N/A;02/04/2023;True;True;[]
TXN_4076392;CAFÉ;3;2,00;6,00;N/A;PRESENCIAL;24/12/2023;False;True;[]
TXN_2365394;BOLO;2;3,00;6,00;CARTEIRA DIGITAL;PRESENCIAL;06/04/2023;False;True;[]
TXN_7089466;BISCOITO;4;1,00;4,00;N/A;N/A;26/12/2023;False;True;[]
TXN_2898188;SALADA;4;5,00;20,00;CARTEIRA DIGITAL;PARA VIAGEM;26/04/2023;False;True;[]
TXN_1632205;BISCOITO;4;1,00;4,00;N/A;PRESENCIAL;04/02/2023;False;True;[]
TXN_3741197;BOLO;4;3,00;12,00;CARTÃO DE CRÉDITO;N/A;13/10/2023;False;True;[]
TXN_5300938;CHÁ;5;1,50;7,50;DINHEIRO;PARA VIAGEM;30/10/2023;False;True;[]
TXN_3547013;CHÁ;3;1,50;4,50;N/A;N/A;26/04/2023;False;True;[]
TXN_7705748;SUCO;3;3,00;9,00;CARTEIRA DIGITAL;N/A;14/07/2023;False;True;[]
TXN_8073173;CHÁ;5;1,50;7,50;DINHEIRO;N/A;05/07/2023;False;True;[]
TXN_1489746;BISCOITO;3;1,00;3,00;CARTEIRA DIGITAL;PRESENCIAL;18/12/2023;False;True;[]
TXN_2864951;CHÁ;5;1,50;7,50;CARTÃO DE CRÉDITO;PARA VIAGEM;09/10/2023;False;True;[]
TXN_6817889;CHÁ;1;1,50;1,50;N/A;N/A;04/10/2023;False;True;[]
TXN_7809825;N/A;2;4,00;8,00;CARTÃO DE CRÉDITO;N/A;26/08/2023;False;True;[]
TXN_7402573;SANDUICHE;4;4,00;16,00;N/A;PARA VIAGEM;13/02/2023;False;True;[]
TXN_4762520;VITAMINA;1;4,00;4,00;DINHEIRO;PARA VIAGEM;17/07/2023;False;True;[]
TXN_6869880;SUCO;4;3,00;12,00;CARTEIRA DIGITAL;PARA VIAGEM;05/08/2023;False;True;[]
TXN_3054405;SUCO;3;3,00;9,00;DINHEIRO;PRESENCIAL;19/11/2023;False;True;[]
TXN_2085992;BOLO;1;3,00;3,00;N/A;PARA VIAGEM;15/05/2023;False;True;[]
TXN_1443201;BISCOITO;5;1,00;5,00;CARTÃO DE CRÉDITO;PRESENCIAL;03/10/2023;False;True;[]
TXN_9157460;BOLO;4;3,00;12,00;CARTEIRA DIGITAL;PARA VIAGEM;23/01/2023;False;True;[]
TXN_2299364;SALADA;1;5,00;5,00;DINHEIRO;PRESENCIAL;26/10/2023;False;True;[]
TXN_9948645;SALADA;1;5,00;5,00;CARTÃO DE CRÉDITO;N/A;29/08/2023;False;True;[]
TXN_8244640;BISCOITO;1;1,00;1,00;N/A;PARA VIAGEM;24/09/2023;False;True;[]
TXN_9507568;VITAMINA;4;4,00;16,00;CARTÃO DE CRÉDITO;N/A;12/10/2023;False;True;[]
TXN_7952916;CAFÉ;4;2,00;8,00;N/A;N/A;10/12/2023;False;True;[]
TXN_1058927;SANDUICHE;4;4,00;16,00;DINHEIRO;N/A;08/07/2023;False;True;[]
TXN_2165365;CAFÉ;5;;10,00;CARTEIRA DIGITAL;PARA VIAGEM;08/06/2023;True;True;[]
TXN_4497327;BISCOITO;2;1,00;2,00;CARTÃO DE CRÉDITO;N/A;08/11/2023;False;True;[]
TXN_3677890;SANDUICHE;;4,00;12,00;CARTÃO DE CRÉDITO;PRESENCIAL;28/02/2023;True;True;[]
TXN_6029333;BOLO;1;3,00;3,00;N/A;N/A;10/06/2023;False;True;[]
TXN_9300970;BOLO;2;3,00;6,00;CARTÃO DE CRÉDITO;PARA VIAGEM;06/03/2023;False;True;[]
TXN_3931747;N/A;4;1,00;4,00;N/A;PARA VIAGEM;14/01/2023;False;True;[]
TXN_5747642;SALADA;2;5,00;10,00;DINHEIRO;PARA VIAGEM;26/07/2023;False;True;[]
TXN_1505875;VITAMINA;4;4,00;16,00;DINHEIRO;PARA VIAGEM;17/05/2023;False;True;[]
TXN_5417192;BISCOITO;4;1,00;4,00;DINHEIRO;PRESENCIAL;23/06/2023;False;True;[]
TXN_1522140;BISCOITO;4;1,00;4,00;DINHEIRO;N/A;28/05/2023;False;True;[]
TXN_5357157;SUCO;4;3,00;12,00;CARTÃO DE CRÉDITO;PRESENCIAL;21/05/2023;False;True;[]
TXN_2000400;CHÁ;5;1,50;7,50;CARTEIRA DIGITAL;PARA VIAGEM;29/09/2023;False;True;[]
TXN_5612022;BISCOITO;5;1,00;5,00;CARTEIRA DIGITAL;N/A;27/09/2023;False;True;[]
TXN_3105489;BOLO;3;3,00;9,00;CARTEIRA DIGITAL;PRESENCIAL;14/03/2023;False;True;[]
TXN_4509329;CHÁ;1;1,50;1,50;N/A;PARA VIAGEM;22/10/2023;False;True;[]
TXN_1724815;N/A;;4,00;12,00;N/A;PRESENCIAL;16/08/2023;True;True;[]
TXN_2096922;CAFÉ;3;2,00;6,00;CARTEIRA DIGITAL;PARA VIAGEM;11/12/2023;False;True;[]
TXN_2563679;SALADA;3;5,00;15,00;CARTEIRA DIGITAL;N/A;09/04/2023;False;True;[]
TXN_2930503;SUCO;3;3,00;9,00;N/A;PRESENCIAL;18/06/2023;False;True;[]
TXN_9265178;SANDUICHE;4;4,00;16,00;DINHEIRO;PARA VIAGEM;18/03/2023;False;True;[]
TXN_7126770;BOLO;4;3,00;12,00;CARTÃO DE CRÉDITO;PARA VIAGEM;09/11/2023;False;True;[]
TXN_6348409;SALADA;3;5,00;15,00;CARTÃO DE CRÉDITO;PARA VIAGEM;26/07/2023;False;True;[]
TXN_3776109;N/A;1;5,00;5,00;N/A;N/A;20/05/2023;False;True;[]
TXN_2538739;SALADA;2;5,00;10,00;N/A;PRESENCIAL;29/07/2023;False;True;[]
TXN_4159135;CAFÉ;3;2,00;6,00;N/A;PARA VIAGEM;09/02/2023;False;True;[]
TXN_1454866;SANDUICHE;1;;4,00;CARTEIRA DIGITAL;PARA VIAGEM;13/12/2023;True;True;[]
TXN_4654061;SANDUICHE;2;4,00;8,00;CARTÃO DE CRÉDITO;N/A;04/05/2023;False;True;[]
TXN_8160791;BOLO;5;3,00;15,00;CARTEIRA DIGITAL;PRESENCIAL;24/10/2023;False;True;[]
TXN_1647069;SANDUICHE;1;4,00;4,00;CARTÃO DE CRÉDITO;PARA VIAGEM;06/04/2023;False;True;[]
TXN_8499005;N/A;5;2,00;10,00;N/A;N/A;26/10/2023;False;True;[]
TXN_1512185;CAFÉ;4;2,00;8,00;DINHEIRO;PARA VIAGEM;16/06/2023;False;True;[]
TXN_8632653;SUCO;2;3,00;6,00;N/A;PRESENCIAL;24/12/2023;False;True;[]
TXN_8744240;N/A;4;4,00;16,00;DINHEIRO;N/A;19/06/2023;False;True;[]
TXN_4190750;SUCO;5;3,00;15,00;N/A;PARA VIAGEM;02/04/2023;False;True;[]
TXN_9470260;CAFÉ;5;2,00;10,00;N/A;PRESENCIAL;07/10/2023;False;True;[]
TXN_6257213;SUCO;5;3,00;15,00;DINHEIRO;N/A;12/12/2023;False;True;[]
TXN_1004563;CHÁ;5;1,50;7,50;CARTÃO DE CRÉDITO;PRESENCIAL;28/10/2023;False;True;[]
TXN_5352739;SANDUICHE;4;4,00;16,00;N/A;N/A;31/07/2023;False;True;[]
TXN_7387056;SUCO;4;3,00;12,00;CARTÃO DE CRÉDITO;N/A;24/10/2023;False;True;[]
TXN_1927431;BISCOITO;1;1,00;1,00;CARTÃO DE CRÉDITO;PRESENCIAL;07/02/2023;False;True;[]
TXN_3432433;BISCOITO;5;1,00;5,00;DINHEIRO;PRESENCIAL;19/02/2023;False;True;[]
TXN_1130142;BISCOITO;1;1,00;1,00;CARTÃO DE CRÉDITO;PRESENCIAL;13/03/2023;False;True;[]
TXN_6682443;BOLO;4;3,00;12,00;CARTEIRA DIGITAL;N/A;03/09/2023;False;True;[]
TXN_3279039;BOLO;4;3,00;12,00;CARTÃO DE CRÉDITO;PRESENCIAL;26/06/2023;False;True;[]
TXN_6119612;N/A;3;3,00;9,00;DINHEIRO;N/A;25/12/2023;False;True;[]
TXN_1295824;CHÁ;1;1,50;1,50;CARTÃO DE CRÉDITO;N/A;01/08/2023;False;True;[]
TXN_8305936;SUCO;3;3,00;9,00;CARTEIRA DIGITAL;PRESENCIAL;02/08/2023;False;True;[]
TXN_9550664;SALADA;2;;10,00;N/A;N/A;29/06/2023;True;True;[]
TXN_3808895;SALADA;2;5,00;10,00;DINHEIRO;PRESENCIAL;13/07/2023;False;True;[]
TXN_9843811;SUCO;2;3,00;6,00;CARTÃO DE CRÉDITO;N/A;01/03/2023;False;True;[]
TXN_6405258;CHÁ;2;1,50;3,00;CARTÃO DE CRÉDITO;PARA VIAGEM;10/08/2023;False;True;[]
TXN_1224087;CAFÉ;5;2,00;10,00;CARTEIRA DIGITAL;PARA VIAGEM;20/03/2023;False;True;[]
TXN_7727118;VITAMINA;5;4,00;20,00;CARTEIRA DIGITAL;PARA VIAGEM;04/11/2023;False;True;[]
TXN_8456072;VITAMINA;1;4,00;4,00;N/A;PRESENCIAL;11/07/2023;False;True;[]
TXN_8173006;SALADA;3;5,00;15,00;N/A;PARA VIAGEM;21/12/2023;False;True;[]
TXN_2769769;N/A;5;5,00;25,00;CARTÃO DE CRÉDITO;PRESENCIAL;01/04/2023;False;True;[]
TXN_8413949;SUCO;1;3,00;3,00;CARTÃO DE CRÉDITO;PRESENCIAL;14/10/2023;False;True;[]
TXN_7538763;VITAMINA;1;4,00;4,00;N/A;PARA VIAGEM;18/11/2023;False;True;[]
TXN_6541110;BISCOITO;3;1,00;3,00;DINHEIRO;PRESENCIAL;30/12/2023;False;True;[]
TXN_6264390;N/A;2;4,00;8,00;DINHEIRO;N/A;29/06/2023;False;True;[]
TXN_6814891;CAFÉ;1;2,00;2,00;CARTEIRA DIGITAL;PARA VIAGEM;26/06/2023;False;True;[]
TXN_9884180;SALADA;1;5,00;5,00;DINHEIRO;PARA VIAGEM;19/05/2023;False;True;[]
TXN_6424202;BISCOITO;2;;;CARTÃO DE CRÉDITO;PRESENCIAL;20/11/2023;True;True;[]
TXN_6775024;CAFÉ;2;2,00;4,00;DINHEIRO;PRESENCIAL;30/01/2023;False;True;[]
TXN_8540553;BOLO;1;3,00;3,00;N/A;PRESENCIAL;13/07/2023;False;True;[]
TXN_6501361;SALADA;5;5,00;25,00;DINHEIRO;PRESENCIAL;17/01/2023;False;True;[]
TXN_5671997;SUCO;3;;9,00;N/A;PARA VIAGEM;03/09/2023;True;True;[]
TXN_4283360;CAFÉ;2;2,00;4,00;CARTÃO DE CRÉDITO;PRESENCIAL;19/12/2023;False;True;[]
TXN_3956393;BISCOITO;4;1,00;4,00;CARTÃO DE CRÉDITO;PRESENCIAL;14/01/2023;False;True;[]
TXN_1971103;SUCO;4;3,00;12,00;N/A;N/A;22/08/2023;False;True;[]
TXN_9576057;CHÁ;5;1,50;7,50;CARTEIRA DIGITAL;PARA VIAGEM;03/03/2023;False;True;[]
TXN_1435035;VITAMINA;1;4,00;4,00;N/A;PRESENCIAL;31/12/2023;False;True;[]
TXN_8111101;SANDUICHE;5;4,00;20,00;DINHEIRO;N/A;12/01/2023;False;True;[]
TXN_8323012;CHÁ;3;1,50;4,50;CARTÃO DE CRÉDITO;N/A;17/12/2023;False;True;[]
TXN_9415451;BOLO;3;3,00;9,00;N/A;PARA VIAGEM;04/01/2023;False;True;[]
TXN_7072883;VITAMINA;1;4,00;4,00;CARTÃO DE CRÉDITO;N/A;05/10/2023;False;True;[]
TXN_7455637;SUCO;3;3,00;9,00;N/A;PARA VIAGEM;23/04/2023;False;True;[]
TXN_3779292;SALADA;2;5,00;10,00;CARTÃO DE CRÉDITO;PRESENCIAL;30/12/2023;False;True;[]
TXN_2629420;VITAMINA;2;4,00;8,00;N/A;PARA VIAGEM;16/01/2023;False;True;[]
TXN_5848025;CHÁ;5;1,50;7,50;CARTÃO DE CRÉDITO;PRESENCIAL;19/01/2023;False;True;[]
TXN_1452253;SANDUICHE;2;4,00;8,00;N/A;N/A;12/05/2023;False;True;[]
TXN_4661976;VITAMINA;3;4,00;12,00;CARTEIRA DIGITAL;N/A;13/10/2023;False;True;[]
TXN_4818703;BISCOITO;2;1,00;2,00;CARTEIRA DIGITAL;PARA VIAGEM;20/04/2023;False;True;[]
TXN_9849760;BOLO;2;3,00;6,00;N/A;PARA VIAGEM;01/09/2023;False;True;[]
TXN_6387334;VITAMINA;5;4,00;20,00;CARTEIRA DIGITAL;PRESENCIAL;19/02/2023;False;True;[]
TXN_6431384;SUCO;4;3,00;12,00;CARTEIRA DIGITAL;PRESENCIAL;06/08/2023;False;True;[]
TXN_2445017;CHÁ;5;1,50;7,50;N/A;PARA VIAGEM;23/07/2023;False;True;[]
TXN_9202190;SANDUICHE;;4,00;20,00;N/A;PRESENCIAL;25/08/2023;True;True;[]
TXN_1486576;SANDUICHE;4;4,00;16,00;N/A;PARA VIAGEM;10/09/2023;False;True;[]
TXN_5530717;SUCO;1;3,00;3,00;CARTÃO DE CRÉDITO;PRESENCIAL;10/03/2023;False;True;[]
TXN_7490314;BISCOITO;2;1,00;2,00;N/A;PRESENCIAL;14/05/2023;False;True;[]
TXN_1811734;CAFÉ;4;2,00;8,00;N/A;N/A;16/07/2023;False;True;[]
TXN_3100053;BOLO;3;3,00;9,00;DINHEIRO;PRESENCIAL;19/12/2023;False;True;[]
TXN_5812394;SALADA;5;5,00;25,00;DINHEIRO;N/A;17/10/2023;False;True;[]
TXN_6315475;CAFÉ;2;2,00;4,00;N/A;N/A;23/09/2023;False;True;[]
TXN_5477578;VITAMINA;;4,00;4,00;CARTEIRA DIGITAL;PARA VIAGEM;12/03/2023;True;True;[]
TXN_5373441;SALADA;1;5,00;5,00;N/A;PRESENCIAL;02/06/2023;False;True;[]
TXN_1094145;BISCOITO;3;1,00;3,00;CARTÃO DE CRÉDITO;N/A;15/03/2023;False;True;[]
TXN_8680875;N/A;2;1,50;3,00;DINHEIRO;PARA VIAGEM;21/07/2023;False;True;[]
TXN_6504180;VITAMINA;1;4,00;4,00;CARTEIRA DIGITAL;PRESENCIAL;31/08/2023;False;True;[]
TXN_6378045;SANDUICHE;5;4,00;20,00;CARTEIRA DIGITAL;PRESENCIAL;07/05/2023;False;True;[]
TXN_4502704;CHÁ;4;1,50;6,00;N/A;PRESENCIAL;04/04/2023;False;True;[]
TXN_6992967;VITAMINA;5;4,00;20,00;DINHEIRO;N/A;29/08/2023;False;True;[]
TXN_6266147;SUCO;3;3,00;9,00;CARTÃO DE CRÉDITO;PRESENCIAL;31/01/2023;False;True;[]
TXN_7499330;BISCOITO;1;1,00;1,00;CARTÃO DE CRÉDITO;PRESENCIAL;28/10/2023;False;True;[]
TXN_8815623;CAFÉ;2;2,00;4,00;CARTEIRA DIGITAL;PRESENCIAL;03/02/2023;False;True;[]
TXN_7632478;SUCO;2;3,00;6,00;CARTEIRA DIGITAL;N/A;11/04/2023;False;True;[]
TXN_5431854;BISCOITO;3;1,00;3,00;N/A;PRESENCIAL;18/01/2023;False;True;[]
TXN_3518789;CAFÉ;2;2,00;4,00;CARTEIRA DIGITAL;PARA VIAGEM;01/12/2023;False;True;[]
TXN_6162668;N/A;4;5,00;20,00;CARTEIRA DIGITAL;N/A;30/03/2023;False;True;[]
TXN_4767006;BOLO;1;3,00;3,00;DINHEIRO;PARA VIAGEM;23/08/2023;False;True;[]
TXN_2880409;CHÁ;4;1,50;6,00;DINHEIRO;N/A;11/09/2023;False;True;[]
TXN_4277671;CHÁ;5;1,50;7,50;N/A;PARA VIAGEM;21/08/2023;False;True;[]
TXN_8810601;SUCO;2;3,00;6,00;CARTEIRA DIGITAL;N/A;18/08/2023;False;True;[]
TXN_6572164;BISCOITO;4;1,00;4,00;CARTÃO DE CRÉDITO;PARA VIAGEM;15/01/2023;False;True;[]
TXN_6281959;N/A;4;1,50;6,00;N/A;PRESENCIAL;16/03/2023;False;True;[]
TXN_6714068;CAFÉ;1;;2,00;N/A;N/A;17/02/2023;True;True;[]
TXN_2470532;N/A;1;2,00;2,00;CARTEIRA DIGITAL;PRESENCIAL;21/01/2023;False;True;[]
TXN_6920323;SANDUICHE;1;4,00;4,00;CARTÃO DE CRÉDITO;N/A;10/06/2023;False;True;[]
TXN_6519486;BOLO;5;3,00;15,00;N/A;N/A;05/02/2023;False;True;[]
TXN_7524971;CHÁ;4;1,50;6,00;CARTEIRA DIGITAL;PARA VIAGEM;05/09/2023;False;True;[]
TXN_4650447;CHÁ;1;1,50;1,50;DINHEIRO;N/A;18/08/2023;False;True;[]
TXN_3928174;CAFÉ;3;2,00;6,00;N/A;N/A;11/09/2023;False;True;[]
TXN_1700027;VITAMINA;4;4,00;16,00;CARTEIRA DIGITAL;PRESENCIAL;04/06/2023;False;True;[]
TXN_2026084;N/A;2;2,00;4,00;DINHEIRO;PRESENCIAL;20/10/2023;False;True;[]
TXN_5942938;N/A;3;3,00;9,00;CARTÃO DE CRÉDITO;N/A;24/05/2023;False;True;[]
TXN_8813764;BISCOITO;;1,00;1,00;CARTÃO DE CRÉDITO;PRESENCIAL;08/05/2023;True;True;[]
TXN_5202349;BISCOITO;4;1,00;4,00;N/A;PRESENCIAL;27/11/2023;False;True;[]
TXN_2409052;SANDUICHE;1;4,00;4,00;CARTÃO DE CRÉDITO;PRESENCIAL;08/07/2023;False;True;[]
TXN_8528546;BOLO;3;3,00;9,00;DINHEIRO;N/A;09/12/2023;False;True;[]
TXN_4849860;CHÁ;4;1,50;6,00;CARTÃO DE CRÉDITO;PRESENCIAL;01/12/2023;False;True;[]
TXN_1840897;N/A;1;;5,00;N/A;N/A;03/06/2023;True;True;[]
TXN_7689696;N/A;5;4,00;20,00;CARTEIRA DIGITAL;PARA VIAGEM;03/07/2023;False;True;[]
TXN_6905794;SALADA;1;5,00;5,00;DINHEIRO;PARA VIAGEM;31/05/2023;False;True;[]
TXN_4469769;SALADA;5;5,00;25,00;N/A;N/A;15/08/2023;False;True;[]
TXN_9452261;BOLO;5;3,00;15,00;N/A;N/A;29/11/2023;False;True;[]
TXN_7347515;VITAMINA;3;4,00;12,00;N/A;PARA VIAGEM;25/04/2023;False;True;[]
TXN_1940330;CHÁ;4;1,50;6,00;N/A;PRESENCIAL;12/01/2023;False;True;[]
TXN_1576355;CAFÉ;4;2,00;8,00;N/A;N/A;20/10/2023;False;True;[]
TXN_8615635;N/A;;1,00;4,00;N/A;PRESENCIAL;12/01/2023;True;True;[]
TXN_9511794;BISCOITO;1;1,00;1,00;DINHEIRO;PARA VIAGEM;10/06/2023;False;True;[]
TXN_9024781;VITAMINA;4;4,00;16,00;DINHEIRO;PRESENCIAL;12/09/2023;False;True;[]
TXN_7771526;SUCO;1;3,00;3,00;DINHEIRO;PRESENCIAL;28/04/2023;False;True;[]
TXN_7070302;SALADA;3;5,00;15,00;N/A;PRESENCIAL;30/04/2023;False;True;[]
TXN_6511228;SALADA;4;5,00;20,00;CARTÃO DE CRÉDITO;N/A;01/11/2023;False;True;[]
TXN_5320512;CHÁ;5;1,50;7,50;N/A;PRESENCIAL;25/04/2023;False;True;[]
TXN_2972777;SUCO;4;;12,00;CARTÃO DE CRÉDITO;N/A;08/04/2023;True;True;[]
TXN_8591813;CAFÉ;3;2,00;6,00;DINHEIRO;PARA VIAGEM;31/10/2023;False;True;[]
TXN_4095768;SALADA;5;5,00;25,00;CARTEIRA DIGITAL;PRESENCIAL;18/06/2023;False;True;[]
TXN_9107508;CAFÉ;1;2,00;2,00;N/A;N/A;06/06/2023;False;True;[]
TXN_2791987;VITAMINA;;4,00;4,00;CARTÃO DE CRÉDITO;N/A;23/06/2023;True;True;[]
TXN_6045577;N/A;3;2,00;6,00;CARTÃO DE CRÉDITO;N/A;06/07/2023;False;True;[]
TXN_5534944;CHÁ;5;1,50;7,50;CARTÃO DE CRÉDITO;PARA VIAGEM;26/01/2023;False;True;[]
TXN_7887682;N/A;2;2,00;4,00;CARTÃO DE CRÉDITO;PARA VIAGEM;17/06/2023;False;True;[]
TXN_5037517;N/A;5;4,00;20,00;N/A;PRESENCIAL;01/06/2023;False;True;[]
TXN_6805091;N/A;2;4,00;8,00;DINHEIRO;N/A;28/12/2023;False;True;[]
TXN_5839300;BOLO;1;3,00;3,00;CARTÃO DE CRÉDITO;N/A;01/07/2023;False;True;[]
TXN_7801115;CHÁ;1;1,50;1,50;DINHEIRO;N/A;18/12/2023;False;True;[]
TXN_4753853;N/A;5;3,00;15,00;CARTÃO DE CRÉDITO;PARA VIAGEM;07/05/2023;False;True;[]
TXN_7145259;SUCO;2;3,00;6,00;CARTEIRA DIGITAL;PRESENCIAL;11/11/2023;False;True;[]
TXN_2817018;SANDUICHE;3;4,00;12,00;CARTÃO DE CRÉDITO;PARA VIAGEM;25/04/2023;False;True;[]
TXN_6762490;SUCO;5;3,00;15,00;DINHEIRO;N/A;03/05/2023;False;True;[]
TXN_6012446;VITAMINA;4;4,00;16,00;DINHEIRO;PARA VIAGEM;20/07/2023;False;True;[]
TXN_8936086;SANDUICHE;4;4,00;16,00;N/A;PRESENCIAL;27/11/2023;False;True;[]
TXN_4135134;BISCOITO;5;1,00;5,00;CARTÃO DE CRÉDITO;PARA VIAGEM;11/08/2023;False;True;[]
TXN_7808032;BISCOITO;4;;4,00;N/A;PARA VIAGEM;19/12/2023;True;True;[]
TXN_2212234;SUCO;2;3,00;6,00;DINHEIRO;PRESENCIAL;22/12/2023;False;True;[]
TXN_8611918;N/A;3;5,00;15,00;DINHEIRO;PARA VIAGEM;27/06/2023;False;True;[]
TXN_5115009;BOLO;4;3,00;12,00;N/A;PARA VIAGEM;21/02/2023;False;True;[]
TXN_9827492;CHÁ;3;1,50;4,50;N/A;N/A;13/07/2023;False;True;[]
TXN_6344003;BOLO;1;3,00;3,00;N/A;N/A;22/12/2023;False;True;[]
TXN_1993155;SUCO;1;3,00;3,00;N/A;N/A;23/05/2023;False;True;[]
TXN_4566012;BISCOITO;5;1,00;5,00;CARTÃO DE CRÉDITO;PARA VIAGEM;10/05/2023;False;True;[]
TXN_1030539;BOLO;3;3,00;9,00;N/A;PARA VIAGEM;06/11/2023;False;True;[]
TXN_3830605;CAFÉ;;2,00;2,00;N/A;PARA VIAGEM;07/12/2023;True;True;[]
TXN_5052515;CHÁ;;1,50;1,50;DINHEIRO;PRESENCIAL;19/09/2023;True;True;[]
TXN_5125382;CAFÉ;1;2,00;2,00;CARTEIRA DIGITAL;PRESENCIAL;26/12/2023;False;True;[]
TXN_5015183;BOLO;2;3,00;6,00;N/A;PRESENCIAL;29/08/2023;False;True;[]
TXN_1661068;SALADA;3;5,00;15,00;DINHEIRO;PARA VIAGEM;09/04/2023;False;True;[]
TXN_9549381;SUCO;1;3,00;3,00;CARTEIRA DIGITAL;PRESENCIAL;23/11/2023;False;True;[]
TXN_7812084;SANDUICHE;4;4,00;16,00;DINHEIRO;PRESENCIAL;17/01/2023;False;True;[]
TXN_1694364;SANDUICHE;3;4,00;12,00;N/A;PARA VIAGEM;10/06/2023;False;True;[]
TXN_4191925;CAFÉ;2;2,00;4,00;N/A;N/A;21/10/2023;False;True;[]
TXN_2258091;SUCO;2;3,00;6,00;N/A;PRESENCIAL;11/10/2023;False;True;[]
TXN_6482262;SUCO;3;3,00;9,00;CARTÃO DE CRÉDITO;N/A;13/05/2023;False;True;[]
TXN_1951166;CHÁ;2;1,50;3,00;CARTÃO DE CRÉDITO;N/A;28/08/2023;False;True;[]
TXN_4552615;BOLO;2;3,00;6,00;DINHEIRO;PARA VIAGEM;09/04/2023;False;True;[]
TXN_6745856;BOLO;4;3,00;12,00;DINHEIRO;PRESENCIAL;16/06/2023;False;True;[]
TXN_4898949;SALADA;1;5,00;5,00;N/A;PRESENCIAL;18/09/2023;False;True;[]
TXN_7027560;N/A;5;1,50;7,50;N/A;PRESENCIAL;05/10/2023;False;True;[]
TXN_9646000;N/A;2;;;N/A;PRESENCIAL;14/12/2023;True;True;[]
TXN_2338426;CAFÉ;2;2,00;4,00;N/A;N/A;07/05/2023;False;True;[]
TXN_3369191;BISCOITO;5;1,00;5,00;DINHEIRO;PARA VIAGEM;07/02/2023;False;True;[]
TXN_5551020;SANDUICHE;2;4,00;8,00;CARTÃO DE CRÉDITO;N/A;31/01/2023;False;True;[]
TXN_9269683;SANDUICHE;5;4,00;20,00;CARTEIRA DIGITAL;N/A;26/09/2023;False;True;[]
TXN_9287350;VITAMINA;2;4,00;8,00;N/A;PRESENCIAL;28/01/2023;False;True;[]
TXN_6541809;CHÁ;3;1,50;4,50;N/A;N/A;01/05/2023;False;True;[]
TXN_4398750;SANDUICHE;2;4,00;8,00;DINHEIRO;PRESENCIAL;28/05/2023;False;True;[]
TXN_7493097;BOLO;;3,00;15,00;CARTÃO DE CRÉDITO;N/A;04/11/2023;True;True;[]
TXN_9850541;BISCOITO;4;1,00;4,00;DINHEIRO;PARA VIAGEM;02/09/2023;False;True;[]
TXN_4262142;BOLO;2;3,00;6,00;DINHEIRO;PARA VIAGEM;02/01/2023;False;True;[]
TXN_7153313;CHÁ;1;1,50;1,50;DINHEIRO;N/A;29/12/2023;False;True;[]
TXN_8581124;SALADA;2;5,00;10,00;CARTÃO DE CRÉDITO;N/A;08/05/2023;False;True;[]
TXN_3589218;SALADA;2;5,00;10,00;CARTÃO DE CRÉDITO;PRESENCIAL;21/06/2023;False;True;[]
TXN_7303515;SALADA;4;5,00;20,00;DINHEIRO;PRESENCIAL;29/05/2023;False;True;[]
TXN_2586183;BISCOITO;2;1,00;2,00;DINHEIRO;N/A;04/09/2023;False;True;[]
TXN_2436779;BOLO;1;3,00;3,00;CARTÃO DE CRÉDITO;PARA VIAGEM;24/05/2023;False;True;[]
TXN_4001763;SUCO;3;3,00;9,00;N/A;PARA VIAGEM;11/05/2023;False;True;[]
TXN_9317529;SUCO;4;;12,00;CARTÃO DE CRÉDITO;N/A;10/07/2023;True;True;[]
TXN_6974587;SALADA;3;5,00;15,00;DINHEIRO;N/A;16/06/2023;False;True;[]
TXN_4379467;CHÁ;;1,50;1,50;N/A;N/A;16/06/2023;True;True;[]
TXN_2719734;BOLO;5;3,00;15,00;CARTEIRA DIGITAL;PRESENCIAL;22/05/2023;False;True;[]
TXN_2887332;SANDUICHE;5;4,00;20,00;N/A;N/A;16/11/2023;False;True;[]
TXN_8566668;SANDUICHE;5;4,00;20,00;CARTEIRA DIGITAL;PRESENCIAL;12/02/2023;False;True;[]
TXN_8284384;SUCO;2;3,00;6,00;CARTEIRA DIGITAL;PARA VIAGEM;05/06/2023;False;True;[]
TXN_2139240;SANDUICHE;4;4,00;16,00;CARTEIRA DIGITAL;N/A;06/04/2023;False;True;[]
TXN_5454841;BISCOITO;5;1,00;5,00;N/A;PARA VIAGEM;04/06/2023;False;True;[]
TXN_8104431;CHÁ;5;1,50;7,50;N/A;PRESENCIAL;07/03/2023;False;True;[]
TXN_5141000;VITAMINA;4;4,00;16,00;N/A;PARA VIAGEM;16/06/2023;False;True;[]
TXN_2508499;CHÁ;3;1,50;4,50;CARTÃO DE CRÉDITO;PRESENCIAL;22/02/2023;False;True;[]
TXN_4571510;VITAMINA;3;4,00;12,00;DINHEIRO;PARA VIAGEM;19/11/2023;False;True;[]
TXN_4742476;CAFÉ;2;2,00;4,00;DINHEIRO;PRESENCIAL;27/10/2023;False;True;[]
TXN_8510436;BOLO;1;3,00;3,00;CARTEIRA DIGITAL;PRESENCIAL;19/07/2023;False;True;[]
TXN_7509630;BISCOITO;3;1,00;3,00;DINHEIRO;PRESENCIAL;20/04/2023;False;True;[]
TXN_5276301;BOLO;3;3,00;9,00;DINHEIRO;N/A;13/03/2023;False;True;[]
TXN_4977130;SANDUICHE;1;4,00;4,00;CARTEIRA DIGITAL;PRESENCIAL;08/07/2023;False;True;[]
TXN_4293196;BISCOITO;;1,00;3,00;N/A;PRESENCIAL;17/06/2023;True;True;[]
TXN_9284099;BOLO;2;3,00;6,00;CARTEIRA DIGITAL;PRESENCIAL;20/07/2023;False;True;[]
TXN_1900411;SALADA;3;5,00;15,00;N/A;N/A;24/09/2023;False;True;[]
TXN_7454416;CHÁ;1;1,50;1,50;CARTÃO DE CRÉDITO;PARA VIAGEM;07/12/2023;False;True;[]
TXN_4178899;CAFÉ;2;2,00;4,00;N/A;PARA VIAGEM;05/04/2023;False;True;[]
TXN_9027002;VITAMINA;4;;16,00;CARTÃO DE CRÉDITO;PARA VIAGEM;31/12/2023;True;True;[]
TXN_6587399;VITAMINA;1;4,00;4,00;N/A;PARA VIAGEM;08/08/2023;False;True;[]
TXN_7179013;SUCO;5;3,00;15,00;CARTÃO DE CRÉDITO;PRESENCIAL;06/05/2023;False;True;[]
TXN_7694559;BISCOITO;3;1,00;3,00;DINHEIRO;PARA VIAGEM;05/05/2023;False;True;[]
TXN_4391496;SANDUICHE;1;4,00;4,00;DINHEIRO;N/A;20/02/2023;False;True;[]
TXN_5668193;CAFÉ;5;2,00;10,00;DINHEIRO;PARA VIAGEM;14/08/2023;False;True;[]
TXN_1448501;BOLO;4;3,00;12,00;CARTÃO DE CRÉDITO;PARA VIAGEM;10/09/2023;False;True;[]
TXN_7139869;CHÁ;1;1,50;1,50;DINHEIRO;PRESENCIAL;22/06/2023;False;True;[]
TXN_6419668;SANDUICHE;3;4,00;12,00;CARTÃO DE CRÉDITO;PRESENCIAL;29/04/2023;False;True;[]
TXN_8810001;VITAMINA;5;4,00;20,00;CARTEIRA DIGITAL;PARA VIAGEM;23/12/2023;False;True;[]
TXN_5647773;SALADA;2;5,00;10,00;N/A;PRESENCIAL;20/07/2023;False;True;[]
TXN_4439120;BISCOITO;2;1,00;2,00;CARTÃO DE CRÉDITO;PRESENCIAL;31/03/2023;False;True;[]
TXN_4613510;BOLO;5;3,00;15,00;CARTÃO DE CRÉDITO;PARA VIAGEM;16/02/2023;False;True;[]
TXN_7937275;BOLO;4;3,00;12,00;CARTÃO DE CRÉDITO;N/A;18/09/2023;False;True;[]
TXN_7565052;VITAMINA;5;4,00;20,00;N/A;PRESENCIAL;18/06/2023;False;True;[]
TXN_2044375;SALADA;1;5,00;5,00;DINHEIRO;PARA VIAGEM;05/01/2023;False;True;[]
TXN_1772692;VITAMINA;3;4,00;12,00;DINHEIRO;N/A;05/09/2023;False;True;[]
TXN_6399545;SANDUICHE;4;4,00;16,00;CARTÃO DE CRÉDITO;PARA VIAGEM;22/03/2023;False;True;[]
TXN_2980279;N/A;1;3,00;3,00;CARTEIRA DIGITAL;PARA VIAGEM;23/04/2023;False;True;[]
TXN_4049031;CAFÉ;5;2,00;10,00;CARTEIRA DIGITAL;N/A;22/08/2023;False;True;[]
TXN_1328968;CHÁ;1;;1,50;N/A;PRESENCIAL;28/06/2023;True;True;[]
TXN_8549381;N/A;5;4,00;20,00;CARTEIRA DIGITAL;N/A;06/02/2023;False;True;[]
TXN_2080228;SUCO;1;3,00;3,00;N/A;PRESENCIAL;21/06/2023;False;True;[]
TXN_7416880;BOLO;1;3,00;3,00;CARTÃO DE CRÉDITO;PRESENCIAL;20/07/2023;False;True;[]
TXN_1360379;CHÁ;1;1,50;1,50;CARTÃO DE CRÉDITO;N/A;23/08/2023;False;True;[]
TXN_9617454;VITAMINA;1;4,00;4,00;CARTEIRA DIGITAL;PARA VIAGEM;22/08/2023;False;True;[]
TXN_6421446;BOLO;2;3,00;6,00;DINHEIRO;PARA VIAGEM;17/09/2023;False;True;[]
TXN_6272674;CAFÉ;3;2,00;6,00;DINHEIRO;N/A;12/09/2023;False;True;[]
TXN_6805882;BISCOITO;4;1,00;4,00;DINHEIRO;PRESENCIAL;04/09/2023;False;True;[]
TXN_1475459;CHÁ;4;1,50;6,00;N/A;PARA VIAGEM;09/11/2023;False;True;[]
TXN_2825812;BOLO;3;;9,00;DINHEIRO;PARA VIAGEM;26/06/2023;True;True;[]
TXN_5398922;SALADA;1;5,00;5,00;DINHEIRO;PRESENCIAL;10/01/2023;False;True;[]
TXN_3458602;BOLO;2;3,00;6,00;DINHEIRO;PRESENCIAL;18/11/2023;False;True;[]
TXN_6571440;VITAMINA;2;4,00;8,00;N/A;PARA VIAGEM;18/01/2023;False;True;[]
TXN_1368769;BISCOITO;3;1,00;3,00;CARTÃO DE CRÉDITO;PARA VIAGEM;02/06/2023;False;True;[]
TXN_4343848;BISCOITO;5;1,00;5,00;CARTÃO DE CRÉDITO;PARA VIAGEM;16/07/2023;False;True;[]
TXN_7656355;SANDUICHE;3;4,00;12,00;CARTÃO DE CRÉDITO;PARA VIAGEM;11/09/2023;False;True;[]
TXN_4434005;BISCOITO;1;1,00;1,00;CARTEIRA DIGITAL;PRESENCIAL;20/03/2023;False;True;[]
TXN_7975760;N/A;3;3,00;9,00;CARTEIRA DIGITAL;PRESENCIAL;02/12/2023;False;True;[]
TXN_9177867;CHÁ;3;1,50;4,50;CARTEIRA DIGITAL;N/A;14/09/2023;False;True;[]
TXN_8158986;BISCOITO;5;1,00;5,00;N/A;PRESENCIAL;10/12/2023;False;True;[]
TXN_9882625;SANDUICHE;1;4,00;4,00;DINHEIRO;PRESENCIAL;26/03/2023;False;True;[]
TXN_8937461;BISCOITO;5;1,00;5,00;CARTEIRA DIGITAL;N/A;22/12/2023;False;True;[]
TXN_2485272;CHÁ;4;1,50;6,00;CARTEIRA DIGITAL;PARA VIAGEM;30/06/2023;False;True;[]
TXN_4085337;VITAMINA;3;4,00;12,00;N/A;PRESENCIAL;25/10/2023;False;True;[]
TXN_6838802;CAFÉ;1;2,00;2,00;N/A;PARA VIAGEM;29/08/2023;False;True;[]
TXN_2114182;BISCOITO;3;1,00;3,00;CARTEIRA DIGITAL;N/A;28/07/2023;False;True;[]
TXN_8417552;CAFÉ;1;2,00;2,00;N/A;PARA VIAGEM;09/12/2023;False;True;[]
TXN_4126189;CHÁ;;1,50;1,50;CARTÃO DE CRÉDITO;N/A;30/09/2023;True;True;[]
TXN_1892454;SUCO;1;3,00;3,00;N/A;N/A;19/07/2023;False;True;[]
TXN_9592941;CHÁ;5;1,50;7,50;CARTEIRA DIGITAL;PRESENCIAL;08/04/2023;False;True;[]
TXN_1063342;SANDUICHE;5;4,00;20,00;N/A;PRESENCIAL;13/01/2023;False;True;[]
TXN_4407203;N/A;4;1,00;4,00;DINHEIRO;PARA VIAGEM;21/08/2023;False;True;[]
TXN_7153885;SALADA;1;5,00;5,00;CARTÃO DE CRÉDITO;N/A;22/05/2023;False;True;[]
TXN_1917388;N/A;2;3,00;6,00;CARTEIRA DIGITAL;N/A;15/04/2023;False;True;[]
TXN_5279972;VITAMINA;4;4,00;16,00;CARTÃO DE CRÉDITO;PARA VIAGEM;07/01/2023;False;True;[]
TXN_6953244;VITAMINA;5;4,00;20,00;DINHEIRO;N/A;13/09/2023;False;True;[]
TXN_5347792;SALADA;3;5,00;15,00;CARTEIRA DIGITAL;N/A;10/02/2023;False;True;[]
TXN_1574190;VITAMINA;3;4,00;12,00;N/A;N/A;17/12/2023;False;True;[]
TXN_4829492;N/A;2;3,00;6,00;CARTÃO DE CRÉDITO;PARA VIAGEM;09/01/2023;False;True;[]
TXN_9550629;VITAMINA;1;4,00;4,00;N/A;PRESENCIAL;06/02/2023;False;True;[]
TXN_6470865;CAFÉ;;2,00;;CARTEIRA DIGITAL;PARA VIAGEM;18/09/2023;True;True;[]
TXN_3986639;SALADA;1;5,00;5,00;CARTÃO DE CRÉDITO;PRESENCIAL;09/10/2023;False;True;[]
TXN_3227673;BISCOITO;1;1,00;1,00;DINHEIRO;N/A;13/10/2023;False;True;[]
TXN_2915287;SALADA;1;5,00;5,00;CARTEIRA DIGITAL;PARA VIAGEM;16/01/2023;False;True;[]
TXN_2513558;SUCO;4;3,00;12,00;N/A;N/A;11/10/2023;False;True;[]
TXN_7460497;BOLO;5;3,00;15,00;DINHEIRO;N/A;13/11/2023;False;True;[]
TXN_1607471;SANDUICHE;2;4,00;8,00;CARTÃO DE CRÉDITO;PARA VIAGEM;03/01/2023;False;True;[]
TXN_1244739;SALADA;2;5,00;10,00;CARTÃO DE CRÉDITO;PARA VIAGEM;13/09/2023;False;True;[]
TXN_7878672;CAFÉ;1;;2,00;DINHEIRO;PRESENCIAL;25/10/2023;True;True;[]
TXN_6807913;SUCO;3;3,00;9,00;CARTÃO DE CRÉDITO;PARA VIAGEM;22/01/2023;False;True;[]
TXN_6438869;SUCO;5;3,00;15,00;CARTÃO DE CRÉDITO;PARA VIAGEM;30/10/2023;False;True;[]
TXN_1047204;BISCOITO;3;1,00;3,00;CARTEIRA DIGITAL;N/A;13/04/2023;False;True;[]
TXN_6017458;N/A;5;5,00;25,00;CARTÃO DE CRÉDITO;N/A;23/04/2023;False;True;[]
TXN_4311086;BOLO;4;3,00;12,00;N/A;PRESENCIAL;10/10/2023;False;True;[]
TXN_1075446;BISCOITO;4;1,00;4,00;CARTÃO DE CRÉDITO;N/A;17/07/2023;False;True;[]
TXN_8958723;SANDUICHE;4;4,00;16,00;CARTEIRA DIGITAL;N/A;12/11/2023;False;True;[]
TXN_2206740;CAFÉ;3;2,00;6,00;N/A;PARA VIAGEM;07/06/2023;False;True;[]
TXN_2337113;CAFÉ;1;2,00;2,00;CARTEIRA DIGITAL;PARA VIAGEM;19/11/2023;False;True;[]
TXN_2417721;CAFÉ;4;2,00;8,00;CARTÃO DE CRÉDITO;PARA VIAGEM;20/10/2023;False;True;[]
TXN_5808539;SANDUICHE;1;4,00;4,00;N/A;PARA VIAGEM;30/06/2023;False;True;[]
TXN_6574910;BISCOITO;1;1,00;1,00;CARTEIRA DIGITAL;N/A;13/09/2023;False;True;[]
TXN_5342900;BOLO;5;3,00;15,00;DINHEIRO;N/A;12/07/2023;False;True;[]
TXN_8949453;N/A;5;4,00;20,00;N/A;PARA VIAGEM;13/11/2023;False;True;[]
TXN_2853459;CHÁ;4;1,50;6,00;DINHEIRO;N/A;14/08/2023;False;True;[]
TXN_3379182;SUCO;4;3,00;12,00;DINHEIRO;N/A;03/06/2023;False;True;[]
TXN_9629448;CHÁ;2;1,50;3,00;N/A;PRESENCIAL;22/02/2023;False;True;[]
TXN_8233101;SALADA;2;5,00;10,00;DINHEIRO;PRESENCIAL;12/02/2023;False;True;[]
TXN_1247244;SANDUICHE;1;4,00;4,00;CARTEIRA DIGITAL;PRESENCIAL;27/12/2023;False;True;[]
TXN_4292280;BOLO;4;3,00;12,00;DINHEIRO;PARA VIAGEM;01/01/2023;False;True;[]
TXN_3670476;CHÁ;3;1,50;4,50;DINHEIRO;PARA VIAGEM;25/03/2023;False;True;[]
TXN_4506936;BISCOITO;1;1,00;1,00;CARTÃO DE CRÉDITO;PARA VIAGEM;20/03/2023;False;True;[]
TXN_2827994;BOLO;5;3,00;15,00;CARTEIRA DIGITAL;PRESENCIAL;04/12/2023;False;True;[]
TXN_5342051;SANDUICHE;3;4,00;12,00;DINHEIRO;N/A;21/04/2023;False;True;[]
TXN_7924635;VITAMINA;5;4,00;20,00;CARTEIRA DIGITAL;PARA VIAGEM;21/02/2023;False;True;[]
TXN_5958999;CHÁ;2;1,50;3,00;N/A;N/A;13/04/2023;False;True;[]
TXN_9098841;BOLO;1;3,00;3,00;CARTÃO DE CRÉDITO;N/A;07/08/2023;False;True;[]
TXN_9723314;CAFÉ;4;2,00;8,00;DINHEIRO;PRESENCIAL;10/10/2023;False;True;[]
TXN_2311186;VITAMINA;3;4,00;12,00;CARTEIRA DIGITAL;N/A;16/07/2023;False;True;[]
TXN_4659573;BOLO;;3,00;15,00;N/A;N/A;15/05/2023;True;True;[]
TXN_3920436;SUCO;2;3,00;6,00;CARTEIRA DIGITAL;PRESENCIAL;19/11/2023;False;True;[]
TXN_7825638;N/A;4;3,00;12,00;N/A;N/A;09/12/2023;False;True;[]
TXN_8710758;SANDUICHE;3;4,00;12,00;CARTÃO DE CRÉDITO;PRESENCIAL;12/01/2023;False;True;[]
TXN_4873180;CHÁ;5;1,50;7,50;CARTEIRA DIGITAL;PRESENCIAL;17/01/2023;False;True;[]
TXN_9643918;N/A;3;1,00;3,00;CARTÃO DE CRÉDITO;PRESENCIAL;21/07/2023;False;True;[]
TXN_9997620;BISCOITO;2;1,00;2,00;DINHEIRO;N/A;11/12/2023;False;True;[]
TXN_2830671;SANDUICHE;1;4,00;4,00;DINHEIRO;PARA VIAGEM;08/11/2023;False;True;[]
TXN_7876619;N/A;2;3,00;6,00;DINHEIRO;PRESENCIAL;27/09/2023;False;True;[]
TXN_5898238;N/A;;2,00;10,00;CARTÃO DE CRÉDITO;N/A;29/06/2023;True;True;[]
TXN_5337074;BISCOITO;3;1,00;3,00;CARTÃO DE CRÉDITO;PRESENCIAL;12/01/2023;False;True;[]
TXN_9774186;CHÁ;3;1,50;4,50;N/A;N/A;03/07/2023;False;True;[]
TXN_7268802;SALADA;2;5,00;10,00;CARTEIRA DIGITAL;PARA VIAGEM;10/04/2023;False;True;[]
TXN_3894735;SUCO;5;3,00;15,00;N/A;N/A;10/03/2023;False;True;[]
TXN_1842981;CHÁ;5;1,50;7,50;CARTÃO DE CRÉDITO;N/A;12/04/2023;False;True;[]
TXN_1720238;SALADA;5;5,00;25,00;N/A;PARA VIAGEM;08/05/2023;False;True;[]
TXN_8520687;SALADA;5;5,00;25,00;N/A;PARA VIAGEM;21/04/2023;False;True;[]
TXN_5793417;SANDUICHE;2;4,00;8,00;CARTEIRA DIGITAL;PRESENCIAL;29/12/2023;False;True;[]
TXN_2927909;BOLO;4;3,00;12,00;CARTÃO DE CRÉDITO;N/A;04/10/2023;False;True;[]
TXN_3412484;BOLO;4;3,00;12,00;N/A;PARA VIAGEM;06/09/2023;False;True;[]
TXN_4048203;VITAMINA;2;4,00;8,00;N/A;PARA VIAGEM;13/12/2023;False;True;[]
TXN_6841304;BOLO;1;3,00;3,00;N/A;N/A;13/03/2023;False;True;[]
TXN_2156454;BISCOITO;5;1,00;5,00;N/A;PRESENCIAL;17/08/2023;False;True;[]
TXN_2001807;N/A;5;4,00;20,00;N/A;PRESENCIAL;10/08/2023;False;True;[]
TXN_4781960;SUCO;1;3,00;3,00;CARTEIRA DIGITAL;N/A;28/03/2023;False;True;[]
TXN_4381404;SALADA;;5,00;25,00;N/A;N/A;15/08/2023;True;True;[]
TXN_8406851;N/A;2;3,00;6,00;N/A;PRESENCIAL;09/09/2023;False;True;[]
TXN_3982257;CAFÉ;2;2,00;4,00;CARTEIRA DIGITAL;N/A;23/07/2023;False;True;[]
TXN_1463795;CAFÉ;5;2,00;10,00;CARTÃO DE CRÉDITO;N/A;04/08/2023;False;True;[]
TXN_7454894;CHÁ;;1,50;1,50;DINHEIRO;PARA VIAGEM;25/07/2023;True;True;[]
TXN_5930304;SANDUICHE;2;4,00;8,00;CARTEIRA DIGITAL;N/A;02/11/2023;False;True;[]
TXN_4249989;CAFÉ;4;2,00;8,00;CARTEIRA DIGITAL;N/A;22/01/2023;False;True;[]
TXN_2957017;SANDUICHE;;4,00;20,00;DINHEIRO;PRESENCIAL;13/06/2023;True;True;[]
TXN_2733833;BOLO;;3,00;12,00;N/A;PRESENCIAL;09/09/2023;True;True;[]
TXN_6585794;VITAMINA;5;4,00;20,00;CARTÃO DE CRÉDITO;PRESENCIAL;15/02/2023;False;True;[]
TXN_5721846;BISCOITO;3;1,00;3,00;DINHEIRO;PARA VIAGEM;14/04/2023;False;True;[]
TXN_6487493;SALADA;3;5,00;15,00;DINHEIRO;PRESENCIAL;13/03/2023;False;True;[]
TXN_9395087;CHÁ;1;1,50;1,50;DINHEIRO;PRESENCIAL;12/06/2023;False;True;[]
TXN_4477559;SUCO;5;3,00;15,00;CARTÃO DE CRÉDITO;N/A;02/10/2023;False;True;[]
TXN_5542033;SANDUICHE;3;4,00;12,00;CARTEIRA DIGITAL;N/A;26/06/2023;False;True;[]
TXN_8850984;SANDUICHE;3;;12,00;DINHEIRO;PARA VIAGEM;27/05/2023;True;True;[]
TXN_1710823;SALADA;2;5,00;10,00;CARTÃO DE CRÉDITO;N/A;27/01/2023;False;True;[]
TXN_6575440;CHÁ;1;1,50;1,50;DINHEIRO;N/A;05/02/2023;False;True;[]
TXN_5225537;CHÁ;5;1,50;7,50;CARTEIRA DIGITAL;N/A;04/11/2023;False;True;[]
TXN_1583315;BISCOITO;3;1,00;3,00;N/A;PARA VIAGEM;17/10/2023;False;True;[]
TXN_8130122;SANDUICHE;2;4,00;8,00;N/A;PRESENCIAL;23/10/2023;False;True;[]
TXN_3587444;SUCO;2;3,00;6,00;CARTÃO DE CRÉDITO;N/A;03/02/2023;False;True;[]
TXN_7053280;N/A;;2,00;10,00;N/A;PRESENCIAL;28/05/2023;True;True;[]
TXN_9407000;SANDUICHE;4;4,00;16,00;N/A;PARA VIAGEM;03/10/2023;False;True;[]
TXN_3017917;BISCOITO;3;;3,00;CARTÃO DE CRÉDITO;PARA VIAGEM;31/08/2023;True;True;[]
TXN_8090925;N/A;3;1,00;3,00;CARTEIRA DIGITAL;PRESENCIAL;11/07/2023;False;True;[]
TXN_7738013;SALADA;5;5,00;25,00;CARTÃO DE CRÉDITO;PARA VIAGEM;28/11/2023;False;True;[]
TXN_8542781;BOLO;2;3,00;6,00;N/A;N/A;18/05/2023;False;True;[]
TXN_6617283;CHÁ;4;1,50;6,00;CARTEIRA DIGITAL;N/A;09/06/2023;False;True;[]
TXN_1461221;SALADA;2;5,00;10,00;DINHEIRO;PRESENCIAL;30/04/2023;False;True;[]
TXN_2056358;CAFÉ;3;2,00;6,00;DINHEIRO;PRESENCIAL;17/09/2023;False;True;[]
TXN_1858674;VITAMINA;2;4,00;8,00;N/A;PRESENCIAL;09/04/2023;False;True;[]
TXN_2251009;BISCOITO;5;1,00;5,00;N/A;N/A;02/04/2023;False;True;[]
TXN_5616473;SANDUICHE;4;4,00;16,00;DINHEIRO;N/A;28/07/2023;False;True;[]
TXN_7022398;SANDUICHE;4;4,00;16,00;N/A;N/A;23/12/2023;False;True;[]
TXN_7379939;N/A;1;1,00;1,00;DINHEIRO;N/A;21/04/2023;False;True;[]
TXN_1004184;VITAMINA;1;4,00;4,00;CARTÃO DE CRÉDITO;PRESENCIAL;18/05/2023;False;True;[]
TXN_4141868;CHÁ;3;1,50;4,50;CARTÃO DE CRÉDITO;N/A;08/02/2023;False;True;[]
TXN_9871971;VITAMINA;3;4,00;12,00;N/A;PARA VIAGEM;06/10/2023;False;True;[]
TXN_4168771;CAFÉ;5;2,00;10,00;CARTEIRA DIGITAL;N/A;02/08/2023;False;True;[]
TXN_6328925;SALADA;4;5,00;20,00;CARTÃO DE CRÉDITO;N/A;05/09/2023;False;True;[]
TXN_1226662;SALADA;1;5,00;5,00;N/A;PRESENCIAL;17/06/2023;False;True;[]
TXN_7562171;CHÁ;1;1,50;1,50;N/A;PRESENCIAL;02/09/2023;False;True;[]
TXN_6843677;N/A;;2,00;8,00;N/A;PARA VIAGEM;09/09/2023;True;True;[]
TXN_2980632;BISCOITO;3;1,00;3,00;CARTÃO DE CRÉDITO;PARA VIAGEM;14/01/2023;False;True;[]
TXN_2609762;CAFÉ;5;2,00;10,00;N/A;PARA VIAGEM;26/07/2023;False;True;[]
TXN_7253734;SANDUICHE;;4,00;20,00;CARTEIRA DIGITAL;N/A;28/09/2023;True;True;[]
TXN_6679600;CAFÉ;1;2,00;2,00;CARTEIRA DIGITAL;N/A;15/03/2023;False;True;[]
TXN_8279992;SUCO;5;3,00;15,00;N/A;N/A;03/07/2023;False;True;[]
TXN_5722123;BOLO;4;3,00;12,00;CARTEIRA DIGITAL;PARA VIAGEM;23/11/2023;False;True;[]
TXN_3446174;BOLO;5;3,00;15,00;DINHEIRO;N/A;31/10/2023;False;True;[]
TXN_3518261;SANDUICHE;2;4,00;8,00;CARTEIRA DIGITAL;N/A;05/08/2023;False;True;[]
TXN_5927925;SUCO;4;3,00;12,00;CARTEIRA DIGITAL;PRESENCIAL;02/11/2023;False;True;[]
TXN_5101593;BOLO;5;3,00;15,00;CARTÃO DE CRÉDITO;PARA VIAGEM;25/01/2023;False;True;[]
TXN_1578981;BOLO;1;3,00;3,00;DINHEIRO;PRESENCIAL;15/05/2023;False;True;[]
TXN_7876388;BISCOITO;4;1,00;4,00;DINHEIRO;PRESENCIAL;05/10/2023;False;True;[]
TXN_5939363;CHÁ;5;1,50;7,50;CARTÃO DE CRÉDITO;PRESENCIAL;14/02/2023;False;True;[]
TXN_1636908;BOLO;4;3,00;12,00;CARTEIRA DIGITAL;N/A;17/10/2023;False;True;[]
TXN_5221688;CAFÉ;2;2,00;4,00;DINHEIRO;N/A;03/07/2023;False;True;[]
TXN_1196923;VITAMINA;2;4,00;8,00;N/A;N/A;27/04/2023;False;True;[]
TXN_8944698;CAFÉ;3;2,00;6,00;CARTÃO DE CRÉDITO;N/A;15/09/2023;False;True;[]
TXN_2167159;BOLO;;3,00;6,00;DINHEIRO;N/A;06/04/2023;True;True;[]
TXN_7811387;BISCOITO;5;1,00;5,00;CARTÃO DE CRÉDITO;PARA VIAGEM;30/11/2023;False;True;[]
TXN_1884923;CAFÉ;4;2,00;8,00;CARTEIRA DIGITAL;PARA VIAGEM;11/05/2023;False;True;[]
TXN_8215595;CHÁ;2;1,50;3,00;DINHEIRO;N/A;23/11/2023;False;True;[]
TXN_9857674;CHÁ;5;1,50;7,50;N/A;PARA VIAGEM;12/06/2023;False;True;[]
TXN_6035512;BOLO;5;3,00;15,00;DINHEIRO;PARA VIAGEM;19/02/2023;False;True;[]
TXN_1398769;VITAMINA;1;4,00;4,00;DINHEIRO;PRESENCIAL;02/06/2023;False;True;[]
TXN_6874354;SANDUICHE;4;4,00;16,00;CARTÃO DE CRÉDITO;N/A;23/03/2023;False;True;[]
TXN_9690711;BISCOITO;2;1,00;2,00;CARTÃO DE CRÉDITO;PRESENCIAL;13/09/2023;False;True;[]
TXN_5620636;CHÁ;4;;6,00;N/A;PRESENCIAL;12/06/2023;True;True;[]
TXN_7234224;BOLO;3;3,00;9,00;N/A;N/A;31/10/2023;False;True;[]
TXN_3844347;SANDUICHE;4;;16,00;DINHEIRO;N/A;04/10/2023;True;True;[]
TXN_4507533;BOLO;1;3,00;3,00;CARTEIRA DIGITAL;N/A;31/08/2023;False;True;[]
TXN_7636238;SANDUICHE;4;4,00;16,00;CARTÃO DE CRÉDITO;N/A;27/03/2023;False;True;[]
TXN_8913153;VITAMINA;2;4,00;8,00;CARTÃO DE CRÉDITO;N/A;02/09/2023;False;True;[]
TXN_7595206;SANDUICHE;5;4,00;20,00;CARTÃO DE CRÉDITO;PRESENCIAL;02/12/2023;False;True;[]
TXN_8424592;VITAMINA;4;4,00;16,00;CARTÃO DE CRÉDITO;PARA VIAGEM;09/11/2023;False;True;[]
TXN_1769882;N/A;3;3,00;9,00;N/A;PARA VIAGEM;17/03/2023;False;True;[]
TXN_2000406;BOLO;2;3,00;6,00;CARTÃO DE CRÉDITO;N/A;06/06/2023;False;True;[]
TXN_3105786;VITAMINA;3;4,00;12,00;N/A;PRESENCIAL;04/10/2023;False;True;[]
TXN_7820220;BOLO;3;3,00;9,00;CARTÃO DE CRÉDITO;PRESENCIAL;16/03/2023;False;True;[]
TXN_5880883;SANDUICHE;5;4,00;20,00;CARTEIRA DIGITAL;PRESENCIAL;02/02/2023;False;True;[]
TXN_4447856;VITAMINA;2;4,00;8,00;DINHEIRO;PARA VIAGEM;11/09/2023;False;True;[]
TXN_6613909;BOLO;4;3,00;12,00;CARTÃO DE CRÉDITO;PRESENCIAL;30/06/2023;False;True;[]
TXN_5331924;SANDUICHE;2;4,00;8,00;DINHEIRO;PARA VIAGEM;30/06/2023;False;True;[]
TXN_9090433;BISCOITO;2;1,00;2,00;DINHEIRO;N/A;12/07/2023;False;True;[]
TXN_9393467;N/A;5;3,00;15,00;DINHEIRO;N/A;25/09/2023;False;True;[]
TXN_9811033;BISCOITO;3;1,00;3,00;DINHEIRO;PARA VIAGEM;30/11/2023;False;True;[]
TXN_5452419;CAFÉ;4;;8,00;DINHEIRO;PRESENCIAL;25/01/2023;True;True;[]
TXN_5384343;SUCO;1;3,00;3,00;CARTÃO DE CRÉDITO;N/A;29/03/2023;False;True;[]
TXN_6580743;CAFÉ;1;2,00;2,00;CARTEIRA DIGITAL;PARA VIAGEM;18/12/2023;False;True;[]
TXN_8361821;CHÁ;5;1,50;7,50;DINHEIRO;PRESENCIAL;30/06/2023;False;True;[]
TXN_2103626;SUCO;3;3,00;9,00;DINHEIRO;PRESENCIAL;23/04/2023;False;True;[]
TXN_1891141;SUCO;4;3,00;12,00;CARTEIRA DIGITAL;PRESENCIAL;25/10/2023;False;True;[]
TXN_1252575;CHÁ;1;1,50;1,50;CARTEIRA DIGITAL;PARA VIAGEM;16/10/2023;False;True;[]
TXN_5354721;N/A;5;3,00;15,00;N/A;PARA VIAGEM;07/09/2023;False;True;[]
TXN_6723498;SALADA;3;5,00;15,00;N/A;PARA VIAGEM;28/01/2023;False;True;[]
TXN_1852224;CHÁ;4;;6,00;DINHEIRO;PARA VIAGEM;06/01/2023;True;True;[]
TXN_5247378;SANDUICHE;2;4,00;8,00;CARTEIRA DIGITAL;PARA VIAGEM;16/06/2023;False;True;[]
TXN_8786479;CAFÉ;4;2,00;8,00;N/A;N/A;29/05/2023;False;True;[]
TXN_5108439;SALADA;2;5,00;10,00;N/A;PRESENCIAL;06/05/2023;False;True;[]
TXN_4993989;VITAMINA;2;4,00;8,00;N/A;N/A;15/11/2023;False;True;[]
TXN_8004510;BOLO;;3,00;9,00;DINHEIRO;PARA VIAGEM;29/12/2023;True;True;[]
TXN_8541473;CAFÉ;3;2,00;6,00;N/A;N/A;02/08/2023;False;True;[]
TXN_8917822;BOLO;2;3,00;6,00;CARTEIRA DIGITAL;N/A;12/12/2023;False;True;[]
TXN_8108731;SUCO;5;3,00;15,00;N/A;N/A;13/08/2023;False;True;[]
TXN_4570750;N/A;1;2,00;2,00;DINHEIRO;PARA VIAGEM;18/05/2023;False;True;[]
TXN_1190151;SUCO;5;3,00;15,00;CARTEIRA DIGITAL;N/A;14/08/2023;False;True;[]
TXN_8304002;SUCO;1;3,00;3,00;CARTÃO DE CRÉDITO;PARA VIAGEM;02/05/2023;False;True;[]
TXN_4341764;CAFÉ;2;2,00;4,00;DINHEIRO;N/A;02/12/2023;False;True;[]
TXN_1751183;N/A;5;4,00;20,00;CARTÃO DE CRÉDITO;N/A;25/12/2023;False;True;[]
TXN_1046384;VITAMINA;1;4,00;4,00;DINHEIRO;N/A;09/06/2023;False;True;[]
TXN_1736630;N/A;5;1,50;7,50;CARTÃO DE CRÉDITO;N/A;16/07/2023;False;True;[]
TXN_8287437;CHÁ;2;1,50;3,00;N/A;N/A;16/03/2023;False;True;[]
TXN_4153132;SALADA;3;5,00;15,00;CARTEIRA DIGITAL;N/A;21/03/2023;False;True;[]
TXN_3243410;CHÁ;2;;3,00;N/A;N/A;30/10/2023;True;True;[]
TXN_3061634;CAFÉ;1;2,00;2,00;CARTEIRA DIGITAL;N/A;17/03/2023;False;True;[]
TXN_7433308;SALADA;4;5,00;20,00;DINHEIRO;PARA VIAGEM;14/02/2023;False;True;[]
TXN_6991736;SUCO;2;3,00;6,00;CARTEIRA DIGITAL;PRESENCIAL;07/11/2023;False;True;[]
TXN_7334272;SANDUICHE;2;4,00;8,00;CARTÃO DE CRÉDITO;PARA VIAGEM;07/07/2023;False;True;[]
TXN_8120577;N/A;3;3,00;9,00;DINHEIRO;PRESENCIAL;08/09/2023;False;True;[]
TXN_9072093;BISCOITO;1;1,00;1,00;N/A;N/A;06/03/2023;False;True;[]
TXN_4705417;SALADA;5;5,00;25,00;CARTÃO DE CRÉDITO;PARA VIAGEM;14/12/2023;False;True;[]
TXN_8145970;SUCO;5;3,00;15,00;CARTEIRA DIGITAL;PARA VIAGEM;26/10/2023;False;True;[]
TXN_1910553;VITAMINA;5;4,00;20,00;DINHEIRO;N/A;01/10/2023;False;True;[]
TXN_9115899;BOLO;2;;6,00;CARTÃO DE CRÉDITO;PRESENCIAL;23/02/2023;True;True;[]
TXN_6020552;SANDUICHE;2;4,00;8,00;DINHEIRO;PARA VIAGEM;14/01/2023;False;True;[]
TXN_7970906;CAFÉ;;2,00;8,00;N/A;PRESENCIAL;07/03/2023;True;True;[]
TXN_5317458;SALADA;2;5,00;10,00;CARTÃO DE CRÉDITO;N/A;22/01/2023;False;True;[]
TXN_6913384;CHÁ;3;1,50;4,50;CARTÃO DE CRÉDITO;PARA VIAGEM;18/09/2023;False;True;[]
TXN_1910487;SANDUICHE;3;;12,00;CARTEIRA DIGITAL;PRESENCIAL;14/08/2023;True;True;[]
TXN_6142549;SUCO;3;3,00;9,00;CARTEIRA DIGITAL;N/A;12/03/2023;False;True;[]
TXN_7266318;SANDUICHE;1;4,00;4,00;N/A;PRESENCIAL;16/01/2023;False;True;[]
TXN_4390911;SALADA;2;5,00;10,00;CARTEIRA DIGITAL;N/A;19/12/2023;False;True;[]
TXN_1445532;CAFÉ;3;2,00;6,00;DINHEIRO;PARA VIAGEM;03/03/2023;False;True;[]
TXN_8841996;SANDUICHE;2;4,00;8,00;N/A;N/A;09/12/2023;False;True;[]
TXN_9814511;N/A;1;3,00;3,00;CARTÃO DE CRÉDITO;N/A;05/01/2023;False;True;[]
TXN_2563505;SANDUICHE;1;4,00;4,00;DINHEIRO;PARA VIAGEM;27/10/2023;False;True;[]
TXN_5183674;CAFÉ;2;2,00;4,00;CARTEIRA DIGITAL;N/A;13/04/2023;False;True;[]
TXN_6748199;SALADA;2;5,00;10,00;DINHEIRO;N/A;23/07/2023;False;True;[]
TXN_3463281;BOLO;5;;15,00;N/A;PARA VIAGEM;06/10/2023;True;True;[]
TXN_5795475;CHÁ;3;1,50;4,50;CARTEIRA DIGITAL;PRESENCIAL;21/09/2023;False;True;[]
TXN_2322399;SALADA;4;5,00;20,00;N/A;PARA VIAGEM;15/04/2023;False;True;[]
TXN_5865534;VITAMINA;4;4,00;16,00;CARTEIRA DIGITAL;N/A;16/10/2023;False;True;[]
TXN_5159669;CHÁ;4;1,50;6,00;CARTÃO DE CRÉDITO;N/A;30/09/2023;False;True;[]
TXN_4268051;BISCOITO;1;1,00;1,00;CARTEIRA DIGITAL;PRESENCIAL;05/05/2023;False;True;[]
TXN_8120958;BISCOITO;5;;5,00;CARTÃO DE CRÉDITO;N/A;21/06/2023;True;True;[]
TXN_5530097;SUCO;2;3,00;6,00;CARTÃO DE CRÉDITO;PARA VIAGEM;19/12/2023;False;True;[]
TXN_7805241;SALADA;4;5,00;20,00;N/A;N/A;16/04/2023;False;True;[]
TXN_2427834;CHÁ;4;1,50;6,00;N/A;PRESENCIAL;15/06/2023;False;True;[]
TXN_6949949;SALADA;3;5,00;15,00;N/A;N/A;14/05/2023;False;True;[]
TXN_9094261;SUCO;2;3,00;6,00;CARTEIRA DIGITAL;PARA VIAGEM;15/05/2023;False;True;[]
TXN_5661323;BISCOITO;2;1,00;2,00;CARTÃO DE CRÉDITO;PARA VIAGEM;06/05/2023;False;True;[]
TXN_2356583;VITAMINA;4;;16,00;CARTEIRA DIGITAL;PRESENCIAL;30/11/2023;True;True;[]
TXN_4248711;VITAMINA;1;4,00;4,00;DINHEIRO;N/A;01/08/2023;False;True;[]
TXN_6270766;BISCOITO;1;1,00;1,00;N/A;PRESENCIAL;10/11/2023;False;True;[]
TXN_9697154;CHÁ;3;1,50;4,50;CARTÃO DE CRÉDITO;PRESENCIAL;08/10/2023;False;True;[]
TXN_6381860;CAFÉ;1;2,00;2,00;CARTEIRA DIGITAL;PRESENCIAL;21/08/2023;False;True;[]
TXN_6028331;BOLO;4;3,00;12,00;DINHEIRO;N/A;22/10/2023;False;True;[]
TXN_8830924;CHÁ;2;1,50;3,00;CARTÃO DE CRÉDITO;N/A;25/10/2023;False;True;[]
TXN_3866156;CAFÉ;4;2,00;8,00;N/A;PARA VIAGEM;28/02/2023;False;True;[]
TXN_6872833;CAFÉ;;2,00;2,00;N/A;N/A;02/11/2023;True;True;[]
TXN_6405210;CAFÉ;4;2,00;8,00;DINHEIRO;N/A;11/08/2023;False;True;[]
TXN_4740952;CHÁ;4;1,50;6,00;N/A;PARA VIAGEM;21/02/2023;False;True;[]
TXN_6321174;CHÁ;4;1,50;6,00;CARTEIRA DIGITAL;N/A;09/12/2023;False;True;[]
TXN_6052901;VITAMINA;5;4,00;20,00;CARTÃO DE CRÉDITO;PARA VIAGEM;16/08/2023;False;True;[]
TXN_1253619;SUCO;5;3,00;15,00;N/A;N/A;25/05/2023;False;True;[]
TXN_5537517;VITAMINA;3;4,00;12,00;CARTEIRA DIGITAL;PARA VIAGEM;27/10/2023;False;True;[]
TXN_5496019;BISCOITO;5;1,00;5,00;DINHEIRO;PRESENCIAL;26/11/2023;False;True;[]
TXN_4579666;VITAMINA;2;4,00;8,00;N/A;N/A;23/10/2023;False;True;[]
TXN_6359281;CAFÉ;2;2,00;4,00;CARTÃO DE CRÉDITO;N/A;16/09/2023;False;True;[]
TXN_3620122;SANDUICHE;1;4,00;4,00;DINHEIRO;PRESENCIAL;06/05/2023;False;True;[]
TXN_8367716;CHÁ;2;1,50;3,00;CARTÃO DE CRÉDITO;PARA VIAGEM;03/02/2023;False;True;[]
TXN_6779763;BISCOITO;1;1,00;1,00;CARTÃO DE CRÉDITO;N/A;25/04/2023;False;True;[]
TXN_8385321;VITAMINA;2;4,00;8,00;CARTÃO DE CRÉDITO;PARA VIAGEM;08/02/2023;False;True;[]
TXN_5345258;SALADA;2;5,00;10,00;CARTÃO DE CRÉDITO;PARA VIAGEM;13/03/2023;False;True;[]
TXN_8932759;VITAMINA;3;4,00;12,00;CARTÃO DE CRÉDITO;PARA VIAGEM;01/09/2023;False;True;[]
TXN_6958638;CHÁ;;1,50;1,50;CARTEIRA DIGITAL;PARA VIAGEM;27/11/2023;True;True;[]
TXN_3898665;SANDUICHE;2;4,00;8,00;DINHEIRO;PARA VIAGEM;07/03/2023;False;True;[]
TXN_4996304;CAFÉ;2;2,00;4,00;CARTÃO DE CRÉDITO;N/A;17/08/2023;False;True;[]
TXN_9566593;BOLO;2;3,00;6,00;CARTEIRA DIGITAL;N/A;30/09/2023;False;True;[]
TXN_4808700;BISCOITO;4;1,00;4,00;DINHEIRO;PARA VIAGEM;13/01/2023;False;True;[]
TXN_5776252;CHÁ;4;1,50;6,00;DINHEIRO;PARA VIAGEM;11/08/2023;False;True;[]
TXN_5673476;VITAMINA;4;4,00;16,00;DINHEIRO;PARA VIAGEM;09/02/2023;False;True;[]
TXN_6363733;CHÁ;1;1,50;1,50;N/A;PARA VIAGEM;25/10/2023;False;True;[]
TXN_5297995;CHÁ;5;1,50;7,50;N/A;PRESENCIAL;04/07/2023;False;True;[]
TXN_8049635;SALADA;3;5,00;15,00;DINHEIRO;N/A;16/11/2023;False;True;[]
TXN_2881529;N/A;1;3,00;3,00;N/A;PRESENCIAL;04/07/2023;False;True;[]
TXN_3459927;BISCOITO;;1,00;5,00;CARTEIRA DIGITAL;PRESENCIAL;20/07/2023;True;True;[]
TXN_6478968;SALADA;2;5,00;10,00;N/A;N/A;12/09/2023;False;True;[]
TXN_4135861;SALADA;2;5,00;10,00;CARTÃO DE CRÉDITO;N/A;16/03/2023;False;True;[]
TXN_2031545;SUCO;2;3,00;6,00;CARTEIRA DIGITAL;PRESENCIAL;02/05/2023;False;True;[]
TXN_4676976;VITAMINA;3;4,00;12,00;CARTEIRA DIGITAL;PRESENCIAL;26/05/2023;False;True;[]
TXN_7421018;SANDUICHE;4;4,00;16,00;CARTEIRA DIGITAL;N/A;26/08/2023;False;True;[]
TXN_8239121;VITAMINA;;4,00;4,00;N/A;PRESENCIAL;11/05/2023;True;True;[]
TXN_1435192;BOLO;2;3,00;6,00;N/A;N/A;18/06/2023;False;True;[]
TXN_5364052;SANDUICHE;2;4,00;8,00;CARTÃO DE CRÉDITO;N/A;05/02/2023;False;True;[]
TXN_8345649;BISCOITO;5;1,00;5,00;DINHEIRO;N/A;23/08/2023;False;True;[]
TXN_8560548;SANDUICHE;1;4,00;4,00;CARTÃO DE CRÉDITO;PARA VIAGEM;02/09/2023;False;True;[]
TXN_2345332;CHÁ;3;1,50;4,50;N/A;PRESENCIAL;05/07/2023;False;True;[]
TXN_9389434;BOLO;5;3,00;15,00;N/A;PRESENCIAL;16/06/2023;False;True;[]
TXN_1240476;SUCO;2;3,00;6,00;CARTEIRA DIGITAL;PARA VIAGEM;20/04/2023;False;True;[]
TXN_8345092;VITAMINA;1;4,00;4,00;CARTÃO DE CRÉDITO;N/A;24/07/2023;False;True;[]
TXN_5849947;SANDUICHE;5;4,00;20,00;DINHEIRO;N/A;02/02/2023;False;True;[]
TXN_8227648;N/A;;1,50;4,50;N/A;PARA VIAGEM;31/05/2023;True;True;[]
TXN_7800602;CHÁ;1;1,50;1,50;DINHEIRO;N/A;30/04/2023;False;True;[]
TXN_5926836;BOLO;5;3,00;15,00;N/A;PRESENCIAL;07/08/2023;False;True;[]
TXN_4397994;BISCOITO;5;1,00;5,00;N/A;PARA VIAGEM;26/09/2023;False;True;[]
TXN_1585827;BOLO;3;3,00;9,00;CARTÃO DE CRÉDITO;PRESENCIAL;30/09/2023;False;True;[]
TXN_3384640;SALADA;4;5,00;20,00;N/A;PARA VIAGEM;17/10/2023;False;True;[]
TXN_1990029;CHÁ;4;1,50;6,00;CARTÃO DE CRÉDITO;PRESENCIAL;18/11/2023;False;True;[]
TXN_5796131;VITAMINA;3;4,00;12,00;CARTEIRA DIGITAL;PARA VIAGEM;30/09/2023;False;True;[]
TXN_5166412;N/A;4;1,00;4,00;N/A;PARA VIAGEM;17/06/2023;False;True;[]
TXN_7804740;VITAMINA;2;4,00;8,00;CARTEIRA DIGITAL;N/A;19/10/2023;False;True;[]
TXN_9082461;BOLO;5;;15,00;CARTEIRA DIGITAL;PRESENCIAL;30/05/2023;True;True;[]
TXN_6665881;SUCO;2;3,00;6,00;CARTÃO DE CRÉDITO;N/A;04/07/2023;False;True;[]
TXN_4046039;SUCO;5;3,00;15,00;N/A;PRESENCIAL;20/04/2023;False;True;[]
TXN_8447640;SANDUICHE;;4,00;20,00;DINHEIRO;PRESENCIAL;12/06/2023;True;True;[]
TXN_3042768;BISCOITO;3;1,00;3,00;CARTEIRA DIGITAL;PARA VIAGEM;07/09/2023;False;True;[]
TXN_4664329;CHÁ;2;1,50;3,00;CARTÃO DE CRÉDITO;PARA VIAGEM;06/01/2023;False;True;[]
TXN_7442492;SALADA;5;5,00;25,00;CARTÃO DE CRÉDITO;PARA VIAGEM;23/07/2023;False;True;[]
TXN_8664335;SANDUICHE;5;4,00;20,00;CARTEIRA DIGITAL;PARA VIAGEM;12/06/2023;False;True;[]
TXN_1434857;BOLO;5;3,00;15,00;N/A;PRESENCIAL;13/01/2023;False;True;[]
TXN_1700374;SANDUICHE;5;4,00;20,00;N/A;PRESENCIAL;11/08/2023;False;True;[]
TXN_8383484;N/A;2;3,00;6,00;N/A;N/A;20/12/2023;False;True;[]
TXN_1261028;SUCO;3;3,00;9,00;N/A;PRESENCIAL;27/10/2023;False;True;[]
TXN_1478016;N/A;4;1,00;4,00;N/A;PRESENCIAL;04/08/2023;False;True;[]
TXN_5321145;SANDUICHE;5;4,00;20,00;CARTEIRA DIGITAL;PARA VIAGEM;29/08/2023;False;True;[]
TXN_3884995;SUCO;5;3,00;15,00;DINHEIRO;PRESENCIAL;25/12/2023;False;True;[]
TXN_4178488;SANDUICHE;3;4,00;12,00;DINHEIRO;PRESENCIAL;08/05/2023;False;True;[]
TXN_4826214;N/A;3;2,00;6,00;CARTEIRA DIGITAL;PARA VIAGEM;23/11/2023;False;True;[]
TXN_2579157;SANDUICHE;1;4,00;4,00;N/A;N/A;27/09/2023;False;True;[]
TXN_3597806;BISCOITO;3;1,00;3,00;CARTÃO DE CRÉDITO;N/A;11/12/2023;False;True;[]
TXN_7897119;SUCO;4;3,00;12,00;N/A;PRESENCIAL;27/05/2023;False;True;[]
TXN_2245037;CAFÉ;2;2,00;4,00;N/A;N/A;18/10/2023;False;True;[]
TXN_4833378;BOLO;5;3,00;15,00;CARTEIRA DIGITAL;N/A;15/10/2023;False;True;[]
TXN_7055306;SALADA;1;5,00;5,00;N/A;PARA VIAGEM;09/03/2023;False;True;[]
TXN_9135433;BISCOITO;4;1,00;4,00;N/A;PRESENCIAL;18/12/2023;False;True;[]
TXN_1715684;VITAMINA;1;4,00;4,00;N/A;PRESENCIAL;13/07/2023;False;True;[]
TXN_9073440;SANDUICHE;2;4,00;8,00;CARTÃO DE CRÉDITO;PARA VIAGEM;28/08/2023;False;True;[]
TXN_4089355;SALADA;2;5,00;10,00;CARTÃO DE CRÉDITO;PARA VIAGEM;18/02/2023;False;True;[]
TXN_3834078;SUCO;1;3,00;3,00;N/A;PRESENCIAL;29/01/2023;False;True;[]
TXN_5048650;VITAMINA;2;4,00;8,00;DINHEIRO;PARA VIAGEM;18/11/2023;False;True;[]
TXN_1882700;CHÁ;3;1,50;4,50;CARTEIRA DIGITAL;PRESENCIAL;18/04/2023;False;True;[]
TXN_2112911;SALADA;3;5,00;15,00;CARTEIRA DIGITAL;PARA VIAGEM;18/09/2023;False;True;[]
TXN_7568316;BOLO;2;3,00;6,00;CARTÃO DE CRÉDITO;N/A;28/11/2023;False;True;[]
TXN_3642982;CAFÉ;5;2,00;10,00;DINHEIRO;N/A;04/10/2023;False;True;[]
TXN_4475094;SANDUICHE;3;4,00;12,00;N/A;N/A;12/08/2023;False;True;[]
TXN_6768812;CAFÉ;4;2,00;8,00;N/A;N/A;30/03/2023;False;True;[]
TXN_1419669;BOLO;5;3,00;15,00;DINHEIRO;PARA VIAGEM;07/03/2023;False;True;[]
TXN_9810604;BOLO;2;3,00;6,00;N/A;PARA VIAGEM;02/04/2023;False;True;[]
TXN_4791243;BISCOITO;5;1,00;5,00;N/A;PARA VIAGEM;12/05/2023;False;True;[]
TXN_5665311;N/A;2;1,00;2,00;CARTÃO DE CRÉDITO;PRESENCIAL;17/05/2023;False;True;[]
TXN_7920897;SALADA;2;5,00;10,00;N/A;PRESENCIAL;29/07/2023;False;True;[]
TXN_7515272;N/A;1;3,00;3,00;N/A;N/A;12/08/2023;False;True;[]
TXN_5453836;VITAMINA;2;4,00;8,00;CARTÃO DE CRÉDITO;PRESENCIAL;29/05/2023;False;True;[]
TXN_5578796;CHÁ;4;1,50;6,00;N/A;PRESENCIAL;27/04/2023;False;True;[]
TXN_8620592;VITAMINA;2;4,00;8,00;N/A;PRESENCIAL;14/07/2023;False;True;[]
TXN_7402846;SUCO;;3,00;6,00;CARTÃO DE CRÉDITO;PARA VIAGEM;11/10/2023;True;True;[]
TXN_9487214;CAFÉ;5;2,00;10,00;N/A;N/A;25/03/2023;False;True;[]
TXN_2274702;BISCOITO;5;1,00;5,00;CARTÃO DE CRÉDITO;PRESENCIAL;11/12/2023;False;True;[]
TXN_2701016;BOLO;5;3,00;15,00;CARTEIRA DIGITAL;N/A;06/03/2023;False;True;[]
TXN_8809853;CAFÉ;1;2,00;2,00;CARTEIRA DIGITAL;PARA VIAGEM;29/10/2023;False;True;[]
TXN_7683607;BOLO;1;3,00;3,00;DINHEIRO;N/A;17/03/2023;False;True;[]
TXN_2402928;CAFÉ;4;2,00;8,00;DINHEIRO;N/A;20/10/2023;False;True;[]
TXN_6516391;BOLO;2;3,00;6,00;CARTEIRA DIGITAL;N/A;16/06/2023;False;True;[]
TXN_9685326;VITAMINA;3;4,00;12,00;CARTEIRA DIGITAL;PARA VIAGEM;07/04/2023;False;True;[]
TXN_6181456;N/A;1;1,00;1,00;N/A;PARA VIAGEM;08/05/2023;False;True;[]
TXN_9858627;SUCO;4;3,00;12,00;N/A;N/A;22/01/2023;False;True;[]
TXN_9923613;SANDUICHE;4;4,00;16,00;N/A;PRESENCIAL;08/11/2023;False;True;[]
TXN_7656770;CAFÉ;1;2,00;2,00;CARTÃO DE CRÉDITO;N/A;24/12/2023;False;True;[]
TXN_4092551;SUCO;5;3,00;15,00;CARTÃO DE CRÉDITO;PARA VIAGEM;11/10/2023;False;True;[]
TXN_9894204;N/A;2;2,00;4,00;DINHEIRO;PARA VIAGEM;08/08/2023;False;True;[]
TXN_7241288;SANDUICHE;5;4,00;20,00;DINHEIRO;PARA VIAGEM;11/04/2023;False;True;[]
TXN_9833195;CAFÉ;2;2,00;4,00;N/A;PARA VIAGEM;03/03/2023;False;True;[]
TXN_9153854;SANDUICHE;2;4,00;8,00;N/A;PRESENCIAL;04/04/2023;False;True;[]
TXN_1436851;SANDUICHE;5;4,00;20,00;DINHEIRO;PARA VIAGEM;28/07/2023;False;True;[]
TXN_8598575;SANDUICHE;4;4,00;16,00;CARTEIRA DIGITAL;N/A;14/11/2023;False;True;[]
TXN_1417871;SALADA;3;5,00;15,00;DINHEIRO;PARA VIAGEM;12/03/2023;False;True;[]
TXN_7844352;N/A;2;;6,00;CARTÃO DE CRÉDITO;N/A;26/07/2023;True;True;[]
TXN_2339781;VITAMINA;2;4,00;8,00;N/A;PRESENCIAL;02/01/2023;False;True;[]
TXN_6674257;SANDUICHE;3;4,00;12,00;DINHEIRO;PARA VIAGEM;20/07/2023;False;True;[]
TXN_2649010;CHÁ;;1,50;6,00;DINHEIRO;PARA VIAGEM;01/08/2023;True;True;[]
TXN_4965631;VITAMINA;3;4,00;12,00;CARTÃO DE CRÉDITO;N/A;27/01/2023;False;True;[]
TXN_9254064;CAFÉ;2;2,00;4,00;DINHEIRO;PARA VIAGEM;10/12/2023;False;True;[]
TXN_4554168;CHÁ;4;1,50;6,00;CARTEIRA DIGITAL;PRESENCIAL;08/04/2023;False;True;[]
TXN_6536418;SALADA;5;5,00;25,00;CARTÃO DE CRÉDITO;PRESENCIAL;11/02/2023;False;True;[]
TXN_9024186;SUCO;2;;6,00;DINHEIRO;PARA VIAGEM;17/12/2023;True;True;[]
TXN_4580084;SANDUICHE;5;4,00;20,00;CARTÃO DE CRÉDITO;PARA VIAGEM;17/12/2023;False;True;[]
TXN_3996874;CHÁ;4;1,50;6,00;CARTEIRA DIGITAL;N/A;18/05/2023;False;True;[]
TXN_7106595;N/A;;1,50;3,00;CARTÃO DE CRÉDITO;PARA VIAGEM;19/06/2023;True;True;[]
TXN_5439860;CHÁ;1;1,50;1,50;CARTEIRA DIGITAL;PRESENCIAL;18/04/2023;False;True;[]
TXN_3216618;SALADA;4;5,00;20,00;CARTÃO DE CRÉDITO;PRESENCIAL;30/12/2023;False;True;[]
TXN_8360779;BISCOITO;4;1,00;4,00;CARTÃO DE CRÉDITO;PRESENCIAL;25/10/2023;False;True;[]
TXN_3700419;BISCOITO;4;1,00;4,00;N/A;N/A;09/01/2023;False;True;[]
TXN_6369590;SALADA;5;5,00;25,00;CARTEIRA DIGITAL;PARA VIAGEM;26/10/2023;False;True;[]
TXN_5039782;CHÁ;3;1,50;4,50;CARTÃO DE CRÉDITO;PARA VIAGEM;21/06/2023;False;True;[]
TXN_7047860;CAFÉ;2;;4,00;N/A;PARA VIAGEM;18/06/2023;True;True;[]
TXN_2985748;CAFÉ;3;2,00;6,00;N/A;PARA VIAGEM;19/12/2023;False;True;[]
TXN_8616557;SANDUICHE;5;4,00;20,00;N/A;PRESENCIAL;28/08/2023;False;True;[]
TXN_3171673;VITAMINA;2;4,00;8,00;CARTEIRA DIGITAL;PARA VIAGEM;07/12/2023;False;True;[]
TXN_4827637;VITAMINA;4;4,00;16,00;DINHEIRO;PRESENCIAL;28/04/2023;False;True;[]
TXN_1170198;CHÁ;4;1,50;6,00;CARTÃO DE CRÉDITO;PRESENCIAL;09/02/2023;False;True;[]
TXN_8166527;SALADA;2;5,00;10,00;DINHEIRO;PRESENCIAL;24/05/2023;False;True;[]
TXN_3097593;VITAMINA;2;4,00;8,00;CARTÃO DE CRÉDITO;PRESENCIAL;18/06/2023;False;True;[]
TXN_2981117;N/A;1;3,00;3,00;N/A;PRESENCIAL;02/10/2023;False;True;[]
TXN_3431526;BISCOITO;3;1,00;3,00;CARTÃO DE CRÉDITO;PARA VIAGEM;27/12/2023;False;True;[]
TXN_1817076;N/A;3;3,00;9,00;DINHEIRO;PRESENCIAL;31/05/2023;False;True;[]
TXN_1489218;SALADA;2;5,00;10,00;CARTEIRA DIGITAL;N/A;13/09/2023;False;True;[]
TXN_1936644;SUCO;3;3,00;9,00;CARTEIRA DIGITAL;N/A;28/01/2023;False;True;[]
TXN_4293694;VITAMINA;5;4,00;20,00;DINHEIRO;N/A;03/08/2023;False;True;[]
TXN_9469529;CAFÉ;2;2,00;4,00;N/A;N/A;09/08/2023;False;True;[]
TXN_2946861;N/A;3;3,00;9,00;N/A;N/A;28/03/2023;False;True;[]
TXN_7919609;SANDUICHE;;4,00;12,00;N/A;PRESENCIAL;31/01/2023;True;True;[]
TXN_7692019;SUCO;3;3,00;9,00;N/A;PRESENCIAL;14/10/2023;False;True;[]
TXN_7677750;CHÁ;2;1,50;3,00;DINHEIRO;PARA VIAGEM;24/12/2023;False;True;[]
TXN_9799633;SUCO;4;3,00;12,00;DINHEIRO;PRESENCIAL;07/11/2023;False;True;[]
TXN_4252036;SANDUICHE;2;4,00;8,00;DINHEIRO;PARA VIAGEM;22/01/2023;False;True;[]
TXN_6637989;VITAMINA;1;4,00;4,00;DINHEIRO;N/A;09/11/2023;False;True;[]
TXN_2860514;BISCOITO;5;1,00;5,00;CARTÃO DE CRÉDITO;N/A;01/09/2023;False;True;[]
TXN_4143449;VITAMINA;3;4,00;12,00;CARTEIRA DIGITAL;N/A;23/08/2023;False;True;[]
TXN_1499208;N/A;1;4,00;4,00;DINHEIRO;PARA VIAGEM;01/11/2023;False;True;[]
TXN_1960599;BOLO;4;3,00;12,00;DINHEIRO;N/A;06/01/2023;False;True;[]
TXN_1184377;SUCO;1;3,00;3,00;DINHEIRO;N/A;25/10/2023;False;True;[]
TXN_6995795;SALADA;4;5,00;20,00;N/A;PRESENCIAL;28/11/2023;False;True;[]
TXN_7805508;VITAMINA;5;4,00;20,00;N/A;PRESENCIAL;10/07/2023;False;True;[]
TXN_6193929;SUCO;5;3,00;15,00;N/A;PARA VIAGEM;20/06/2023;False;True;[]
TXN_1942950;SANDUICHE;4;4,00;16,00;N/A;PARA VIAGEM;25/03/2023;False;True;[]
TXN_9759221;CAFÉ;3;;6,00;DINHEIRO;PARA VIAGEM;23/06/2023;True;True;[]
TXN_1205522;BOLO;5;3,00;15,00;N/A;PRESENCIAL;26/12/2023;False;True;[]
TXN_7792223;VITAMINA;3;4,00;12,00;CARTÃO DE CRÉDITO;N/A;21/07/2023;False;True;[]
TXN_7205370;VITAMINA;4;4,00;16,00;DINHEIRO;N/A;07/12/2023;False;True;[]
TXN_9992148;CHÁ;3;1,50;4,50;DINHEIRO;PARA VIAGEM;14/01/2023;False;True;[]
TXN_6305420;BISCOITO;3;1,00;3,00;N/A;PRESENCIAL;17/06/2023;False;True;[]
TXN_9982090;CHÁ;5;1,50;7,50;CARTEIRA DIGITAL;PRESENCIAL;03/06/2023;False;True;[]
TXN_6507690;SUCO;;3,00;3,00;CARTEIRA DIGITAL;PRESENCIAL;30/01/2023;True;True;[]
TXN_8487057;VITAMINA;5;4,00;20,00;N/A;PARA VIAGEM;01/06/2023;False;True;[]
TXN_6646382;CHÁ;4;1,50;6,00;N/A;N/A;16/09/2023;False;True;[]
TXN_5255092;SANDUICHE;1;4,00;4,00;N/A;PARA VIAGEM;08/10/2023;False;True;[]
TXN_8402941;BOLO;5;3,00;15,00;CARTÃO DE CRÉDITO;PRESENCIAL;26/11/2023;False;True;[]
TXN_4265056;SUCO;1;3,00;3,00;DINHEIRO;N/A;16/07/2023;False;True;[]
TXN_4605871;BISCOITO;1;1,00;1,00;N/A;N/A;20/06/2023;False;True;[]
TXN_7976001;SUCO;4;3,00;12,00;CARTÃO DE CRÉDITO;PRESENCIAL;27/06/2023;False;True;[]
TXN_4969003;BISCOITO;1;1,00;1,00;CARTEIRA DIGITAL;PRESENCIAL;19/04/2023;False;True;[]
TXN_3629728;VITAMINA;1;4,00;4,00;CARTEIRA DIGITAL;PARA VIAGEM;11/03/2023;False;True;[]
TXN_7027319;VITAMINA;;4,00;12,00;CARTÃO DE CRÉDITO;PARA VIAGEM;25/02/2023;True;True;[]
TXN_1907428;SUCO;4;3,00;12,00;CARTÃO DE CRÉDITO;PRESENCIAL;06/06/2023;False;True;[]
TXN_6594753;SUCO;3;3,00;9,00;N/A;N/A;16/03/2023;False;True;[]
TXN_8554646;CAFÉ;2;2,00;4,00;DINHEIRO;N/A;10/01/2023;False;True;[]
TXN_5860664;SUCO;5;3,00;15,00;CARTEIRA DIGITAL;N/A;06/06/2023;False;True;[]
TXN_3586768;CAFÉ;2;2,00;4,00;N/A;PRESENCIAL;23/05/2023;False;True;[]
TXN_5765294;BISCOITO;4;1,00;4,00;CARTEIRA DIGITAL;PRESENCIAL;14/11/2023;False;True;[]
TXN_4966149;SUCO;2;3,00;6,00;DINHEIRO;N/A;10/04/2023;False;True;[]
TXN_3652726;SANDUICHE;3;4,00;12,00;N/A;PRESENCIAL;03/08/2023;False;True;[]
TXN_2273573;BISCOITO;5;1,00;5,00;DINHEIRO;PRESENCIAL;12/11/2023;False;True;[]
TXN_7924516;BISCOITO;1;1,00;1,00;CARTÃO DE CRÉDITO;N/A;23/04/2023;False;True;[]
TXN_2083132;SALADA;1;5,00;5,00;N/A;N/A;31/08/2023;False;True;[]
TXN_8837131;N/A;3;4,00;12,00;CARTEIRA DIGITAL;PRESENCIAL;23/12/2023;False;True;[]
TXN_2659832;SANDUICHE;3;;12,00;CARTÃO DE CRÉDITO;N/A;05/12/2023;True;True;[]
TXN_5049646;SUCO;2;3,00;6,00;CARTÃO DE CRÉDITO;PRESENCIAL;30/08/2023;False;True;[]
TXN_7401217;SALADA;;5,00;20,00;N/A;N/A;06/02/2023;True;True;[]
TXN_6853142;VITAMINA;3;4,00;12,00;DINHEIRO;N/A;21/07/2023;False;True;[]
TXN_4031726;BOLO;4;3,00;12,00;CARTÃO DE CRÉDITO;PARA VIAGEM;22/11/2023;False;True;[]
TXN_9512112;CAFÉ;4;2,00;8,00;DINHEIRO;PARA VIAGEM;25/05/2023;False;True;[]
TXN_9428611;SALADA;4;5,00;20,00;CARTEIRA DIGITAL;N/A;13/07/2023;False;True;[]
TXN_1472433;N/A;1;2,00;2,00;CARTEIRA DIGITAL;PARA VIAGEM;05/04/2023;False;True;[]
TXN_5483635;SUCO;3;3,00;9,00;CARTÃO DE CRÉDITO;PRESENCIAL;23/03/2023;False;True;[]
TXN_3478169;SUCO;2;3,00;6,00;DINHEIRO;PRESENCIAL;03/02/2023;False;True;[]
TXN_3842766;CHÁ;3;1,50;4,50;CARTÃO DE CRÉDITO;PRESENCIAL;24/03/2023;False;True;[]
TXN_7805115;VITAMINA;2;4,00;8,00;N/A;N/A;18/12/2023;False;True;[]
TXN_7565447;SALADA;1;5,00;5,00;N/A;N/A;15/02/2023;False;True;[]
TXN_8225343;VITAMINA;1;4,00;4,00;DINHEIRO;N/A;10/05/2023;False;True;[]
TXN_3822036;VITAMINA;3;4,00;12,00;CARTÃO DE CRÉDITO;PARA VIAGEM;07/05/2023;False;True;[]
TXN_3019996;SANDUICHE;2;4,00;8,00;DINHEIRO;N/A;27/06/2023;False;True;[]
TXN_8397209;N/A;3;1,50;4,50;DINHEIRO;PRESENCIAL;12/10/2023;False;True;[]
TXN_5634977;CAFÉ;5;2,00;10,00;N/A;PRESENCIAL;06/03/2023;False;True;[]
TXN_8165784;BOLO;5;3,00;15,00;CARTEIRA DIGITAL;N/A;15/10/2023;False;True;[]
TXN_3619141;BISCOITO;4;1,00;4,00;CARTEIRA DIGITAL;PRESENCIAL;30/09/2023;False;True;[]
TXN_7160017;SUCO;1;3,00;3,00;DINHEIRO;PRESENCIAL;27/09/2023;False;True;[]
TXN_9513509;SANDUICHE;1;4,00;4,00;CARTÃO DE CRÉDITO;N/A;27/04/2023;False;True;[]
TXN_5919038;BISCOITO;1;1,00;1,00;CARTÃO DE CRÉDITO;PRESENCIAL;15/12/2023;False;True;[]
TXN_8384229;CHÁ;4;1,50;6,00;CARTEIRA DIGITAL;N/A;08/01/2023;False;True;[]
TXN_9011816;BOLO;1;3,00;3,00;N/A;PARA VIAGEM;02/04/2023;False;True;[]
TXN_2916992;SALADA;2;5,00;10,00;DINHEIRO;PARA VIAGEM;20/08/2023;False;True;[]
TXN_4350788;CHÁ;3;;4,50;N/A;PRESENCIAL;28/06/2023;True;True;[]
TXN_3132488;SANDUICHE;;4,00;16,00;CARTÃO DE CRÉDITO;PARA VIAGEM;12/09/2023;True;True;[]
TXN_9126573;SALADA;4;5,00;20,00;CARTEIRA DIGITAL;N/A;17/06/2023;False;True;[]
TXN_5347338;BOLO;4;3,00;12,00;CARTEIRA DIGITAL;PARA VIAGEM;04/07/2023;False;True;[]
TXN_2930963;N/A;2;4,00;8,00;CARTEIRA DIGITAL;PRESENCIAL;09/02/2023;False;True;[]
TXN_7997252;N/A;3;3,00;9,00;CARTÃO DE CRÉDITO;N/A;28/05/2023;False;True;[]
TXN_1907740;SANDUICHE;1;4,00;4,00;DINHEIRO;N/A;17/03/2023;False;True;[]
TXN_3654670;SUCO;1;3,00;3,00;CARTÃO DE CRÉDITO;PARA VIAGEM;14/06/2023;False;True;[]
TXN_1432682;CHÁ;1;1,50;1,50;N/A;N/A;11/07/2023;False;True;[]
TXN_3938271;SALADA;3;5,00;15,00;N/A;PRESENCIAL;12/01/2023;False;True;[]
TXN_7619641;SUCO;3;3,00;9,00;N/A;PRESENCIAL;02/04/2023;False;True;[]
TXN_1870423;SALADA;2;5,00;10,00;CARTÃO DE CRÉDITO;PARA VIAGEM;12/04/2023;False;True;[]
TXN_1006942;SALADA;1;5,00;5,00;CARTÃO DE CRÉDITO;PRESENCIAL;30/11/2023;False;True;[]
TXN_2282319;SUCO;2;3,00;6,00;DINHEIRO;PRESENCIAL;14/08/2023;False;True;[]
TXN_6812735;CHÁ;5;1,50;7,50;N/A;N/A;21/04/2023;False;True;[]
TXN_6922833;CHÁ;1;1,50;1,50;N/A;PARA VIAGEM;17/11/2023;False;True;[]
TXN_5783469;SALADA;;5,00;15,00;N/A;N/A;14/06/2023;True;True;[]
TXN_8489120;BISCOITO;2;1,00;2,00;CARTÃO DE CRÉDITO;N/A;07/11/2023;False;True;[]
TXN_6200609;SALADA;5;5,00;25,00;CARTEIRA DIGITAL;PARA VIAGEM;12/04/2023;False;True;[]
TXN_8194534;CAFÉ;2;2,00;4,00;DINHEIRO;N/A;19/05/2023;False;True;[]
TXN_7238674;BISCOITO;1;1,00;1,00;N/A;N/A;03/11/2023;False;True;[]
TXN_6968752;CHÁ;1;;1,50;N/A;N/A;07/04/2023;True;True;[]
TXN_1346953;CHÁ;3;1,50;4,50;N/A;PRESENCIAL;24/09/2023;False;True;[]
TXN_8742689;CHÁ;5;1,50;7,50;CARTEIRA DIGITAL;PARA VIAGEM;05/01/2023;False;True;[]
TXN_2144031;SUCO;1;3,00;3,00;N/A;N/A;25/02/2023;False;True;[]
TXN_1996466;VITAMINA;1;4,00;4,00;CARTEIRA DIGITAL;N/A;24/04/2023;False;True;[]
TXN_1124796;N/A;5;1,50;7,50;CARTÃO DE CRÉDITO;N/A;28/10/2023;False;True;[]
TXN_7124156;SALADA;1;5,00;5,00;CARTÃO DE CRÉDITO;PARA VIAGEM;28/07/2023;False;True;[]
TXN_3150614;SANDUICHE;1;4,00;4,00;DINHEIRO;PARA VIAGEM;06/08/2023;False;True;[]
TXN_5263693;SUCO;1;3,00;3,00;CARTEIRA DIGITAL;PARA VIAGEM;20/01/2023;False;True;[]
TXN_1785644;N/A;5;1,50;7,50;N/A;N/A;13/08/2023;False;True;[]
TXN_1702437;VITAMINA;4;4,00;16,00;CARTÃO DE CRÉDITO;PARA VIAGEM;27/06/2023;False;True;[]
TXN_6500713;BISCOITO;3;1,00;3,00;N/A;PRESENCIAL;30/04/2023;False;True;[]
TXN_8725721;SANDUICHE;1;4,00;4,00;DINHEIRO;N/A;04/06/2023;False;True;[]
TXN_8965025;SALADA;1;5,00;5,00;DINHEIRO;PRESENCIAL;14/04/2023;False;True;[]
TXN_8491490;CAFÉ;2;2,00;4,00;N/A;PRESENCIAL;16/01/2023;False;True;[]
TXN_4328869;SANDUICHE;2;4,00;8,00;DINHEIRO;N/A;02/05/2023;False;True;[]
TXN_3849711;VITAMINA;5;4,00;20,00;DINHEIRO;N/A;14/08/2023;False;True;[]
TXN_1334406;SUCO;1;3,00;3,00;CARTEIRA DIGITAL;PRESENCIAL;26/09/2023;False;True;[]
TXN_1556708;VITAMINA;1;4,00;4,00;CARTEIRA DIGITAL;PARA VIAGEM;11/06/2023;False;True;[]
TXN_8422494;SALADA;4;5,00;20,00;DINHEIRO;PRESENCIAL;08/06/2023;False;True;[]
TXN_3427754;VITAMINA;2;4,00;8,00;CARTEIRA DIGITAL;PARA VIAGEM;06/08/2023;False;True;[]
TXN_3512545;BISCOITO;;1,00;4,00;CARTÃO DE CRÉDITO;PRESENCIAL;08/08/2023;True;True;[]
TXN_7703185;BOLO;1;;3,00;CARTEIRA DIGITAL;PARA VIAGEM;10/12/2023;True;True;[]
TXN_8455321;VITAMINA;3;4,00;12,00;N/A;PRESENCIAL;25/01/2023;False;True;[]
TXN_9904505;VITAMINA;2;4,00;8,00;CARTEIRA DIGITAL;N/A;07/06/2023;False;True;[]
TXN_5020643;CHÁ;3;1,50;4,50;CARTEIRA DIGITAL;PRESENCIAL;19/10/2023;False;True;[]
TXN_8170122;BISCOITO;5;1,00;5,00;CARTEIRA DIGITAL;PRESENCIAL;20/03/2023;False;True;[]
TXN_5067216;N/A;4;5,00;20,00;N/A;PARA VIAGEM;24/07/2023;False;True;[]
TXN_3930540;VITAMINA;3;4,00;12,00;DINHEIRO;N/A;24/03/2023;False;True;[]
TXN_4663537;CAFÉ;5;2,00;10,00;CARTÃO DE CRÉDITO;N/A;22/10/2023;False;True;[]
TXN_5392630;SUCO;5;3,00;15,00;DINHEIRO;PARA VIAGEM;23/11/2023;False;True;[]
TXN_9480851;BOLO;3;3,00;9,00;N/A;PRESENCIAL;21/03/2023;False;True;[]
TXN_5927620;VITAMINA;1;4,00;4,00;CARTÃO DE CRÉDITO;N/A;04/05/2023;False;True;[]
TXN_1561430;CHÁ;2;1,50;3,00;N/A;PARA VIAGEM;13/10/2023;False;True;[]
TXN_1133945;VITAMINA;2;4,00;8,00;CARTEIRA DIGITAL;PRESENCIAL;23/10/2023;False;True;[]
TXN_5467240;VITAMINA;5;4,00;20,00;CARTEIRA DIGITAL;N/A;20/10/2023;False;True;[]
TXN_3210288;SALADA;3;;15,00;N/A;PARA VIAGEM;30/04/2023;True;True;[]
TXN_1586452;SALADA;2;5,00;10,00;DINHEIRO;PRESENCIAL;01/02/2023;False;True;[]
TXN_9814929;BOLO;3;3,00;9,00;CARTEIRA DIGITAL;PRESENCIAL;01/10/2023;False;True;[]
TXN_8961480;CHÁ;4;1,50;6,00;DINHEIRO;N/A;18/02/2023;False;True;[]
TXN_1826919;SUCO;4;3,00;12,00;CARTÃO DE CRÉDITO;PRESENCIAL;21/02/2023;False;True;[]
TXN_3135048;SALADA;1;5,00;5,00;CARTÃO DE CRÉDITO;PARA VIAGEM;03/02/2023;False;True;[]
TXN_3105263;N/A;4;4,00;16,00;CARTÃO DE CRÉDITO;PARA VIAGEM;25/11/2023;False;True;[]
TXN_4504141;SANDUICHE;5;4,00;20,00;CARTÃO DE CRÉDITO;N/A;28/09/2023;False;True;[]
TXN_7408461;SUCO;3;3,00;9,00;N/A;PRESENCIAL;05/11/2023;False;True;[]
TXN_8108115;CAFÉ;;2,00;6,00;N/A;PRESENCIAL;24/08/2023;True;True;[]
TXN_6655437;SUCO;1;3,00;3,00;N/A;N/A;07/07/2023;False;True;[]
TXN_9120328;CHÁ;5;1,50;7,50;CARTÃO DE CRÉDITO;PARA VIAGEM;22/10/2023;False;True;[]
TXN_3906862;BOLO;5;3,00;15,00;DINHEIRO;N/A;14/08/2023;False;True;[]
TXN_8468071;BISCOITO;4;1,00;4,00;N/A;N/A;22/08/2023;False;True;[]
TXN_7543921;CAFÉ;3;2,00;6,00;DINHEIRO;PRESENCIAL;06/12/2023;False;True;[]
TXN_8714536;N/A;4;4,00;16,00;CARTEIRA DIGITAL;PARA VIAGEM;06/05/2023;False;True;[]
TXN_3282601;N/A;2;3,00;6,00;CARTEIRA DIGITAL;PRESENCIAL;03/02/2023;False;True;[]
TXN_4569599;N/A;2;1,50;3,00;DINHEIRO;N/A;07/02/2023;False;True;[]
TXN_2970011;CAFÉ;4;2,00;8,00;CARTÃO DE CRÉDITO;PARA VIAGEM;04/06/2023;False;True;[]
TXN_5556328;CHÁ;5;1,50;7,50;CARTEIRA DIGITAL;PRESENCIAL;10/12/2023;False;True;[]
TXN_8786159;CAFÉ;3;2,00;6,00;DINHEIRO;PRESENCIAL;05/04/2023;False;True;[]
TXN_2467699;CHÁ;1;1,50;1,50;DINHEIRO;N/A;17/06/2023;False;True;[]
TXN_3085628;SALADA;1;5,00;5,00;DINHEIRO;N/A;26/08/2023;False;True;[]
TXN_7952153;VITAMINA;2;4,00;8,00;CARTEIRA DIGITAL;N/A;24/07/2023;False;True;[]
TXN_4439321;CAFÉ;3;2,00;6,00;DINHEIRO;PRESENCIAL;25/04/2023;False;True;[]
TXN_1488127;CHÁ;5;;7,50;N/A;PARA VIAGEM;12/12/2023;True;True;[]
TXN_6687734;BOLO;1;3,00;3,00;N/A;PRESENCIAL;14/03/2023;False;True;[]
TXN_7323885;SANDUICHE;5;4,00;20,00;DINHEIRO;PRESENCIAL;15/09/2023;False;True;[]
TXN_7894558;CAFÉ;2;2,00;4,00;N/A;N/A;04/01/2023;False;True;[]
TXN_4019040;CHÁ;1;1,50;1,50;DINHEIRO;PRESENCIAL;01/02/2023;False;True;[]
TXN_1570573;SANDUICHE;3;4,00;12,00;CARTEIRA DIGITAL;PARA VIAGEM;09/04/2023;False;True;[]
TXN_5991995;BOLO;1;3,00;3,00;CARTEIRA DIGITAL;PRESENCIAL;08/01/2023;False;True;[]
TXN_2437586;SANDUICHE;4;4,00;16,00;DINHEIRO;N/A;29/08/2023;False;True;[]
TXN_7326827;VITAMINA;1;4,00;4,00;N/A;PRESENCIAL;30/06/2023;False;True;[]
TXN_6004431;SANDUICHE;2;4,00;8,00;DINHEIRO;PARA VIAGEM;07/04/2023;False;True;[]
TXN_7475500;BISCOITO;2;1,00;2,00;DINHEIRO;N/A;22/11/2023;False;True;[]
TXN_8122317;CAFÉ;3;2,00;6,00;DINHEIRO;PARA VIAGEM;16/10/2023;False;True;[]
TXN_2028930;BISCOITO;2;1,00;2,00;CARTEIRA DIGITAL;N/A;25/11/2023;False;True;[]
TXN_3394874;CAFÉ;4;2,00;8,00;CARTÃO DE CRÉDITO;PARA VIAGEM;18/06/2023;False;True;[]
TXN_5804346;CHÁ;;1,50;1,50;CARTÃO DE CRÉDITO;N/A;05/07/2023;True;True;[]
TXN_5926025;N/A;2;4,00;8,00;CARTEIRA DIGITAL;N/A;29/07/2023;False;True;[]
TXN_2220389;SALADA;4;5,00;20,00;CARTÃO DE CRÉDITO;N/A;26/07/2023;False;True;[]
TXN_9603773;BISCOITO;2;1,00;2,00;CARTÃO DE CRÉDITO;N/A;10/10/2023;False;True;[]
TXN_1285279;CAFÉ;2;2,00;4,00;DINHEIRO;PARA VIAGEM;09/04/2023;False;True;[]
TXN_5244558;VITAMINA;4;4,00;16,00;CARTEIRA DIGITAL;N/A;06/06/2023;False;True;[]
TXN_1702434;VITAMINA;3;4,00;12,00;CARTEIRA DIGITAL;N/A;22/07/2023;False;True;[]
TXN_2425755;VITAMINA;1;4,00;4,00;N/A;PARA VIAGEM;14/09/2023;False;True;[]
TXN_5350200;N/A;1;4,00;4,00;DINHEIRO;PRESENCIAL;02/12/2023;False;True;[]
TXN_7151817;SANDUICHE;1;4,00;4,00;DINHEIRO;PRESENCIAL;18/05/2023;False;True;[]
TXN_7514589;SUCO;3;3,00;9,00;DINHEIRO;PARA VIAGEM;25/07/2023;False;True;[]
TXN_5962237;SUCO;1;3,00;3,00;N/A;PARA VIAGEM;31/10/2023;False;True;[]
TXN_9059245;N/A;1;4,00;4,00;DINHEIRO;N/A;11/07/2023;False;True;[]
TXN_2188356;CHÁ;1;1,50;1,50;N/A;PRESENCIAL;14/07/2023;False;True;[]
TXN_8019335;VITAMINA;3;4,00;12,00;CARTEIRA DIGITAL;PARA VIAGEM;26/11/2023;False;True;[]
TXN_5921650;SALADA;;5,00;20,00;N/A;PRESENCIAL;13/10/2023;True;True;[]
TXN_5248011;BOLO;2;3,00;6,00;N/A;PRESENCIAL;21/01/2023;False;True;[]
TXN_7332957;SANDUICHE;5;4,00;20,00;CARTEIRA DIGITAL;N/A;26/07/2023;False;True;[]
TXN_1278539;CHÁ;1;1,50;1,50;CARTÃO DE CRÉDITO;PARA VIAGEM;04/04/2023;False;True;[]
TXN_1186221;SALADA;4;5,00;20,00;DINHEIRO;PARA VIAGEM;21/04/2023;False;True;[]
TXN_3086676;BOLO;2;3,00;6,00;DINHEIRO;N/A;21/07/2023;False;True;[]
TXN_9696138;SUCO;3;3,00;9,00;N/A;N/A;01/12/2023;False;True;[]
TXN_1846455;SANDUICHE;4;4,00;16,00;N/A;N/A;16/03/2023;False;True;[]
TXN_1548245;N/A;4;4,00;16,00;CARTÃO DE CRÉDITO;N/A;15/03/2023;False;True;[]
TXN_1839407;BISCOITO;3;1,00;3,00;DINHEIRO;N/A;15/03/2023;False;True;[]
TXN_9028798;BOLO;2;3,00;6,00;DINHEIRO;PRESENCIAL;25/05/2023;False;True;[]
TXN_4672332;BOLO;4;3,00;12,00;DINHEIRO;PRESENCIAL;29/03/2023;False;True;[]
TXN_2726078;CAFÉ;3;2,00;6,00;CARTEIRA DIGITAL;N/A;27/11/2023;False;True;[]
TXN_5249091;VITAMINA;5;4,00;20,00;CARTÃO DE CRÉDITO;PRESENCIAL;15/08/2023;False;True;[]
TXN_9507397;BISCOITO;3;1,00;3,00;CARTÃO DE CRÉDITO;PARA VIAGEM;26/10/2023;False;True;[]
TXN_6948649;N/A;5;1,50;7,50;DINHEIRO;PRESENCIAL;27/11/2023;False;True;[]
TXN_3300171;BISCOITO;5;1,00;5,00;CARTÃO DE CRÉDITO;PRESENCIAL;14/02/2023;False;True;[]
TXN_2773085;CAFÉ;1;;2,00;N/A;N/A;16/10/2023;True;True;[]
TXN_4697112;SANDUICHE;3;4,00;12,00;CARTÃO DE CRÉDITO;N/A;08/04/2023;False;True;[]
TXN_7897423;N/A;4;5,00;20,00;N/A;N/A;24/05/2023;False;True;[]
TXN_6373380;CAFÉ;4;2,00;8,00;DINHEIRO;PRESENCIAL;21/07/2023;False;True;[]
TXN_8668590;BISCOITO;4;1,00;4,00;CARTEIRA DIGITAL;N/A;18/04/2023;False;True;[]
TXN_9121676;VITAMINA;4;4,00;16,00;N/A;N/A;25/12/2023;False;True;[]
TXN_4956012;SANDUICHE;1;4,00;4,00;N/A;PRESENCIAL;20/07/2023;False;True;[]
TXN_4341126;BOLO;2;3,00;6,00;DINHEIRO;N/A;01/07/2023;False;True;[]
TXN_9792412;CHÁ;;1,50;6,00;CARTEIRA DIGITAL;PARA VIAGEM;15/06/2023;True;True;[]
TXN_2103018;BOLO;5;3,00;15,00;CARTÃO DE CRÉDITO;PRESENCIAL;24/11/2023;False;True;[]
TXN_9843421;N/A;3;3,00;9,00;N/A;PRESENCIAL;06/09/2023;False;True;[]
TXN_2227781;BOLO;1;3,00;3,00;DINHEIRO;PARA VIAGEM;21/01/2023;False;True;[]
TXN_6159539;SUCO;1;3,00;3,00;CARTEIRA DIGITAL;N/A;12/01/2023;False;True;[]
TXN_8014766;N/A;1;4,00;4,00;N/A;N/A;05/10/2023;False;True;[]
TXN_5234152;BISCOITO;5;1,00;5,00;CARTEIRA DIGITAL;PARA VIAGEM;26/03/2023;False;True;[]
TXN_9468033;SUCO;1;3,00;3,00;CARTÃO DE CRÉDITO;N/A;13/12/2023;False;True;[]
TXN_3132304;SANDUICHE;1;4,00;4,00;CARTÃO DE CRÉDITO;N/A;21/01/2023;False;True;[]
TXN_6262910;BOLO;4;3,00;12,00;DINHEIRO;PARA VIAGEM;02/07/2023;False;True;[]
TXN_7543841;BISCOITO;3;1,00;3,00;DINHEIRO;PRESENCIAL;07/11/2023;False;True;[]
TXN_7901672;BISCOITO;1;1,00;1,00;N/A;N/A;24/06/2023;False;True;[]
TXN_1058957;SUCO;2;3,00;6,00;DINHEIRO;PRESENCIAL;21/03/2023;False;True;[]
TXN_7635738;CAFÉ;;2,00;8,00;DINHEIRO;PARA VIAGEM;08/08/2023;True;True;[]
TXN_2728444;SALADA;1;5,00;5,00;CARTEIRA DIGITAL;PARA VIAGEM;23/01/2023;False;True;[]
TXN_9073184;BOLO;2;3,00;6,00;N/A;N/A;14/04/2023;False;True;[]
TXN_2044945;N/A;2;1,50;3,00;DINHEIRO;N/A;18/10/2023;False;True;[]
TXN_5665341;CHÁ;5;1,50;7,50;DINHEIRO;N/A;27/02/2023;False;True;[]
TXN_1509627;SUCO;4;;12,00;CARTEIRA DIGITAL;N/A;23/03/2023;True;True;[]
TXN_7813066;SUCO;1;;3,00;N/A;N/A;28/02/2023;True;True;[]
TXN_5518591;BISCOITO;4;1,00;4,00;CARTEIRA DIGITAL;N/A;21/09/2023;False;True;[]
TXN_6540415;BOLO;5;3,00;15,00;N/A;N/A;27/05/2023;False;True;[]
TXN_2991726;SUCO;5;;15,00;N/A;PRESENCIAL;01/09/2023;True;True;[]
TXN_7939659;BOLO;3;3,00;9,00;CARTEIRA DIGITAL;PARA VIAGEM;26/07/2023;False;True;[]
TXN_7531403;VITAMINA;2;4,00;8,00;DINHEIRO;PRESENCIAL;08/07/2023;False;True;[]
TXN_3767196;SALADA;4;5,00;20,00;DINHEIRO;N/A;30/08/2023;False;True;[]
TXN_3562332;SALADA;5;5,00;25,00;N/A;N/A;20/06/2023;False;True;[]
TXN_7302788;CAFÉ;1;2,00;2,00;DINHEIRO;PRESENCIAL;18/09/2023;False;True;[]
TXN_9233948;BISCOITO;4;1,00;4,00;DINHEIRO;N/A;26/03/2023;False;True;[]
TXN_1510673;SUCO;3;3,00;9,00;N/A;N/A;26/02/2023;False;True;[]
TXN_9867586;VITAMINA;4;4,00;16,00;N/A;PRESENCIAL;02/06/2023;False;True;[]
TXN_1750875;SUCO;3;3,00;9,00;N/A;N/A;13/12/2023;False;True;[]
TXN_6397944;SALADA;5;5,00;25,00;N/A;N/A;31/10/2023;False;True;[]
TXN_5216430;BISCOITO;3;;3,00;N/A;N/A;05/02/2023;True;True;[]
TXN_2723755;SUCO;3;3,00;9,00;DINHEIRO;N/A;30/06/2023;False;True;[]
TXN_2313646;SANDUICHE;3;4,00;12,00;N/A;PRESENCIAL;24/08/2023;False;True;[]
TXN_4028494;BOLO;3;3,00;9,00;CARTEIRA DIGITAL;PRESENCIAL;22/10/2023;False;True;[]
TXN_1412415;SUCO;3;3,00;9,00;DINHEIRO;PRESENCIAL;24/02/2023;False;True;[]
TXN_7398884;N/A;3;4,00;12,00;N/A;PARA VIAGEM;24/12/2023;False;True;[]
TXN_6546131;CAFÉ;4;2,00;8,00;CARTÃO DE CRÉDITO;PRESENCIAL;26/06/2023;False;True;[]
TXN_9030656;SUCO;5;3,00;15,00;CARTEIRA DIGITAL;PARA VIAGEM;12/12/2023;False;True;[]
TXN_1950777;SALADA;5;5,00;25,00;DINHEIRO;PARA VIAGEM;26/08/2023;False;True;[]
TXN_4605239;CAFÉ;1;2,00;2,00;CARTÃO DE CRÉDITO;N/A;06/08/2023;False;True;[]
TXN_8019396;SANDUICHE;3;4,00;12,00;N/A;N/A;20/10/2023;False;True;[]
TXN_7874772;CHÁ;1;1,50;1,50;CARTÃO DE CRÉDITO;PARA VIAGEM;26/04/2023;False;True;[]
TXN_2625464;VITAMINA;3;4,00;12,00;CARTÃO DE CRÉDITO;PRESENCIAL;06/10/2023;False;True;[]
TXN_9338442;BOLO;1;3,00;3,00;CARTEIRA DIGITAL;PRESENCIAL;29/12/2023;False;True;[]
TXN_2953908;CAFÉ;5;2,00;10,00;CARTÃO DE CRÉDITO;PRESENCIAL;11/10/2023;False;True;[]
TXN_2576936;BOLO;3;3,00;9,00;DINHEIRO;N/A;14/10/2023;False;True;[]
TXN_4586482;SUCO;3;3,00;9,00;N/A;PRESENCIAL;04/09/2023;False;True;[]
TXN_3660806;BISCOITO;5;;5,00;N/A;PARA VIAGEM;14/02/2023;True;True;[]
TXN_6410244;CHÁ;4;1,50;6,00;CARTÃO DE CRÉDITO;PARA VIAGEM;06/01/2023;False;True;[]
TXN_5026431;N/A;5;4,00;20,00;DINHEIRO;N/A;05/12/2023;False;True;[]
TXN_3106348;SALADA;4;5,00;20,00;CARTEIRA DIGITAL;PRESENCIAL;10/01/2023;False;True;[]
TXN_6216278;CAFÉ;4;2,00;8,00;CARTÃO DE CRÉDITO;PRESENCIAL;06/11/2023;False;True;[]
TXN_9947324;SANDUICHE;2;4,00;8,00;CARTEIRA DIGITAL;PARA VIAGEM;22/08/2023;False;True;[]
TXN_9531434;BISCOITO;1;1,00;1,00;CARTÃO DE CRÉDITO;PARA VIAGEM;09/10/2023;False;True;[]
TXN_4104718;BISCOITO;2;1,00;2,00;DINHEIRO;N/A;08/11/2023;False;True;[]
TXN_5789560;SUCO;2;3,00;6,00;DINHEIRO;PARA VIAGEM;13/02/2023;False;True;[]
TXN_8285752;BISCOITO;4;1,00;4,00;N/A;PRESENCIAL;07/01/2023;False;True;[]
TXN_8099340;N/A;4;1,50;6,00;N/A;PRESENCIAL;23/04/2023;False;True;[]
TXN_7733300;VITAMINA;2;4,00;8,00;DINHEIRO;PARA VIAGEM;10/12/2023;False;True;[]
TXN_4416331;BISCOITO;1;1,00;1,00;N/A;PARA VIAGEM;13/02/2023;False;True;[]
TXN_3551665;SUCO;4;3,00;12,00;CARTÃO DE CRÉDITO;PRESENCIAL;06/04/2023;False;True;[]
TXN_7377496;N/A;1;3,00;3,00;CARTÃO DE CRÉDITO;PARA VIAGEM;28/02/2023;False;True;[]
TXN_4637438;SALADA;2;5,00;10,00;N/A;PARA VIAGEM;07/04/2023;False;True;[]
TXN_5493965;SUCO;1;3,00;3,00;N/A;N/A;16/06/2023;False;True;[]
TXN_2525207;BISCOITO;2;1,00;2,00;CARTEIRA DIGITAL;N/A;25/11/2023;False;True;[]
TXN_7354480;BOLO;2;3,00;6,00;DINHEIRO;N/A;17/01/2023;False;True;[]
TXN_6819128;SALADA;1;5,00;5,00;DINHEIRO;N/A;19/10/2023;False;True;[]
TXN_5023419;BISCOITO;3;1,00;3,00;CARTEIRA DIGITAL;PARA VIAGEM;26/02/2023;False;True;[]
TXN_9864890;SANDUICHE;3;4,00;12,00;N/A;PRESENCIAL;06/12/2023;False;True;[]
TXN_8798330;N/A;1;2,00;2,00;N/A;PRESENCIAL;16/02/2023;False;True;[]
TXN_9951411;CAFÉ;1;2,00;2,00;DINHEIRO;PRESENCIAL;09/08/2023;False;True;[]
TXN_6755795;VITAMINA;5;4,00;20,00;DINHEIRO;N/A;22/02/2023;False;True;[]
TXN_7507071;VITAMINA;2;4,00;8,00;N/A;PRESENCIAL;10/01/2023;False;True;[]
TXN_1018470;SUCO;3;3,00;9,00;N/A;N/A;14/01/2023;False;True;[]
TXN_2924262;BISCOITO;5;1,00;5,00;N/A;N/A;01/09/2023;False;True;[]
TXN_6472242;SANDUICHE;1;4,00;4,00;N/A;N/A;27/03/2023;False;True;[]
TXN_8482647;SANDUICHE;5;4,00;20,00;CARTÃO DE CRÉDITO;N/A;08/01/2023;False;True;[]
TXN_6994354;SALADA;5;5,00;25,00;N/A;PARA VIAGEM;03/07/2023;False;True;[]
TXN_3520910;SALADA;1;5,00;5,00;CARTÃO DE CRÉDITO;PARA VIAGEM;06/05/2023;False;True;[]
TXN_8589003;CHÁ;4;1,50;6,00;DINHEIRO;N/A;25/08/2023;False;True;[]
TXN_3219263;VITAMINA;5;4,00;20,00;N/A;PARA VIAGEM;31/03/2023;False;True;[]
TXN_9619442;BOLO;4;3,00;12,00;CARTEIRA DIGITAL;PRESENCIAL;23/05/2023;False;True;[]
TXN_1050323;SUCO;1;3,00;3,00;N/A;PRESENCIAL;10/03/2023;False;True;[]
TXN_8379815;VITAMINA;5;;20,00;CARTÃO DE CRÉDITO;N/A;31/07/2023;True;True;[]
TXN_6746916;CAFÉ;1;2,00;2,00;DINHEIRO;PARA VIAGEM;15/11/2023;False;True;[]
TXN_1547717;SANDUICHE;5;4,00;20,00;N/A;N/A;15/12/2023;False;True;[]
TXN_8407982;SALADA;2;5,00;10,00;CARTEIRA DIGITAL;PARA VIAGEM;17/09/2023;False;True;[]
TXN_3484276;BISCOITO;5;1,00;5,00;CARTEIRA DIGITAL;PARA VIAGEM;14/06/2023;False;True;[]
TXN_3705669;CHÁ;2;1,50;3,00;N/A;N/A;23/11/2023;False;True;[]
TXN_4105487;SANDUICHE;4;4,00;16,00;CARTEIRA DIGITAL;PRESENCIAL;13/04/2023;False;True;[]
TXN_6856558;SUCO;4;3,00;12,00;N/A;PARA VIAGEM;30/10/2023;False;True;[]
TXN_3669990;CHÁ;2;1,50;3,00;DINHEIRO;PARA VIAGEM;27/01/2023;False;True;[]
TXN_5994713;CHÁ;3;1,50;4,50;N/A;PARA VIAGEM;05/03/2023;False;True;[]
TXN_8091357;CAFÉ;1;2,00;2,00;DINHEIRO;N/A;28/12/2023;False;True;[]
TXN_9555958;VITAMINA;4;4,00;16,00;CARTEIRA DIGITAL;PARA VIAGEM;30/09/2023;False;True;[]
TXN_4194085;SALADA;1;5,00;5,00;CARTÃO DE CRÉDITO;N/A;25/05/2023;False;True;[]
TXN_7780748;BISCOITO;3;1,00;3,00;CARTÃO DE CRÉDITO;PRESENCIAL;19/01/2023;False;True;[]
TXN_7914340;CHÁ;;1,50;1,50;N/A;N/A;04/09/2023;True;True;[]
TXN_7780786;BOLO;1;3,00;3,00;CARTÃO DE CRÉDITO;N/A;30/10/2023;False;True;[]
TXN_1048284;SALADA;2;5,00;10,00;DINHEIRO;PRESENCIAL;19/08/2023;False;True;[]
TXN_3301517;SALADA;;5,00;25,00;CARTÃO DE CRÉDITO;PRESENCIAL;13/04/2023;True;True;[]
TXN_3120848;BISCOITO;1;1,00;1,00;DINHEIRO;PRESENCIAL;01/11/2023;False;True;[]
TXN_3764807;VITAMINA;2;;8,00;N/A;N/A;28/08/2023;True;True;[]
TXN_3315467;SANDUICHE;2;4,00;8,00;CARTEIRA DIGITAL;PARA VIAGEM;17/11/2023;False;True;[]
TXN_9363990;BOLO;3;3,00;9,00;CARTÃO DE CRÉDITO;N/A;17/01/2023;False;True;[]
TXN_9666257;SUCO;2;3,00;6,00;N/A;PRESENCIAL;27/09/2023;False;True;[]
TXN_1504466;CAFÉ;1;2,00;2,00;DINHEIRO;N/A;07/11/2023;False;True;[]
TXN_3324387;N/A;1;4,00;4,00;CARTÃO DE CRÉDITO;N/A;13/12/2023;False;True;[]
TXN_1477525;SALADA;3;5,00;15,00;DINHEIRO;PARA VIAGEM;06/11/2023;False;True;[]
TXN_9063624;CAFÉ;1;2,00;2,00;CARTÃO DE CRÉDITO;N/A;21/04/2023;False;True;[]
TXN_1595139;VITAMINA;5;4,00;20,00;DINHEIRO;N/A;24/08/2023;False;True;[]
TXN_8606912;SALADA;5;;25,00;CARTEIRA DIGITAL;N/A;10/03/2023;True;True;[]
TXN_8548232;SANDUICHE;4;4,00;16,00;CARTEIRA DIGITAL;PRESENCIAL;21/06/2023;False;True;[]
TXN_6074414;SALADA;2;5,00;10,00;CARTÃO DE CRÉDITO;N/A;13/11/2023;False;True;[]
TXN_2010658;VITAMINA;3;4,00;12,00;N/A;N/A;20/02/2023;False;True;[]
TXN_5070577;BISCOITO;;1,00;4,00;CARTÃO DE CRÉDITO;PARA VIAGEM;07/02/2023;True;True;[]
TXN_5426236;N/A;3;4,00;12,00;DINHEIRO;PARA VIAGEM;31/08/2023;False;True;[]
TXN_8867957;SANDUICHE;1;4,00;4,00;CARTEIRA DIGITAL;N/A;04/01/2023;False;True;[]
TXN_3241422;SALADA;2;5,00;10,00;DINHEIRO;PARA VIAGEM;17/07/2023;False;True;[]
TXN_6036254;N/A;3;2,00;6,00;CARTÃO DE CRÉDITO;N/A;20/09/2023;False;True;[]
TXN_3580048;VITAMINA;5;;20,00;N/A;N/A;17/05/2023;True;True;[]
TXN_2756336;VITAMINA;3;4,00;12,00;CARTÃO DE CRÉDITO;PARA VIAGEM;07/07/2023;False;True;[]
TXN_9691873;SUCO;2;;6,00;CARTEIRA DIGITAL;PARA VIAGEM;15/02/2023;True;True;[]
TXN_2466187;CAFÉ;2;2,00;4,00;N/A;PARA VIAGEM;18/04/2023;False;True;[]
TXN_7964520;CAFÉ;1;2,00;2,00;N/A;PRESENCIAL;26/03/2023;False;True;[]
TXN_3185667;CHÁ;5;;7,50;CARTEIRA DIGITAL;N/A;26/12/2023;True;True;[]
TXN_8167741;SANDUICHE;4;4,00;16,00;N/A;PARA VIAGEM;09/09/2023;False;True;[]
TXN_1015883;BISCOITO;4;1,00;4,00;DINHEIRO;PRESENCIAL;16/10/2023;False;True;[]
TXN_8838566;BOLO;5;3,00;15,00;CARTEIRA DIGITAL;PRESENCIAL;25/07/2023;False;True;[]
TXN_2423343;CHÁ;4;1,50;6,00;N/A;PRESENCIAL;25/09/2023;False;True;[]
TXN_1496038;SUCO;4;3,00;12,00;N/A;PRESENCIAL;22/12/2023;False;True;[]
TXN_9484436;SALADA;1;;5,00;CARTÃO DE CRÉDITO;PRESENCIAL;20/01/2023;True;True;[]
TXN_7670699;SUCO;1;3,00;3,00;DINHEIRO;PRESENCIAL;24/12/2023;False;True;[]
TXN_7765640;N/A;;2,00;2,00;CARTÃO DE CRÉDITO;N/A;07/07/2023;True;True;[]
TXN_5412418;N/A;3;3,00;9,00;DINHEIRO;N/A;23/09/2023;False;True;[]
TXN_2053631;SALADA;1;5,00;5,00;CARTÃO DE CRÉDITO;N/A;21/03/2023;False;True;[]
TXN_3632064;BISCOITO;5;1,00;5,00;DINHEIRO;N/A;12/02/2023;False;True;[]
TXN_4254587;VITAMINA;1;4,00;4,00;CARTEIRA DIGITAL;N/A;27/05/2023;False;True;[]
TXN_9605972;BOLO;3;3,00;9,00;N/A;N/A;30/09/2023;False;True;[]
TXN_1323030;SALADA;4;5,00;20,00;N/A;PRESENCIAL;30/03/2023;False;True;[]
TXN_7989903;SUCO;2;3,00;6,00;DINHEIRO;N/A;19/06/2023;False;True;[]
TXN_7423885;SUCO;4;3,00;12,00;CARTEIRA DIGITAL;PARA VIAGEM;06/09/2023;False;True;[]
TXN_1495371;SANDUICHE;2;4,00;8,00;CARTÃO DE CRÉDITO;PARA VIAGEM;21/07/2023;False;True;[]
TXN_8934025;BISCOITO;2;1,00;2,00;N/A;N/A;18/12/2023;False;True;[]
TXN_7515290;VITAMINA;;4,00;12,00;CARTEIRA DIGITAL;N/A;23/12/2023;True;True;[]
TXN_3711520;CHÁ;1;1,50;1,50;N/A;PRESENCIAL;29/06/2023;False;True;[]
TXN_3841683;SANDUICHE;1;4,00;4,00;N/A;PRESENCIAL;20/06/2023;False;True;[]
TXN_9100530;SANDUICHE;3;4,00;12,00;CARTEIRA DIGITAL;N/A;21/05/2023;False;True;[]
TXN_3112013;SANDUICHE;5;4,00;20,00;DINHEIRO;PRESENCIAL;06/01/2023;False;True;[]
TXN_7786787;CHÁ;1;1,50;1,50;CARTÃO DE CRÉDITO;PARA VIAGEM;08/07/2023;False;True;[]
TXN_7160196;SANDUICHE;1;4,00;4,00;N/A;PRESENCIAL;06/12/2023;False;True;[]
TXN_4634894;CAFÉ;1;2,00;2,00;N/A;N/A;09/12/2023;False;True;[]
TXN_8214944;N/A;3;1,50;4,50;CARTÃO DE CRÉDITO;PRESENCIAL;18/11/2023;False;True;[]
TXN_1080377;BOLO;2;3,00;6,00;N/A;N/A;08/04/2023;False;True;[]
TXN_8566683;VITAMINA;4;4,00;16,00;DINHEIRO;PARA VIAGEM;09/08/2023;False;True;[]
TXN_2784588;SUCO;2;3,00;6,00;DINHEIRO;PARA VIAGEM;26/03/2023;False;True;[]
TXN_6110769;BISCOITO;2;1,00;2,00;N/A;N/A;02/03/2023;False;True;[]
TXN_1637334;N/A;2;1,50;3,00;CARTÃO DE CRÉDITO;PRESENCIAL;09/08/2023;False;True;[]
TXN_9514452;N/A;5;;10,00;CARTÃO DE CRÉDITO;PARA VIAGEM;29/07/2023;True;True;[]
TXN_8787350;SANDUICHE;5;4,00;20,00;N/A;N/A;21/05/2023;False;True;[]
TXN_7533675;VITAMINA;3;4,00;12,00;N/A;PRESENCIAL;28/10/2023;False;True;[]
TXN_2264601;CHÁ;1;1,50;1,50;N/A;N/A;21/01/2023;False;True;[]
TXN_6024139;SUCO;4;3,00;12,00;CARTEIRA DIGITAL;N/A;15/08/2023;False;True;[]
TXN_9841397;CAFÉ;4;2,00;8,00;DINHEIRO;PRESENCIAL;28/12/2023;False;True;[]
TXN_7302991;N/A;4;4,00;16,00;CARTEIRA DIGITAL;PARA VIAGEM;05/04/2023;False;True;[]
TXN_6093331;VITAMINA;2;4,00;8,00;CARTÃO DE CRÉDITO;N/A;24/06/2023;False;True;[]
TXN_3087096;CHÁ;3;;4,50;DINHEIRO;N/A;19/08/2023;True;True;[]
TXN_8324315;SALADA;1;5,00;5,00;N/A;N/A;07/08/2023;False;True;[]
TXN_8933679;SALADA;3;5,00;15,00;CARTEIRA DIGITAL;PRESENCIAL;24/09/2023;False;True;[]
TXN_3528653;BOLO;1;3,00;3,00;N/A;N/A;26/02/2023;False;True;[]
TXN_4256155;BOLO;5;3,00;15,00;N/A;PARA VIAGEM;06/04/2023;False;True;[]
TXN_7186675;BISCOITO;4;1,00;4,00;DINHEIRO;N/A;09/11/2023;False;True;[]
TXN_5295223;N/A;5;5,00;25,00;DINHEIRO;PRESENCIAL;23/03/2023;False;True;[]
TXN_8578861;SALADA;5;5,00;25,00;CARTEIRA DIGITAL;PRESENCIAL;16/05/2023;False;True;[]
TXN_8028042;CAFÉ;3;2,00;6,00;N/A;N/A;05/04/2023;False;True;[]
TXN_4021467;CAFÉ;2;2,00;4,00;N/A;PARA VIAGEM;02/04/2023;False;True;[]
TXN_4807037;SALADA;5;5,00;25,00;DINHEIRO;PRESENCIAL;08/12/2023;False;True;[]
TXN_3975938;SANDUICHE;3;4,00;12,00;CARTÃO DE CRÉDITO;N/A;04/09/2023;False;True;[]
TXN_3312653;BISCOITO;5;1,00;5,00;DINHEIRO;PARA VIAGEM;09/12/2023;False;True;[]
TXN_1405498;SUCO;2;3,00;6,00;N/A;PARA VIAGEM;31/12/2023;False;True;[]
TXN_6571288;SANDUICHE;2;4,00;8,00;CARTÃO DE CRÉDITO;N/A;23/10/2023;False;True;[]
TXN_7560210;SUCO;5;3,00;15,00;N/A;PARA VIAGEM;21/02/2023;False;True;[]
TXN_2905234;BISCOITO;1;1,00;1,00;CARTÃO DE CRÉDITO;N/A;24/09/2023;False;True;[]
TXN_3630981;CAFÉ;2;2,00;4,00;N/A;PRESENCIAL;31/10/2023;False;True;[]
TXN_3339728;SUCO;5;3,00;15,00;N/A;PRESENCIAL;13/05/2023;False;True;[]
TXN_3826298;BISCOITO;3;1,00;3,00;N/A;N/A;28/11/2023;False;True;[]
TXN_7854306;SANDUICHE;1;4,00;4,00;DINHEIRO;PRESENCIAL;17/09/2023;False;True;[]
TXN_6034709;N/A;2;2,00;4,00;CARTÃO DE CRÉDITO;N/A;16/06/2023;False;True;[]
TXN_3072565;SUCO;3;3,00;9,00;CARTÃO DE CRÉDITO;N/A;09/07/2023;False;True;[]
TXN_9544977;BISCOITO;4;1,00;4,00;N/A;PRESENCIAL;04/07/2023;False;True;[]
TXN_8374101;SALADA;5;5,00;25,00;CARTÃO DE CRÉDITO;N/A;16/08/2023;False;True;[]
TXN_5814878;VITAMINA;2;4,00;8,00;CARTEIRA DIGITAL;N/A;02/04/2023;False;True;[]
TXN_2398895;SUCO;5;3,00;15,00;CARTEIRA DIGITAL;PRESENCIAL;04/04/2023;False;True;[]
TXN_1205020;CHÁ;5;1,50;7,50;DINHEIRO;N/A;03/10/2023;False;True;[]
TXN_1631377;CAFÉ;5;2,00;10,00;N/A;PARA VIAGEM;07/06/2023;False;True;[]
TXN_8116676;BOLO;2;3,00;6,00;CARTEIRA DIGITAL;N/A;16/09/2023;False;True;[]
TXN_4116036;SALADA;2;;10,00;CARTÃO DE CRÉDITO;PRESENCIAL;22/01/2023;True;True;[]
TXN_3172090;SUCO;1;3,00;3,00;CARTÃO DE CRÉDITO;N/A;09/05/2023;False;True;[]
TXN_5193568;SUCO;3;3,00;9,00;DINHEIRO;N/A;10/12/2023;False;True;[]
TXN_3725152;CAFÉ;5;2,00;10,00;N/A;N/A;08/07/2023;False;True;[]
TXN_8724711;SALADA;3;5,00;15,00;DINHEIRO;PRESENCIAL;07/02/2023;False;True;[]
TXN_9477344;N/A;2;1,00;2,00;CARTÃO DE CRÉDITO;PRESENCIAL;30/09/2023;False;True;[]
TXN_5899361;BOLO;1;3,00;3,00;CARTÃO DE CRÉDITO;N/A;08/08/2023;False;True;[]
TXN_8261380;BOLO;3;3,00;9,00;DINHEIRO;PRESENCIAL;01/10/2023;False;True;[]
TXN_1188551;N/A;2;2,00;4,00;N/A;N/A;20/03/2023;False;True;[]
TXN_1887250;CHÁ;3;1,50;4,50;N/A;PARA VIAGEM;15/05/2023;False;True;[]
TXN_4799873;BISCOITO;3;1,00;3,00;CARTEIRA DIGITAL;PRESENCIAL;04/03/2023;False;True;[]
TXN_9691151;CAFÉ;4;2,00;8,00;N/A;PRESENCIAL;23/08/2023;False;True;[]
TXN_3014261;SALADA;4;5,00;20,00;DINHEIRO;PRESENCIAL;29/11/2023;False;True;[]
TXN_9987991;VITAMINA;;4,00;16,00;CARTÃO DE CRÉDITO;PARA VIAGEM;21/02/2023;True;True;[]
TXN_1093668;CAFÉ;2;2,00;4,00;CARTEIRA DIGITAL;N/A;18/05/2023;False;True;[]
TXN_8279966;CAFÉ;;2,00;6,00;DINHEIRO;PRESENCIAL;24/08/2023;True;True;[]
TXN_3977835;CHÁ;5;;7,50;N/A;PRESENCIAL;06/05/2023;True;True;[]
TXN_1758689;VITAMINA;3;4,00;12,00;DINHEIRO;N/A;17/02/2023;False;True;[]
TXN_4312977;SUCO;1;3,00;3,00;CARTEIRA DIGITAL;PRESENCIAL;15/03/2023;False;True;[]
TXN_6503526;BISCOITO;5;;5,00;CARTÃO DE CRÉDITO;PRESENCIAL;20/10/2023;True;True;[]
TXN_8676485;SALADA;2;5,00;10,00;N/A;PRESENCIAL;28/04/2023;False;True;[]
TXN_7176851;CHÁ;4;1,50;6,00;CARTÃO DE CRÉDITO;PARA VIAGEM;20/11/2023;False;True;[]
TXN_8695037;VITAMINA;;4,00;8,00;N/A;N/A;24/01/2023;True;True;[]
TXN_6632882;VITAMINA;1;4,00;4,00;CARTEIRA DIGITAL;PRESENCIAL;30/04/2023;False;True;[]
TXN_7775016;SANDUICHE;5;4,00;20,00;DINHEIRO;PRESENCIAL;27/09/2023;False;True;[]
TXN_2176024;CAFÉ;5;;10,00;CARTEIRA DIGITAL;PRESENCIAL;03/02/2023;True;True;[]
TXN_7051683;N/A;3;3,00;9,00;CARTEIRA DIGITAL;PRESENCIAL;16/11/2023;False;True;[]
TXN_3670041;VITAMINA;3;4,00;12,00;CARTEIRA DIGITAL;N/A;22/03/2023;False;True;[]
TXN_5124080;BISCOITO;1;1,00;1,00;CARTÃO DE CRÉDITO;PRESENCIAL;14/01/2023;False;True;[]
TXN_3317649;SANDUICHE;3;4,00;12,00;N/A;PARA VIAGEM;06/11/2023;False;True;[]
TXN_3953316;BISCOITO;2;1,00;2,00;CARTEIRA DIGITAL;N/A;06/06/2023;False;True;[]
TXN_6160209;SALADA;3;5,00;15,00;N/A;PRESENCIAL;28/07/2023;False;True;[]
TXN_7089316;CHÁ;2;1,50;3,00;DINHEIRO;PRESENCIAL;27/11/2023;False;True;[]
TXN_5421310;CAFÉ;;2,00;8,00;CARTEIRA DIGITAL;PRESENCIAL;10/06/2023;True;True;[]
TXN_9081409;N/A;1;3,00;3,00;CARTÃO DE CRÉDITO;PRESENCIAL;16/06/2023;False;True;[]
TXN_6850528;BISCOITO;3;1,00;3,00;DINHEIRO;PRESENCIAL;13/10/2023;False;True;[]
TXN_6900182;VITAMINA;3;4,00;12,00;DINHEIRO;PRESENCIAL;10/09/2023;False;True;[]
TXN_2643748;SALADA;3;5,00;15,00;DINHEIRO;N/A;28/11/2023;False;True;[]
TXN_4858908;BOLO;2;3,00;6,00;DINHEIRO;PRESENCIAL;11/02/2023;False;True;[]
TXN_8972137;N/A;4;3,00;12,00;CARTÃO DE CRÉDITO;PRESENCIAL;15/05/2023;False;True;[]
TXN_2828785;VITAMINA;1;4,00;4,00;N/A;PRESENCIAL;24/01/2023;False;True;[]
TXN_3489721;CAFÉ;3;2,00;6,00;DINHEIRO;N/A;27/09/2023;False;True;[]
TXN_5223702;VITAMINA;4;4,00;16,00;CARTÃO DE CRÉDITO;N/A;23/06/2023;False;True;[]
TXN_2788676;BISCOITO;2;1,00;2,00;CARTEIRA DIGITAL;N/A;05/11/2023;False;True;[]
TXN_1643447;N/A;1;3,00;3,00;N/A;N/A;03/09/2023;False;True;[]
TXN_5172164;CHÁ;3;1,50;4,50;CARTEIRA DIGITAL;PRESENCIAL;13/09/2023;False;True;[]
TXN_2818867;SALADA;3;5,00;15,00;DINHEIRO;N/A;11/01/2023;False;True;[]
TXN_1303984;SALADA;4;5,00;20,00;CARTEIRA DIGITAL;N/A;24/07/2023;False;True;[]
TXN_3373078;VITAMINA;4;4,00;16,00;CARTEIRA DIGITAL;PRESENCIAL;01/12/2023;False;True;[]
TXN_3982146;CAFÉ;3;2,00;6,00;N/A;PRESENCIAL;09/07/2023;False;True;[]
TXN_1185156;VITAMINA;4;4,00;16,00;N/A;PARA VIAGEM;23/03/2023;False;True;[]
TXN_6720290;VITAMINA;1;4,00;4,00;N/A;PRESENCIAL;25/01/2023;False;True;[]
TXN_9365447;N/A;2;1,50;3,00;DINHEIRO;N/A;10/12/2023;False;True;[]
TXN_7701878;VITAMINA;4;4,00;16,00;CARTÃO DE CRÉDITO;PRESENCIAL;11/08/2023;False;True;[]
TXN_7677817;N/A;;2,00;2,00;CARTÃO DE CRÉDITO;N/A;17/01/2023;True;True;[]
TXN_9983530;VITAMINA;3;4,00;12,00;N/A;N/A;04/01/2023;False;True;[]
TXN_4755934;CHÁ;2;1,50;3,00;DINHEIRO;N/A;29/12/2023;False;True;[]
TXN_2931198;BOLO;2;3,00;6,00;CARTÃO DE CRÉDITO;PRESENCIAL;21/04/2023;False;True;[]
TXN_7426387;VITAMINA;5;4,00;20,00;DINHEIRO;N/A;30/10/2023;False;True;[]
TXN_3182547;SUCO;;3,00;9,00;CARTEIRA DIGITAL;PARA VIAGEM;28/07/2023;True;True;[]
TXN_6980463;SALADA;1;5,00;5,00;CARTEIRA DIGITAL;PRESENCIAL;03/09/2023;False;True;[]
TXN_6708165;SUCO;5;3,00;15,00;N/A;PRESENCIAL;19/10/2023;False;True;[]
TXN_4310629;BOLO;3;3,00;9,00;CARTÃO DE CRÉDITO;PARA VIAGEM;02/10/2023;False;True;[]
TXN_4650611;CAFÉ;1;2,00;2,00;CARTÃO DE CRÉDITO;N/A;14/10/2023;False;True;[]
TXN_7952232;CHÁ;4;1,50;6,00;DINHEIRO;N/A;31/03/2023;False;True;[]
TXN_1593691;SANDUICHE;2;4,00;8,00;N/A;N/A;11/03/2023;False;True;[]
TXN_3781198;BOLO;3;3,00;9,00;CARTEIRA DIGITAL;PRESENCIAL;04/11/2023;False;True;[]
TXN_3585464;BISCOITO;3;1,00;3,00;N/A;PARA VIAGEM;12/09/2023;False;True;[]
TXN_8286164;VITAMINA;1;4,00;4,00;N/A;PRESENCIAL;08/03/2023;False;True;[]
TXN_8851113;CHÁ;3;1,50;4,50;CARTEIRA DIGITAL;N/A;23/12/2023;False;True;[]
TXN_9131136;SUCO;2;3,00;6,00;CARTÃO DE CRÉDITO;N/A;20/03/2023;False;True;[]
TXN_1449065;SALADA;2;5,00;10,00;DINHEIRO;N/A;03/10/2023;False;True;[]
TXN_1230311;SUCO;3;3,00;9,00;CARTEIRA DIGITAL;N/A;14/08/2023;False;True;[]
TXN_2325484;SALADA;1;;5,00;CARTEIRA DIGITAL;PARA VIAGEM;16/08/2023;True;True;[]
TXN_2647425;SUCO;4;3,00;12,00;CARTÃO DE CRÉDITO;N/A;30/07/2023;False;True;[]
TXN_5525916;CAFÉ;2;2,00;4,00;DINHEIRO;PARA VIAGEM;02/03/2023;False;True;[]
TXN_4297979;CAFÉ;1;2,00;2,00;CARTEIRA DIGITAL;PRESENCIAL;14/08/2023;False;True;[]
TXN_1686323;VITAMINA;4;4,00;16,00;CARTEIRA DIGITAL;PRESENCIAL;30/11/2023;False;True;[]
TXN_5373154;BOLO;3;3,00;9,00;CARTEIRA DIGITAL;N/A;06/04/2023;False;True;[]
TXN_6225571;VITAMINA;2;4,00;8,00;CARTÃO DE CRÉDITO;PARA VIAGEM;13/09/2023;False;True;[]
TXN_9772556;CAFÉ;5;2,00;10,00;N/A;N/A;20/10/2023;False;True;[]
TXN_3033598;SANDUICHE;5;4,00;20,00;DINHEIRO;PARA VIAGEM;12/03/2023;False;True;[]
TXN_4382956;N/A;4;1,50;6,00;CARTÃO DE CRÉDITO;N/A;16/11/2023;False;True;[]
TXN_8117583;SALADA;1;5,00;5,00;DINHEIRO;PRESENCIAL;25/02/2023;False;True;[]
TXN_1101527;VITAMINA;;4,00;20,00;CARTEIRA DIGITAL;N/A;20/04/2023;True;True;[]
TXN_2118759;CAFÉ;2;2,00;4,00;CARTEIRA DIGITAL;N/A;07/08/2023;False;True;[]
TXN_7603948;BOLO;3;3,00;9,00;CARTÃO DE CRÉDITO;N/A;28/01/2023;False;True;[]
TXN_5519424;CHÁ;2;1,50;3,00;CARTEIRA DIGITAL;N/A;23/09/2023;False;True;[]
TXN_3483911;SALADA;1;5,00;5,00;CARTEIRA DIGITAL;PARA VIAGEM;10/07/2023;False;True;[]
TXN_5447967;VITAMINA;2;;8,00;CARTÃO DE CRÉDITO;N/A;06/06/2023;True;True;[]
TXN_2893987;BOLO;4;;12,00;N/A;PARA VIAGEM;31/05/2023;True;True;[]
TXN_5120215;CAFÉ;2;2,00;4,00;CARTEIRA DIGITAL;N/A;29/10/2023;False;True;[]
TXN_4417257;SALADA;5;5,00;25,00;CARTEIRA DIGITAL;PARA VIAGEM;06/05/2023;False;True;[]
TXN_2871592;BISCOITO;4;1,00;4,00;DINHEIRO;PRESENCIAL;07/08/2023;False;True;[]
TXN_8283199;SUCO;3;3,00;9,00;CARTEIRA DIGITAL;PARA VIAGEM;23/01/2023;False;True;[]
TXN_1571874;BOLO;1;3,00;3,00;CARTEIRA DIGITAL;N/A;10/07/2023;False;True;[]
TXN_6534833;SALADA;4;5,00;20,00;CARTEIRA DIGITAL;PRESENCIAL;14/12/2023;False;True;[]
TXN_6027500;VITAMINA;4;4,00;16,00;N/A;N/A;22/09/2023;False;True;[]
TXN_7029944;BISCOITO;2;1,00;2,00;DINHEIRO;PARA VIAGEM;17/04/2023;False;True;[]
TXN_3075169;SANDUICHE;;4,00;8,00;CARTÃO DE CRÉDITO;PRESENCIAL;25/06/2023;True;True;[]
TXN_9791421;SANDUICHE;1;4,00;4,00;DINHEIRO;PARA VIAGEM;15/07/2023;False;True;[]
TXN_6359031;CAFÉ;1;2,00;2,00;N/A;N/A;28/02/2023;False;True;[]
TXN_8236432;SALADA;1;5,00;5,00;N/A;N/A;04/12/2023;False;True;[]
TXN_7359566;CAFÉ;1;2,00;2,00;DINHEIRO;PRESENCIAL;06/04/2023;False;True;[]
TXN_4813580;SANDUICHE;3;4,00;12,00;CARTEIRA DIGITAL;PARA VIAGEM;15/04/2023;False;True;[]
TXN_9940829;VITAMINA;3;4,00;12,00;N/A;PRESENCIAL;04/04/2023;False;True;[]
TXN_4583957;BISCOITO;2;1,00;2,00;CARTÃO DE CRÉDITO;PARA VIAGEM;08/10/2023;False;True;[]
TXN_8187222;CAFÉ;4;2,00;8,00;CARTÃO DE CRÉDITO;N/A;08/03/2023;False;True;[]
TXN_1298084;N/A;2;1,50;3,00;CARTÃO DE CRÉDITO;PARA VIAGEM;02/01/2023;False;True;[]
TXN_4403699;N/A;1;1,00;1,00;CARTÃO DE CRÉDITO;N/A;19/08/2023;False;True;[]
TXN_9005782;CHÁ;4;1,50;6,00;N/A;PRESENCIAL;18/06/2023;False;True;[]
TXN_5083311;SANDUICHE;4;4,00;16,00;CARTEIRA DIGITAL;N/A;30/04/2023;False;True;[]
TXN_8847610;SUCO;3;3,00;9,00;CARTEIRA DIGITAL;PARA VIAGEM;06/12/2023;False;True;[]
TXN_9817102;CAFÉ;3;2,00;6,00;CARTÃO DE CRÉDITO;PRESENCIAL;22/02/2023;False;True;[]
TXN_5566774;CHÁ;3;1,50;4,50;N/A;PRESENCIAL;29/03/2023;False;True;[]
TXN_5555790;CHÁ;5;;7,50;CARTÃO DE CRÉDITO;PRESENCIAL;19/02/2023;True;True;[]
TXN_3575713;N/A;;1,50;1,50;DINHEIRO;PARA VIAGEM;18/02/2023;True;True;[]
TXN_5811955;SALADA;2;5,00;10,00;CARTÃO DE CRÉDITO;PARA VIAGEM;29/06/2023;False;True;[]
TXN_5406762;SALADA;4;5,00;20,00;CARTÃO DE CRÉDITO;N/A;12/09/2023;False;True;[]
TXN_3039985;BISCOITO;5;1,00;5,00;CARTEIRA DIGITAL;PRESENCIAL;08/04/2023;False;True;[]
TXN_1424056;VITAMINA;1;4,00;4,00;DINHEIRO;N/A;31/07/2023;False;True;[]
TXN_1193221;CHÁ;3;1,50;4,50;CARTÃO DE CRÉDITO;PRESENCIAL;21/10/2023;False;True;[]
TXN_8610501;SANDUICHE;5;4,00;20,00;DINHEIRO;N/A;29/09/2023;False;True;[]
TXN_9587445;CAFÉ;4;2,00;8,00;N/A;PRESENCIAL;24/08/2023;False;True;[]
TXN_3694901;BISCOITO;2;1,00;2,00;N/A;PRESENCIAL;16/08/2023;False;True;[]
TXN_5749454;SUCO;;3,00;12,00;CARTEIRA DIGITAL;PARA VIAGEM;04/12/2023;True;True;[]
TXN_8356048;N/A;5;4,00;20,00;DINHEIRO;PARA VIAGEM;05/06/2023;False;True;[]
TXN_3480278;VITAMINA;4;;16,00;CARTEIRA DIGITAL;PRESENCIAL;26/12/2023;True;True;[]
TXN_9252414;CHÁ;1;;1,50;N/A;PRESENCIAL;13/11/2023;True;True;[]
TXN_3010103;N/A;5;4,00;20,00;N/A;N/A;14/02/2023;False;True;[]
TXN_6699408;BISCOITO;5;1,00;5,00;DINHEIRO;PARA VIAGEM;22/12/2023;False;True;[]
TXN_6400351;SUCO;2;3,00;6,00;CARTEIRA DIGITAL;PARA VIAGEM;11/08/2023;False;True;[]
TXN_1559512;SUCO;5;;15,00;CARTÃO DE CRÉDITO;N/A;28/11/2023;True;True;[]
TXN_6091543;CAFÉ;3;2,00;6,00;N/A;PRESENCIAL;04/07/2023;False;True;[]
TXN_2842641;BOLO;1;3,00;3,00;N/A;PRESENCIAL;11/06/2023;False;True;[]
TXN_8875043;SALADA;4;5,00;20,00;CARTEIRA DIGITAL;N/A;21/02/2023;False;True;[]
TXN_8212783;SALADA;3;;15,00;CARTÃO DE CRÉDITO;PRESENCIAL;30/03/2023;True;True;[]
TXN_7343062;SANDUICHE;5;4,00;20,00;CARTEIRA DIGITAL;PRESENCIAL;11/08/2023;False;True;[]
TXN_2535099;SANDUICHE;5;4,00;20,00;CARTÃO DE CRÉDITO;PRESENCIAL;10/02/2023;False;True;[]
TXN_2951148;SANDUICHE;4;4,00;16,00;DINHEIRO;PRESENCIAL;21/02/2023;False;True;[]
TXN_1294101;CHÁ;5;1,50;7,50;CARTEIRA DIGITAL;PARA VIAGEM;31/03/2023;False;True;[]
TXN_5579227;VITAMINA;;4,00;16,00;CARTEIRA DIGITAL;N/A;22/06/2023;True;True;[]
TXN_8534360;SUCO;5;3,00;15,00;N/A;N/A;15/02/2023;False;True;[]
TXN_4336247;CAFÉ;5;2,00;10,00;CARTEIRA DIGITAL;PARA VIAGEM;03/03/2023;False;True;[]
TXN_7101384;CAFÉ;1;;2,00;N/A;N/A;23/04/2023;True;True;[]
TXN_1356599;BISCOITO;2;1,00;2,00;DINHEIRO;PARA VIAGEM;14/12/2023;False;True;[]
TXN_4568452;BISCOITO;3;1,00;3,00;CARTEIRA DIGITAL;PRESENCIAL;14/01/2023;False;True;[]
TXN_5036856;CAFÉ;5;2,00;10,00;DINHEIRO;PRESENCIAL;27/03/2023;False;True;[]
TXN_5167925;SUCO;1;3,00;3,00;N/A;N/A;11/09/2023;False;True;[]
TXN_1345440;SALADA;5;5,00;25,00;DINHEIRO;N/A;20/06/2023;False;True;[]
TXN_8043218;SALADA;2;5,00;10,00;DINHEIRO;PRESENCIAL;23/10/2023;False;True;[]
TXN_4026277;CHÁ;3;1,50;4,50;CARTEIRA DIGITAL;PRESENCIAL;27/08/2023;False;True;[]
TXN_4991731;CHÁ;;1,50;1,50;CARTEIRA DIGITAL;PARA VIAGEM;07/11/2023;True;True;[]
TXN_6196052;VITAMINA;5;4,00;20,00;DINHEIRO;PARA VIAGEM;07/04/2023;False;True;[]
TXN_9563024;BISCOITO;3;;3,00;CARTEIRA DIGITAL;PRESENCIAL;27/09/2023;True;True;[]
TXN_8326905;CAFÉ;5;2,00;10,00;N/A;PARA VIAGEM;10/03/2023;False;True;[]
TXN_3474333;N/A;3;3,00;9,00;CARTÃO DE CRÉDITO;PARA VIAGEM;13/01/2023;False;True;[]
TXN_9918597;VITAMINA;4;4,00;16,00;CARTEIRA DIGITAL;PRESENCIAL;17/10/2023;False;True;[]
TXN_3460926;SUCO;3;3,00;9,00;CARTEIRA DIGITAL;PARA VIAGEM;25/03/2023;False;True;[]
TXN_2671272;VITAMINA;1;4,00;4,00;CARTEIRA DIGITAL;N/A;13/02/2023;False;True;[]
TXN_8437157;VITAMINA;4;4,00;16,00;CARTÃO DE CRÉDITO;N/A;09/02/2023;False;True;[]
TXN_3401287;N/A;3;4,00;12,00;DINHEIRO;N/A;12/02/2023;False;True;[]
TXN_7309365;BOLO;2;3,00;6,00;DINHEIRO;N/A;31/08/2023;False;True;[]
TXN_2175096;N/A;1;1,50;1,50;N/A;PRESENCIAL;25/02/2023;False;True;[]
TXN_8872997;SANDUICHE;4;4,00;16,00;CARTÃO DE CRÉDITO;PRESENCIAL;31/01/2023;False;True;[]
TXN_8425085;SUCO;1;3,00;3,00;CARTÃO DE CRÉDITO;N/A;23/12/2023;False;True;[]
TXN_3237919;SANDUICHE;1;4,00;4,00;N/A;N/A;04/02/2023;False;True;[]
TXN_4713643;CAFÉ;5;;10,00;N/A;N/A;10/08/2023;True;True;[]
TXN_4806003;BISCOITO;5;1,00;5,00;CARTÃO DE CRÉDITO;N/A;06/08/2023;False;True;[]
TXN_9089797;CAFÉ;1;2,00;2,00;CARTÃO DE CRÉDITO;PARA VIAGEM;19/09/2023;False;True;[]
TXN_5449092;SUCO;4;3,00;12,00;N/A;N/A;11/06/2023;False;True;[]
TXN_6097144;SUCO;5;3,00;15,00;N/A;PARA VIAGEM;27/01/2023;False;True;[]
TXN_6483589;SUCO;3;3,00;9,00;CARTEIRA DIGITAL;N/A;13/10/2023;False;True;[]
TXN_8516055;N/A;5;4,00;20,00;CARTÃO DE CRÉDITO;PARA VIAGEM;17/04/2023;False;True;[]
TXN_5430694;SALADA;;5,00;25,00;N/A;N/A;24/08/2023;True;True;[]
TXN_2078232;CHÁ;1;1,50;1,50;N/A;N/A;11/06/2023;False;True;[]
TXN_7551689;BISCOITO;5;1,00;5,00;DINHEIRO;N/A;16/09/2023;False;True;[]
TXN_8408103;SANDUICHE;5;4,00;20,00;N/A;PARA VIAGEM;01/06/2023;False;True;[]
TXN_5862795;SALADA;2;;10,00;CARTEIRA DIGITAL;N/A;25/02/2023;True;True;[]
TXN_9348801;BOLO;1;3,00;3,00;N/A;N/A;29/11/2023;False;True;[]
TXN_8688565;VITAMINA;5;4,00;20,00;CARTEIRA DIGITAL;N/A;23/05/2023;False;True;[]
TXN_3067195;SALADA;3;5,00;15,00;DINHEIRO;N/A;03/12/2023;False;True;[]
TXN_2710603;VITAMINA;5;4,00;20,00;N/A;PARA VIAGEM;02/02/2023;False;True;[]
TXN_8978004;CAFÉ;2;2,00;4,00;CARTEIRA DIGITAL;PRESENCIAL;01/04/2023;False;True;[]
TXN_9679889;SANDUICHE;3;4,00;12,00;CARTÃO DE CRÉDITO;PRESENCIAL;18/06/2023;False;True;[]
TXN_9818163;CHÁ;2;;3,00;CARTEIRA DIGITAL;N/A;23/10/2023;True;True;[]
TXN_7010020;BOLO;5;;15,00;N/A;PRESENCIAL;07/08/2023;True;True;[]
TXN_1712662;SUCO;2;3,00;6,00;DINHEIRO;N/A;31/05/2023;False;True;[]
TXN_4077799;BOLO;4;3,00;12,00;CARTEIRA DIGITAL;PARA VIAGEM;12/08/2023;False;True;[]
TXN_8225571;CHÁ;4;;6,00;CARTEIRA DIGITAL;N/A;17/01/2023;True;True;[]
TXN_3103520;BOLO;3;3,00;9,00;N/A;N/A;04/09/2023;False;True;[]
TXN_2084080;BISCOITO;4;1,00;4,00;CARTEIRA DIGITAL;PARA VIAGEM;22/09/2023;False;True;[]
TXN_8046057;CAFÉ;1;2,00;2,00;CARTÃO DE CRÉDITO;PRESENCIAL;24/11/2023;False;True;[]
TXN_5832968;SALADA;5;5,00;25,00;N/A;PARA VIAGEM;05/06/2023;False;True;[]
TXN_3752448;BOLO;5;3,00;15,00;CARTEIRA DIGITAL;PARA VIAGEM;16/05/2023;False;True;[]
TXN_3842881;SALADA;5;5,00;25,00;N/A;N/A;25/01/2023;False;True;[]
TXN_4060160;CAFÉ;4;2,00;8,00;N/A;PRESENCIAL;05/07/2023;False;True;[]
TXN_3847405;SANDUICHE;1;4,00;4,00;CARTEIRA DIGITAL;PARA VIAGEM;15/06/2023;False;True;[]
TXN_5103644;BOLO;4;3,00;12,00;CARTÃO DE CRÉDITO;PARA VIAGEM;17/04/2023;False;True;[]
TXN_6846020;SUCO;5;;15,00;N/A;PARA VIAGEM;03/05/2023;True;True;[]
TXN_4758849;BOLO;2;3,00;6,00;N/A;N/A;23/06/2023;False;True;[]
TXN_1034651;SANDUICHE;3;4,00;12,00;N/A;PARA VIAGEM;06/07/2023;False;True;[]
TXN_4128921;SALADA;4;5,00;20,00;N/A;PARA VIAGEM;11/09/2023;False;True;[]
TXN_8925566;CHÁ;2;1,50;3,00;CARTEIRA DIGITAL;PRESENCIAL;07/08/2023;False;True;[]
TXN_1679800;VITAMINA;4;4,00;16,00;DINHEIRO;PRESENCIAL;17/10/2023;False;True;[]
TXN_3785678;CHÁ;1;1,50;1,50;CARTÃO DE CRÉDITO;PARA VIAGEM;13/03/2023;False;True;[]
TXN_1056256;BOLO;4;3,00;12,00;N/A;PRESENCIAL;04/12/2023;False;True;[]
TXN_8712303;N/A;2;3,00;6,00;CARTÃO DE CRÉDITO;PARA VIAGEM;14/08/2023;False;True;[]
TXN_2289122;VITAMINA;4;4,00;16,00;DINHEIRO;PRESENCIAL;20/08/2023;False;True;[]
TXN_2988434;SUCO;1;3,00;3,00;CARTEIRA DIGITAL;PRESENCIAL;09/12/2023;False;True;[]
TXN_1197536;SALADA;3;5,00;15,00;N/A;PARA VIAGEM;02/10/2023;False;True;[]
TXN_7327362;CAFÉ;5;2,00;10,00;CARTÃO DE CRÉDITO;PRESENCIAL;29/06/2023;False;True;[]
TXN_5628251;BOLO;4;3,00;12,00;CARTÃO DE CRÉDITO;N/A;14/11/2023;False;True;[]
TXN_2687748;SUCO;3;3,00;9,00;N/A;PARA VIAGEM;26/02/2023;False;True;[]
TXN_8309656;SANDUICHE;3;4,00;12,00;N/A;PARA VIAGEM;04/01/2023;False;True;[]
TXN_7597276;VITAMINA;4;4,00;16,00;CARTEIRA DIGITAL;N/A;01/05/2023;False;True;[]
TXN_4360906;SANDUICHE;2;4,00;8,00;N/A;PRESENCIAL;11/06/2023;False;True;[]
TXN_6000890;CAFÉ;3;2,00;6,00;CARTEIRA DIGITAL;PRESENCIAL;06/01/2023;False;True;[]
TXN_8917565;CAFÉ;1;2,00;2,00;DINHEIRO;N/A;19/11/2023;False;True;[]
TXN_6264113;CAFÉ;4;2,00;8,00;N/A;N/A;02/12/2023;False;True;[]
TXN_3603434;CAFÉ;5;2,00;10,00;N/A;PRESENCIAL;05/01/2023;False;True;[]
TXN_7976129;BOLO;3;3,00;9,00;N/A;PRESENCIAL;03/03/2023;False;True;[]
TXN_7420434;CAFÉ;4;2,00;8,00;CARTÃO DE CRÉDITO;PARA VIAGEM;16/07/2023;False;True;[]
TXN_5818852;SUCO;2;3,00;6,00;N/A;N/A;04/03/2023;False;True;[]
TXN_9976598;SUCO;4;3,00;12,00;N/A;PARA VIAGEM;10/01/2023;False;True;[]
TXN_1556046;SANDUICHE;4;4,00;16,00;CARTÃO DE CRÉDITO;PARA VIAGEM;09/04/2023;False;True;[]
TXN_7129511;CAFÉ;5;2,00;10,00;DINHEIRO;PARA VIAGEM;29/10/2023;False;True;[]
TXN_6324434;CAFÉ;4;2,00;8,00;DINHEIRO;PARA VIAGEM;04/12/2023;False;True;[]
TXN_2380352;CHÁ;3;1,50;4,50;CARTEIRA DIGITAL;N/A;03/11/2023;False;True;[]
TXN_6455325;SUCO;4;3,00;12,00;CARTÃO DE CRÉDITO;PRESENCIAL;05/01/2023;False;True;[]
TXN_6682253;CHÁ;5;1,50;7,50;DINHEIRO;PRESENCIAL;17/02/2023;False;True;[]
TXN_8220657;N/A;2;1,50;3,00;DINHEIRO;N/A;13/08/2023;False;True;[]
TXN_7819240;VITAMINA;5;4,00;20,00;DINHEIRO;PRESENCIAL;06/03/2023;False;True;[]
TXN_4451380;BISCOITO;3;1,00;3,00;CARTEIRA DIGITAL;PRESENCIAL;10/07/2023;False;True;[]
TXN_2482298;SALADA;2;5,00;10,00;N/A;PARA VIAGEM;15/06/2023;False;True;[]
TXN_2606750;CHÁ;3;1,50;4,50;DINHEIRO;N/A;20/06/2023;False;True;[]
TXN_4493874;BISCOITO;5;1,00;5,00;N/A;PRESENCIAL;19/11/2023;False;True;[]
TXN_2705302;SALADA;2;5,00;10,00;CARTÃO DE CRÉDITO;N/A;18/01/2023;False;True;[]
TXN_3706167;SANDUICHE;5;4,00;20,00;CARTEIRA DIGITAL;PARA VIAGEM;02/10/2023;False;True;[]
TXN_7414587;CHÁ;3;1,50;4,50;DINHEIRO;PARA VIAGEM;22/03/2023;False;True;[]
TXN_3360649;BISCOITO;2;1,00;2,00;N/A;PARA VIAGEM;10/09/2023;False;True;[]
TXN_6132245;SALADA;2;5,00;10,00;CARTEIRA DIGITAL;N/A;01/06/2023;False;True;[]
TXN_2633322;SALADA;4;;20,00;CARTEIRA DIGITAL;N/A;15/01/2023;True;True;[]
TXN_9910333;BOLO;2;3,00;6,00;N/A;PRESENCIAL;15/09/2023;False;True;[]
TXN_7321479;BOLO;1;3,00;3,00;N/A;N/A;31/10/2023;False;True;[]
TXN_4315166;SANDUICHE;2;4,00;8,00;CARTEIRA DIGITAL;PARA VIAGEM;10/06/2023;False;True;[]
TXN_7843112;BISCOITO;4;1,00;4,00;N/A;N/A;25/01/2023;False;True;[]
TXN_2879791;SANDUICHE;1;4,00;4,00;N/A;N/A;10/07/2023;False;True;[]
TXN_2503128;BOLO;1;3,00;3,00;DINHEIRO;PRESENCIAL;12/01/2023;False;True;[]
TXN_3091574;BISCOITO;5;1,00;5,00;N/A;PRESENCIAL;29/07/2023;False;True;[]
TXN_2371763;SANDUICHE;4;4,00;16,00;DINHEIRO;N/A;17/05/2023;False;True;[]
TXN_5726114;VITAMINA;3;4,00;12,00;CARTEIRA DIGITAL;PARA VIAGEM;14/07/2023;False;True;[]
TXN_1079844;SALADA;2;5,00;10,00;CARTEIRA DIGITAL;N/A;27/10/2023;False;True;[]
TXN_1633337;SALADA;5;5,00;25,00;CARTÃO DE CRÉDITO;N/A;29/06/2023;False;True;[]
TXN_5222176;BISCOITO;4;1,00;4,00;N/A;PRESENCIAL;11/01/2023;False;True;[]
TXN_7480940;CAFÉ;2;2,00;4,00;DINHEIRO;PRESENCIAL;25/01/2023;False;True;[]
TXN_2437508;SALADA;2;5,00;10,00;N/A;PARA VIAGEM;20/11/2023;False;True;[]
TXN_5036614;VITAMINA;4;4,00;16,00;CARTEIRA DIGITAL;PRESENCIAL;10/10/2023;False;True;[]
TXN_9731164;SALADA;1;5,00;5,00;DINHEIRO;N/A;07/12/2023;False;True;[]
TXN_1417291;SUCO;4;3,00;12,00;CARTEIRA DIGITAL;PRESENCIAL;11/05/2023;False;True;[]
TXN_9792093;SANDUICHE;1;4,00;4,00;N/A;PRESENCIAL;28/09/2023;False;True;[]
TXN_9989239;CHÁ;5;1,50;7,50;N/A;PRESENCIAL;28/04/2023;False;True;[]
TXN_6055570;CHÁ;3;1,50;4,50;DINHEIRO;N/A;06/02/2023;False;True;[]
TXN_1231531;CAFÉ;5;2,00;10,00;CARTEIRA DIGITAL;PRESENCIAL;24/07/2023;False;True;[]
TXN_8843108;SUCO;5;3,00;15,00;N/A;N/A;18/07/2023;False;True;[]
TXN_4643305;BISCOITO;4;1,00;4,00;N/A;PARA VIAGEM;12/04/2023;False;True;[]
TXN_8754977;SANDUICHE;3;4,00;12,00;CARTEIRA DIGITAL;PRESENCIAL;24/10/2023;False;True;[]
TXN_2052060;SANDUICHE;3;4,00;12,00;DINHEIRO;PARA VIAGEM;07/11/2023;False;True;[]
TXN_1275124;CAFÉ;3;2,00;6,00;N/A;N/A;21/06/2023;False;True;[]
TXN_3534536;CAFÉ;1;2,00;2,00;CARTÃO DE CRÉDITO;N/A;02/02/2023;False;True;[]
TXN_1779679;CAFÉ;5;;10,00;N/A;PRESENCIAL;06/01/2023;True;True;[]
TXN_4583908;SANDUICHE;;4,00;4,00;CARTEIRA DIGITAL;N/A;04/06/2023;True;True;[]
TXN_6379692;BISCOITO;5;;5,00;CARTEIRA DIGITAL;PARA VIAGEM;05/11/2023;True;True;[]
TXN_3999862;CHÁ;4;1,50;6,00;N/A;PRESENCIAL;11/07/2023;False;True;[]
TXN_7694326;CAFÉ;5;2,00;10,00;N/A;N/A;19/02/2023;False;True;[]
TXN_1171080;SANDUICHE;3;4,00;12,00;CARTÃO DE CRÉDITO;N/A;29/07/2023;False;True;[]
TXN_5658895;SUCO;;3,00;6,00;DINHEIRO;N/A;21/09/2023;True;True;[]
TXN_7704680;N/A;2;5,00;10,00;CARTÃO DE CRÉDITO;N/A;06/08/2023;False;True;[]
TXN_6395070;VITAMINA;4;4,00;16,00;CARTÃO DE CRÉDITO;N/A;10/12/2023;False;True;[]
TXN_9576454;SUCO;1;3,00;3,00;CARTÃO DE CRÉDITO;PRESENCIAL;23/09/2023;False;True;[]
TXN_7907259;BOLO;1;3,00;3,00;CARTEIRA DIGITAL;PARA VIAGEM;19/10/2023;False;True;[]
TXN_4487345;SANDUICHE;3;4,00;12,00;N/A;PRESENCIAL;10/05/2023;False;True;[]
TXN_5929341;SUCO;2;3,00;6,00;N/A;PARA VIAGEM;12/05/2023;False;True;[]
TXN_6021173;SUCO;5;3,00;15,00;DINHEIRO;PARA VIAGEM;16/12/2023;False;True;[]
TXN_6272473;CAFÉ;4;2,00;8,00;DINHEIRO;PARA VIAGEM;06/03/2023;False;True;[]
TXN_5243032;BISCOITO;1;1,00;1,00;DINHEIRO;PARA VIAGEM;24/08/2023;False;True;[]
TXN_5863411;BISCOITO;3;1,00;3,00;CARTEIRA DIGITAL;PRESENCIAL;21/09/2023;False;True;[]
TXN_4087571;BISCOITO;2;1,00;2,00;N/A;N/A;24/11/2023;False;True;[]
TXN_7680197;BISCOITO;5;1,00;5,00;DINHEIRO;PARA VIAGEM;23/09/2023;False;True;[]
TXN_8773639;CAFÉ;3;2,00;6,00;CARTEIRA DIGITAL;PARA VIAGEM;20/02/2023;False;True;[]
TXN_5960979;CAFÉ;5;2,00;10,00;CARTEIRA DIGITAL;PRESENCIAL;03/05/2023;False;True;[]
TXN_7894534;CHÁ;3;1,50;4,50;CARTÃO DE CRÉDITO;PRESENCIAL;16/03/2023;False;True;[]
TXN_4890770;CAFÉ;4;2,00;8,00;N/A;PARA VIAGEM;12/10/2023;False;True;[]
TXN_6079741;BISCOITO;;1,00;4,00;N/A;PARA VIAGEM;02/01/2023;True;True;[]
TXN_4612930;SUCO;2;3,00;6,00;N/A;N/A;13/08/2023;False;True;[]
TXN_1124311;BISCOITO;1;1,00;1,00;DINHEIRO;N/A;05/05/2023;False;True;[]
TXN_6380636;CAFÉ;5;2,00;10,00;N/A;N/A;10/01/2023;False;True;[]
TXN_5720183;BISCOITO;5;1,00;5,00;CARTÃO DE CRÉDITO;PARA VIAGEM;30/05/2023;False;True;[]
TXN_6382322;CHÁ;3;1,50;4,50;CARTEIRA DIGITAL;PRESENCIAL;14/12/2023;False;True;[]
TXN_8119542;N/A;2;1,00;2,00;CARTEIRA DIGITAL;N/A;12/12/2023;False;True;[]
TXN_1674042;CAFÉ;5;2,00;10,00;CARTEIRA DIGITAL;N/A;19/09/2023;False;True;[]
TXN_8398809;CHÁ;2;1,50;3,00;N/A;PARA VIAGEM;25/11/2023;False;True;[]
TXN_7728415;CHÁ;5;1,50;7,50;CARTÃO DE CRÉDITO;PRESENCIAL;28/12/2023;False;True;[]
TXN_5285171;SANDUICHE;5;4,00;20,00;DINHEIRO;PARA VIAGEM;11/12/2023;False;True;[]
TXN_2527007;VITAMINA;1;4,00;4,00;CARTEIRA DIGITAL;N/A;22/10/2023;False;True;[]
TXN_8331542;SALADA;4;5,00;20,00;N/A;PRESENCIAL;23/12/2023;False;True;[]
TXN_2999220;VITAMINA;4;4,00;16,00;CARTEIRA DIGITAL;PARA VIAGEM;23/02/2023;False;True;[]
TXN_5108188;BOLO;2;3,00;6,00;N/A;N/A;25/08/2023;False;True;[]
TXN_6680963;SANDUICHE;2;4,00;8,00;CARTÃO DE CRÉDITO;PARA VIAGEM;01/08/2023;False;True;[]
TXN_2308317;CAFÉ;2;2,00;4,00;CARTEIRA DIGITAL;PARA VIAGEM;13/11/2023;False;True;[]
TXN_8811902;CHÁ;5;1,50;7,50;CARTÃO DE CRÉDITO;N/A;07/08/2023;False;True;[]
TXN_7349134;N/A;1;4,00;4,00;CARTÃO DE CRÉDITO;PRESENCIAL;28/05/2023;False;True;[]
TXN_1467546;BISCOITO;3;1,00;3,00;N/A;PARA VIAGEM;20/07/2023;False;True;[]
TXN_2276722;SALADA;2;5,00;10,00;DINHEIRO;PARA VIAGEM;21/12/2023;False;True;[]
TXN_2519044;SALADA;5;5,00;25,00;CARTEIRA DIGITAL;PARA VIAGEM;20/05/2023;False;True;[]
TXN_2851147;SALADA;2;5,00;10,00;CARTEIRA DIGITAL;PRESENCIAL;24/06/2023;False;True;[]
TXN_3349404;CAFÉ;3;2,00;6,00;CARTEIRA DIGITAL;N/A;31/01/2023;False;True;[]
TXN_7939011;SUCO;5;3,00;15,00;N/A;PRESENCIAL;07/04/2023;False;True;[]
TXN_3877580;SALADA;2;5,00;10,00;CARTEIRA DIGITAL;N/A;30/05/2023;False;True;[]
TXN_5220523;SUCO;3;3,00;9,00;DINHEIRO;PARA VIAGEM;30/01/2023;False;True;[]
TXN_5934526;CAFÉ;5;2,00;10,00;CARTÃO DE CRÉDITO;PRESENCIAL;27/05/2023;False;True;[]
TXN_8935939;CHÁ;3;1,50;4,50;CARTEIRA DIGITAL;PARA VIAGEM;27/03/2023;False;True;[]
TXN_3586935;SALADA;5;5,00;25,00;DINHEIRO;N/A;21/05/2023;False;True;[]
TXN_1781777;SALADA;3;5,00;15,00;CARTÃO DE CRÉDITO;PARA VIAGEM;26/10/2023;False;True;[]
TXN_1707251;SANDUICHE;2;4,00;8,00;CARTEIRA DIGITAL;PARA VIAGEM;06/10/2023;False;True;[]
TXN_4493878;CAFÉ;5;;10,00;CARTÃO DE CRÉDITO;PRESENCIAL;11/03/2023;True;True;[]
TXN_2446874;SUCO;4;3,00;12,00;CARTÃO DE CRÉDITO;N/A;22/07/2023;False;True;[]
TXN_5747859;BOLO;1;3,00;3,00;CARTÃO DE CRÉDITO;PARA VIAGEM;13/03/2023;False;True;[]
TXN_8172333;BISCOITO;4;1,00;4,00;CARTÃO DE CRÉDITO;N/A;25/12/2023;False;True;[]
TXN_8600523;CHÁ;3;1,50;4,50;N/A;N/A;29/12/2023;False;True;[]
TXN_7471753;VITAMINA;;4,00;20,00;DINHEIRO;PRESENCIAL;13/03/2023;True;True;[]
TXN_3884527;SANDUICHE;1;4,00;4,00;CARTEIRA DIGITAL;PRESENCIAL;06/06/2023;False;True;[]
TXN_9072517;VITAMINA;2;4,00;8,00;CARTÃO DE CRÉDITO;PARA VIAGEM;09/01/2023;False;True;[]
TXN_4378200;CHÁ;5;1,50;7,50;CARTÃO DE CRÉDITO;PRESENCIAL;04/09/2023;False;True;[]
TXN_3918998;CAFÉ;5;2,00;10,00;CARTEIRA DIGITAL;PARA VIAGEM;18/12/2023;False;True;[]
TXN_7674694;CHÁ;2;1,50;3,00;N/A;N/A;30/03/2023;False;True;[]
TXN_3875049;CHÁ;2;1,50;3,00;CARTEIRA DIGITAL;PARA VIAGEM;15/09/2023;False;True;[]
TXN_5400266;CHÁ;3;1,50;4,50;CARTEIRA DIGITAL;PARA VIAGEM;14/06/2023;False;True;[]
TXN_2402978;BISCOITO;3;1,00;3,00;CARTÃO DE CRÉDITO;PRESENCIAL;21/01/2023;False;True;[]
TXN_6188306;SALADA;1;5,00;5,00;N/A;PARA VIAGEM;26/10/2023;False;True;[]
TXN_1148874;BISCOITO;1;1,00;1,00;CARTÃO DE CRÉDITO;PRESENCIAL;18/09/2023;False;True;[]
TXN_1888708;SANDUICHE;4;4,00;16,00;DINHEIRO;N/A;17/08/2023;False;True;[]
TXN_8842592;BISCOITO;5;1,00;5,00;N/A;N/A;10/07/2023;False;True;[]
TXN_2761204;BOLO;3;3,00;9,00;DINHEIRO;N/A;14/07/2023;False;True;[]
TXN_9038745;VITAMINA;3;4,00;12,00;N/A;PARA VIAGEM;25/06/2023;False;True;[]
TXN_1374424;SANDUICHE;5;4,00;20,00;N/A;N/A;24/04/2023;False;True;[]
TXN_7205840;SALADA;3;5,00;15,00;N/A;N/A;05/03/2023;False;True;[]
TXN_7714378;VITAMINA;2;4,00;8,00;DINHEIRO;N/A;10/08/2023;False;True;[]
TXN_7732813;CHÁ;;1,50;3,00;CARTÃO DE CRÉDITO;PARA VIAGEM;16/07/2023;True;True;[]
TXN_6718205;VITAMINA;2;4,00;8,00;CARTEIRA DIGITAL;PARA VIAGEM;30/06/2023;False;True;[]
TXN_6899576;SALADA;2;5,00;10,00;CARTEIRA DIGITAL;PARA VIAGEM;26/10/2023;False;True;[]
TXN_2761003;VITAMINA;2;4,00;8,00;N/A;PRESENCIAL;08/11/2023;False;True;[]
TXN_6929413;CHÁ;1;1,50;1,50;CARTEIRA DIGITAL;N/A;13/10/2023;False;True;[]
TXN_2350703;N/A;4;3,00;12,00;DINHEIRO;PRESENCIAL;20/08/2023;False;True;[]
TXN_1948437;VITAMINA;2;4,00;8,00;N/A;PARA VIAGEM;03/11/2023;False;True;[]
TXN_5901887;VITAMINA;4;;16,00;N/A;PARA VIAGEM;31/08/2023;True;True;[]
TXN_1072232;SANDUICHE;1;4,00;4,00;CARTEIRA DIGITAL;PRESENCIAL;07/01/2023;False;True;[]
TXN_7469771;BOLO;5;3,00;15,00;N/A;N/A;09/12/2023;False;True;[]
TXN_7139053;SALADA;4;5,00;20,00;CARTEIRA DIGITAL;PARA VIAGEM;12/09/2023;False;True;[]
TXN_6028915;SANDUICHE;5;;20,00;DINHEIRO;PRESENCIAL;24/12/2023;True;True;[]
TXN_3622194;BOLO;1;3,00;3,00;CARTEIRA DIGITAL;N/A;26/06/2023;False;True;[]
TXN_6431215;BOLO;1;3,00;3,00;N/A;N/A;27/08/2023;False;True;[]
TXN_4385240;BISCOITO;4;1,00;4,00;DINHEIRO;PARA VIAGEM;10/02/2023;False;True;[]
TXN_3840523;N/A;2;4,00;8,00;CARTÃO DE CRÉDITO;N/A;27/12/2023;False;True;[]
TXN_5697778;BOLO;3;3,00;9,00;DINHEIRO;N/A;08/03/2023;False;True;[]
TXN_1749299;VITAMINA;2;4,00;8,00;N/A;N/A;28/10/2023;False;True;[]
TXN_6806024;SUCO;;3,00;6,00;CARTÃO DE CRÉDITO;PRESENCIAL;14/04/2023;True;True;[]
TXN_8352365;CAFÉ;5;2,00;10,00;N/A;PARA VIAGEM;10/08/2023;False;True;[]
TXN_7143535;BISCOITO;2;1,00;2,00;N/A;N/A;21/05/2023;False;True;[]
TXN_5090839;SANDUICHE;5;4,00;20,00;DINHEIRO;N/A;06/03/2023;False;True;[]
TXN_5743619;SALADA;5;5,00;25,00;CARTEIRA DIGITAL;PARA VIAGEM;07/11/2023;False;True;[]
TXN_8785432;BISCOITO;2;1,00;2,00;DINHEIRO;N/A;14/08/2023;False;True;[]
TXN_1086324;BOLO;3;3,00;9,00;N/A;PRESENCIAL;25/11/2023;False;True;[]
TXN_8211146;SANDUICHE;5;4,00;20,00;CARTEIRA DIGITAL;PARA VIAGEM;30/04/2023;False;True;[]
TXN_5826333;BISCOITO;1;1,00;1,00;DINHEIRO;N/A;14/05/2023;False;True;[]
TXN_1555314;SANDUICHE;1;4,00;4,00;N/A;PARA VIAGEM;25/02/2023;False;True;[]
TXN_4611673;VITAMINA;5;4,00;20,00;CARTEIRA DIGITAL;N/A;05/03/2023;False;True;[]
TXN_8839045;BOLO;2;3,00;6,00;N/A;PRESENCIAL;13/06/2023;False;True;[]
TXN_5183249;SANDUICHE;1;4,00;4,00;N/A;PRESENCIAL;02/07/2023;False;True;[]
TXN_5104848;CHÁ;2;1,50;3,00;N/A;PARA VIAGEM;22/01/2023;False;True;[]
TXN_9943917;SANDUICHE;3;4,00;12,00;CARTÃO DE CRÉDITO;PRESENCIAL;16/01/2023;False;True;[]
TXN_2490461;SALADA;4;5,00;20,00;N/A;N/A;22/09/2023;False;True;[]
TXN_5852244;BOLO;2;3,00;6,00;CARTÃO DE CRÉDITO;PARA VIAGEM;15/10/2023;False;True;[]
TXN_9874775;CHÁ;1;1,50;1,50;DINHEIRO;N/A;02/09/2023;False;True;[]
TXN_2586215;SUCO;2;3,00;6,00;CARTEIRA DIGITAL;N/A;23/03/2023;False;True;[]
TXN_7704229;CAFÉ;;2,00;8,00;DINHEIRO;N/A;15/07/2023;True;True;[]
TXN_5444860;CHÁ;2;1,50;3,00;CARTEIRA DIGITAL;N/A;28/04/2023;False;True;[]
TXN_9391494;CAFÉ;1;2,00;2,00;N/A;N/A;17/12/2023;False;True;[]
TXN_3557583;VITAMINA;5;4,00;20,00;CARTÃO DE CRÉDITO;N/A;26/07/2023;False;True;[]
TXN_8739878;N/A;1;3,00;3,00;N/A;N/A;27/09/2023;False;True;[]
TXN_5386352;N/A;1;4,00;4,00;CARTÃO DE CRÉDITO;N/A;18/01/2023;False;True;[]
TXN_8321887;N/A;5;1,00;5,00;N/A;N/A;21/03/2023;False;True;[]
TXN_3995266;SANDUICHE;1;4,00;4,00;CARTÃO DE CRÉDITO;PRESENCIAL;21/04/2023;False;True;[]
TXN_7326974;BOLO;4;3,00;12,00;CARTÃO DE CRÉDITO;N/A;31/12/2023;False;True;[]
TXN_7277750;BOLO;2;3,00;6,00;N/A;N/A;29/09/2023;False;True;[]
TXN_8075323;SANDUICHE;1;4,00;4,00;CARTEIRA DIGITAL;N/A;18/04/2023;False;True;[]
TXN_4831345;SANDUICHE;5;4,00;20,00;N/A;PRESENCIAL;10/05/2023;False;True;[]
TXN_1456374;BISCOITO;5;1,00;5,00;DINHEIRO;N/A;15/02/2023;False;True;[]
TXN_3263746;CAFÉ;1;2,00;2,00;DINHEIRO;PARA VIAGEM;14/11/2023;False;True;[]
TXN_9502077;VITAMINA;3;4,00;12,00;N/A;N/A;21/12/2023;False;True;[]
TXN_1671480;BISCOITO;5;1,00;5,00;N/A;N/A;06/01/2023;False;True;[]
TXN_7430227;BOLO;3;3,00;9,00;DINHEIRO;PRESENCIAL;24/07/2023;False;True;[]
TXN_1516182;BISCOITO;1;1,00;1,00;N/A;N/A;18/06/2023;False;True;[]
TXN_8807199;SALADA;5;5,00;25,00;CARTÃO DE CRÉDITO;N/A;30/05/2023;False;True;[]
TXN_8700466;CAFÉ;4;2,00;8,00;CARTEIRA DIGITAL;PRESENCIAL;29/04/2023;False;True;[]
TXN_2190325;SANDUICHE;4;4,00;16,00;CARTÃO DE CRÉDITO;PRESENCIAL;10/03/2023;False;True;[]
TXN_4150495;BISCOITO;2;1,00;2,00;DINHEIRO;N/A;12/04/2023;False;True;[]
TXN_3794410;BOLO;4;3,00;12,00;CARTÃO DE CRÉDITO;N/A;06/12/2023;False;True;[]
TXN_5677869;SUCO;5;3,00;15,00;DINHEIRO;PRESENCIAL;19/11/2023;False;True;[]
TXN_3436462;SALADA;2;5,00;10,00;CARTÃO DE CRÉDITO;PRESENCIAL;29/06/2023;False;True;[]
TXN_7493740;BOLO;1;3,00;3,00;N/A;N/A;18/05/2023;False;True;[]
TXN_7388752;SALADA;1;5,00;5,00;CARTÃO DE CRÉDITO;PARA VIAGEM;28/08/2023;False;True;[]
TXN_8655424;BISCOITO;2;1,00;2,00;N/A;PRESENCIAL;26/11/2023;False;True;[]
TXN_9720012;VITAMINA;5;4,00;20,00;DINHEIRO;PRESENCIAL;25/09/2023;False;True;[]
TXN_6609572;N/A;4;4,00;16,00;DINHEIRO;PRESENCIAL;15/06/2023;False;True;[]
TXN_9390188;CHÁ;1;1,50;1,50;N/A;PARA VIAGEM;20/06/2023;False;True;[]
TXN_1952465;BOLO;2;3,00;6,00;N/A;PARA VIAGEM;11/06/2023;False;True;[]
TXN_7605154;SUCO;5;3,00;15,00;DINHEIRO;PRESENCIAL;09/09/2023;False;True;[]
TXN_2684400;CAFÉ;3;2,00;6,00;N/A;PRESENCIAL;30/03/2023;False;True;[]
TXN_4702378;BOLO;2;3,00;6,00;DINHEIRO;N/A;28/08/2023;False;True;[]
TXN_6312755;SANDUICHE;2;4,00;8,00;CARTÃO DE CRÉDITO;N/A;11/02/2023;False;True;[]
TXN_7584025;CHÁ;4;1,50;6,00;N/A;PRESENCIAL;18/09/2023;False;True;[]
TXN_7533540;SANDUICHE;5;4,00;20,00;N/A;PRESENCIAL;01/11/2023;False;True;[]
TXN_4425164;SUCO;4;3,00;12,00;N/A;N/A;13/01/2023;False;True;[]
TXN_4325648;SUCO;3;3,00;9,00;CARTEIRA DIGITAL;PARA VIAGEM;04/05/2023;False;True;[]
TXN_7151374;CHÁ;4;1,50;6,00;CARTÃO DE CRÉDITO;PRESENCIAL;30/07/2023;False;True;[]
TXN_6413250;SALADA;;5,00;20,00;DINHEIRO;N/A;02/12/2023;True;True;[]
TXN_6496506;SUCO;1;3,00;3,00;CARTEIRA DIGITAL;PRESENCIAL;11/01/2023;False;True;[]
TXN_2695546;CHÁ;;1,50;1,50;CARTÃO DE CRÉDITO;PARA VIAGEM;26/08/2023;True;True;[]
TXN_4823513;BISCOITO;5;1,00;5,00;DINHEIRO;PARA VIAGEM;02/07/2023;False;True;[]
TXN_3222677;SANDUICHE;1;4,00;4,00;CARTEIRA DIGITAL;PARA VIAGEM;16/12/2023;False;True;[]
TXN_9942517;CAFÉ;4;2,00;8,00;CARTEIRA DIGITAL;PRESENCIAL;29/04/2023;False;True;[]
TXN_8735418;CAFÉ;5;2,00;10,00;CARTEIRA DIGITAL;PARA VIAGEM;03/03/2023;False;True;[]
TXN_7799794;N/A;4;1,00;4,00;CARTEIRA DIGITAL;PRESENCIAL;22/08/2023;False;True;[]
TXN_6347670;CHÁ;2;1,50;3,00;CARTEIRA DIGITAL;PRESENCIAL;24/06/2023;False;True;[]
TXN_9180345;SANDUICHE;4;;16,00;CARTEIRA DIGITAL;N/A;13/06/2023;True;True;[]
TXN_9632482;BOLO;2;3,00;6,00;CARTÃO DE CRÉDITO;N/A;27/08/2023;False;True;[]
TXN_4642770;CHÁ;4;1,50;6,00;N/A;N/A;22/09/2023;False;True;[]
TXN_5356324;VITAMINA;1;4,00;4,00;N/A;N/A;26/02/2023;False;True;[]
TXN_5148730;BOLO;1;3,00;3,00;DINHEIRO;N/A;12/12/2023;False;True;[]
TXN_8848847;BISCOITO;3;1,00;3,00;DINHEIRO;PARA VIAGEM;15/08/2023;False;True;[]
TXN_3686848;CHÁ;3;1,50;4,50;N/A;N/A;06/04/2023;False;True;[]
TXN_2328896;VITAMINA;4;4,00;16,00;DINHEIRO;N/A;20/10/2023;False;True;[]
TXN_6361856;BISCOITO;5;1,00;5,00;N/A;N/A;11/05/2023;False;True;[]
TXN_5942011;CHÁ;1;1,50;1,50;DINHEIRO;N/A;08/10/2023;False;True;[]
TXN_7137364;SALADA;5;5,00;25,00;DINHEIRO;N/A;09/08/2023;False;True;[]
TXN_9904042;N/A;4;4,00;16,00;CARTÃO DE CRÉDITO;N/A;09/06/2023;False;True;[]
TXN_1510406;N/A;3;5,00;15,00;N/A;PRESENCIAL;12/01/2023;False;True;[]
TXN_8176812;SANDUICHE;5;4,00;20,00;CARTEIRA DIGITAL;N/A;21/06/2023;False;True;[]
TXN_1360872;CAFÉ;2;;4,00;CARTÃO DE CRÉDITO;PRESENCIAL;04/11/2023;True;True;[]
TXN_4413776;CAFÉ;5;2,00;10,00;DINHEIRO;PARA VIAGEM;21/07/2023;False;True;[]
TXN_1811953;BISCOITO;2;1,00;2,00;N/A;N/A;26/06/2023;False;True;[]
TXN_9382596;VITAMINA;5;4,00;20,00;CARTÃO DE CRÉDITO;PARA VIAGEM;18/11/2023;False;True;[]
TXN_9480564;BISCOITO;4;1,00;4,00;DINHEIRO;PRESENCIAL;12/06/2023;False;True;[]
TXN_1094479;BOLO;3;3,00;9,00;N/A;PRESENCIAL;08/06/2023;False;True;[]
TXN_8301190;CAFÉ;1;2,00;2,00;DINHEIRO;PARA VIAGEM;01/04/2023;False;True;[]
TXN_7653946;VITAMINA;4;4,00;16,00;DINHEIRO;N/A;19/09/2023;False;True;[]
TXN_1348274;BOLO;5;3,00;15,00;N/A;N/A;14/11/2023;False;True;[]
TXN_2855149;SANDUICHE;2;4,00;8,00;DINHEIRO;PRESENCIAL;16/07/2023;False;True;[]
TXN_9320167;SUCO;5;3,00;15,00;CARTÃO DE CRÉDITO;N/A;12/11/2023;False;True;[]
TXN_1135215;SANDUICHE;3;4,00;12,00;N/A;PRESENCIAL;10/04/2023;False;True;[]
TXN_6158518;BISCOITO;5;1,00;5,00;DINHEIRO;N/A;28/09/2023;False;True;[]
TXN_5734442;BISCOITO;4;1,00;4,00;CARTÃO DE CRÉDITO;PARA VIAGEM;01/10/2023;False;True;[]
TXN_5748083;SALADA;;5,00;10,00;N/A;PARA VIAGEM;08/04/2023;True;True;[]
TXN_1804335;SUCO;;3,00;9,00;CARTÃO DE CRÉDITO;N/A;05/10/2023;True;True;[]
TXN_3644269;BISCOITO;5;1,00;5,00;CARTÃO DE CRÉDITO;PARA VIAGEM;26/09/2023;False;True;[]
TXN_5611239;N/A;4;1,00;4,00;DINHEIRO;PARA VIAGEM;18/11/2023;False;True;[]
TXN_4020100;BISCOITO;1;1,00;1,00;DINHEIRO;PRESENCIAL;09/08/2023;False;True;[]
TXN_1643870;SALADA;4;5,00;20,00;CARTEIRA DIGITAL;PARA VIAGEM;07/10/2023;False;True;[]
TXN_4734216;SALADA;3;5,00;15,00;CARTEIRA DIGITAL;PRESENCIAL;30/11/2023;False;True;[]
TXN_4060538;BOLO;2;3,00;6,00;CARTEIRA DIGITAL;PARA VIAGEM;08/09/2023;False;True;[]
TXN_4788388;BOLO;;3,00;9,00;N/A;N/A;29/06/2023;True;True;[]
TXN_9348280;N/A;2;4,00;8,00;CARTÃO DE CRÉDITO;PRESENCIAL;28/03/2023;False;True;[]
TXN_5173628;CHÁ;3;1,50;4,50;N/A;PARA VIAGEM;30/05/2023;False;True;[]
TXN_9040196;SUCO;3;3,00;9,00;DINHEIRO;N/A;28/06/2023;False;True;[]
TXN_1853983;CHÁ;1;1,50;1,50;DINHEIRO;PRESENCIAL;04/12/2023;False;True;[]
TXN_6154823;N/A;5;4,00;20,00;CARTEIRA DIGITAL;PARA VIAGEM;16/11/2023;False;True;[]
TXN_1936915;SALADA;3;5,00;15,00;CARTEIRA DIGITAL;PRESENCIAL;24/01/2023;False;True;[]
TXN_8693747;VITAMINA;4;;16,00;CARTEIRA DIGITAL;N/A;13/02/2023;True;True;[]
TXN_2911864;BISCOITO;3;1,00;3,00;CARTEIRA DIGITAL;PARA VIAGEM;21/03/2023;False;True;[]
TXN_2336921;SUCO;3;3,00;9,00;CARTEIRA DIGITAL;PARA VIAGEM;01/05/2023;False;True;[]
TXN_3275800;CAFÉ;3;2,00;6,00;N/A;PARA VIAGEM;27/05/2023;False;True;[]
TXN_6472656;CHÁ;3;1,50;4,50;DINHEIRO;PARA VIAGEM;25/11/2023;False;True;[]
TXN_3494191;VITAMINA;2;4,00;8,00;CARTÃO DE CRÉDITO;PRESENCIAL;08/01/2023;False;True;[]
TXN_4177717;BISCOITO;1;1,00;1,00;N/A;N/A;07/01/2023;False;True;[]
TXN_7313328;SUCO;1;3,00;3,00;N/A;PARA VIAGEM;03/01/2023;False;True;[]
TXN_4019047;N/A;2;2,00;4,00;N/A;N/A;14/09/2023;False;True;[]
TXN_6832697;SALADA;3;5,00;15,00;CARTÃO DE CRÉDITO;PARA VIAGEM;21/01/2023;False;True;[]
TXN_2919225;CAFÉ;4;2,00;8,00;CARTÃO DE CRÉDITO;PARA VIAGEM;14/02/2023;False;True;[]
TXN_4937344;SANDUICHE;;4,00;4,00;CARTÃO DE CRÉDITO;PRESENCIAL;12/02/2023;True;True;[]
TXN_6444366;CAFÉ;1;2,00;2,00;CARTEIRA DIGITAL;N/A;19/08/2023;False;True;[]
TXN_7448158;BOLO;;3,00;6,00;CARTEIRA DIGITAL;PARA VIAGEM;28/09/2023;True;True;[]
TXN_7630601;CHÁ;1;1,50;1,50;N/A;PARA VIAGEM;22/08/2023;False;True;[]
TXN_7366807;SALADA;;5,00;15,00;N/A;N/A;22/10/2023;True;True;[]
TXN_5762127;CAFÉ;2;2,00;4,00;N/A;PARA VIAGEM;10/11/2023;False;True;[]
TXN_1856153;CAFÉ;5;2,00;10,00;CARTÃO DE CRÉDITO;N/A;02/12/2023;False;True;[]
TXN_4908458;CHÁ;4;1,50;6,00;N/A;N/A;06/10/2023;False;True;[]
TXN_4214066;SUCO;2;3,00;6,00;N/A;PRESENCIAL;23/07/2023;False;True;[]
TXN_8252793;BISCOITO;4;1,00;4,00;CARTEIRA DIGITAL;N/A;28/07/2023;False;True;[]
TXN_1313643;BOLO;4;3,00;12,00;N/A;N/A;11/02/2023;False;True;[]
TXN_2941227;BISCOITO;3;1,00;3,00;DINHEIRO;PRESENCIAL;29/08/2023;False;True;[]
TXN_1206585;CHÁ;2;1,50;3,00;DINHEIRO;N/A;29/06/2023;False;True;[]
TXN_9580673;SUCO;2;3,00;6,00;N/A;PRESENCIAL;25/06/2023;False;True;[]
TXN_9874192;VITAMINA;3;4,00;12,00;N/A;N/A;30/11/2023;False;True;[]
TXN_4475487;VITAMINA;3;4,00;12,00;DINHEIRO;PRESENCIAL;01/06/2023;False;True;[]
TXN_8876663;SALADA;;5,00;10,00;CARTEIRA DIGITAL;PARA VIAGEM;23/03/2023;True;True;[]
TXN_3858126;VITAMINA;2;4,00;8,00;N/A;PRESENCIAL;25/08/2023;False;True;[]
TXN_3524464;VITAMINA;4;;16,00;CARTÃO DE CRÉDITO;PARA VIAGEM;31/08/2023;True;True;[]
TXN_6242107;CAFÉ;3;2,00;6,00;DINHEIRO;N/A;14/11/2023;False;True;[]
TXN_2352246;VITAMINA;4;4,00;16,00;CARTÃO DE CRÉDITO;PARA VIAGEM;20/06/2023;False;True;[]
TXN_9523335;BISCOITO;4;1,00;4,00;CARTÃO DE CRÉDITO;N/A;29/01/2023;False;True;[]
TXN_4475412;SANDUICHE;3;4,00;12,00;N/A;N/A;31/10/2023;False;True;[]
TXN_2656162;CAFÉ;1;2,00;2,00;CARTEIRA DIGITAL;PRESENCIAL;11/04/2023;False;True;[]
TXN_7517241;SANDUICHE;2;4,00;8,00;N/A;N/A;18/01/2023;False;True;[]
TXN_2435218;N/A;;2,00;10,00;N/A;PRESENCIAL;02/05/2023;True;True;[]
TXN_9022617;CAFÉ;1;2,00;2,00;CARTÃO DE CRÉDITO;PRESENCIAL;23/01/2023;False;True;[]
TXN_1031802;BISCOITO;4;1,00;4,00;N/A;N/A;27/06/2023;False;True;[]
TXN_2346296;BOLO;4;3,00;12,00;CARTEIRA DIGITAL;N/A;04/10/2023;False;True;[]
TXN_8219210;VITAMINA;5;4,00;20,00;DINHEIRO;N/A;12/01/2023;False;True;[]
TXN_4541981;VITAMINA;4;;16,00;CARTÃO DE CRÉDITO;PRESENCIAL;14/01/2023;True;True;[]
TXN_8522571;SUCO;2;3,00;6,00;CARTÃO DE CRÉDITO;PARA VIAGEM;19/09/2023;False;True;[]
TXN_6752476;CHÁ;4;1,50;6,00;N/A;PARA VIAGEM;28/08/2023;False;True;[]
TXN_1894142;SANDUICHE;4;4,00;16,00;DINHEIRO;PRESENCIAL;13/09/2023;False;True;[]
TXN_3766378;N/A;1;3,00;3,00;DINHEIRO;PARA VIAGEM;18/08/2023;False;True;[]
TXN_8885727;CHÁ;2;1,50;3,00;DINHEIRO;PARA VIAGEM;05/10/2023;False;True;[]
TXN_1422305;SANDUICHE;4;4,00;16,00;N/A;PRESENCIAL;09/03/2023;False;True;[]
TXN_4625165;SALADA;3;5,00;15,00;CARTÃO DE CRÉDITO;N/A;02/03/2023;False;True;[]
TXN_9323215;BISCOITO;3;1,00;3,00;N/A;N/A;27/01/2023;False;True;[]
TXN_6824743;SANDUICHE;2;4,00;8,00;CARTEIRA DIGITAL;PARA VIAGEM;08/11/2023;False;True;[]
TXN_9384397;SANDUICHE;;4,00;8,00;DINHEIRO;N/A;31/10/2023;True;True;[]
TXN_1034067;VITAMINA;3;;12,00;CARTEIRA DIGITAL;N/A;07/01/2023;True;True;[]
TXN_3265085;BISCOITO;5;1,00;5,00;N/A;PRESENCIAL;05/09/2023;False;True;[]
TXN_3061498;SALADA;5;5,00;25,00;N/A;N/A;14/11/2023;False;True;[]
TXN_6206792;CHÁ;;;6,00;CARTÃO DE CRÉDITO;N/A;13/10/2023;True;True;[]
TXN_7374304;CHÁ;5;1,50;7,50;CARTEIRA DIGITAL;PRESENCIAL;10/05/2023;False;True;[]
TXN_9447946;VITAMINA;2;4,00;8,00;CARTÃO DE CRÉDITO;PRESENCIAL;21/10/2023;False;True;[]
TXN_2102561;N/A;2;1,00;2,00;N/A;PRESENCIAL;05/04/2023;False;True;[]
TXN_8223689;SALADA;5;5,00;25,00;CARTEIRA DIGITAL;PRESENCIAL;08/09/2023;False;True;[]
TXN_3207254;BOLO;1;3,00;3,00;N/A;PARA VIAGEM;25/04/2023;False;True;[]
TXN_2579242;SUCO;5;3,00;15,00;N/A;PRESENCIAL;11/09/2023;False;True;[]
TXN_2187911;CAFÉ;3;;6,00;CARTÃO DE CRÉDITO;PARA VIAGEM;20/04/2023;True;True;[]
TXN_2594056;SALADA;4;5,00;20,00;DINHEIRO;N/A;11/03/2023;False;True;[]
TXN_6591736;CAFÉ;4;2,00;8,00;N/A;PARA VIAGEM;21/06/2023;False;True;[]
TXN_1267753;N/A;3;1,50;4,50;CARTÃO DE CRÉDITO;N/A;28/06/2023;False;True;[]
TXN_4615235;BOLO;4;3,00;12,00;DINHEIRO;N/A;08/01/2023;False;True;[]
TXN_4824519;VITAMINA;5;4,00;20,00;N/A;N/A;27/12/2023;False;True;[]
TXN_4677415;BOLO;2;3,00;6,00;CARTEIRA DIGITAL;N/A;12/12/2023;False;True;[]
TXN_3548788;SALADA;4;5,00;20,00;CARTEIRA DIGITAL;N/A;22/02/2023;False;True;[]
TXN_2503245;SANDUICHE;3;4,00;12,00;N/A;PARA VIAGEM;15/04/2023;False;True;[]
TXN_8855046;SUCO;3;;9,00;N/A;PARA VIAGEM;05/12/2023;True;True;[]
TXN_9287659;N/A;1;3,00;3,00;N/A;PRESENCIAL;13/05/2023;False;True;[]
TXN_2417402;SANDUICHE;3;4,00;12,00;CARTEIRA DIGITAL;N/A;09/05/2023;False;True;[]
TXN_6266017;BISCOITO;4;1,00;4,00;N/A;PRESENCIAL;28/09/2023;False;True;[]
TXN_4619018;BOLO;5;3,00;15,00;CARTEIRA DIGITAL;N/A;19/12/2023;False;True;[]
TXN_8352748;N/A;5;4,00;20,00;DINHEIRO;PRESENCIAL;01/05/2023;False;True;[]
TXN_2221447;BISCOITO;1;1,00;1,00;CARTÃO DE CRÉDITO;PRESENCIAL;06/12/2023;False;True;[]
TXN_3564954;VITAMINA;4;;16,00;DINHEIRO;N/A;09/03/2023;True;True;[]
TXN_8464222;BOLO;4;3,00;12,00;DINHEIRO;PRESENCIAL;17/08/2023;False;True;[]
TXN_6815753;BISCOITO;4;1,00;4,00;CARTEIRA DIGITAL;PARA VIAGEM;27/10/2023;False;True;[]
TXN_6738716;BOLO;;3,00;15,00;N/A;PARA VIAGEM;21/04/2023;True;True;[]
TXN_9477892;BOLO;3;3,00;9,00;CARTÃO DE CRÉDITO;N/A;21/08/2023;False;True;[]
TXN_3136701;N/A;2;4,00;8,00;N/A;PRESENCIAL;18/12/2023;False;True;[]
TXN_4644671;CAFÉ;3;2,00;6,00;N/A;N/A;20/04/2023;False;True;[]
TXN_1634534;SUCO;5;3,00;15,00;N/A;N/A;03/12/2023;False;True;[]
TXN_7809121;BOLO;4;3,00;12,00;N/A;N/A;15/05/2023;False;True;[]
TXN_1350239;VITAMINA;5;4,00;20,00;DINHEIRO;N/A;18/11/2023;False;True;[]
TXN_5145906;CHÁ;4;1,50;6,00;N/A;N/A;30/01/2023;False;True;[]
TXN_9603912;SUCO;5;3,00;15,00;N/A;N/A;23/12/2023;False;True;[]
TXN_1205610;N/A;2;1,00;2,00;N/A;PRESENCIAL;19/07/2023;False;True;[]
TXN_8969428;SALADA;3;5,00;15,00;N/A;PARA VIAGEM;08/03/2023;False;True;[]
TXN_5269634;BOLO;5;3,00;15,00;CARTEIRA DIGITAL;PRESENCIAL;07/04/2023;False;True;[]
TXN_3043982;SANDUICHE;5;4,00;20,00;DINHEIRO;PRESENCIAL;10/01/2023;False;True;[]
TXN_6310896;SANDUICHE;1;4,00;4,00;N/A;PRESENCIAL;01/05/2023;False;True;[]
TXN_5496282;VITAMINA;2;;8,00;N/A;N/A;03/03/2023;True;True;[]
TXN_3947201;BISCOITO;5;1,00;5,00;N/A;PARA VIAGEM;17/06/2023;False;True;[]
TXN_3666951;SUCO;2;3,00;6,00;N/A;PRESENCIAL;06/01/2023;False;True;[]
TXN_7254494;CAFÉ;5;2,00;10,00;CARTÃO DE CRÉDITO;PARA VIAGEM;16/03/2023;False;True;[]
TXN_3157867;N/A;2;5,00;10,00;N/A;PARA VIAGEM;02/11/2023;False;True;[]
TXN_6164035;BISCOITO;1;1,00;1,00;CARTÃO DE CRÉDITO;PARA VIAGEM;30/03/2023;False;True;[]
TXN_6234838;SUCO;5;3,00;15,00;N/A;PRESENCIAL;30/10/2023;False;True;[]
TXN_5671075;CHÁ;5;1,50;7,50;DINHEIRO;PRESENCIAL;25/12/2023;False;True;[]
TXN_5004986;SANDUICHE;3;4,00;12,00;CARTEIRA DIGITAL;N/A;23/01/2023;False;True;[]
TXN_4856575;SALADA;3;5,00;15,00;CARTEIRA DIGITAL;PRESENCIAL;10/09/2023;False;True;[]
TXN_6064400;SANDUICHE;5;4,00;20,00;N/A;N/A;06/07/2023;False;True;[]
TXN_8512136;SUCO;1;3,00;3,00;DINHEIRO;PARA VIAGEM;26/08/2023;False;True;[]
TXN_1868529;N/A;1;5,00;5,00;CARTÃO DE CRÉDITO;N/A;25/01/2023;False;True;[]
TXN_3129441;SUCO;3;3,00;9,00;CARTÃO DE CRÉDITO;PRESENCIAL;31/05/2023;False;True;[]
TXN_1652596;VITAMINA;5;4,00;20,00;CARTEIRA DIGITAL;N/A;04/10/2023;False;True;[]
TXN_3487896;CAFÉ;5;2,00;10,00;CARTÃO DE CRÉDITO;N/A;09/01/2023;False;True;[]
TXN_1429858;BISCOITO;4;1,00;4,00;CARTÃO DE CRÉDITO;N/A;15/03/2023;False;True;[]
TXN_1721242;VITAMINA;5;4,00;20,00;N/A;PRESENCIAL;23/11/2023;False;True;[]
TXN_3472707;SANDUICHE;2;4,00;8,00;DINHEIRO;PARA VIAGEM;26/03/2023;False;True;[]
TXN_5348750;N/A;5;5,00;25,00;CARTÃO DE CRÉDITO;N/A;15/07/2023;False;True;[]
TXN_3819085;SANDUICHE;1;4,00;4,00;N/A;PARA VIAGEM;23/11/2023;False;True;[]
TXN_2181920;SANDUICHE;3;4,00;12,00;DINHEIRO;N/A;11/02/2023;False;True;[]
TXN_1173155;CAFÉ;1;2,00;2,00;DINHEIRO;PRESENCIAL;14/03/2023;False;True;[]
TXN_4913079;SANDUICHE;3;4,00;12,00;N/A;N/A;19/08/2023;False;True;[]
TXN_1476711;CHÁ;2;1,50;3,00;N/A;N/A;26/01/2023;False;True;[]
TXN_5341644;BOLO;4;3,00;12,00;DINHEIRO;N/A;24/01/2023;False;True;[]
TXN_4548274;SUCO;5;3,00;15,00;CARTEIRA DIGITAL;N/A;09/05/2023;False;True;[]
TXN_8008815;SALADA;2;5,00;10,00;N/A;N/A;16/03/2023;False;True;[]
TXN_3639760;BOLO;5;3,00;15,00;CARTÃO DE CRÉDITO;PARA VIAGEM;29/01/2023;False;True;[]
TXN_8159727;SALADA;5;;25,00;CARTEIRA DIGITAL;N/A;24/04/2023;True;True;[]
TXN_5061028;BISCOITO;1;1,00;1,00;CARTÃO DE CRÉDITO;PARA VIAGEM;17/05/2023;False;True;[]
TXN_6962671;BOLO;2;3,00;6,00;N/A;N/A;20/01/2023;False;True;[]
TXN_4791072;CAFÉ;3;2,00;6,00;N/A;N/A;13/11/2023;False;True;[]
TXN_7263939;N/A;;4,00;4,00;N/A;N/A;08/08/2023;True;True;[]
TXN_4775791;VITAMINA;4;4,00;16,00;CARTÃO DE CRÉDITO;N/A;13/04/2023;False;True;[]
TXN_6724554;CHÁ;3;1,50;4,50;N/A;N/A;22/03/2023;False;True;[]
TXN_6897608;CAFÉ;2;2,00;4,00;CARTÃO DE CRÉDITO;PARA VIAGEM;28/06/2023;False;True;[]
TXN_4226572;BISCOITO;3;1,00;3,00;N/A;PARA VIAGEM;16/05/2023;False;True;[]
TXN_6833530;SUCO;4;3,00;12,00;N/A;PRESENCIAL;05/11/2023;False;True;[]
TXN_4321368;CAFÉ;4;2,00;8,00;N/A;PARA VIAGEM;09/12/2023;False;True;[]
TXN_3434549;SANDUICHE;5;4,00;20,00;CARTÃO DE CRÉDITO;PARA VIAGEM;25/05/2023;False;True;[]
TXN_7918317;CHÁ;1;1,50;1,50;CARTÃO DE CRÉDITO;N/A;27/07/2023;False;True;[]
TXN_3467985;SANDUICHE;3;4,00;12,00;DINHEIRO;PARA VIAGEM;10/12/2023;False;True;[]
TXN_3526095;SANDUICHE;3;4,00;12,00;DINHEIRO;PARA VIAGEM;30/08/2023;False;True;[]
TXN_8316915;BISCOITO;5;1,00;5,00;CARTEIRA DIGITAL;PRESENCIAL;30/05/2023;False;True;[]
TXN_4876685;CHÁ;1;1,50;1,50;CARTEIRA DIGITAL;PARA VIAGEM;14/07/2023;False;True;[]
TXN_7505290;SALADA;4;5,00;20,00;CARTEIRA DIGITAL;PARA VIAGEM;21/10/2023;False;True;[]
TXN_5709834;BOLO;4;3,00;12,00;CARTEIRA DIGITAL;N/A;24/03/2023;False;True;[]
TXN_9626624;VITAMINA;3;4,00;12,00;DINHEIRO;PRESENCIAL;10/10/2023;False;True;[]
TXN_4563526;VITAMINA;4;4,00;16,00;CARTÃO DE CRÉDITO;N/A;30/06/2023;False;True;[]
TXN_5512533;CAFÉ;4;2,00;8,00;CARTEIRA DIGITAL;N/A;13/06/2023;False;True;[]
TXN_9399452;BOLO;4;3,00;12,00;CARTÃO DE CRÉDITO;PRESENCIAL;03/12/2023;False;True;[]
TXN_3451212;BOLO;3;3,00;9,00;N/A;N/A;29/01/2023;False;True;[]
TXN_1934166;SANDUICHE;5;4,00;20,00;DINHEIRO;PRESENCIAL;06/03/2023;False;True;[]
TXN_5594695;BOLO;3;3,00;9,00;CARTÃO DE CRÉDITO;PRESENCIAL;18/01/2023;False;True;[]
TXN_8379868;BOLO;3;3,00;9,00;DINHEIRO;PRESENCIAL;16/01/2023;False;True;[]
TXN_3708535;CAFÉ;5;2,00;10,00;N/A;PRESENCIAL;02/05/2023;False;True;[]
TXN_5299440;SUCO;2;3,00;6,00;CARTÃO DE CRÉDITO;PRESENCIAL;21/10/2023;False;True;[]
TXN_4107706;SALADA;1;5,00;5,00;N/A;PRESENCIAL;23/11/2023;False;True;[]
TXN_6059878;SALADA;3;5,00;15,00;CARTEIRA DIGITAL;N/A;23/01/2023;False;True;[]
TXN_6476204;N/A;5;4,00;20,00;N/A;PARA VIAGEM;22/12/2023;False;True;[]
TXN_5777542;SANDUICHE;2;4,00;8,00;N/A;N/A;22/10/2023;False;True;[]
TXN_3919225;BOLO;2;3,00;6,00;DINHEIRO;PRESENCIAL;26/03/2023;False;True;[]
TXN_5598744;SANDUICHE;4;4,00;16,00;CARTEIRA DIGITAL;PARA VIAGEM;17/10/2023;False;True;[]
TXN_7355326;BISCOITO;1;1,00;1,00;N/A;N/A;03/01/2023;False;True;[]
TXN_4071945;BOLO;1;;3,00;DINHEIRO;N/A;17/07/2023;True;True;[]
TXN_6732096;VITAMINA;2;4,00;8,00;N/A;PRESENCIAL;02/04/2023;False;True;[]
TXN_4392519;BISCOITO;2;1,00;2,00;N/A;PARA VIAGEM;20/09/2023;False;True;[]
TXN_1716710;CAFÉ;2;2,00;4,00;N/A;N/A;23/02/2023;False;True;[]
TXN_9655021;CAFÉ;3;2,00;6,00;N/A;N/A;22/04/2023;False;True;[]
TXN_3868402;CAFÉ;3;2,00;6,00;DINHEIRO;PRESENCIAL;21/01/2023;False;True;[]
TXN_4624591;SALADA;2;5,00;10,00;CARTÃO DE CRÉDITO;PRESENCIAL;03/08/2023;False;True;[]
TXN_9640865;BISCOITO;2;1,00;2,00;DINHEIRO;PARA VIAGEM;18/03/2023;False;True;[]
TXN_6456008;SALADA;5;5,00;25,00;CARTÃO DE CRÉDITO;PRESENCIAL;26/03/2023;False;True;[]
TXN_9547654;BISCOITO;2;1,00;2,00;N/A;PRESENCIAL;19/11/2023;False;True;[]
TXN_4986668;BOLO;3;3,00;9,00;CARTEIRA DIGITAL;N/A;30/11/2023;False;True;[]
TXN_6235329;SALADA;2;5,00;10,00;CARTEIRA DIGITAL;PRESENCIAL;11/10/2023;False;True;[]
TXN_8536578;BOLO;5;3,00;15,00;CARTEIRA DIGITAL;PRESENCIAL;11/11/2023;False;True;[]
TXN_4545512;CAFÉ;1;2,00;2,00;N/A;PARA VIAGEM;18/12/2023;False;True;[]
TXN_2156128;SANDUICHE;1;4,00;4,00;CARTEIRA DIGITAL;PRESENCIAL;21/07/2023;False;True;[]
TXN_9188172;SUCO;3;3,00;9,00;CARTEIRA DIGITAL;PRESENCIAL;27/08/2023;False;True;[]
TXN_5893283;N/A;3;3,00;9,00;DINHEIRO;PRESENCIAL;15/08/2023;False;True;[]
TXN_6408024;BISCOITO;3;1,00;3,00;N/A;PRESENCIAL;29/11/2023;False;True;[]
TXN_4788748;SANDUICHE;4;4,00;16,00;CARTÃO DE CRÉDITO;PRESENCIAL;30/04/2023;False;True;[]
TXN_6460409;SALADA;3;5,00;15,00;DINHEIRO;N/A;03/01/2023;False;True;[]
TXN_1067052;CHÁ;4;1,50;6,00;N/A;PARA VIAGEM;18/02/2023;False;True;[]
TXN_8776634;SUCO;5;3,00;15,00;N/A;PRESENCIAL;02/06/2023;False;True;[]
TXN_2534831;CHÁ;5;1,50;7,50;DINHEIRO;PARA VIAGEM;19/08/2023;False;True;[]
TXN_9941872;SALADA;3;5,00;15,00;N/A;N/A;08/04/2023;False;True;[]
TXN_2055898;CHÁ;4;1,50;6,00;N/A;N/A;01/12/2023;False;True;[]
TXN_2007418;VITAMINA;4;4,00;16,00;DINHEIRO;N/A;16/06/2023;False;True;[]
TXN_6451043;BISCOITO;2;1,00;2,00;N/A;PRESENCIAL;06/02/2023;False;True;[]
TXN_2632916;SUCO;3;3,00;9,00;CARTÃO DE CRÉDITO;N/A;17/06/2023;False;True;[]
TXN_1926794;VITAMINA;1;4,00;4,00;N/A;PRESENCIAL;14/01/2023;False;True;[]
TXN_3201783;SUCO;3;3,00;9,00;N/A;N/A;03/12/2023;False;True;[]
TXN_2374950;BOLO;5;3,00;15,00;CARTEIRA DIGITAL;N/A;28/04/2023;False;True;[]
TXN_5962196;VITAMINA;2;4,00;8,00;DINHEIRO;PARA VIAGEM;29/11/2023;False;True;[]
TXN_4342098;VITAMINA;4;4,00;16,00;DINHEIRO;PRESENCIAL;24/05/2023;False;True;[]
TXN_7367134;VITAMINA;4;4,00;16,00;CARTEIRA DIGITAL;N/A;03/10/2023;False;True;[]
TXN_3651743;BOLO;5;3,00;15,00;DINHEIRO;PRESENCIAL;24/04/2023;False;True;[]
TXN_4411007;BISCOITO;5;1,00;5,00;CARTEIRA DIGITAL;PARA VIAGEM;17/05/2023;False;True;[]
TXN_6026451;SUCO;2;3,00;6,00;DINHEIRO;PRESENCIAL;06/11/2023;False;True;[]
TXN_5093312;BISCOITO;4;1,00;4,00;CARTÃO DE CRÉDITO;PARA VIAGEM;12/08/2023;False;True;[]
TXN_6685570;CHÁ;1;1,50;1,50;CARTÃO DE CRÉDITO;PRESENCIAL;14/03/2023;False;True;[]
TXN_7905853;BISCOITO;4;1,00;4,00;CARTEIRA DIGITAL;N/A;25/07/2023;False;True;[]
TXN_3020475;SALADA;4;5,00;20,00;N/A;PARA VIAGEM;13/09/2023;False;True;[]
TXN_7665695;CHÁ;3;1,50;4,50;N/A;PRESENCIAL;21/10/2023;False;True;[]
TXN_2355099;SALADA;5;5,00;25,00;DINHEIRO;PARA VIAGEM;18/03/2023;False;True;[]
TXN_6071866;CHÁ;4;1,50;6,00;N/A;N/A;14/10/2023;False;True;[]
TXN_4548715;SANDUICHE;2;4,00;8,00;N/A;N/A;16/02/2023;False;True;[]
TXN_8344035;VITAMINA;2;4,00;8,00;DINHEIRO;N/A;23/08/2023;False;True;[]
TXN_7332192;CAFÉ;1;2,00;2,00;CARTÃO DE CRÉDITO;PARA VIAGEM;17/11/2023;False;True;[]
TXN_4713356;VITAMINA;5;4,00;20,00;N/A;PRESENCIAL;08/05/2023;False;True;[]
TXN_6400461;CAFÉ;4;2,00;8,00;CARTEIRA DIGITAL;N/A;18/01/2023;False;True;[]
TXN_9262504;VITAMINA;3;4,00;12,00;CARTÃO DE CRÉDITO;N/A;01/12/2023;False;True;[]
TXN_6225305;BOLO;1;3,00;3,00;DINHEIRO;PARA VIAGEM;05/05/2023;False;True;[]
TXN_1266278;VITAMINA;1;4,00;4,00;N/A;PARA VIAGEM;03/11/2023;False;True;[]
TXN_2797871;BISCOITO;2;1,00;2,00;N/A;PARA VIAGEM;21/09/2023;False;True;[]
TXN_4947561;SALADA;;5,00;15,00;N/A;PARA VIAGEM;06/06/2023;True;True;[]
TXN_3881824;SUCO;;3,00;6,00;CARTÃO DE CRÉDITO;N/A;30/12/2023;True;True;[]
TXN_7606965;SUCO;5;3,00;15,00;CARTEIRA DIGITAL;PRESENCIAL;08/12/2023;False;True;[]
TXN_5516374;VITAMINA;2;4,00;8,00;N/A;PRESENCIAL;25/07/2023;False;True;[]
TXN_8059034;CAFÉ;1;2,00;2,00;CARTEIRA DIGITAL;N/A;10/01/2023;False;True;[]
TXN_2238287;SALADA;3;5,00;15,00;CARTEIRA DIGITAL;PRESENCIAL;22/05/2023;False;True;[]
TXN_2086896;N/A;4;3,00;12,00;DINHEIRO;PARA VIAGEM;25/11/2023;False;True;[]
TXN_9667721;CHÁ;5;1,50;7,50;CARTÃO DE CRÉDITO;PARA VIAGEM;29/04/2023;False;True;[]
TXN_6317991;BISCOITO;5;1,00;5,00;CARTEIRA DIGITAL;PRESENCIAL;03/03/2023;False;True;[]
TXN_7866723;SANDUICHE;2;4,00;8,00;CARTÃO DE CRÉDITO;PRESENCIAL;26/03/2023;False;True;[]
TXN_7954064;N/A;5;3,00;15,00;CARTÃO DE CRÉDITO;PRESENCIAL;31/08/2023;False;True;[]
TXN_5251180;BISCOITO;1;1,00;1,00;CARTEIRA DIGITAL;N/A;25/06/2023;False;True;[]
TXN_5891724;SALADA;5;5,00;25,00;CARTÃO DE CRÉDITO;N/A;10/12/2023;False;True;[]
TXN_9564495;N/A;4;3,00;12,00;CARTEIRA DIGITAL;N/A;01/08/2023;False;True;[]
TXN_5092646;VITAMINA;2;4,00;8,00;N/A;PARA VIAGEM;08/05/2023;False;True;[]
TXN_5261036;N/A;5;3,00;15,00;DINHEIRO;N/A;03/10/2023;False;True;[]
TXN_2638434;SUCO;5;3,00;15,00;CARTÃO DE CRÉDITO;PRESENCIAL;18/09/2023;False;True;[]
TXN_5651620;N/A;2;4,00;8,00;N/A;N/A;16/05/2023;False;True;[]
TXN_5452210;CHÁ;5;1,50;7,50;CARTEIRA DIGITAL;PRESENCIAL;17/04/2023;False;True;[]
TXN_5337566;BISCOITO;5;1,00;5,00;DINHEIRO;PARA VIAGEM;08/03/2023;False;True;[]
TXN_3341779;CHÁ;3;1,50;4,50;DINHEIRO;PARA VIAGEM;30/07/2023;False;True;[]
TXN_7977951;BOLO;5;3,00;15,00;N/A;N/A;22/12/2023;False;True;[]
TXN_8226985;CAFÉ;2;2,00;4,00;N/A;N/A;08/03/2023;False;True;[]
TXN_7604622;SUCO;;3,00;12,00;CARTÃO DE CRÉDITO;N/A;22/12/2023;True;True;[]
TXN_6875870;SALADA;5;5,00;25,00;N/A;N/A;07/09/2023;False;True;[]
TXN_9086163;BISCOITO;2;1,00;2,00;CARTEIRA DIGITAL;N/A;31/07/2023;False;True;[]
TXN_5061600;SUCO;3;3,00;9,00;N/A;PRESENCIAL;23/11/2023;False;True;[]
TXN_9987017;BISCOITO;5;1,00;5,00;DINHEIRO;PARA VIAGEM;14/03/2023;False;True;[]
TXN_6533576;SALADA;5;5,00;25,00;DINHEIRO;PRESENCIAL;14/08/2023;False;True;[]
TXN_5229351;CAFÉ;3;2,00;6,00;CARTEIRA DIGITAL;PARA VIAGEM;14/08/2023;False;True;[]
TXN_5318263;VITAMINA;1;4,00;4,00;CARTÃO DE CRÉDITO;PARA VIAGEM;12/06/2023;False;True;[]
TXN_8866088;CHÁ;4;1,50;6,00;CARTEIRA DIGITAL;PARA VIAGEM;11/07/2023;False;True;[]
TXN_2601923;BOLO;4;;12,00;DINHEIRO;PARA VIAGEM;24/07/2023;True;True;[]
TXN_5884081;BISCOITO;;1,00;;CARTEIRA DIGITAL;PRESENCIAL;05/07/2023;True;True;[]
TXN_7434172;BISCOITO;2;1,00;2,00;CARTEIRA DIGITAL;PARA VIAGEM;14/11/2023;False;True;[]
TXN_1849406;SANDUICHE;5;4,00;20,00;DINHEIRO;PRESENCIAL;30/11/2023;False;True;[]
TXN_8388462;VITAMINA;;;8,00;N/A;PARA VIAGEM;19/08/2023;True;True;[]
TXN_6289180;SUCO;1;3,00;3,00;DINHEIRO;PRESENCIAL;14/03/2023;False;True;[]
TXN_3974663;SUCO;3;3,00;9,00;DINHEIRO;PARA VIAGEM;02/10/2023;False;True;[]
TXN_9041537;SANDUICHE;4;4,00;16,00;N/A;N/A;28/08/2023;False;True;[]
TXN_2798069;N/A;5;1,50;7,50;CARTEIRA DIGITAL;N/A;02/09/2023;False;True;[]
TXN_7601706;SUCO;;3,00;6,00;CARTÃO DE CRÉDITO;PRESENCIAL;15/11/2023;True;True;[]
TXN_3145515;VITAMINA;4;4,00;16,00;DINHEIRO;N/A;31/03/2023;False;True;[]
TXN_6711224;SUCO;1;3,00;3,00;CARTEIRA DIGITAL;N/A;26/03/2023;False;True;[]
TXN_4035164;SUCO;5;3,00;15,00;N/A;PRESENCIAL;26/11/2023;False;True;[]
TXN_1815061;BOLO;3;3,00;9,00;CARTEIRA DIGITAL;PRESENCIAL;20/01/2023;False;True;[]
TXN_9522690;BISCOITO;4;1,00;4,00;CARTÃO DE CRÉDITO;PRESENCIAL;23/07/2023;False;True;[]
TXN_2858635;SANDUICHE;1;4,00;4,00;CARTEIRA DIGITAL;PRESENCIAL;28/09/2023;False;True;[]
TXN_5492825;N/A;2;5,00;10,00;N/A;PRESENCIAL;25/02/2023;False;True;[]
TXN_2083119;N/A;2;1,00;2,00;N/A;PRESENCIAL;11/06/2023;False;True;[]
TXN_7030681;SUCO;1;3,00;3,00;DINHEIRO;N/A;01/10/2023;False;True;[]
TXN_7738316;BISCOITO;4;1,00;4,00;N/A;N/A;04/02/2023;False;True;[]
TXN_6817358;VITAMINA;2;;8,00;CARTÃO DE CRÉDITO;N/A;22/12/2023;True;True;[]
TXN_4430474;BOLO;2;3,00;6,00;CARTEIRA DIGITAL;N/A;08/06/2023;False;True;[]
TXN_2329938;SANDUICHE;3;4,00;12,00;CARTÃO DE CRÉDITO;N/A;29/03/2023;False;True;[]
TXN_7020104;N/A;5;1,50;7,50;CARTEIRA DIGITAL;N/A;23/01/2023;False;True;[]
TXN_3642052;BOLO;1;3,00;3,00;N/A;PARA VIAGEM;19/07/2023;False;True;[]
TXN_6655913;BISCOITO;1;1,00;1,00;CARTÃO DE CRÉDITO;PRESENCIAL;02/04/2023;False;True;[]
TXN_1617594;SANDUICHE;1;4,00;4,00;N/A;PRESENCIAL;23/04/2023;False;True;[]
TXN_7136372;SUCO;3;3,00;9,00;CARTÃO DE CRÉDITO;PARA VIAGEM;22/09/2023;False;True;[]
TXN_7648238;BISCOITO;;1,00;1,00;DINHEIRO;N/A;12/05/2023;True;True;[]
TXN_1277813;N/A;5;3,00;15,00;CARTEIRA DIGITAL;N/A;11/09/2023;False;True;[]
TXN_7251969;BISCOITO;2;1,00;2,00;N/A;PRESENCIAL;14/08/2023;False;True;[]
TXN_5790695;CHÁ;5;1,50;7,50;CARTÃO DE CRÉDITO;PARA VIAGEM;24/04/2023;False;True;[]
TXN_7101802;CAFÉ;4;2,00;8,00;N/A;N/A;19/03/2023;False;True;[]
TXN_3277936;CHÁ;2;1,50;3,00;CARTEIRA DIGITAL;PARA VIAGEM;21/06/2023;False;True;[]
TXN_3233221;BOLO;5;3,00;15,00;N/A;PARA VIAGEM;15/06/2023;False;True;[]
TXN_6200423;BISCOITO;1;1,00;1,00;N/A;PRESENCIAL;03/02/2023;False;True;[]
TXN_1522176;VITAMINA;;4,00;4,00;CARTEIRA DIGITAL;PARA VIAGEM;29/04/2023;True;True;[]
TXN_6728574;SUCO;3;3,00;9,00;DINHEIRO;N/A;24/05/2023;False;True;[]
TXN_5968705;SANDUICHE;3;4,00;12,00;CARTÃO DE CRÉDITO;PARA VIAGEM;16/12/2023;False;True;[]
TXN_9657902;SUCO;1;3,00;3,00;CARTEIRA DIGITAL;N/A;30/10/2023;False;True;[]
TXN_8640383;SUCO;2;3,00;6,00;N/A;N/A;08/10/2023;False;True;[]
TXN_3889213;BOLO;1;;3,00;CARTÃO DE CRÉDITO;N/A;13/10/2023;True;True;[]
TXN_2252244;SUCO;2;;6,00;CARTÃO DE CRÉDITO;N/A;10/03/2023;True;True;[]
TXN_2561071;SUCO;5;3,00;15,00;N/A;PRESENCIAL;30/01/2023;False;True;[]
TXN_6543164;CHÁ;2;1,50;3,00;CARTEIRA DIGITAL;N/A;10/07/2023;False;True;[]
TXN_3209025;SALADA;2;5,00;10,00;DINHEIRO;N/A;12/10/2023;False;True;[]
TXN_9975079;VITAMINA;2;4,00;8,00;DINHEIRO;N/A;26/08/2023;False;True;[]
TXN_9618962;N/A;3;;6,00;CARTÃO DE CRÉDITO;PARA VIAGEM;08/11/2023;True;True;[]
TXN_5949517;N/A;5;4,00;20,00;CARTEIRA DIGITAL;PRESENCIAL;31/12/2023;False;True;[]
TXN_4103665;CAFÉ;4;2,00;8,00;N/A;PRESENCIAL;30/04/2023;False;True;[]
TXN_8499618;BOLO;2;3,00;6,00;N/A;N/A;23/05/2023;False;True;[]
TXN_6183513;N/A;3;3,00;9,00;CARTEIRA DIGITAL;N/A;22/12/2023;False;True;[]
TXN_3919672;BISCOITO;;1,00;2,00;CARTÃO DE CRÉDITO;N/A;05/11/2023;True;True;[]
TXN_7592199;CHÁ;3;1,50;4,50;CARTEIRA DIGITAL;N/A;14/09/2023;False;True;[]
TXN_8888249;CAFÉ;5;2,00;10,00;N/A;N/A;17/10/2023;False;True;[]
TXN_8494571;N/A;5;1,00;5,00;N/A;N/A;06/02/2023;False;True;[]
TXN_7749759;CHÁ;1;1,50;1,50;CARTEIRA DIGITAL;PRESENCIAL;26/12/2023;False;True;[]
TXN_7556108;BISCOITO;5;1,00;5,00;N/A;PARA VIAGEM;17/01/2023;False;True;[]
TXN_9360886;SANDUICHE;1;4,00;4,00;N/A;N/A;25/07/2023;False;True;[]
TXN_5303464;SUCO;4;3,00;12,00;DINHEIRO;PARA VIAGEM;26/10/2023;False;True;[]
TXN_5324330;SALADA;3;5,00;15,00;CARTEIRA DIGITAL;PARA VIAGEM;20/11/2023;False;True;[]
TXN_5862289;SUCO;4;3,00;12,00;CARTEIRA DIGITAL;PARA VIAGEM;05/01/2023;False;True;[]
TXN_8203190;CHÁ;2;1,50;3,00;N/A;PRESENCIAL;16/06/2023;False;True;[]
TXN_9699948;CAFÉ;5;2,00;10,00;DINHEIRO;PRESENCIAL;18/04/2023;False;True;[]
TXN_8187087;CAFÉ;3;2,00;6,00;CARTEIRA DIGITAL;PARA VIAGEM;31/01/2023;False;True;[]
TXN_5409141;CAFÉ;5;2,00;10,00;DINHEIRO;PARA VIAGEM;02/02/2023;False;True;[]
TXN_9928409;SANDUICHE;4;4,00;16,00;CARTÃO DE CRÉDITO;N/A;17/06/2023;False;True;[]
TXN_9952479;SANDUICHE;1;4,00;4,00;CARTEIRA DIGITAL;PARA VIAGEM;06/12/2023;False;True;[]
TXN_7207901;VITAMINA;2;4,00;8,00;CARTEIRA DIGITAL;PRESENCIAL;11/12/2023;False;True;[]
TXN_4321091;VITAMINA;2;4,00;8,00;DINHEIRO;PRESENCIAL;15/06/2023;False;True;[]
TXN_2721997;BOLO;3;3,00;9,00;N/A;PARA VIAGEM;20/05/2023;False;True;[]
TXN_6738137;CAFÉ;4;2,00;8,00;N/A;N/A;20/07/2023;False;True;[]
TXN_5365699;SANDUICHE;5;4,00;20,00;N/A;N/A;22/05/2023;False;True;[]
TXN_4807459;SANDUICHE;1;4,00;4,00;N/A;N/A;11/08/2023;False;True;[]
TXN_2790608;SUCO;1;3,00;3,00;DINHEIRO;PRESENCIAL;18/12/2023;False;True;[]
TXN_2035137;N/A;2;1,50;3,00;CARTEIRA DIGITAL;PARA VIAGEM;12/03/2023;False;True;[]
TXN_7603919;N/A;2;1,00;2,00;N/A;N/A;25/09/2023;False;True;[]
TXN_7429032;SANDUICHE;2;4,00;8,00;N/A;PARA VIAGEM;18/08/2023;False;True;[]
TXN_5241723;CAFÉ;3;2,00;6,00;DINHEIRO;N/A;18/07/2023;False;True;[]
TXN_5151706;VITAMINA;1;4,00;4,00;N/A;PARA VIAGEM;01/03/2023;False;True;[]
TXN_6231475;SALADA;2;5,00;10,00;CARTÃO DE CRÉDITO;PRESENCIAL;18/03/2023;False;True;[]
TXN_6144244;SUCO;3;;9,00;DINHEIRO;N/A;08/01/2023;True;True;[]
TXN_3442435;N/A;;4,00;8,00;CARTEIRA DIGITAL;PRESENCIAL;01/04/2023;True;True;[]
TXN_2631423;BISCOITO;3;1,00;3,00;DINHEIRO;PARA VIAGEM;07/01/2023;False;True;[]
TXN_1616810;N/A;2;1,00;2,00;N/A;PRESENCIAL;05/09/2023;False;True;[]
TXN_6505914;BOLO;3;3,00;9,00;N/A;N/A;27/01/2023;False;True;[]
TXN_1958614;VITAMINA;2;4,00;8,00;CARTEIRA DIGITAL;N/A;02/07/2023;False;True;[]
TXN_6890737;N/A;4;4,00;16,00;N/A;N/A;22/05/2023;False;True;[]
TXN_6702416;BOLO;1;3,00;3,00;N/A;N/A;14/09/2023;False;True;[]
TXN_5649204;VITAMINA;1;4,00;4,00;DINHEIRO;PRESENCIAL;05/03/2023;False;True;[]
TXN_4084177;N/A;3;1,00;3,00;CARTÃO DE CRÉDITO;PRESENCIAL;13/08/2023;False;True;[]
TXN_2066115;SALADA;4;5,00;20,00;CARTÃO DE CRÉDITO;PRESENCIAL;18/08/2023;False;True;[]
TXN_5029643;N/A;2;1,50;3,00;CARTEIRA DIGITAL;PRESENCIAL;23/12/2023;False;True;[]
TXN_7986904;BISCOITO;3;1,00;3,00;CARTÃO DE CRÉDITO;PARA VIAGEM;11/08/2023;False;True;[]
TXN_4633457;SALADA;1;5,00;5,00;CARTÃO DE CRÉDITO;PARA VIAGEM;21/05/2023;False;True;[]
TXN_9368550;BOLO;3;3,00;9,00;CARTEIRA DIGITAL;PARA VIAGEM;26/09/2023;False;True;[]
TXN_8049058;BOLO;2;3,00;6,00;DINHEIRO;N/A;08/04/2023;False;True;[]
TXN_5131404;SANDUICHE;4;4,00;16,00;CARTÃO DE CRÉDITO;PARA VIAGEM;18/06/2023;False;True;[]
TXN_3480562;CAFÉ;5;2,00;10,00;N/A;N/A;24/12/2023;False;True;[]
TXN_6219454;CHÁ;1;1,50;1,50;DINHEIRO;PRESENCIAL;14/11/2023;False;True;[]
TXN_2551378;CHÁ;2;1,50;3,00;N/A;PARA VIAGEM;27/10/2023;False;True;[]
TXN_9024388;SALADA;1;5,00;5,00;DINHEIRO;N/A;27/02/2023;False;True;[]
TXN_3478329;CHÁ;3;1,50;4,50;CARTEIRA DIGITAL;PRESENCIAL;29/10/2023;False;True;[]
TXN_6308974;BISCOITO;4;1,00;4,00;N/A;PRESENCIAL;02/10/2023;False;True;[]
TXN_5571904;SALADA;5;5,00;25,00;CARTEIRA DIGITAL;PARA VIAGEM;05/08/2023;False;True;[]
TXN_6979356;SALADA;2;5,00;10,00;N/A;PRESENCIAL;21/09/2023;False;True;[]
TXN_9171458;BOLO;2;3,00;6,00;N/A;N/A;29/03/2023;False;True;[]
TXN_5537621;SUCO;4;3,00;12,00;CARTEIRA DIGITAL;PARA VIAGEM;28/02/2023;False;True;[]
TXN_9288156;CAFÉ;3;2,00;6,00;N/A;N/A;05/11/2023;False;True;[]
TXN_8626720;SUCO;4;3,00;12,00;DINHEIRO;PARA VIAGEM;02/06/2023;False;True;[]
TXN_9181129;SANDUICHE;;4,00;20,00;CARTEIRA DIGITAL;PRESENCIAL;25/09/2023;True;True;[]
TXN_5908362;SANDUICHE;5;4,00;20,00;CARTEIRA DIGITAL;N/A;03/10/2023;False;True;[]
TXN_2086841;SALADA;4;5,00;20,00;CARTÃO DE CRÉDITO;PRESENCIAL;16/03/2023;False;True;[]
TXN_9944141;SUCO;5;3,00;15,00;CARTÃO DE CRÉDITO;PARA VIAGEM;18/07/2023;False;True;[]
TXN_2438638;BOLO;2;3,00;6,00;CARTÃO DE CRÉDITO;PARA VIAGEM;12/08/2023;False;True;[]
TXN_4644790;N/A;1;4,00;4,00;CARTÃO DE CRÉDITO;N/A;19/09/2023;False;True;[]
TXN_9216933;BISCOITO;4;1,00;4,00;N/A;N/A;29/05/2023;False;True;[]
TXN_8308356;VITAMINA;1;4,00;4,00;CARTEIRA DIGITAL;N/A;21/11/2023;False;True;[]
TXN_7933500;CHÁ;3;1,50;4,50;N/A;PRESENCIAL;21/09/2023;False;True;[]
TXN_1602123;CAFÉ;;2,00;2,00;DINHEIRO;N/A;11/04/2023;True;True;[]
TXN_3321395;CHÁ;;1,50;1,50;CARTEIRA DIGITAL;PARA VIAGEM;08/07/2023;True;True;[]
TXN_7563589;VITAMINA;5;4,00;20,00;DINHEIRO;N/A;19/09/2023;False;True;[]
TXN_7864482;SANDUICHE;1;4,00;4,00;CARTÃO DE CRÉDITO;PARA VIAGEM;28/01/2023;False;True;[]
TXN_7942343;BISCOITO;4;1,00;4,00;CARTEIRA DIGITAL;N/A;15/06/2023;False;True;[]
TXN_1585329;VITAMINA;4;4,00;16,00;CARTÃO DE CRÉDITO;N/A;16/07/2023;False;True;[]
TXN_6550460;SANDUICHE;5;4,00;20,00;N/A;N/A;15/03/2023;False;True;[]
TXN_3416466;SUCO;2;3,00;6,00;CARTEIRA DIGITAL;N/A;13/09/2023;False;True;[]
TXN_5125759;CAFÉ;3;2,00;6,00;CARTEIRA DIGITAL;PARA VIAGEM;15/06/2023;False;True;[]
TXN_7321946;BOLO;3;3,00;9,00;DINHEIRO;PARA VIAGEM;12/02/2023;False;True;[]
TXN_4336291;SALADA;5;5,00;25,00;DINHEIRO;PRESENCIAL;25/03/2023;False;True;[]
TXN_5240229;SALADA;1;5,00;5,00;N/A;PRESENCIAL;10/06/2023;False;True;[]
TXN_7854253;CAFÉ;4;2,00;8,00;DINHEIRO;N/A;26/07/2023;False;True;[]
TXN_1971201;VITAMINA;2;4,00;8,00;CARTEIRA DIGITAL;N/A;07/11/2023;False;True;[]
TXN_2673104;CHÁ;1;1,50;1,50;N/A;N/A;23/06/2023;False;True;[]
TXN_7479695;VITAMINA;5;4,00;20,00;CARTÃO DE CRÉDITO;N/A;12/12/2023;False;True;[]
TXN_1084222;CAFÉ;4;2,00;8,00;CARTEIRA DIGITAL;PRESENCIAL;03/06/2023;False;True;[]
TXN_1723062;SALADA;1;5,00;5,00;N/A;PRESENCIAL;21/09/2023;False;True;[]
TXN_4987205;CHÁ;2;1,50;3,00;N/A;PARA VIAGEM;24/06/2023;False;True;[]
TXN_8025478;SANDUICHE;4;4,00;16,00;DINHEIRO;PARA VIAGEM;24/01/2023;False;True;[]
TXN_7529735;CAFÉ;3;2,00;6,00;N/A;PRESENCIAL;12/08/2023;False;True;[]
TXN_1598214;SUCO;1;;3,00;CARTÃO DE CRÉDITO;PARA VIAGEM;07/01/2023;True;True;[]
TXN_7872478;SUCO;4;3,00;12,00;CARTÃO DE CRÉDITO;PRESENCIAL;25/04/2023;False;True;[]
TXN_9464398;BOLO;4;3,00;12,00;CARTÃO DE CRÉDITO;N/A;25/09/2023;False;True;[]
TXN_9319656;CHÁ;5;1,50;7,50;N/A;N/A;22/12/2023;False;True;[]
TXN_9212052;SALADA;4;5,00;20,00;DINHEIRO;N/A;15/10/2023;False;True;[]
TXN_2913107;N/A;4;;8,00;N/A;PRESENCIAL;20/05/2023;True;True;[]
TXN_2550923;BOLO;2;3,00;6,00;DINHEIRO;PARA VIAGEM;26/08/2023;False;True;[]
TXN_3352028;N/A;4;1,00;4,00;CARTÃO DE CRÉDITO;PRESENCIAL;26/08/2023;False;True;[]
TXN_2682803;BOLO;5;3,00;15,00;CARTÃO DE CRÉDITO;PARA VIAGEM;09/04/2023;False;True;[]
TXN_1745182;BISCOITO;2;;2,00;CARTEIRA DIGITAL;PARA VIAGEM;26/09/2023;True;True;[]
TXN_7608637;N/A;1;5,00;5,00;CARTEIRA DIGITAL;N/A;08/04/2023;False;True;[]
TXN_4335735;CAFÉ;2;2,00;4,00;N/A;N/A;07/04/2023;False;True;[]
TXN_9264301;CAFÉ;1;2,00;2,00;N/A;PRESENCIAL;24/10/2023;False;True;[]
TXN_6547896;CAFÉ;3;2,00;6,00;N/A;N/A;02/03/2023;False;True;[]
TXN_9868114;VITAMINA;2;4,00;8,00;CARTÃO DE CRÉDITO;PRESENCIAL;12/11/2023;False;True;[]
TXN_6127474;BISCOITO;5;;5,00;DINHEIRO;PRESENCIAL;17/09/2023;True;True;[]
TXN_5549557;BOLO;2;3,00;6,00;DINHEIRO;PRESENCIAL;27/02/2023;False;True;[]
TXN_4668762;VITAMINA;3;4,00;12,00;CARTEIRA DIGITAL;N/A;10/03/2023;False;True;[]
TXN_1058466;BISCOITO;3;1,00;3,00;CARTEIRA DIGITAL;PARA VIAGEM;07/12/2023;False;True;[]
TXN_8892230;CAFÉ;5;2,00;10,00;N/A;N/A;02/03/2023;False;True;[]
TXN_3332915;BISCOITO;2;1,00;2,00;N/A;PARA VIAGEM;19/01/2023;False;True;[]
TXN_9596023;CAFÉ;5;2,00;10,00;CARTEIRA DIGITAL;PARA VIAGEM;30/11/2023;False;True;[]
TXN_6122423;SALADA;4;5,00;20,00;N/A;PRESENCIAL;28/09/2023;False;True;[]
TXN_8934637;VITAMINA;1;4,00;4,00;N/A;PRESENCIAL;07/01/2023;False;True;[]
TXN_4846406;BISCOITO;3;1,00;3,00;DINHEIRO;PRESENCIAL;22/05/2023;False;True;[]
TXN_8917300;BISCOITO;1;1,00;1,00;DINHEIRO;PARA VIAGEM;04/03/2023;False;True;[]
TXN_7742182;CHÁ;2;1,50;3,00;N/A;N/A;09/11/2023;False;True;[]
TXN_8131533;BOLO;1;3,00;3,00;DINHEIRO;PRESENCIAL;18/07/2023;False;True;[]
TXN_1836754;CHÁ;1;1,50;1,50;CARTÃO DE CRÉDITO;PRESENCIAL;10/09/2023;False;True;[]
TXN_2531878;SALADA;3;5,00;15,00;N/A;N/A;06/01/2023;False;True;[]
TXN_8126586;SANDUICHE;5;4,00;20,00;N/A;PRESENCIAL;19/11/2023;False;True;[]
TXN_4522292;BISCOITO;1;1,00;1,00;CARTEIRA DIGITAL;PRESENCIAL;12/07/2023;False;True;[]
TXN_4209377;SALADA;2;5,00;10,00;N/A;N/A;07/02/2023;False;True;[]
TXN_9097321;SUCO;2;3,00;6,00;CARTÃO DE CRÉDITO;N/A;02/10/2023;False;True;[]
TXN_8258400;N/A;5;5,00;25,00;N/A;N/A;09/10/2023;False;True;[]
TXN_3267393;SANDUICHE;2;4,00;8,00;N/A;PRESENCIAL;24/02/2023;False;True;[]
TXN_2389110;SANDUICHE;2;4,00;8,00;DINHEIRO;PRESENCIAL;30/05/2023;False;True;[]
TXN_2704452;SALADA;2;5,00;10,00;CARTÃO DE CRÉDITO;PARA VIAGEM;05/09/2023;False;True;[]
TXN_4892165;SUCO;3;3,00;9,00;DINHEIRO;PRESENCIAL;27/07/2023;False;True;[]
TXN_6588156;BOLO;4;3,00;12,00;N/A;PRESENCIAL;14/04/2023;False;True;[]
TXN_4721830;SANDUICHE;3;4,00;12,00;N/A;N/A;15/11/2023;False;True;[]
TXN_6941542;SANDUICHE;3;4,00;12,00;N/A;PRESENCIAL;27/09/2023;False;True;[]
TXN_5214986;BISCOITO;5;;5,00;CARTÃO DE CRÉDITO;PRESENCIAL;21/09/2023;True;True;[]
TXN_3635874;SANDUICHE;2;4,00;8,00;DINHEIRO;N/A;16/03/2023;False;True;[]
TXN_1721910;SUCO;4;3,00;12,00;CARTEIRA DIGITAL;N/A;21/03/2023;False;True;[]
TXN_1120969;CAFÉ;2;2,00;4,00;CARTÃO DE CRÉDITO;N/A;15/04/2023;False;True;[]
TXN_4246000;BISCOITO;2;1,00;2,00;CARTÃO DE CRÉDITO;PARA VIAGEM;09/07/2023;False;True;[]
TXN_9253541;N/A;1;1,50;1,50;CARTEIRA DIGITAL;N/A;04/06/2023;False;True;[]
TXN_9699174;VITAMINA;3;4,00;12,00;N/A;N/A;03/01/2023;False;True;[]
TXN_6036409;CHÁ;5;1,50;7,50;DINHEIRO;PARA VIAGEM;16/02/2023;False;True;[]
TXN_5927258;CHÁ;5;1,50;7,50;N/A;PRESENCIAL;18/10/2023;False;True;[]
TXN_6027031;SUCO;5;3,00;15,00;CARTÃO DE CRÉDITO;PRESENCIAL;15/11/2023;False;True;[]
TXN_4449992;N/A;3;1,00;3,00;CARTEIRA DIGITAL;N/A;09/01/2023;False;True;[]
TXN_1900906;CAFÉ;5;2,00;10,00;DINHEIRO;N/A;31/01/2023;False;True;[]
TXN_7171590;CAFÉ;3;2,00;6,00;CARTÃO DE CRÉDITO;PRESENCIAL;24/04/2023;False;True;[]
TXN_5746203;CHÁ;5;1,50;7,50;DINHEIRO;N/A;08/07/2023;False;True;[]
TXN_1696300;BISCOITO;1;1,00;1,00;CARTEIRA DIGITAL;PRESENCIAL;28/05/2023;False;True;[]
TXN_1255476;VITAMINA;1;4,00;4,00;N/A;N/A;28/08/2023;False;True;[]
TXN_9403115;CHÁ;1;1,50;1,50;N/A;N/A;17/04/2023;False;True;[]
TXN_4476539;SALADA;2;5,00;10,00;DINHEIRO;N/A;19/04/2023;False;True;[]
TXN_5263133;SUCO;2;3,00;6,00;N/A;PARA VIAGEM;22/05/2023;False;True;[]
TXN_8473362;SUCO;3;3,00;9,00;CARTEIRA DIGITAL;N/A;22/11/2023;False;True;[]
TXN_8402606;BISCOITO;3;1,00;3,00;N/A;PARA VIAGEM;09/05/2023;False;True;[]
TXN_6857799;BISCOITO;4;1,00;4,00;DINHEIRO;N/A;08/01/2023;False;True;[]
TXN_9362993;CAFÉ;3;2,00;6,00;DINHEIRO;PRESENCIAL;22/10/2023;False;True;[]
TXN_7458568;VITAMINA;5;4,00;20,00;CARTEIRA DIGITAL;N/A;09/05/2023;False;True;[]
TXN_1959082;SUCO;5;3,00;15,00;CARTÃO DE CRÉDITO;N/A;08/06/2023;False;True;[]
TXN_9630958;VITAMINA;5;;20,00;CARTEIRA DIGITAL;PRESENCIAL;26/12/2023;True;True;[]
TXN_4290475;VITAMINA;1;4,00;4,00;N/A;PARA VIAGEM;20/04/2023;False;True;[]
TXN_4561296;SALADA;5;5,00;25,00;DINHEIRO;PRESENCIAL;22/11/2023;False;True;[]
TXN_6422545;SUCO;2;3,00;6,00;CARTÃO DE CRÉDITO;PARA VIAGEM;03/11/2023;False;True;[]
TXN_6012728;BOLO;4;3,00;12,00;CARTÃO DE CRÉDITO;PRESENCIAL;09/05/2023;False;True;[]
TXN_8886678;CHÁ;5;1,50;7,50;DINHEIRO;N/A;27/03/2023;False;True;[]
TXN_5424622;CHÁ;4;1,50;6,00;N/A;PRESENCIAL;12/07/2023;False;True;[]
TXN_1204426;SANDUICHE;;4,00;12,00;CARTÃO DE CRÉDITO;N/A;16/01/2023;True;True;[]
TXN_1885495;CAFÉ;4;2,00;8,00;DINHEIRO;N/A;04/03/2023;False;True;[]
TXN_3646359;SALADA;2;5,00;10,00;CARTÃO DE CRÉDITO;N/A;23/07/2023;False;True;[]
TXN_3284157;CHÁ;4;;6,00;CARTEIRA DIGITAL;N/A;17/05/2023;True;True;[]
TXN_4533186;CHÁ;3;1,50;4,50;N/A;PARA VIAGEM;19/04/2023;False;True;[]
TXN_3046567;SALADA;2;5,00;10,00;CARTÃO DE CRÉDITO;PRESENCIAL;07/01/2023;False;True;[]
TXN_3594827;SUCO;5;3,00;15,00;CARTEIRA DIGITAL;PRESENCIAL;09/03/2023;False;True;[]
TXN_2883054;BOLO;4;3,00;12,00;DINHEIRO;PRESENCIAL;17/11/2023;False;True;[]
TXN_1744319;VITAMINA;3;4,00;12,00;DINHEIRO;N/A;24/03/2023;False;True;[]
TXN_6182856;BOLO;4;3,00;12,00;CARTÃO DE CRÉDITO;PARA VIAGEM;02/04/2023;False;True;[]
TXN_7341998;BOLO;3;3,00;9,00;CARTEIRA DIGITAL;N/A;18/02/2023;False;True;[]
TXN_5438422;VITAMINA;3;4,00;12,00;N/A;PRESENCIAL;25/09/2023;False;True;[]
TXN_7187128;CHÁ;5;1,50;7,50;N/A;PARA VIAGEM;24/08/2023;False;True;[]
TXN_6499084;BOLO;4;;12,00;CARTÃO DE CRÉDITO;PARA VIAGEM;15/03/2023;True;True;[]
TXN_5738243;SALADA;5;;25,00;CARTÃO DE CRÉDITO;PARA VIAGEM;30/08/2023;True;True;[]
TXN_8946752;CHÁ;4;1,50;6,00;DINHEIRO;N/A;08/06/2023;False;True;[]
TXN_5453217;CAFÉ;1;2,00;2,00;CARTÃO DE CRÉDITO;PRESENCIAL;11/07/2023;False;True;[]
TXN_9340973;BISCOITO;4;1,00;4,00;DINHEIRO;N/A;07/03/2023;False;True;[]
TXN_8562684;CHÁ;5;1,50;7,50;N/A;PARA VIAGEM;25/06/2023;False;True;[]
TXN_2030078;VITAMINA;1;4,00;4,00;CARTEIRA DIGITAL;PARA VIAGEM;10/04/2023;False;True;[]
TXN_9490465;N/A;3;4,00;12,00;N/A;N/A;06/05/2023;False;True;[]
TXN_6603668;CAFÉ;4;;8,00;CARTÃO DE CRÉDITO;PARA VIAGEM;07/03/2023;True;True;[]
TXN_7077961;CHÁ;4;1,50;6,00;CARTEIRA DIGITAL;PARA VIAGEM;19/09/2023;False;True;[]
TXN_3343585;BOLO;1;3,00;3,00;DINHEIRO;PRESENCIAL;17/09/2023;False;True;[]
TXN_7896831;CAFÉ;5;2,00;10,00;DINHEIRO;PARA VIAGEM;01/04/2023;False;True;[]
TXN_2510233;N/A;2;4,00;8,00;CARTÃO DE CRÉDITO;PRESENCIAL;04/11/2023;False;True;[]
TXN_3541337;BISCOITO;4;1,00;4,00;CARTEIRA DIGITAL;PARA VIAGEM;01/09/2023;False;True;[]
TXN_2140056;BISCOITO;1;1,00;1,00;CARTEIRA DIGITAL;PARA VIAGEM;07/12/2023;False;True;[]
TXN_9629256;BOLO;4;3,00;12,00;CARTEIRA DIGITAL;PRESENCIAL;07/11/2023;False;True;[]
TXN_8419985;BOLO;3;3,00;9,00;N/A;N/A;26/08/2023;False;True;[]
TXN_6349916;SALADA;1;5,00;5,00;DINHEIRO;N/A;09/07/2023;False;True;[]
TXN_6568254;SALADA;2;5,00;10,00;CARTÃO DE CRÉDITO;PRESENCIAL;09/02/2023;False;True;[]
TXN_1730385;BOLO;2;3,00;6,00;CARTÃO DE CRÉDITO;N/A;01/03/2023;False;True;[]
TXN_7800576;SANDUICHE;;4,00;16,00;N/A;N/A;13/07/2023;True;True;[]
TXN_6935600;CAFÉ;3;2,00;6,00;N/A;N/A;02/01/2023;False;True;[]
TXN_1851725;BOLO;5;3,00;15,00;DINHEIRO;PARA VIAGEM;19/02/2023;False;True;[]
TXN_5691112;SUCO;5;3,00;15,00;N/A;N/A;24/03/2023;False;True;[]
TXN_9514836;CAFÉ;3;2,00;6,00;N/A;PRESENCIAL;29/03/2023;False;True;[]
TXN_4172649;SALADA;4;5,00;20,00;CARTEIRA DIGITAL;N/A;19/05/2023;False;True;[]
TXN_6504096;SALADA;5;5,00;25,00;DINHEIRO;N/A;10/09/2023;False;True;[]
TXN_9921708;BOLO;1;3,00;3,00;DINHEIRO;PARA VIAGEM;20/07/2023;False;True;[]
TXN_6361661;VITAMINA;2;4,00;8,00;DINHEIRO;N/A;05/11/2023;False;True;[]
TXN_4329116;BOLO;3;3,00;9,00;CARTÃO DE CRÉDITO;PRESENCIAL;29/09/2023;False;True;[]
TXN_4142781;SANDUICHE;5;4,00;20,00;CARTEIRA DIGITAL;PARA VIAGEM;30/01/2023;False;True;[]
TXN_6055428;SALADA;5;5,00;25,00;DINHEIRO;PARA VIAGEM;25/02/2023;False;True;[]
TXN_4359885;BISCOITO;2;1,00;2,00;CARTÃO DE CRÉDITO;PRESENCIAL;16/01/2023;False;True;[]
TXN_4255116;SUCO;4;3,00;12,00;CARTÃO DE CRÉDITO;PRESENCIAL;24/12/2023;False;True;[]
TXN_6511482;CHÁ;3;1,50;4,50;CARTÃO DE CRÉDITO;N/A;17/03/2023;False;True;[]
TXN_9672367;BISCOITO;2;1,00;2,00;N/A;PRESENCIAL;21/12/2023;False;True;[]
TXN_1514364;CAFÉ;5;2,00;10,00;CARTEIRA DIGITAL;PRESENCIAL;21/01/2023;False;True;[]
TXN_1643122;SUCO;3;3,00;9,00;N/A;PRESENCIAL;15/05/2023;False;True;[]
TXN_2252586;CHÁ;3;1,50;4,50;DINHEIRO;PARA VIAGEM;08/09/2023;False;True;[]
TXN_8853027;VITAMINA;5;4,00;20,00;CARTÃO DE CRÉDITO;PRESENCIAL;21/06/2023;False;True;[]
TXN_1489200;N/A;1;3,00;3,00;N/A;N/A;27/03/2023;False;True;[]
TXN_2351890;CHÁ;4;1,50;6,00;N/A;PRESENCIAL;27/02/2023;False;True;[]
TXN_1026050;BOLO;1;3,00;3,00;N/A;N/A;23/04/2023;False;True;[]
TXN_3882139;VITAMINA;4;4,00;16,00;N/A;N/A;28/12/2023;False;True;[]
TXN_6149247;SANDUICHE;3;4,00;12,00;N/A;PARA VIAGEM;21/09/2023;False;True;[]
TXN_3371429;SALADA;2;5,00;10,00;CARTÃO DE CRÉDITO;N/A;01/11/2023;False;True;[]
TXN_5136479;SANDUICHE;1;;4,00;N/A;PRESENCIAL;04/01/2023;True;True;[]
TXN_5722175;CHÁ;2;1,50;3,00;CARTEIRA DIGITAL;PARA VIAGEM;01/03/2023;False;True;[]
TXN_4075198;SALADA;5;5,00;25,00;DINHEIRO;N/A;27/08/2023;False;True;[]
TXN_3865627;CAFÉ;4;2,00;8,00;N/A;PRESENCIAL;16/02/2023;False;True;[]
TXN_2136226;SUCO;2;;6,00;CARTEIRA DIGITAL;PRESENCIAL;12/12/2023;True;True;[]
TXN_2920551;SANDUICHE;4;4,00;16,00;CARTÃO DE CRÉDITO;PARA VIAGEM;27/11/2023;False;True;[]
TXN_9206923;SANDUICHE;1;4,00;4,00;N/A;N/A;16/11/2023;False;True;[]
TXN_6335909;SALADA;4;5,00;20,00;N/A;PRESENCIAL;21/06/2023;False;True;[]
TXN_8107970;CAFÉ;2;2,00;4,00;CARTÃO DE CRÉDITO;PARA VIAGEM;03/06/2023;False;True;[]
TXN_8079747;N/A;2;5,00;10,00;CARTEIRA DIGITAL;N/A;18/03/2023;False;True;[]
TXN_2135358;BOLO;5;3,00;15,00;CARTÃO DE CRÉDITO;N/A;28/05/2023;False;True;[]
TXN_1313701;BISCOITO;2;1,00;2,00;N/A;N/A;03/10/2023;False;True;[]
TXN_4035669;SUCO;3;3,00;9,00;DINHEIRO;N/A;21/04/2023;False;True;[]
TXN_4037502;CAFÉ;2;;4,00;DINHEIRO;PARA VIAGEM;10/08/2023;True;True;[]
TXN_6879752;CHÁ;1;1,50;1,50;CARTEIRA DIGITAL;PRESENCIAL;07/10/2023;False;True;[]
TXN_8708666;BOLO;4;;12,00;N/A;PARA VIAGEM;10/01/2023;True;True;[]
TXN_5535579;CAFÉ;5;2,00;10,00;DINHEIRO;PRESENCIAL;21/12/2023;False;True;[]
TXN_2449402;VITAMINA;5;4,00;20,00;DINHEIRO;N/A;29/01/2023;False;True;[]
TXN_6097759;VITAMINA;4;4,00;16,00;DINHEIRO;PRESENCIAL;18/06/2023;False;True;[]
TXN_9579740;BOLO;3;3,00;9,00;CARTEIRA DIGITAL;N/A;05/03/2023;False;True;[]
TXN_3026936;BOLO;5;3,00;15,00;N/A;N/A;19/05/2023;False;True;[]
TXN_2532519;BOLO;2;3,00;6,00;CARTEIRA DIGITAL;N/A;10/04/2023;False;True;[]
TXN_9959765;SUCO;4;3,00;12,00;DINHEIRO;N/A;19/02/2023;False;True;[]
TXN_9514996;SANDUICHE;2;4,00;8,00;CARTÃO DE CRÉDITO;PARA VIAGEM;25/07/2023;False;True;[]
TXN_6757560;BOLO;4;3,00;12,00;DINHEIRO;N/A;12/08/2023;False;True;[]
TXN_2222893;CAFÉ;4;2,00;8,00;N/A;PARA VIAGEM;20/12/2023;False;True;[]
TXN_4346607;SALADA;2;5,00;10,00;CARTEIRA DIGITAL;N/A;17/03/2023;False;True;[]
TXN_2586830;SUCO;1;3,00;3,00;N/A;PRESENCIAL;12/02/2023;False;True;[]
TXN_2706461;SALADA;3;5,00;15,00;CARTÃO DE CRÉDITO;N/A;13/12/2023;False;True;[]
TXN_1829391;SUCO;4;3,00;12,00;CARTÃO DE CRÉDITO;N/A;06/10/2023;False;True;[]
TXN_5022805;SANDUICHE;1;4,00;4,00;CARTÃO DE CRÉDITO;PARA VIAGEM;17/12/2023;False;True;[]
TXN_6815801;BISCOITO;1;1,00;1,00;CARTEIRA DIGITAL;PARA VIAGEM;15/03/2023;False;True;[]
TXN_2541441;BOLO;1;3,00;3,00;DINHEIRO;PARA VIAGEM;21/09/2023;False;True;[]
TXN_5189465;BISCOITO;4;1,00;4,00;N/A;PARA VIAGEM;04/10/2023;False;True;[]
TXN_1217810;BISCOITO;1;1,00;1,00;CARTEIRA DIGITAL;N/A;06/07/2023;False;True;[]
TXN_4894647;SALADA;2;5,00;10,00;DINHEIRO;PARA VIAGEM;26/12/2023;False;True;[]
TXN_7622855;SANDUICHE;2;4,00;8,00;CARTÃO DE CRÉDITO;N/A;10/07/2023;False;True;[]
TXN_3215610;N/A;2;3,00;6,00;CARTEIRA DIGITAL;PARA VIAGEM;14/06/2023;False;True;[]
TXN_9931637;BOLO;2;3,00;6,00;DINHEIRO;PARA VIAGEM;17/09/2023;False;True;[]
TXN_6625294;SANDUICHE;2;4,00;8,00;CARTEIRA DIGITAL;N/A;05/03/2023;False;True;[]
TXN_4577368;BOLO;4;3,00;12,00;DINHEIRO;N/A;29/05/2023;False;True;[]
TXN_4158904;SUCO;2;3,00;6,00;CARTEIRA DIGITAL;PRESENCIAL;31/01/2023;False;True;[]
TXN_3444569;N/A;1;4,00;4,00;CARTÃO DE CRÉDITO;PARA VIAGEM;07/10/2023;False;True;[]
TXN_1208926;BISCOITO;4;1,00;4,00;CARTÃO DE CRÉDITO;PRESENCIAL;07/12/2023;False;True;[]
TXN_8090361;CAFÉ;1;2,00;2,00;N/A;N/A;12/03/2023;False;True;[]
TXN_8363628;SALADA;1;5,00;5,00;CARTEIRA DIGITAL;N/A;07/04/2023;False;True;[]
TXN_4761088;BOLO;4;3,00;12,00;CARTEIRA DIGITAL;N/A;27/08/2023;False;True;[]
TXN_2672126;N/A;3;1,00;3,00;DINHEIRO;N/A;07/07/2023;False;True;[]
TXN_3232279;N/A;4;;16,00;N/A;PARA VIAGEM;30/05/2023;True;True;[]
TXN_8526941;SANDUICHE;5;;20,00;N/A;PARA VIAGEM;16/03/2023;True;True;[]
TXN_2453194;BOLO;4;3,00;12,00;CARTEIRA DIGITAL;N/A;18/11/2023;False;True;[]
TXN_9970195;CAFÉ;2;2,00;4,00;N/A;N/A;10/11/2023;False;True;[]
TXN_4458848;BISCOITO;2;1,00;2,00;N/A;PRESENCIAL;30/10/2023;False;True;[]
TXN_1606273;CAFÉ;1;2,00;2,00;CARTEIRA DIGITAL;PARA VIAGEM;02/11/2023;False;True;[]
TXN_8053946;CHÁ;1;1,50;1,50;N/A;PARA VIAGEM;18/09/2023;False;True;[]
TXN_7963189;BISCOITO;4;1,00;4,00;CARTEIRA DIGITAL;PARA VIAGEM;24/03/2023;False;True;[]
TXN_9151273;CHÁ;2;1,50;3,00;DINHEIRO;N/A;09/04/2023;False;True;[]
TXN_4702345;SALADA;4;5,00;20,00;CARTEIRA DIGITAL;N/A;08/01/2023;False;True;[]
TXN_7972349;BOLO;;3,00;12,00;N/A;PRESENCIAL;19/04/2023;True;True;[]
TXN_4832452;CHÁ;5;1,50;7,50;DINHEIRO;N/A;05/02/2023;False;True;[]
TXN_9314690;SALADA;2;5,00;10,00;CARTÃO DE CRÉDITO;N/A;11/12/2023;False;True;[]
TXN_3852141;BOLO;5;3,00;15,00;CARTÃO DE CRÉDITO;PRESENCIAL;04/08/2023;False;True;[]
TXN_4723529;SANDUICHE;2;4,00;8,00;N/A;N/A;25/03/2023;False;True;[]
TXN_9537106;N/A;;4,00;12,00;N/A;N/A;11/10/2023;True;True;[]
TXN_6039321;SALADA;2;5,00;10,00;CARTÃO DE CRÉDITO;N/A;15/02/2023;False;True;[]
TXN_5797307;CHÁ;5;1,50;7,50;N/A;PRESENCIAL;16/03/2023;False;True;[]
TXN_2262398;CHÁ;1;1,50;1,50;CARTÃO DE CRÉDITO;PARA VIAGEM;12/09/2023;False;True;[]
TXN_9813095;SUCO;2;3,00;6,00;DINHEIRO;N/A;12/06/2023;False;True;[]
TXN_8627869;SUCO;1;3,00;3,00;N/A;N/A;31/10/2023;False;True;[]
TXN_1123346;CHÁ;3;1,50;4,50;N/A;N/A;31/07/2023;False;True;[]
TXN_6729852;BISCOITO;4;1,00;4,00;N/A;N/A;29/06/2023;False;True;[]
TXN_9300618;CHÁ;3;1,50;4,50;CARTÃO DE CRÉDITO;N/A;06/03/2023;False;True;[]
TXN_7832527;BOLO;3;3,00;9,00;DINHEIRO;PRESENCIAL;26/01/2023;False;True;[]
TXN_4703100;SANDUICHE;1;4,00;4,00;N/A;N/A;26/01/2023;False;True;[]
TXN_1650385;SANDUICHE;1;4,00;4,00;N/A;N/A;24/07/2023;False;True;[]
TXN_3632068;N/A;2;3,00;6,00;DINHEIRO;N/A;29/08/2023;False;True;[]
TXN_2132434;SALADA;4;5,00;20,00;CARTEIRA DIGITAL;PRESENCIAL;03/06/2023;False;True;[]
TXN_3847176;SANDUICHE;3;4,00;12,00;N/A;PARA VIAGEM;07/05/2023;False;True;[]
TXN_9691955;SUCO;3;3,00;9,00;CARTÃO DE CRÉDITO;PRESENCIAL;03/11/2023;False;True;[]
TXN_4985415;CHÁ;4;1,50;6,00;CARTEIRA DIGITAL;N/A;01/08/2023;False;True;[]
TXN_1172121;CAFÉ;5;2,00;10,00;DINHEIRO;PARA VIAGEM;26/08/2023;False;True;[]
TXN_2521185;VITAMINA;2;4,00;8,00;DINHEIRO;PARA VIAGEM;20/03/2023;False;True;[]
TXN_6233021;SUCO;5;3,00;15,00;CARTEIRA DIGITAL;PARA VIAGEM;22/12/2023;False;True;[]
TXN_7498795;BISCOITO;2;1,00;2,00;DINHEIRO;PARA VIAGEM;11/03/2023;False;True;[]
TXN_6730130;CHÁ;2;1,50;3,00;N/A;N/A;16/10/2023;False;True;[]
TXN_8810855;SANDUICHE;4;4,00;16,00;N/A;N/A;30/04/2023;False;True;[]
TXN_1599516;SUCO;3;3,00;9,00;DINHEIRO;PRESENCIAL;11/05/2023;False;True;[]
TXN_6888839;CHÁ;3;1,50;4,50;CARTEIRA DIGITAL;PARA VIAGEM;19/11/2023;False;True;[]
TXN_5970304;N/A;4;5,00;20,00;CARTÃO DE CRÉDITO;N/A;14/07/2023;False;True;[]
TXN_4559065;SUCO;1;3,00;3,00;DINHEIRO;PRESENCIAL;03/05/2023;False;True;[]
TXN_7637325;BISCOITO;4;1,00;4,00;N/A;N/A;03/05/2023;False;True;[]
TXN_9685491;CAFÉ;4;2,00;8,00;DINHEIRO;N/A;20/09/2023;False;True;[]
TXN_1767321;SANDUICHE;1;4,00;4,00;N/A;PRESENCIAL;24/03/2023;False;True;[]
TXN_9046415;VITAMINA;2;4,00;8,00;N/A;N/A;06/06/2023;False;True;[]
TXN_3785168;N/A;3;3,00;9,00;N/A;PARA VIAGEM;01/05/2023;False;True;[]
TXN_2696377;SUCO;4;3,00;12,00;CARTEIRA DIGITAL;PRESENCIAL;11/04/2023;False;True;[]
TXN_7754382;SANDUICHE;4;4,00;16,00;CARTÃO DE CRÉDITO;N/A;28/06/2023;False;True;[]
TXN_4602865;BISCOITO;5;1,00;5,00;CARTEIRA DIGITAL;PARA VIAGEM;27/09/2023;False;True;[]
TXN_5966765;BOLO;5;3,00;15,00;CARTÃO DE CRÉDITO;PARA VIAGEM;09/11/2023;False;True;[]
TXN_4328228;SANDUICHE;5;4,00;20,00;N/A;N/A;08/01/2023;False;True;[]
TXN_2462604;CHÁ;5;1,50;7,50;CARTÃO DE CRÉDITO;N/A;13/07/2023;False;True;[]
TXN_2897354;SUCO;4;3,00;12,00;N/A;PRESENCIAL;22/06/2023;False;True;[]
TXN_5280256;N/A;5;1,00;5,00;N/A;PRESENCIAL;12/07/2023;False;True;[]
TXN_3283631;SANDUICHE;2;4,00;8,00;CARTÃO DE CRÉDITO;PRESENCIAL;15/03/2023;False;True;[]
TXN_8929329;SUCO;4;3,00;12,00;N/A;N/A;29/10/2023;False;True;[]
TXN_1328953;VITAMINA;3;4,00;12,00;N/A;N/A;28/12/2023;False;True;[]
TXN_4852852;VITAMINA;2;4,00;8,00;N/A;N/A;06/10/2023;False;True;[]
TXN_3344089;SANDUICHE;4;4,00;16,00;DINHEIRO;PRESENCIAL;10/08/2023;False;True;[]
TXN_2909634;VITAMINA;1;;4,00;N/A;PARA VIAGEM;02/10/2023;True;True;[]
TXN_7551280;BISCOITO;4;1,00;4,00;CARTÃO DE CRÉDITO;PARA VIAGEM;14/04/2023;False;True;[]
TXN_5390533;VITAMINA;3;4,00;12,00;N/A;PRESENCIAL;18/11/2023;False;True;[]
TXN_8487216;CHÁ;1;1,50;1,50;DINHEIRO;N/A;01/07/2023;False;True;[]
TXN_3863163;BISCOITO;3;1,00;3,00;CARTEIRA DIGITAL;PARA VIAGEM;12/10/2023;False;True;[]
TXN_4260865;VITAMINA;4;4,00;16,00;N/A;N/A;25/02/2023;False;True;[]
TXN_7922471;BOLO;3;3,00;9,00;DINHEIRO;N/A;18/04/2023;False;True;[]
TXN_3653560;CAFÉ;4;2,00;8,00;CARTEIRA DIGITAL;PARA VIAGEM;01/07/2023;False;True;[]
TXN_4075817;BISCOITO;2;1,00;2,00;DINHEIRO;N/A;18/03/2023;False;True;[]
TXN_3715065;SALADA;3;5,00;15,00;CARTÃO DE CRÉDITO;N/A;17/03/2023;False;True;[]
TXN_9549208;CAFÉ;1;2,00;2,00;CARTEIRA DIGITAL;PRESENCIAL;30/10/2023;False;True;[]
TXN_2919952;SUCO;;3,00;15,00;CARTEIRA DIGITAL;PRESENCIAL;17/02/2023;True;True;[]
TXN_2670824;SUCO;2;3,00;6,00;CARTEIRA DIGITAL;PARA VIAGEM;03/03/2023;False;True;[]
TXN_7455953;CAFÉ;2;2,00;4,00;N/A;N/A;01/05/2023;False;True;[]
TXN_5926432;VITAMINA;4;4,00;16,00;DINHEIRO;PRESENCIAL;29/06/2023;False;True;[]
TXN_8235381;BISCOITO;3;1,00;3,00;CARTEIRA DIGITAL;PRESENCIAL;01/03/2023;False;True;[]
TXN_6206679;CHÁ;1;1,50;1,50;N/A;PRESENCIAL;01/05/2023;False;True;[]
TXN_2954630;SALADA;2;5,00;10,00;CARTÃO DE CRÉDITO;N/A;30/09/2023;False;True;[]
TXN_1402641;CHÁ;3;1,50;4,50;CARTÃO DE CRÉDITO;PARA VIAGEM;12/09/2023;False;True;[]
TXN_6405489;SANDUICHE;3;4,00;12,00;CARTÃO DE CRÉDITO;PARA VIAGEM;04/05/2023;False;True;[]
TXN_3003311;BOLO;5;3,00;15,00;CARTEIRA DIGITAL;PRESENCIAL;01/08/2023;False;True;[]
TXN_3273540;N/A;1;3,00;3,00;CARTÃO DE CRÉDITO;N/A;21/08/2023;False;True;[]
TXN_4570881;N/A;1;2,00;2,00;N/A;N/A;14/09/2023;False;True;[]
TXN_3421404;N/A;4;4,00;16,00;CARTÃO DE CRÉDITO;N/A;05/05/2023;False;True;[]
TXN_8468509;N/A;;4,00;12,00;CARTÃO DE CRÉDITO;N/A;13/06/2023;True;True;[]
TXN_9436342;SUCO;4;3,00;12,00;CARTEIRA DIGITAL;PRESENCIAL;26/11/2023;False;True;[]
TXN_3110245;BOLO;5;;15,00;DINHEIRO;PARA VIAGEM;21/04/2023;True;True;[]
TXN_1999100;VITAMINA;3;4,00;12,00;CARTEIRA DIGITAL;N/A;08/11/2023;False;True;[]
TXN_3654203;CAFÉ;1;;2,00;N/A;N/A;21/04/2023;True;True;[]
TXN_2406283;SUCO;4;3,00;12,00;CARTEIRA DIGITAL;PRESENCIAL;24/02/2023;False;True;[]
TXN_8964166;SUCO;5;3,00;15,00;DINHEIRO;N/A;10/11/2023;False;True;[]
TXN_1354464;BOLO;5;3,00;15,00;CARTEIRA DIGITAL;PRESENCIAL;18/03/2023;False;True;[]
TXN_5582443;SALADA;3;5,00;15,00;CARTÃO DE CRÉDITO;PRESENCIAL;13/04/2023;False;True;[]
TXN_6204081;BOLO;1;3,00;3,00;CARTEIRA DIGITAL;PARA VIAGEM;12/07/2023;False;True;[]
TXN_8647048;SANDUICHE;2;4,00;8,00;CARTÃO DE CRÉDITO;PRESENCIAL;03/11/2023;False;True;[]
TXN_1689024;CAFÉ;5;2,00;10,00;CARTÃO DE CRÉDITO;PRESENCIAL;17/04/2023;False;True;[]
TXN_5422928;CHÁ;4;1,50;6,00;CARTEIRA DIGITAL;PARA VIAGEM;20/09/2023;False;True;[]
TXN_9855567;BISCOITO;3;1,00;3,00;CARTÃO DE CRÉDITO;N/A;25/05/2023;False;True;[]
TXN_3311860;SUCO;1;3,00;3,00;CARTEIRA DIGITAL;PRESENCIAL;21/11/2023;False;True;[]
TXN_4147675;CHÁ;2;1,50;3,00;CARTÃO DE CRÉDITO;PRESENCIAL;04/01/2023;False;True;[]
TXN_7560178;BISCOITO;5;1,00;5,00;CARTEIRA DIGITAL;PRESENCIAL;17/08/2023;False;True;[]
TXN_4677478;BOLO;4;3,00;12,00;N/A;PRESENCIAL;09/07/2023;False;True;[]
TXN_3930990;CHÁ;4;1,50;6,00;CARTEIRA DIGITAL;PARA VIAGEM;27/02/2023;False;True;[]
TXN_8675922;N/A;4;5,00;20,00;N/A;N/A;31/03/2023;False;True;[]
TXN_6621596;SALADA;2;5,00;10,00;CARTÃO DE CRÉDITO;N/A;25/09/2023;False;True;[]
TXN_8076942;BISCOITO;2;1,00;2,00;DINHEIRO;PARA VIAGEM;29/04/2023;False;True;[]
TXN_4367689;BISCOITO;2;1,00;2,00;DINHEIRO;N/A;30/09/2023;False;True;[]
TXN_2941800;SALADA;5;5,00;25,00;DINHEIRO;N/A;25/04/2023;False;True;[]
TXN_7072581;BISCOITO;2;1,00;2,00;CARTÃO DE CRÉDITO;N/A;12/08/2023;False;True;[]
TXN_7809506;SALADA;2;5,00;10,00;N/A;PARA VIAGEM;05/06/2023;False;True;[]
TXN_6884558;N/A;1;3,00;3,00;DINHEIRO;PRESENCIAL;14/08/2023;False;True;[]
TXN_6864420;BISCOITO;2;1,00;2,00;CARTÃO DE CRÉDITO;PARA VIAGEM;18/06/2023;False;True;[]
TXN_3109057;CHÁ;4;1,50;6,00;DINHEIRO;N/A;26/11/2023;False;True;[]
TXN_2257337;BISCOITO;4;1,00;4,00;DINHEIRO;N/A;24/07/2023;False;True;[]
TXN_9417344;CHÁ;3;1,50;4,50;N/A;PARA VIAGEM;09/11/2023;False;True;[]
TXN_6503884;SUCO;1;3,00;3,00;DINHEIRO;PRESENCIAL;28/05/2023;False;True;[]
TXN_2206639;CAFÉ;4;2,00;8,00;DINHEIRO;PARA VIAGEM;29/06/2023;False;True;[]
TXN_9337894;CHÁ;2;1,50;3,00;N/A;N/A;30/12/2023;False;True;[]
TXN_7068361;SUCO;5;3,00;15,00;CARTÃO DE CRÉDITO;N/A;25/12/2023;False;True;[]
TXN_1405124;N/A;3;4,00;12,00;CARTEIRA DIGITAL;PARA VIAGEM;03/08/2023;False;True;[]
TXN_2395608;CHÁ;3;;4,50;DINHEIRO;PRESENCIAL;16/03/2023;True;True;[]
TXN_5423024;VITAMINA;1;4,00;4,00;CARTEIRA DIGITAL;PRESENCIAL;30/04/2023;False;True;[]
TXN_2802630;BISCOITO;4;1,00;4,00;N/A;PARA VIAGEM;18/06/2023;False;True;[]
TXN_3134595;SUCO;3;3,00;9,00;CARTÃO DE CRÉDITO;PARA VIAGEM;25/02/2023;False;True;[]
TXN_2251128;VITAMINA;3;4,00;12,00;CARTÃO DE CRÉDITO;PRESENCIAL;07/06/2023;False;True;[]
TXN_4213071;SALADA;1;5,00;5,00;N/A;PARA VIAGEM;10/04/2023;False;True;[]
TXN_6220280;CHÁ;1;1,50;1,50;CARTÃO DE CRÉDITO;N/A;15/02/2023;False;True;[]
TXN_4832163;BOLO;4;3,00;12,00;DINHEIRO;PARA VIAGEM;17/11/2023;False;True;[]
TXN_6663451;BOLO;1;3,00;3,00;DINHEIRO;N/A;05/08/2023;False;True;[]
TXN_1443928;BOLO;4;3,00;12,00;DINHEIRO;PARA VIAGEM;03/12/2023;False;True;[]
TXN_1670597;CAFÉ;2;2,00;4,00;DINHEIRO;PARA VIAGEM;21/05/2023;False;True;[]
TXN_3854210;VITAMINA;1;4,00;4,00;DINHEIRO;N/A;30/12/2023;False;True;[]
TXN_2165745;CAFÉ;4;2,00;8,00;CARTÃO DE CRÉDITO;PRESENCIAL;31/01/2023;False;True;[]
TXN_3082888;CHÁ;1;1,50;1,50;DINHEIRO;PRESENCIAL;20/09/2023;False;True;[]
TXN_2294397;CAFÉ;5;2,00;10,00;CARTEIRA DIGITAL;PRESENCIAL;25/02/2023;False;True;[]
TXN_4160784;BISCOITO;5;1,00;5,00;N/A;PRESENCIAL;20/05/2023;False;True;[]
TXN_7248594;CAFÉ;3;2,00;6,00;CARTÃO DE CRÉDITO;PRESENCIAL;26/03/2023;False;True;[]
TXN_5031020;CAFÉ;5;2,00;10,00;N/A;N/A;25/11/2023;False;True;[]
TXN_3059966;VITAMINA;1;4,00;4,00;CARTEIRA DIGITAL;PRESENCIAL;24/12/2023;False;True;[]
TXN_9287780;VITAMINA;2;;8,00;DINHEIRO;PRESENCIAL;02/09/2023;True;True;[]
TXN_1022220;SUCO;3;3,00;9,00;N/A;PARA VIAGEM;03/08/2023;False;True;[]
TXN_7144740;BOLO;4;3,00;12,00;N/A;N/A;24/07/2023;False;True;[]
TXN_7666945;CHÁ;5;1,50;7,50;N/A;N/A;07/07/2023;False;True;[]
TXN_7880000;SALADA;3;5,00;15,00;CARTÃO DE CRÉDITO;PRESENCIAL;28/01/2023;False;True;[]
TXN_4900574;SUCO;3;3,00;9,00;N/A;N/A;06/05/2023;False;True;[]
TXN_7838576;CAFÉ;3;2,00;6,00;N/A;PRESENCIAL;11/11/2023;False;True;[]
TXN_1419188;BOLO;5;3,00;15,00;CARTÃO DE CRÉDITO;N/A;26/11/2023;False;True;[]
TXN_1767201;N/A;5;5,00;25,00;CARTÃO DE CRÉDITO;N/A;12/07/2023;False;True;[]
TXN_2964794;BOLO;2;3,00;6,00;N/A;PARA VIAGEM;09/03/2023;False;True;[]
TXN_3936162;BISCOITO;1;1,00;1,00;N/A;N/A;26/02/2023;False;True;[]
TXN_4432082;SUCO;5;3,00;15,00;N/A;N/A;20/04/2023;False;True;[]
TXN_9496791;SALADA;4;5,00;20,00;CARTÃO DE CRÉDITO;PRESENCIAL;19/07/2023;False;True;[]
TXN_4194115;CHÁ;5;1,50;7,50;N/A;N/A;17/08/2023;False;True;[]
TXN_7741707;SALADA;3;5,00;15,00;N/A;PARA VIAGEM;09/05/2023;False;True;[]
TXN_4216055;BISCOITO;5;1,00;5,00;CARTEIRA DIGITAL;N/A;27/12/2023;False;True;[]
TXN_2320493;VITAMINA;1;4,00;4,00;CARTEIRA DIGITAL;PRESENCIAL;22/03/2023;False;True;[]
TXN_4835929;CAFÉ;2;2,00;4,00;N/A;PRESENCIAL;03/10/2023;False;True;[]
TXN_6755791;CAFÉ;2;2,00;4,00;DINHEIRO;N/A;01/04/2023;False;True;[]
TXN_9861432;BISCOITO;2;1,00;2,00;N/A;PARA VIAGEM;09/12/2023;False;True;[]
TXN_8271278;CHÁ;1;1,50;1,50;N/A;N/A;01/07/2023;False;True;[]
TXN_2005032;BISCOITO;2;1,00;2,00;CARTEIRA DIGITAL;N/A;30/11/2023;False;True;[]
TXN_4208919;N/A;3;;12,00;N/A;PARA VIAGEM;30/05/2023;True;True;[]
TXN_9699083;VITAMINA;1;;4,00;DINHEIRO;PRESENCIAL;12/02/2023;True;True;[]
TXN_5714767;SALADA;4;5,00;20,00;CARTEIRA DIGITAL;PARA VIAGEM;02/03/2023;False;True;[]
TXN_5844851;VITAMINA;5;4,00;20,00;N/A;N/A;15/02/2023;False;True;[]
TXN_8141558;BOLO;5;3,00;15,00;CARTÃO DE CRÉDITO;N/A;05/12/2023;False;True;[]
TXN_4314314;BOLO;4;3,00;12,00;DINHEIRO;N/A;02/01/2023;False;True;[]
TXN_4155001;VITAMINA;1;4,00;4,00;N/A;N/A;30/11/2023;False;True;[]
TXN_1072678;SUCO;2;3,00;6,00;DINHEIRO;N/A;30/05/2023;False;True;[]
TXN_7981162;BOLO;3;3,00;9,00;CARTÃO DE CRÉDITO;PARA VIAGEM;30/05/2023;False;True;[]
TXN_2316206;BISCOITO;1;1,00;1,00;CARTÃO DE CRÉDITO;PRESENCIAL;23/01/2023;False;True;[]
TXN_7343342;BISCOITO;2;1,00;2,00;DINHEIRO;PARA VIAGEM;21/12/2023;False;True;[]
TXN_4573096;CAFÉ;1;2,00;2,00;CARTEIRA DIGITAL;PRESENCIAL;13/08/2023;False;True;[]
TXN_3577482;N/A;4;3,00;12,00;CARTEIRA DIGITAL;N/A;01/06/2023;False;True;[]
TXN_6370625;SANDUICHE;3;4,00;12,00;CARTÃO DE CRÉDITO;PRESENCIAL;26/08/2023;False;True;[]
TXN_7580803;SUCO;4;3,00;12,00;DINHEIRO;PRESENCIAL;06/04/2023;False;True;[]
TXN_8306028;SALADA;1;5,00;5,00;N/A;PARA VIAGEM;27/02/2023;False;True;[]
TXN_7530692;CAFÉ;1;2,00;2,00;CARTÃO DE CRÉDITO;N/A;30/06/2023;False;True;[]
TXN_4383002;CAFÉ;1;2,00;2,00;N/A;PRESENCIAL;18/12/2023;False;True;[]
TXN_2939069;VITAMINA;5;4,00;20,00;CARTÃO DE CRÉDITO;PARA VIAGEM;06/09/2023;False;True;[]
TXN_2301001;VITAMINA;1;4,00;4,00;N/A;PARA VIAGEM;06/01/2023;False;True;[]
TXN_5009924;BOLO;3;3,00;9,00;CARTEIRA DIGITAL;N/A;08/09/2023;False;True;[]
TXN_9988801;VITAMINA;5;4,00;20,00;DINHEIRO;N/A;20/10/2023;False;True;[]
TXN_7895514;N/A;4;3,00;12,00;CARTEIRA DIGITAL;PARA VIAGEM;06/08/2023;False;True;[]
TXN_8432045;BOLO;3;3,00;9,00;CARTÃO DE CRÉDITO;N/A;09/11/2023;False;True;[]
TXN_8127433;SANDUICHE;3;4,00;12,00;N/A;PARA VIAGEM;11/07/2023;False;True;[]
TXN_7640914;SALADA;1;5,00;5,00;CARTÃO DE CRÉDITO;N/A;12/02/2023;False;True;[]
TXN_4374963;SUCO;1;3,00;3,00;DINHEIRO;PRESENCIAL;04/07/2023;False;True;[]
TXN_3212317;SALADA;5;5,00;25,00;N/A;PARA VIAGEM;25/05/2023;False;True;[]
TXN_7744874;CAFÉ;1;2,00;2,00;DINHEIRO;N/A;28/06/2023;False;True;[]
TXN_7768350;BISCOITO;1;1,00;1,00;DINHEIRO;PRESENCIAL;19/08/2023;False;True;[]
TXN_9128859;CAFÉ;2;2,00;4,00;N/A;PARA VIAGEM;28/11/2023;False;True;[]
TXN_9375649;BISCOITO;4;1,00;4,00;N/A;PRESENCIAL;06/03/2023;False;True;[]
TXN_4401563;SUCO;5;3,00;15,00;CARTEIRA DIGITAL;PARA VIAGEM;20/09/2023;False;True;[]
TXN_8502946;VITAMINA;3;4,00;12,00;N/A;PRESENCIAL;15/09/2023;False;True;[]
TXN_8687294;VITAMINA;3;4,00;12,00;CARTÃO DE CRÉDITO;N/A;01/08/2023;False;True;[]
TXN_2176821;N/A;3;5,00;15,00;CARTEIRA DIGITAL;N/A;05/05/2023;False;True;[]
TXN_8443384;SANDUICHE;5;4,00;20,00;CARTEIRA DIGITAL;PRESENCIAL;13/02/2023;False;True;[]
TXN_5053064;SALADA;3;5,00;15,00;N/A;N/A;19/06/2023;False;True;[]
TXN_7824739;BISCOITO;3;1,00;3,00;CARTEIRA DIGITAL;N/A;17/07/2023;False;True;[]
TXN_7226406;BOLO;1;3,00;3,00;CARTÃO DE CRÉDITO;N/A;11/02/2023;False;True;[]
TXN_9793806;CHÁ;3;1,50;4,50;CARTEIRA DIGITAL;PARA VIAGEM;25/04/2023;False;True;[]
TXN_8195843;BISCOITO;4;1,00;4,00;N/A;N/A;02/06/2023;False;True;[]
TXN_6027923;N/A;1;5,00;5,00;CARTEIRA DIGITAL;PARA VIAGEM;23/07/2023;False;True;[]
TXN_5438652;SANDUICHE;4;4,00;16,00;DINHEIRO;N/A;17/03/2023;False;True;[]
TXN_8385625;CHÁ;4;1,50;6,00;CARTEIRA DIGITAL;PARA VIAGEM;23/12/2023;False;True;[]
TXN_7814715;BISCOITO;5;1,00;5,00;DINHEIRO;N/A;24/04/2023;False;True;[]
TXN_6532452;VITAMINA;5;4,00;20,00;DINHEIRO;PARA VIAGEM;24/02/2023;False;True;[]
TXN_9706608;VITAMINA;1;4,00;4,00;DINHEIRO;N/A;22/05/2023;False;True;[]
TXN_5963749;BOLO;1;3,00;3,00;CARTEIRA DIGITAL;PRESENCIAL;04/11/2023;False;True;[]
TXN_6885218;SALADA;1;5,00;5,00;N/A;PRESENCIAL;23/10/2023;False;True;[]
TXN_3845871;SANDUICHE;1;4,00;4,00;N/A;PRESENCIAL;29/10/2023;False;True;[]
TXN_5767392;BOLO;5;3,00;15,00;CARTÃO DE CRÉDITO;N/A;24/10/2023;False;True;[]
TXN_8685281;CHÁ;1;;1,50;CARTEIRA DIGITAL;PRESENCIAL;30/07/2023;True;True;[]
TXN_3205079;BOLO;5;3,00;15,00;CARTÃO DE CRÉDITO;N/A;07/11/2023;False;True;[]
TXN_1523626;BOLO;4;3,00;12,00;N/A;PARA VIAGEM;21/07/2023;False;True;[]
TXN_8944202;VITAMINA;3;4,00;12,00;CARTÃO DE CRÉDITO;PARA VIAGEM;08/06/2023;False;True;[]
TXN_2402993;BISCOITO;5;1,00;5,00;DINHEIRO;PARA VIAGEM;11/06/2023;False;True;[]
TXN_1340358;SANDUICHE;3;4,00;12,00;DINHEIRO;PARA VIAGEM;09/06/2023;False;True;[]
TXN_6959328;SANDUICHE;3;4,00;12,00;CARTÃO DE CRÉDITO;PARA VIAGEM;23/04/2023;False;True;[]
TXN_1613996;SUCO;2;3,00;6,00;N/A;PRESENCIAL;12/10/2023;False;True;[]
TXN_9285475;CHÁ;5;1,50;7,50;CARTEIRA DIGITAL;N/A;14/11/2023;False;True;[]
TXN_8077929;CHÁ;3;1,50;4,50;CARTEIRA DIGITAL;PARA VIAGEM;06/08/2023;False;True;[]
TXN_7899009;N/A;1;2,00;2,00;DINHEIRO;N/A;08/03/2023;False;True;[]
TXN_9213505;SANDUICHE;2;4,00;8,00;N/A;N/A;01/11/2023;False;True;[]
TXN_8724602;SUCO;4;3,00;12,00;CARTÃO DE CRÉDITO;PARA VIAGEM;26/06/2023;False;True;[]
TXN_9067597;SALADA;4;;20,00;DINHEIRO;PARA VIAGEM;02/11/2023;True;True;[]
TXN_9714116;SANDUICHE;4;4,00;16,00;N/A;PRESENCIAL;17/11/2023;False;True;[]
TXN_8987697;BISCOITO;5;1,00;5,00;DINHEIRO;N/A;19/12/2023;False;True;[]
TXN_1940778;CHÁ;2;1,50;3,00;DINHEIRO;PRESENCIAL;01/02/2023;False;True;[]
TXN_4271502;N/A;2;3,00;6,00;N/A;N/A;03/07/2023;False;True;[]
TXN_8124795;SALADA;5;5,00;25,00;N/A;PRESENCIAL;11/08/2023;False;True;[]
TXN_7860953;SANDUICHE;1;4,00;4,00;CARTEIRA DIGITAL;PARA VIAGEM;10/09/2023;False;True;[]
TXN_8164119;CHÁ;3;1,50;4,50;CARTÃO DE CRÉDITO;PARA VIAGEM;07/01/2023;False;True;[]
TXN_7809290;BOLO;1;3,00;3,00;DINHEIRO;PARA VIAGEM;14/10/2023;False;True;[]
TXN_5332538;CAFÉ;3;2,00;6,00;N/A;N/A;15/01/2023;False;True;[]
TXN_7375024;N/A;1;1,00;1,00;DINHEIRO;PRESENCIAL;10/12/2023;False;True;[]
TXN_5675095;SANDUICHE;4;4,00;16,00;CARTEIRA DIGITAL;PARA VIAGEM;18/05/2023;False;True;[]
TXN_4197851;SALADA;;5,00;15,00;CARTEIRA DIGITAL;PRESENCIAL;05/02/2023;True;True;[]
TXN_7931086;SANDUICHE;3;4,00;12,00;CARTÃO DE CRÉDITO;N/A;25/06/2023;False;True;[]
TXN_2536573;N/A;2;;8,00;DINHEIRO;PRESENCIAL;24/06/2023;True;True;[]
TXN_3374262;N/A;2;1,50;3,00;N/A;PRESENCIAL;14/04/2023;False;True;[]
TXN_9110336;BISCOITO;5;1,00;5,00;CARTEIRA DIGITAL;N/A;06/04/2023;False;True;[]
TXN_3901665;SUCO;1;3,00;3,00;CARTÃO DE CRÉDITO;PARA VIAGEM;19/10/2023;False;True;[]
TXN_9211917;VITAMINA;4;4,00;16,00;N/A;PRESENCIAL;17/12/2023;False;True;[]
TXN_7893709;N/A;4;3,00;12,00;CARTÃO DE CRÉDITO;N/A;14/03/2023;False;True;[]
TXN_4296023;CHÁ;5;1,50;7,50;CARTEIRA DIGITAL;PRESENCIAL;08/10/2023;False;True;[]
TXN_3403409;BOLO;2;3,00;6,00;N/A;N/A;22/02/2023;False;True;[]
TXN_1398511;CAFÉ;5;2,00;10,00;N/A;PARA VIAGEM;19/12/2023;False;True;[]
TXN_4350854;BISCOITO;2;1,00;2,00;DINHEIRO;PRESENCIAL;31/01/2023;False;True;[]
TXN_1867158;BISCOITO;4;1,00;4,00;CARTEIRA DIGITAL;PARA VIAGEM;16/05/2023;False;True;[]
TXN_2662711;SUCO;1;3,00;3,00;N/A;N/A;02/11/2023;False;True;[]
TXN_4439660;CAFÉ;3;2,00;6,00;N/A;N/A;06/02/2023;False;True;[]
TXN_9417252;SANDUICHE;2;4,00;8,00;CARTÃO DE CRÉDITO;N/A;17/08/2023;False;True;[]
TXN_7502558;N/A;5;3,00;15,00;N/A;PRESENCIAL;23/02/2023;False;True;[]
TXN_8453282;BISCOITO;3;1,00;3,00;DINHEIRO;N/A;08/03/2023;False;True;[]
TXN_5921766;VITAMINA;3;4,00;12,00;N/A;PRESENCIAL;06/11/2023;False;True;[]
TXN_7688029;BOLO;5;3,00;15,00;CARTÃO DE CRÉDITO;PRESENCIAL;30/05/2023;False;True;[]
TXN_2000331;N/A;3;4,00;12,00;N/A;PARA VIAGEM;30/03/2023;False;True;[]
TXN_3420633;SALADA;4;5,00;20,00;CARTEIRA DIGITAL;PARA VIAGEM;11/04/2023;False;True;[]
TXN_3431892;BOLO;2;3,00;6,00;N/A;PRESENCIAL;18/07/2023;False;True;[]
TXN_5220527;BISCOITO;4;1,00;4,00;CARTEIRA DIGITAL;PARA VIAGEM;06/08/2023;False;True;[]
TXN_1205773;SALADA;5;5,00;25,00;DINHEIRO;N/A;27/01/2023;False;True;[]
TXN_3061405;VITAMINA;5;4,00;20,00;N/A;PARA VIAGEM;01/12/2023;False;True;[]
TXN_8696857;CAFÉ;1;2,00;2,00;CARTEIRA DIGITAL;PARA VIAGEM;01/10/2023;False;True;[]
TXN_9668265;BISCOITO;3;1,00;3,00;CARTÃO DE CRÉDITO;N/A;20/06/2023;False;True;[]
TXN_7463102;VITAMINA;5;4,00;20,00;DINHEIRO;PARA VIAGEM;27/11/2023;False;True;[]
TXN_4547294;CHÁ;1;1,50;1,50;N/A;N/A;30/09/2023;False;True;[]
TXN_8430882;SANDUICHE;2;4,00;8,00;CARTEIRA DIGITAL;PARA VIAGEM;17/06/2023;False;True;[]
TXN_9114647;SALADA;5;5,00;25,00;CARTEIRA DIGITAL;PRESENCIAL;19/11/2023;False;True;[]
TXN_5413433;SUCO;4;3,00;12,00;CARTEIRA DIGITAL;PRESENCIAL;03/06/2023;False;True;[]
TXN_9388222;BISCOITO;1;1,00;1,00;CARTEIRA DIGITAL;PRESENCIAL;21/04/2023;False;True;[]
TXN_6618750;VITAMINA;5;4,00;20,00;CARTÃO DE CRÉDITO;N/A;07/03/2023;False;True;[]
TXN_6712087;BOLO;2;3,00;6,00;N/A;PRESENCIAL;06/06/2023;False;True;[]
TXN_1862184;CAFÉ;4;2,00;8,00;N/A;PRESENCIAL;21/01/2023;False;True;[]
TXN_6149800;SANDUICHE;4;4,00;16,00;CARTEIRA DIGITAL;N/A;05/05/2023;False;True;[]
TXN_6433525;VITAMINA;2;4,00;8,00;N/A;N/A;02/09/2023;False;True;[]
TXN_2642834;SALADA;2;5,00;10,00;DINHEIRO;N/A;13/11/2023;False;True;[]
TXN_6745398;CHÁ;4;1,50;6,00;N/A;N/A;28/02/2023;False;True;[]
TXN_5660949;BISCOITO;3;1,00;3,00;CARTÃO DE CRÉDITO;PRESENCIAL;10/01/2023;False;True;[]
TXN_9540340;SANDUICHE;2;4,00;8,00;DINHEIRO;N/A;15/11/2023;False;True;[]
TXN_5200292;N/A;4;5,00;20,00;DINHEIRO;N/A;12/01/2023;False;True;[]
TXN_4118960;VITAMINA;5;4,00;20,00;CARTÃO DE CRÉDITO;PARA VIAGEM;24/09/2023;False;True;[]
TXN_2265543;SALADA;3;5,00;15,00;N/A;PARA VIAGEM;19/02/2023;False;True;[]
TXN_7360979;SANDUICHE;1;4,00;4,00;N/A;PRESENCIAL;16/08/2023;False;True;[]
TXN_1849597;SANDUICHE;2;4,00;8,00;DINHEIRO;N/A;01/11/2023;False;True;[]
TXN_3214521;CHÁ;4;1,50;6,00;N/A;N/A;30/06/2023;False;True;[]
TXN_5107249;VITAMINA;4;4,00;16,00;DINHEIRO;N/A;20/03/2023;False;True;[]
TXN_1941099;N/A;5;1,00;5,00;DINHEIRO;N/A;14/04/2023;False;True;[]
TXN_3228646;BISCOITO;5;1,00;5,00;CARTÃO DE CRÉDITO;N/A;19/09/2023;False;True;[]
TXN_3295578;N/A;1;3,00;3,00;N/A;PRESENCIAL;04/05/2023;False;True;[]
TXN_3717422;SALADA;2;5,00;10,00;DINHEIRO;N/A;15/06/2023;False;True;[]
TXN_5350735;CHÁ;2;1,50;3,00;DINHEIRO;N/A;08/04/2023;False;True;[]
TXN_1128577;SANDUICHE;1;4,00;4,00;CARTEIRA DIGITAL;PRESENCIAL;23/11/2023;False;True;[]
TXN_6533267;CHÁ;3;1,50;4,50;DINHEIRO;PRESENCIAL;14/07/2023;False;True;[]
TXN_1413310;VITAMINA;3;4,00;12,00;N/A;PARA VIAGEM;06/04/2023;False;True;[]
TXN_4166020;N/A;4;3,00;12,00;CARTEIRA DIGITAL;PRESENCIAL;18/08/2023;False;True;[]
TXN_9496018;N/A;5;1,50;7,50;N/A;PARA VIAGEM;05/01/2023;False;True;[]
TXN_5609139;N/A;2;1,50;3,00;CARTEIRA DIGITAL;N/A;13/10/2023;False;True;[]
TXN_5087453;CHÁ;3;1,50;4,50;DINHEIRO;PARA VIAGEM;09/04/2023;False;True;[]
TXN_3312088;BOLO;;3,00;3,00;CARTEIRA DIGITAL;N/A;17/08/2023;True;True;[]
TXN_2049313;N/A;4;1,50;6,00;CARTÃO DE CRÉDITO;N/A;25/12/2023;False;True;[]
TXN_4001774;CHÁ;5;1,50;7,50;N/A;PARA VIAGEM;10/02/2023;False;True;[]
TXN_9627891;CAFÉ;2;2,00;4,00;CARTÃO DE CRÉDITO;PRESENCIAL;09/01/2023;False;True;[]
TXN_5584275;VITAMINA;1;4,00;4,00;CARTÃO DE CRÉDITO;PRESENCIAL;10/07/2023;False;True;[]
TXN_1873800;VITAMINA;3;4,00;12,00;N/A;PRESENCIAL;01/02/2023;False;True;[]
TXN_3602823;CAFÉ;4;2,00;8,00;N/A;N/A;26/08/2023;False;True;[]
TXN_5528426;VITAMINA;4;4,00;16,00;DINHEIRO;PARA VIAGEM;01/06/2023;False;True;[]
TXN_7626322;N/A;4;3,00;12,00;DINHEIRO;PARA VIAGEM;21/12/2023;False;True;[]
TXN_4432546;CAFÉ;2;2,00;4,00;CARTEIRA DIGITAL;N/A;29/11/2023;False;True;[]
TXN_6372031;SUCO;3;3,00;9,00;CARTEIRA DIGITAL;PRESENCIAL;11/08/2023;False;True;[]
TXN_6874059;SALADA;4;5,00;20,00;N/A;PARA VIAGEM;12/01/2023;False;True;[]
TXN_3843111;VITAMINA;2;4,00;8,00;N/A;N/A;15/09/2023;False;True;[]
TXN_8916446;BISCOITO;2;1,00;2,00;DINHEIRO;N/A;19/07/2023;False;True;[]
TXN_1823906;SALADA;3;5,00;15,00;CARTEIRA DIGITAL;PRESENCIAL;26/06/2023;False;True;[]
TXN_2927941;N/A;4;4,00;16,00;CARTÃO DE CRÉDITO;PARA VIAGEM;29/08/2023;False;True;[]
TXN_5972836;N/A;3;4,00;12,00;DINHEIRO;PARA VIAGEM;14/02/2023;False;True;[]
TXN_7484638;SANDUICHE;3;4,00;12,00;CARTEIRA DIGITAL;PRESENCIAL;17/10/2023;False;True;[]
TXN_2073647;N/A;3;4,00;12,00;N/A;PRESENCIAL;01/09/2023;False;True;[]
TXN_1610137;CAFÉ;3;2,00;6,00;DINHEIRO;PARA VIAGEM;02/04/2023;False;True;[]
TXN_9094628;CAFÉ;2;2,00;4,00;N/A;PRESENCIAL;13/02/2023;False;True;[]
TXN_2262195;VITAMINA;3;4,00;12,00;DINHEIRO;N/A;13/10/2023;False;True;[]
TXN_8047234;SUCO;3;3,00;9,00;CARTÃO DE CRÉDITO;N/A;29/08/2023;False;True;[]
TXN_7108012;CHÁ;1;1,50;1,50;CARTEIRA DIGITAL;PARA VIAGEM;31/12/2023;False;True;[]
TXN_3272946;SALADA;3;5,00;15,00;CARTÃO DE CRÉDITO;PRESENCIAL;06/09/2023;False;True;[]
TXN_6896663;BOLO;3;3,00;9,00;N/A;PRESENCIAL;16/05/2023;False;True;[]
TXN_7308096;CHÁ;2;1,50;3,00;DINHEIRO;PARA VIAGEM;13/08/2023;False;True;[]
TXN_3607778;VITAMINA;2;4,00;8,00;DINHEIRO;N/A;20/11/2023;False;True;[]
TXN_7105069;CAFÉ;1;2,00;2,00;DINHEIRO;PARA VIAGEM;06/12/2023;False;True;[]
TXN_7461544;BISCOITO;4;1,00;4,00;CARTÃO DE CRÉDITO;N/A;22/08/2023;False;True;[]
TXN_5853281;CAFÉ;4;2,00;8,00;N/A;N/A;29/08/2023;False;True;[]
TXN_5488764;CAFÉ;4;2,00;8,00;CARTEIRA DIGITAL;PARA VIAGEM;30/06/2023;False;True;[]
TXN_4268746;BOLO;5;3,00;15,00;CARTÃO DE CRÉDITO;PRESENCIAL;12/01/2023;False;True;[]
TXN_1767872;SALADA;2;5,00;10,00;CARTÃO DE CRÉDITO;PRESENCIAL;05/01/2023;False;True;[]
TXN_9684822;SUCO;1;3,00;3,00;N/A;N/A;18/11/2023;False;True;[]
TXN_7208983;SALADA;1;5,00;5,00;CARTEIRA DIGITAL;PRESENCIAL;28/09/2023;False;True;[]
TXN_8704128;SUCO;5;3,00;15,00;N/A;N/A;25/02/2023;False;True;[]
TXN_7971660;BISCOITO;3;1,00;3,00;DINHEIRO;PARA VIAGEM;02/10/2023;False;True;[]
TXN_6179190;CAFÉ;1;2,00;2,00;N/A;PARA VIAGEM;23/07/2023;False;True;[]
TXN_9271577;BOLO;2;3,00;6,00;CARTÃO DE CRÉDITO;PRESENCIAL;13/04/2023;False;True;[]
TXN_3016203;N/A;1;5,00;5,00;DINHEIRO;PRESENCIAL;16/06/2023;False;True;[]
TXN_6440555;VITAMINA;1;4,00;4,00;DINHEIRO;PRESENCIAL;11/07/2023;False;True;[]
TXN_5635779;N/A;5;3,00;15,00;DINHEIRO;PRESENCIAL;01/07/2023;False;True;[]
TXN_9839214;SUCO;1;3,00;3,00;CARTEIRA DIGITAL;N/A;25/12/2023;False;True;[]
TXN_7368194;VITAMINA;2;4,00;8,00;CARTÃO DE CRÉDITO;PRESENCIAL;29/10/2023;False;True;[]
TXN_1328230;SANDUICHE;5;4,00;20,00;DINHEIRO;N/A;03/02/2023;False;True;[]
TXN_9789310;SANDUICHE;4;4,00;16,00;CARTÃO DE CRÉDITO;PRESENCIAL;09/05/2023;False;True;[]
TXN_6425706;SUCO;1;3,00;3,00;N/A;PARA VIAGEM;09/12/2023;False;True;[]
TXN_5996973;SANDUICHE;5;4,00;20,00;N/A;PRESENCIAL;02/05/2023;False;True;[]
TXN_2561970;SANDUICHE;3;4,00;12,00;N/A;PRESENCIAL;16/03/2023;False;True;[]
TXN_7137256;SANDUICHE;2;4,00;8,00;DINHEIRO;N/A;22/06/2023;False;True;[]
TXN_5926982;CAFÉ;4;2,00;8,00;N/A;PARA VIAGEM;16/05/2023;False;True;[]
TXN_3398611;SANDUICHE;5;4,00;20,00;DINHEIRO;N/A;01/10/2023;False;True;[]
TXN_4539758;SANDUICHE;3;4,00;12,00;N/A;PRESENCIAL;01/06/2023;False;True;[]
TXN_6259087;SANDUICHE;2;4,00;8,00;CARTEIRA DIGITAL;PRESENCIAL;27/12/2023;False;True;[]
TXN_2987590;SANDUICHE;5;4,00;20,00;N/A;PRESENCIAL;17/02/2023;False;True;[]
TXN_6687029;SANDUICHE;2;;8,00;CARTÃO DE CRÉDITO;PRESENCIAL;23/08/2023;True;True;[]
TXN_1199898;VITAMINA;1;4,00;4,00;CARTÃO DE CRÉDITO;N/A;26/10/2023;False;True;[]
TXN_4787990;BISCOITO;3;1,00;3,00;CARTEIRA DIGITAL;N/A;04/02/2023;False;True;[]
TXN_9606045;CHÁ;2;1,50;3,00;CARTEIRA DIGITAL;N/A;14/10/2023;False;True;[]
TXN_1569248;CHÁ;1;1,50;1,50;CARTÃO DE CRÉDITO;N/A;14/11/2023;False;True;[]
TXN_1151605;CAFÉ;1;2,00;2,00;CARTEIRA DIGITAL;PARA VIAGEM;02/05/2023;False;True;[]
TXN_4602430;SANDUICHE;3;4,00;12,00;CARTÃO DE CRÉDITO;PRESENCIAL;31/01/2023;False;True;[]
TXN_3232043;CHÁ;2;1,50;3,00;N/A;PRESENCIAL;05/07/2023;False;True;[]
TXN_3251340;SALADA;4;5,00;20,00;N/A;PRESENCIAL;18/06/2023;False;True;[]
TXN_7412782;BISCOITO;2;1,00;2,00;CARTEIRA DIGITAL;PARA VIAGEM;28/03/2023;False;True;[]
TXN_5663260;SANDUICHE;4;;16,00;CARTEIRA DIGITAL;N/A;08/10/2023;True;True;[]
TXN_5570967;CAFÉ;1;2,00;2,00;CARTÃO DE CRÉDITO;PRESENCIAL;12/12/2023;False;True;[]
TXN_8271541;VITAMINA;2;4,00;8,00;N/A;N/A;07/09/2023;False;True;[]
TXN_2238658;CHÁ;;1,50;4,50;N/A;PARA VIAGEM;11/08/2023;True;True;[]
TXN_2564718;SALADA;5;5,00;25,00;N/A;PARA VIAGEM;10/10/2023;False;True;[]
TXN_9050127;SANDUICHE;;4,00;20,00;CARTÃO DE CRÉDITO;PARA VIAGEM;26/02/2023;True;True;[]
TXN_6533450;VITAMINA;1;4,00;4,00;N/A;PRESENCIAL;22/11/2023;False;True;[]
TXN_8046891;CAFÉ;1;2,00;2,00;CARTÃO DE CRÉDITO;PARA VIAGEM;24/02/2023;False;True;[]
TXN_7770487;VITAMINA;1;4,00;4,00;DINHEIRO;PRESENCIAL;09/08/2023;False;True;[]
TXN_2279313;BISCOITO;2;;2,00;CARTEIRA DIGITAL;PRESENCIAL;23/08/2023;True;True;[]
TXN_9943050;CHÁ;1;1,50;1,50;CARTEIRA DIGITAL;PARA VIAGEM;16/05/2023;False;True;[]
TXN_2694605;BISCOITO;2;1,00;2,00;CARTÃO DE CRÉDITO;PARA VIAGEM;09/11/2023;False;True;[]
TXN_2161957;BISCOITO;2;1,00;2,00;N/A;PARA VIAGEM;19/05/2023;False;True;[]
TXN_3647474;CAFÉ;4;2,00;8,00;N/A;PARA VIAGEM;05/05/2023;False;True;[]
TXN_4877601;N/A;2;1,00;2,00;N/A;N/A;14/07/2023;False;True;[]
TXN_7868470;SUCO;3;;9,00;CARTEIRA DIGITAL;N/A;14/04/2023;True;True;[]
TXN_1927704;SALADA;2;5,00;10,00;CARTEIRA DIGITAL;PRESENCIAL;05/01/2023;False;True;[]
TXN_4819416;SALADA;3;;15,00;N/A;N/A;01/06/2023;True;True;[]
TXN_8076152;CHÁ;4;1,50;6,00;CARTEIRA DIGITAL;N/A;18/12/2023;False;True;[]
TXN_9409405;N/A;3;2,00;6,00;CARTEIRA DIGITAL;PRESENCIAL;11/02/2023;False;True;[]
TXN_4055876;N/A;3;5,00;15,00;CARTÃO DE CRÉDITO;PRESENCIAL;15/10/2023;False;True;[]
TXN_1929398;SANDUICHE;1;4,00;4,00;CARTEIRA DIGITAL;PRESENCIAL;23/02/2023;False;True;[]
TXN_2131494;SALADA;2;5,00;10,00;DINHEIRO;N/A;27/02/2023;False;True;[]
TXN_3093284;CAFÉ;4;2,00;8,00;CARTEIRA DIGITAL;PRESENCIAL;01/01/2023;False;True;[]
TXN_3679245;VITAMINA;4;4,00;16,00;N/A;PRESENCIAL;16/09/2023;False;True;[]
TXN_2276426;SUCO;5;3,00;15,00;CARTÃO DE CRÉDITO;PRESENCIAL;21/10/2023;False;True;[]
TXN_9608095;CAFÉ;1;2,00;2,00;CARTÃO DE CRÉDITO;PRESENCIAL;07/12/2023;False;True;[]
TXN_9587704;SUCO;5;3,00;15,00;DINHEIRO;PARA VIAGEM;29/07/2023;False;True;[]
TXN_9863114;SUCO;;3,00;15,00;N/A;PARA VIAGEM;01/02/2023;True;True;[]
TXN_2372348;BOLO;2;3,00;6,00;CARTEIRA DIGITAL;PARA VIAGEM;05/01/2023;False;True;[]
TXN_6660602;N/A;4;5,00;20,00;N/A;PARA VIAGEM;20/05/2023;False;True;[]
TXN_3386311;SUCO;1;3,00;3,00;DINHEIRO;PRESENCIAL;30/11/2023;False;True;[]
TXN_7049149;N/A;4;4,00;16,00;N/A;N/A;27/08/2023;False;True;[]
TXN_4112230;VITAMINA;5;4,00;20,00;N/A;PARA VIAGEM;19/11/2023;False;True;[]
TXN_1675510;SANDUICHE;3;4,00;12,00;N/A;N/A;09/09/2023;False;True;[]
TXN_5853158;N/A;;4,00;16,00;DINHEIRO;PARA VIAGEM;25/09/2023;True;True;[]
TXN_4187673;SUCO;2;3,00;6,00;CARTEIRA DIGITAL;N/A;02/04/2023;False;True;[]
TXN_3017494;CHÁ;1;1,50;1,50;N/A;PARA VIAGEM;21/11/2023;False;True;[]
TXN_8086161;SANDUICHE;;4,00;8,00;DINHEIRO;PRESENCIAL;10/03/2023;True;True;[]
TXN_5729112;CAFÉ;1;2,00;2,00;CARTÃO DE CRÉDITO;N/A;30/06/2023;False;True;[]
TXN_4613595;SALADA;3;5,00;15,00;CARTÃO DE CRÉDITO;PARA VIAGEM;07/07/2023;False;True;[]
TXN_4152991;SANDUICHE;5;4,00;20,00;CARTEIRA DIGITAL;PARA VIAGEM;17/12/2023;False;True;[]
TXN_1196324;CHÁ;4;1,50;6,00;CARTÃO DE CRÉDITO;PRESENCIAL;26/09/2023;False;True;[]
TXN_5944318;BISCOITO;1;1,00;1,00;DINHEIRO;N/A;23/01/2023;False;True;[]
TXN_5148823;SUCO;1;3,00;3,00;CARTEIRA DIGITAL;N/A;27/03/2023;False;True;[]
TXN_2887528;N/A;2;3,00;6,00;N/A;N/A;23/04/2023;False;True;[]
TXN_7312736;BISCOITO;2;1,00;2,00;CARTEIRA DIGITAL;N/A;02/12/2023;False;True;[]
TXN_5775717;CHÁ;3;;4,50;N/A;PARA VIAGEM;02/08/2023;True;True;[]
TXN_4442095;SALADA;4;5,00;20,00;CARTEIRA DIGITAL;N/A;18/02/2023;False;True;[]
TXN_6621007;BOLO;2;3,00;6,00;CARTEIRA DIGITAL;PARA VIAGEM;05/03/2023;False;True;[]
TXN_6740691;CHÁ;1;1,50;1,50;DINHEIRO;N/A;06/07/2023;False;True;[]
TXN_4359568;CAFÉ;3;2,00;6,00;N/A;N/A;21/12/2023;False;True;[]
TXN_3941164;CAFÉ;4;2,00;8,00;N/A;N/A;16/04/2023;False;True;[]
TXN_5244931;CAFÉ;1;;2,00;N/A;N/A;30/09/2023;True;True;[]
TXN_8181326;CHÁ;5;1,50;7,50;DINHEIRO;N/A;28/02/2023;False;True;[]
TXN_8912589;VITAMINA;3;4,00;12,00;DINHEIRO;N/A;19/10/2023;False;True;[]
TXN_1234390;BOLO;2;3,00;6,00;CARTEIRA DIGITAL;PARA VIAGEM;02/06/2023;False;True;[]
TXN_5336437;CHÁ;5;1,50;7,50;CARTÃO DE CRÉDITO;N/A;07/05/2023;False;True;[]
TXN_6271633;SUCO;2;3,00;6,00;CARTEIRA DIGITAL;PRESENCIAL;07/03/2023;False;True;[]
TXN_4805204;CHÁ;5;1,50;7,50;CARTEIRA DIGITAL;PRESENCIAL;25/04/2023;False;True;[]
TXN_3094786;SANDUICHE;4;4,00;16,00;CARTÃO DE CRÉDITO;PARA VIAGEM;16/01/2023;False;True;[]
TXN_7082667;N/A;4;5,00;20,00;DINHEIRO;PRESENCIAL;03/08/2023;False;True;[]
TXN_4807049;BISCOITO;1;1,00;1,00;CARTÃO DE CRÉDITO;N/A;07/06/2023;False;True;[]
TXN_1840584;BOLO;5;3,00;15,00;CARTEIRA DIGITAL;N/A;28/05/2023;False;True;[]
TXN_8030379;SALADA;4;5,00;20,00;DINHEIRO;PRESENCIAL;21/07/2023;False;True;[]
TXN_7746634;BOLO;5;3,00;15,00;CARTEIRA DIGITAL;PRESENCIAL;04/07/2023;False;True;[]
TXN_2361290;SALADA;4;5,00;20,00;DINHEIRO;N/A;16/07/2023;False;True;[]
TXN_3654299;CAFÉ;1;;2,00;DINHEIRO;PARA VIAGEM;19/09/2023;True;True;[]
TXN_8811945;N/A;1;5,00;5,00;N/A;N/A;18/02/2023;False;True;[]
TXN_8659963;BOLO;4;3,00;12,00;DINHEIRO;PARA VIAGEM;21/01/2023;False;True;[]
TXN_3676131;CAFÉ;3;2,00;6,00;N/A;N/A;11/09/2023;False;True;[]
TXN_2935758;VITAMINA;1;4,00;4,00;CARTÃO DE CRÉDITO;PRESENCIAL;03/09/2023;False;True;[]
TXN_1711730;SUCO;5;3,00;15,00;N/A;PARA VIAGEM;01/06/2023;False;True;[]
TXN_8659575;N/A;2;1,50;3,00;CARTEIRA DIGITAL;N/A;17/12/2023;False;True;[]
TXN_5360210;CHÁ;5;1,50;7,50;DINHEIRO;PARA VIAGEM;29/06/2023;False;True;[]
TXN_7970325;BOLO;2;3,00;6,00;N/A;PARA VIAGEM;13/03/2023;False;True;[]
TXN_8521037;SANDUICHE;1;4,00;4,00;N/A;PRESENCIAL;21/11/2023;False;True;[]
TXN_5473680;CAFÉ;3;2,00;6,00;CARTÃO DE CRÉDITO;PARA VIAGEM;24/12/2023;False;True;[]
TXN_6830192;N/A;3;3,00;9,00;CARTEIRA DIGITAL;N/A;02/08/2023;False;True;[]
TXN_5999810;N/A;4;4,00;16,00;CARTÃO DE CRÉDITO;PARA VIAGEM;19/06/2023;False;True;[]
TXN_6677631;CHÁ;5;1,50;7,50;CARTEIRA DIGITAL;PRESENCIAL;14/12/2023;False;True;[]
TXN_9775900;SUCO;4;3,00;12,00;CARTEIRA DIGITAL;PRESENCIAL;29/08/2023;False;True;[]
TXN_2408143;CAFÉ;2;2,00;4,00;CARTEIRA DIGITAL;N/A;15/11/2023;False;True;[]
TXN_6383779;CAFÉ;1;2,00;2,00;N/A;N/A;29/11/2023;False;True;[]
TXN_1342359;BOLO;4;3,00;12,00;DINHEIRO;PARA VIAGEM;14/07/2023;False;True;[]
TXN_6975499;CAFÉ;1;2,00;2,00;CARTEIRA DIGITAL;PRESENCIAL;03/07/2023;False;True;[]
TXN_9861083;SANDUICHE;5;4,00;20,00;CARTÃO DE CRÉDITO;PRESENCIAL;21/01/2023;False;True;[]
TXN_8100384;SANDUICHE;;4,00;4,00;DINHEIRO;N/A;08/11/2023;True;True;[]
TXN_3762778;CAFÉ;5;2,00;10,00;N/A;N/A;14/06/2023;False;True;[]
TXN_4548698;SALADA;2;5,00;10,00;DINHEIRO;PARA VIAGEM;04/03/2023;False;True;[]
TXN_8735820;CHÁ;2;1,50;3,00;CARTÃO DE CRÉDITO;PARA VIAGEM;08/12/2023;False;True;[]
TXN_8803798;VITAMINA;4;4,00;16,00;N/A;N/A;14/07/2023;False;True;[]
TXN_1950008;VITAMINA;4;4,00;16,00;CARTEIRA DIGITAL;PRESENCIAL;24/07/2023;False;True;[]
TXN_3894173;SANDUICHE;5;4,00;20,00;CARTEIRA DIGITAL;PARA VIAGEM;07/10/2023;False;True;[]
TXN_3630892;N/A;4;1,00;4,00;N/A;PARA VIAGEM;31/01/2023;False;True;[]
TXN_7436097;N/A;5;2,00;10,00;N/A;N/A;25/10/2023;False;True;[]
TXN_4307602;N/A;4;1,00;4,00;DINHEIRO;PRESENCIAL;30/12/2023;False;True;[]
TXN_2394502;BISCOITO;4;;4,00;CARTEIRA DIGITAL;PRESENCIAL;22/12/2023;True;True;[]
TXN_5308047;BISCOITO;;;1,00;CARTÃO DE CRÉDITO;N/A;28/10/2023;True;True;[]
TXN_5929797;SANDUICHE;1;4,00;4,00;CARTÃO DE CRÉDITO;PRESENCIAL;12/05/2023;False;True;[]
TXN_1228927;CHÁ;2;1,50;3,00;CARTÃO DE CRÉDITO;N/A;28/11/2023;False;True;[]
TXN_6486912;CHÁ;2;1,50;3,00;N/A;N/A;10/05/2023;False;True;[]
TXN_3447069;SUCO;2;3,00;6,00;CARTÃO DE CRÉDITO;N/A;11/03/2023;False;True;[]
TXN_8219298;SUCO;5;3,00;15,00;CARTÃO DE CRÉDITO;N/A;01/09/2023;False;True;[]
TXN_1010950;BISCOITO;;1,00;1,00;CARTEIRA DIGITAL;PARA VIAGEM;07/01/2023;True;True;[]
TXN_6376329;BOLO;1;3,00;3,00;N/A;PARA VIAGEM;30/03/2023;False;True;[]
TXN_1897783;VITAMINA;3;4,00;12,00;DINHEIRO;N/A;02/02/2023;False;True;[]
TXN_4831525;BISCOITO;3;;3,00;N/A;N/A;05/08/2023;True;True;[]
TXN_2767034;SALADA;4;5,00;20,00;DINHEIRO;N/A;12/08/2023;False;True;[]
TXN_9365766;BOLO;4;3,00;12,00;CARTEIRA DIGITAL;PRESENCIAL;13/02/2023;False;True;[]
TXN_5680396;SANDUICHE;2;4,00;8,00;CARTEIRA DIGITAL;N/A;21/12/2023;False;True;[]
TXN_3071092;CAFÉ;;;4,00;N/A;N/A;08/09/2023;True;True;[]
TXN_6205234;BOLO;5;3,00;15,00;CARTEIRA DIGITAL;N/A;09/04/2023;False;True;[]
TXN_4489757;VITAMINA;5;4,00;20,00;CARTÃO DE CRÉDITO;N/A;03/05/2023;False;True;[]
TXN_8362750;SALADA;4;5,00;20,00;N/A;PRESENCIAL;01/04/2023;False;True;[]
TXN_2422584;CHÁ;1;1,50;1,50;DINHEIRO;PRESENCIAL;28/11/2023;False;True;[]
TXN_3966911;CHÁ;3;1,50;4,50;CARTÃO DE CRÉDITO;N/A;16/07/2023;False;True;[]
TXN_6880338;BOLO;3;3,00;9,00;CARTEIRA DIGITAL;PARA VIAGEM;06/11/2023;False;True;[]
TXN_9362958;SUCO;1;3,00;3,00;DINHEIRO;PRESENCIAL;19/07/2023;False;True;[]
TXN_6815741;VITAMINA;2;;8,00;N/A;N/A;13/03/2023;True;True;[]
TXN_4032956;CAFÉ;5;2,00;10,00;CARTÃO DE CRÉDITO;N/A;15/03/2023;False;True;[]
TXN_7894069;SUCO;2;3,00;6,00;CARTEIRA DIGITAL;PRESENCIAL;20/11/2023;False;True;[]
TXN_5296578;CAFÉ;1;2,00;2,00;CARTÃO DE CRÉDITO;PARA VIAGEM;15/04/2023;False;True;[]
TXN_2522047;SALADA;1;;5,00;N/A;PARA VIAGEM;05/12/2023;True;True;[]
TXN_8211303;SALADA;5;5,00;25,00;N/A;N/A;26/08/2023;False;True;[]
TXN_8472252;VITAMINA;1;4,00;4,00;N/A;N/A;04/02/2023;False;True;[]
TXN_2435025;SUCO;1;3,00;3,00;DINHEIRO;PRESENCIAL;08/10/2023;False;True;[]
TXN_5179156;CAFÉ;5;2,00;10,00;N/A;PRESENCIAL;25/10/2023;False;True;[]
TXN_4197090;SUCO;3;3,00;9,00;CARTÃO DE CRÉDITO;PARA VIAGEM;17/11/2023;False;True;[]
TXN_4209626;N/A;5;4,00;20,00;CARTÃO DE CRÉDITO;N/A;04/07/2023;False;True;[]
TXN_8639995;N/A;3;4,00;12,00;DINHEIRO;N/A;18/04/2023;False;True;[]
TXN_1777171;CAFÉ;2;2,00;4,00;N/A;PRESENCIAL;17/08/2023;False;True;[]
TXN_5706734;SUCO;1;3,00;3,00;DINHEIRO;N/A;09/09/2023;False;True;[]
TXN_6228847;VITAMINA;3;4,00;12,00;DINHEIRO;N/A;13/01/2023;False;True;[]
TXN_6479368;VITAMINA;2;4,00;8,00;CARTÃO DE CRÉDITO;PARA VIAGEM;08/09/2023;False;True;[]
TXN_6991528;BISCOITO;3;1,00;3,00;CARTEIRA DIGITAL;PARA VIAGEM;17/08/2023;False;True;[]
TXN_2154866;CHÁ;2;1,50;3,00;CARTÃO DE CRÉDITO;PARA VIAGEM;11/08/2023;False;True;[]
TXN_1333524;BOLO;2;3,00;6,00;CARTÃO DE CRÉDITO;N/A;05/05/2023;False;True;[]
TXN_4367044;VITAMINA;;4,00;4,00;DINHEIRO;N/A;02/05/2023;True;True;[]
TXN_8903514;SALADA;4;5,00;20,00;N/A;PARA VIAGEM;14/09/2023;False;True;[]
TXN_5762828;CHÁ;2;1,50;3,00;CARTEIRA DIGITAL;N/A;23/03/2023;False;True;[]
TXN_2099497;SUCO;1;3,00;3,00;N/A;PARA VIAGEM;27/02/2023;False;True;[]
TXN_5679935;CAFÉ;2;2,00;4,00;CARTÃO DE CRÉDITO;N/A;19/07/2023;False;True;[]
TXN_5236861;CAFÉ;4;2,00;8,00;DINHEIRO;PARA VIAGEM;27/10/2023;False;True;[]
TXN_9433035;SANDUICHE;1;4,00;4,00;DINHEIRO;PRESENCIAL;26/03/2023;False;True;[]
TXN_4239051;SUCO;2;3,00;6,00;DINHEIRO;N/A;30/09/2023;False;True;[]
TXN_2970600;SALADA;1;5,00;5,00;CARTÃO DE CRÉDITO;PRESENCIAL;18/08/2023;False;True;[]
TXN_6226412;SUCO;3;3,00;9,00;N/A;PARA VIAGEM;20/03/2023;False;True;[]
TXN_2634805;N/A;4;1,00;4,00;CARTEIRA DIGITAL;PARA VIAGEM;25/06/2023;False;True;[]
TXN_2571835;SALADA;3;5,00;15,00;N/A;PRESENCIAL;03/03/2023;False;True;[]
TXN_3984842;CHÁ;4;1,50;6,00;CARTÃO DE CRÉDITO;PARA VIAGEM;22/03/2023;False;True;[]
TXN_1191068;SALADA;1;5,00;5,00;N/A;N/A;19/05/2023;False;True;[]
TXN_9154713;CAFÉ;4;;8,00;CARTÃO DE CRÉDITO;PRESENCIAL;13/03/2023;True;True;[]
TXN_2897727;VITAMINA;5;4,00;20,00;CARTÃO DE CRÉDITO;PARA VIAGEM;15/02/2023;False;True;[]
TXN_3801179;SUCO;2;3,00;6,00;DINHEIRO;PRESENCIAL;07/12/2023;False;True;[]
TXN_7116267;VITAMINA;4;4,00;16,00;N/A;N/A;29/07/2023;False;True;[]
TXN_9878237;BOLO;1;3,00;3,00;CARTÃO DE CRÉDITO;N/A;06/10/2023;False;True;[]
TXN_2153838;CHÁ;4;1,50;6,00;CARTEIRA DIGITAL;PRESENCIAL;19/12/2023;False;True;[]
TXN_7835785;SALADA;1;5,00;5,00;DINHEIRO;PRESENCIAL;12/10/2023;False;True;[]
TXN_5335079;BOLO;1;3,00;3,00;DINHEIRO;PRESENCIAL;20/02/2023;False;True;[]
TXN_7521634;N/A;3;1,00;3,00;N/A;PARA VIAGEM;22/01/2023;False;True;[]
TXN_2174821;CAFÉ;1;2,00;2,00;N/A;N/A;08/11/2023;False;True;[]
TXN_5951573;SALADA;3;5,00;15,00;DINHEIRO;N/A;22/12/2023;False;True;[]
TXN_4612146;BOLO;3;3,00;9,00;DINHEIRO;N/A;31/12/2023;False;True;[]
TXN_7954368;BOLO;3;3,00;9,00;CARTÃO DE CRÉDITO;N/A;06/10/2023;False;True;[]
TXN_7898391;SALADA;4;5,00;20,00;CARTÃO DE CRÉDITO;N/A;26/02/2023;False;True;[]
TXN_5746800;CAFÉ;4;2,00;8,00;CARTÃO DE CRÉDITO;PARA VIAGEM;04/07/2023;False;True;[]
TXN_4630658;VITAMINA;1;4,00;4,00;DINHEIRO;PARA VIAGEM;10/07/2023;False;True;[]
TXN_6096492;SANDUICHE;5;4,00;20,00;N/A;PARA VIAGEM;23/12/2023;False;True;[]
TXN_8918905;BISCOITO;5;1,00;5,00;CARTEIRA DIGITAL;PRESENCIAL;05/06/2023;False;True;[]
TXN_5906365;BISCOITO;1;1,00;1,00;N/A;N/A;13/03/2023;False;True;[]
TXN_3956062;CAFÉ;3;2,00;6,00;N/A;PARA VIAGEM;04/06/2023;False;True;[]
TXN_6610487;CAFÉ;5;2,00;10,00;CARTEIRA DIGITAL;PARA VIAGEM;18/09/2023;False;True;[]
TXN_7821658;CAFÉ;5;2,00;10,00;N/A;PRESENCIAL;03/09/2023;False;True;[]
TXN_6396940;BISCOITO;2;1,00;2,00;CARTÃO DE CRÉDITO;PARA VIAGEM;26/02/2023;False;True;[]
TXN_2556368;VITAMINA;1;4,00;4,00;CARTEIRA DIGITAL;N/A;26/10/2023;False;True;[]
TXN_7655838;SUCO;3;3,00;9,00;CARTEIRA DIGITAL;N/A;22/01/2023;False;True;[]
TXN_2807590;VITAMINA;4;4,00;16,00;DINHEIRO;PARA VIAGEM;05/09/2023;False;True;[]
TXN_7252860;BISCOITO;3;;3,00;CARTEIRA DIGITAL;PARA VIAGEM;18/06/2023;True;True;[]
TXN_5381129;BISCOITO;5;1,00;5,00;N/A;N/A;20/04/2023;False;True;[]
TXN_1474329;VITAMINA;2;4,00;8,00;CARTEIRA DIGITAL;PARA VIAGEM;02/03/2023;False;True;[]
TXN_5935394;CAFÉ;4;2,00;8,00;CARTEIRA DIGITAL;N/A;16/04/2023;False;True;[]
TXN_1488458;CAFÉ;4;2,00;8,00;N/A;N/A;21/08/2023;False;True;[]
TXN_7964661;BOLO;3;3,00;9,00;DINHEIRO;N/A;01/04/2023;False;True;[]
TXN_2798736;SANDUICHE;2;4,00;8,00;CARTEIRA DIGITAL;PRESENCIAL;15/01/2023;False;True;[]
TXN_5007051;SALADA;2;5,00;10,00;CARTEIRA DIGITAL;N/A;26/12/2023;False;True;[]
TXN_2325141;CHÁ;3;1,50;4,50;CARTEIRA DIGITAL;N/A;26/08/2023;False;True;[]
TXN_1489194;CAFÉ;3;2,00;6,00;CARTEIRA DIGITAL;PARA VIAGEM;18/07/2023;False;True;[]
TXN_9531201;SANDUICHE;2;4,00;8,00;N/A;N/A;28/05/2023;False;True;[]
TXN_7627772;SANDUICHE;4;4,00;16,00;CARTÃO DE CRÉDITO;PARA VIAGEM;22/10/2023;False;True;[]
TXN_4349970;BISCOITO;5;1,00;5,00;N/A;PRESENCIAL;25/05/2023;False;True;[]
TXN_3936883;CAFÉ;2;2,00;4,00;CARTEIRA DIGITAL;PRESENCIAL;08/09/2023;False;True;[]
TXN_1817275;SALADA;2;5,00;10,00;DINHEIRO;PRESENCIAL;02/09/2023;False;True;[]
TXN_8018272;VITAMINA;4;4,00;16,00;N/A;N/A;01/03/2023;False;True;[]
TXN_3617989;SANDUICHE;3;4,00;12,00;CARTÃO DE CRÉDITO;PARA VIAGEM;29/09/2023;False;True;[]
TXN_1566564;BISCOITO;3;1,00;3,00;CARTÃO DE CRÉDITO;PARA VIAGEM;08/09/2023;False;True;[]
TXN_5170047;SALADA;4;5,00;20,00;DINHEIRO;N/A;15/12/2023;False;True;[]
TXN_6513163;BOLO;2;3,00;6,00;CARTEIRA DIGITAL;PARA VIAGEM;01/04/2023;False;True;[]
TXN_7014478;VITAMINA;5;4,00;20,00;DINHEIRO;N/A;26/04/2023;False;True;[]
TXN_9929732;SANDUICHE;4;4,00;16,00;CARTÃO DE CRÉDITO;N/A;04/10/2023;False;True;[]
TXN_2346362;SUCO;4;3,00;12,00;N/A;PRESENCIAL;30/12/2023;False;True;[]
TXN_9039882;VITAMINA;4;4,00;16,00;N/A;PRESENCIAL;31/08/2023;False;True;[]
TXN_7440057;SUCO;1;3,00;3,00;CARTÃO DE CRÉDITO;N/A;05/07/2023;False;True;[]
TXN_9894831;BOLO;5;3,00;15,00;N/A;N/A;05/07/2023;False;True;[]
TXN_2911863;SANDUICHE;2;4,00;8,00;CARTÃO DE CRÉDITO;PARA VIAGEM;09/07/2023;False;True;[]
TXN_1991987;BOLO;3;3,00;9,00;CARTÃO DE CRÉDITO;PRESENCIAL;22/10/2023;False;True;[]
TXN_7232524;BISCOITO;3;1,00;3,00;DINHEIRO;PRESENCIAL;23/12/2023;False;True;[]
TXN_7476348;CAFÉ;2;2,00;4,00;N/A;PRESENCIAL;09/10/2023;False;True;[]
TXN_4165923;SANDUICHE;3;4,00;12,00;N/A;PARA VIAGEM;14/03/2023;False;True;[]
TXN_1467367;SANDUICHE;3;4,00;12,00;N/A;N/A;18/02/2023;False;True;[]
TXN_2018943;VITAMINA;;4,00;20,00;N/A;N/A;27/05/2023;True;True;[]
TXN_4234636;VITAMINA;1;4,00;4,00;CARTÃO DE CRÉDITO;PRESENCIAL;30/01/2023;False;True;[]
TXN_4750383;CAFÉ;2;2,00;4,00;DINHEIRO;N/A;30/06/2023;False;True;[]
TXN_5100579;N/A;2;1,00;2,00;DINHEIRO;PARA VIAGEM;08/10/2023;False;True;[]
TXN_1701465;BOLO;1;3,00;3,00;DINHEIRO;N/A;15/06/2023;False;True;[]
TXN_8941409;BOLO;3;3,00;9,00;N/A;N/A;12/11/2023;False;True;[]
TXN_9598764;SUCO;;3,00;6,00;CARTÃO DE CRÉDITO;PRESENCIAL;06/09/2023;True;True;[]
TXN_2834323;N/A;1;1,50;1,50;CARTEIRA DIGITAL;PARA VIAGEM;13/05/2023;False;True;[]
TXN_2480488;SUCO;2;3,00;6,00;DINHEIRO;PARA VIAGEM;01/03/2023;False;True;[]
TXN_6158834;CAFÉ;2;2,00;4,00;CARTÃO DE CRÉDITO;N/A;23/09/2023;False;True;[]
TXN_2345326;BISCOITO;;1,00;3,00;CARTEIRA DIGITAL;PARA VIAGEM;29/01/2023;True;True;[]
TXN_8872103;VITAMINA;;4,00;12,00;CARTEIRA DIGITAL;PRESENCIAL;02/07/2023;True;True;[]
TXN_9773646;BOLO;4;3,00;12,00;CARTÃO DE CRÉDITO;PARA VIAGEM;01/04/2023;False;True;[]
TXN_1442096;BISCOITO;3;1,00;3,00;CARTÃO DE CRÉDITO;PRESENCIAL;27/06/2023;False;True;[]
TXN_2337888;CAFÉ;1;2,00;2,00;CARTÃO DE CRÉDITO;PRESENCIAL;10/02/2023;False;True;[]
TXN_8297751;SALADA;3;5,00;15,00;DINHEIRO;PARA VIAGEM;08/04/2023;False;True;[]
TXN_9675838;BOLO;2;3,00;6,00;CARTEIRA DIGITAL;N/A;06/02/2023;False;True;[]
TXN_9241048;BOLO;4;3,00;12,00;CARTÃO DE CRÉDITO;PRESENCIAL;27/08/2023;False;True;[]
TXN_1978687;SUCO;2;3,00;6,00;N/A;N/A;13/12/2023;False;True;[]
TXN_7548260;SUCO;2;3,00;6,00;DINHEIRO;PARA VIAGEM;27/02/2023;False;True;[]
TXN_7047040;SALADA;2;5,00;10,00;N/A;N/A;16/02/2023;False;True;[]
TXN_1234907;SUCO;1;3,00;3,00;CARTÃO DE CRÉDITO;PRESENCIAL;02/05/2023;False;True;[]
TXN_8821839;SANDUICHE;5;4,00;20,00;N/A;PARA VIAGEM;11/11/2023;False;True;[]
TXN_7543765;BOLO;1;3,00;3,00;N/A;N/A;26/10/2023;False;True;[]
TXN_7317475;SALADA;4;5,00;20,00;DINHEIRO;PARA VIAGEM;21/06/2023;False;True;[]
TXN_9786525;BOLO;5;3,00;15,00;N/A;PARA VIAGEM;19/02/2023;False;True;[]
TXN_9874256;SUCO;3;3,00;9,00;N/A;N/A;17/02/2023;False;True;[]
TXN_3120637;SANDUICHE;3;4,00;12,00;N/A;PARA VIAGEM;11/08/2023;False;True;[]
TXN_6754546;BOLO;3;3,00;9,00;N/A;N/A;19/02/2023;False;True;[]
TXN_1317114;BISCOITO;2;1,00;2,00;CARTEIRA DIGITAL;PARA VIAGEM;06/11/2023;False;True;[]
TXN_3897788;SUCO;;3,00;15,00;CARTEIRA DIGITAL;PRESENCIAL;26/10/2023;True;True;[]
TXN_8046087;BOLO;2;3,00;6,00;N/A;PARA VIAGEM;15/04/2023;False;True;[]
TXN_6655017;VITAMINA;4;4,00;16,00;DINHEIRO;PARA VIAGEM;04/12/2023;False;True;[]
TXN_6610162;BOLO;;3,00;12,00;CARTEIRA DIGITAL;N/A;18/03/2023;True;True;[]
TXN_7478306;CHÁ;2;1,50;3,00;CARTEIRA DIGITAL;PRESENCIAL;14/06/2023;False;True;[]
TXN_3163567;SALADA;2;5,00;10,00;CARTEIRA DIGITAL;PARA VIAGEM;01/06/2023;False;True;[]
TXN_6420900;CHÁ;3;1,50;4,50;N/A;N/A;18/09/2023;False;True;[]
TXN_2526267;SANDUICHE;;4,00;20,00;DINHEIRO;PRESENCIAL;06/04/2023;True;True;[]
TXN_3954378;CHÁ;4;1,50;6,00;DINHEIRO;N/A;21/08/2023;False;True;[]
TXN_5138053;SANDUICHE;5;4,00;20,00;N/A;PARA VIAGEM;16/02/2023;False;True;[]
TXN_9890279;VITAMINA;4;;16,00;N/A;PRESENCIAL;06/09/2023;True;True;[]
TXN_9626920;N/A;2;1,50;3,00;N/A;PRESENCIAL;16/12/2023;False;True;[]
TXN_7213830;N/A;5;3,00;15,00;CARTÃO DE CRÉDITO;N/A;04/08/2023;False;True;[]
TXN_4224350;CHÁ;2;1,50;3,00;N/A;PRESENCIAL;09/07/2023;False;True;[]
TXN_7763212;SANDUICHE;1;4,00;4,00;CARTÃO DE CRÉDITO;N/A;10/01/2023;False;True;[]
TXN_6889357;SALADA;1;5,00;5,00;DINHEIRO;PARA VIAGEM;08/03/2023;False;True;[]
TXN_8565218;BOLO;1;3,00;3,00;CARTEIRA DIGITAL;N/A;03/05/2023;False;True;[]
TXN_8235675;CHÁ;1;1,50;1,50;CARTÃO DE CRÉDITO;N/A;08/08/2023;False;True;[]
TXN_6323915;CHÁ;3;1,50;4,50;CARTÃO DE CRÉDITO;PRESENCIAL;09/02/2023;False;True;[]
TXN_3232227;BISCOITO;4;1,00;4,00;N/A;PARA VIAGEM;30/03/2023;False;True;[]
TXN_2931403;SUCO;2;3,00;6,00;CARTÃO DE CRÉDITO;PRESENCIAL;29/05/2023;False;True;[]
TXN_8036247;CAFÉ;1;2,00;2,00;CARTÃO DE CRÉDITO;PARA VIAGEM;29/09/2023;False;True;[]
TXN_4143264;SALADA;1;5,00;5,00;CARTÃO DE CRÉDITO;PARA VIAGEM;17/08/2023;False;True;[]
TXN_3709117;VITAMINA;5;4,00;20,00;DINHEIRO;N/A;04/02/2023;False;True;[]
TXN_5124519;VITAMINA;3;4,00;12,00;CARTÃO DE CRÉDITO;PRESENCIAL;07/09/2023;False;True;[]
TXN_1529845;SUCO;3;3,00;9,00;CARTÃO DE CRÉDITO;PRESENCIAL;25/01/2023;False;True;[]
TXN_4615245;SANDUICHE;4;4,00;16,00;N/A;N/A;26/04/2023;False;True;[]
TXN_1464694;SANDUICHE;1;4,00;4,00;N/A;PRESENCIAL;23/07/2023;False;True;[]
TXN_2674372;BISCOITO;4;1,00;4,00;CARTÃO DE CRÉDITO;PARA VIAGEM;14/11/2023;False;True;[]
TXN_7215900;CAFÉ;3;2,00;6,00;DINHEIRO;PARA VIAGEM;26/08/2023;False;True;[]
TXN_6622980;SALADA;4;5,00;20,00;CARTEIRA DIGITAL;PARA VIAGEM;26/09/2023;False;True;[]
TXN_5744026;SALADA;4;5,00;20,00;N/A;N/A;03/04/2023;False;True;[]
TXN_1759314;SALADA;5;5,00;25,00;N/A;N/A;23/08/2023;False;True;[]
TXN_2050630;BISCOITO;3;1,00;3,00;N/A;PARA VIAGEM;18/01/2023;False;True;[]
TXN_3447575;SANDUICHE;4;4,00;16,00;CARTÃO DE CRÉDITO;PARA VIAGEM;17/01/2023;False;True;[]
TXN_1131785;SANDUICHE;1;4,00;4,00;DINHEIRO;N/A;19/12/2023;False;True;[]
TXN_8572783;SALADA;3;5,00;15,00;N/A;N/A;29/03/2023;False;True;[]
TXN_7928378;N/A;3;;12,00;DINHEIRO;N/A;04/07/2023;True;True;[]
TXN_4284507;VITAMINA;4;4,00;16,00;N/A;N/A;17/07/2023;False;True;[]
TXN_9819697;VITAMINA;3;4,00;12,00;CARTEIRA DIGITAL;PRESENCIAL;16/05/2023;False;True;[]
TXN_1731476;SANDUICHE;1;4,00;4,00;CARTEIRA DIGITAL;PARA VIAGEM;19/04/2023;False;True;[]
TXN_4152262;N/A;2;5,00;10,00;CARTEIRA DIGITAL;PRESENCIAL;19/06/2023;False;True;[]
TXN_1721342;VITAMINA;5;4,00;20,00;CARTEIRA DIGITAL;PRESENCIAL;23/08/2023;False;True;[]
TXN_7278328;VITAMINA;1;4,00;4,00;CARTÃO DE CRÉDITO;N/A;29/01/2023;False;True;[]
TXN_6037924;CAFÉ;4;2,00;8,00;N/A;PARA VIAGEM;14/11/2023;False;True;[]
TXN_7046631;N/A;4;2,00;8,00;CARTEIRA DIGITAL;PRESENCIAL;18/05/2023;False;True;[]
TXN_7979028;SANDUICHE;3;4,00;12,00;DINHEIRO;PARA VIAGEM;12/07/2023;False;True;[]
TXN_2474395;VITAMINA;4;4,00;16,00;CARTEIRA DIGITAL;PARA VIAGEM;28/12/2023;False;True;[]
TXN_9168898;SUCO;2;3,00;6,00;DINHEIRO;PARA VIAGEM;28/09/2023;False;True;[]
TXN_9675940;SUCO;5;3,00;15,00;CARTÃO DE CRÉDITO;PRESENCIAL;02/06/2023;False;True;[]
TXN_3618603;SALADA;4;5,00;20,00;DINHEIRO;N/A;19/03/2023;False;True;[]
TXN_9653377;SANDUICHE;2;4,00;8,00;N/A;PARA VIAGEM;31/07/2023;False;True;[]
TXN_1326993;BISCOITO;3;1,00;3,00;N/A;PRESENCIAL;30/12/2023;False;True;[]
TXN_7427357;BOLO;4;3,00;12,00;CARTEIRA DIGITAL;PRESENCIAL;31/10/2023;False;True;[]
TXN_5806624;BISCOITO;5;1,00;5,00;CARTÃO DE CRÉDITO;PRESENCIAL;09/07/2023;False;True;[]
TXN_8329144;N/A;2;4,00;8,00;CARTEIRA DIGITAL;PRESENCIAL;04/03/2023;False;True;[]
TXN_6670371;CHÁ;3;1,50;4,50;CARTÃO DE CRÉDITO;PARA VIAGEM;01/05/2023;False;True;[]
TXN_8708588;CAFÉ;5;2,00;10,00;CARTEIRA DIGITAL;N/A;03/06/2023;False;True;[]
TXN_6755874;VITAMINA;3;4,00;12,00;N/A;PRESENCIAL;12/04/2023;False;True;[]
TXN_7777864;BISCOITO;3;1,00;3,00;N/A;PRESENCIAL;06/02/2023;False;True;[]
TXN_1309055;N/A;2;2,00;4,00;CARTÃO DE CRÉDITO;PARA VIAGEM;09/11/2023;False;True;[]
TXN_2250398;N/A;3;3,00;9,00;CARTEIRA DIGITAL;N/A;31/05/2023;False;True;[]
TXN_8698717;CAFÉ;4;2,00;8,00;CARTEIRA DIGITAL;N/A;11/05/2023;False;True;[]
TXN_2302259;SUCO;3;3,00;9,00;CARTÃO DE CRÉDITO;PARA VIAGEM;20/09/2023;False;True;[]
TXN_7004494;CAFÉ;4;2,00;8,00;N/A;PARA VIAGEM;17/03/2023;False;True;[]
TXN_1302920;CAFÉ;2;2,00;4,00;N/A;N/A;16/08/2023;False;True;[]
TXN_8175702;CHÁ;1;1,50;1,50;N/A;PARA VIAGEM;27/08/2023;False;True;[]
TXN_4921865;CHÁ;2;1,50;3,00;CARTEIRA DIGITAL;PRESENCIAL;06/02/2023;False;True;[]
TXN_7755372;SUCO;5;3,00;15,00;N/A;PARA VIAGEM;10/01/2023;False;True;[]
TXN_7218134;BOLO;5;3,00;15,00;DINHEIRO;N/A;14/01/2023;False;True;[]
TXN_2897794;BISCOITO;4;1,00;4,00;CARTÃO DE CRÉDITO;PARA VIAGEM;29/01/2023;False;True;[]
TXN_5743616;BOLO;4;3,00;12,00;N/A;N/A;14/12/2023;False;True;[]
TXN_4623642;SANDUICHE;1;4,00;4,00;DINHEIRO;PARA VIAGEM;12/09/2023;False;True;[]
TXN_6047710;VITAMINA;3;4,00;12,00;N/A;PARA VIAGEM;16/06/2023;False;True;[]
TXN_2813872;SALADA;1;5,00;5,00;CARTÃO DE CRÉDITO;PARA VIAGEM;01/05/2023;False;True;[]
TXN_1891978;SALADA;4;5,00;20,00;CARTEIRA DIGITAL;PRESENCIAL;13/09/2023;False;True;[]
TXN_6626928;SANDUICHE;2;4,00;8,00;N/A;PRESENCIAL;10/05/2023;False;True;[]
TXN_6320502;SUCO;4;3,00;12,00;CARTÃO DE CRÉDITO;N/A;16/08/2023;False;True;[]
TXN_1797690;BOLO;5;3,00;15,00;CARTÃO DE CRÉDITO;PARA VIAGEM;10/08/2023;False;True;[]
TXN_4587806;BISCOITO;4;1,00;4,00;N/A;N/A;27/07/2023;False;True;[]
TXN_7735127;VITAMINA;1;4,00;4,00;N/A;PARA VIAGEM;22/02/2023;False;True;[]
TXN_9831537;BOLO;4;3,00;12,00;CARTÃO DE CRÉDITO;N/A;07/08/2023;False;True;[]
TXN_7866805;SANDUICHE;3;4,00;12,00;CARTEIRA DIGITAL;PRESENCIAL;14/03/2023;False;True;[]
TXN_1760092;CAFÉ;1;2,00;2,00;CARTÃO DE CRÉDITO;PARA VIAGEM;15/04/2023;False;True;[]
TXN_1887555;SUCO;2;3,00;6,00;DINHEIRO;PRESENCIAL;08/01/2023;False;True;[]
TXN_9872258;SUCO;4;3,00;12,00;DINHEIRO;PARA VIAGEM;24/07/2023;False;True;[]
TXN_2437725;SANDUICHE;4;4,00;16,00;CARTÃO DE CRÉDITO;PARA VIAGEM;27/01/2023;False;True;[]
TXN_3240077;N/A;4;4,00;16,00;DINHEIRO;N/A;14/12/2023;False;True;[]
TXN_6581580;CAFÉ;3;2,00;6,00;N/A;PRESENCIAL;18/06/2023;False;True;[]
TXN_6440109;BOLO;2;3,00;6,00;N/A;PRESENCIAL;09/09/2023;False;True;[]
TXN_8790282;CAFÉ;3;2,00;6,00;N/A;N/A;18/10/2023;False;True;[]
TXN_7581760;CAFÉ;3;2,00;6,00;N/A;N/A;13/08/2023;False;True;[]
TXN_2903973;BOLO;2;3,00;6,00;CARTÃO DE CRÉDITO;PARA VIAGEM;26/12/2023;False;True;[]
TXN_9107842;CHÁ;2;1,50;3,00;N/A;PARA VIAGEM;04/12/2023;False;True;[]
TXN_8306630;SANDUICHE;2;4,00;8,00;CARTÃO DE CRÉDITO;PRESENCIAL;26/04/2023;False;True;[]
TXN_4612207;SUCO;5;3,00;15,00;CARTEIRA DIGITAL;N/A;21/01/2023;False;True;[]
TXN_1811216;SANDUICHE;1;4,00;4,00;CARTEIRA DIGITAL;PARA VIAGEM;18/01/2023;False;True;[]
TXN_3739424;N/A;1;3,00;3,00;CARTÃO DE CRÉDITO;N/A;03/06/2023;False;True;[]
TXN_9487384;BOLO;1;3,00;3,00;CARTÃO DE CRÉDITO;N/A;27/11/2023;False;True;[]
TXN_2205690;BISCOITO;5;1,00;5,00;N/A;PRESENCIAL;02/03/2023;False;True;[]
TXN_9219961;CAFÉ;5;2,00;10,00;CARTÃO DE CRÉDITO;N/A;04/04/2023;False;True;[]
TXN_6425954;SANDUICHE;2;4,00;8,00;N/A;PRESENCIAL;28/03/2023;False;True;[]
TXN_9131153;VITAMINA;3;4,00;12,00;N/A;PARA VIAGEM;17/11/2023;False;True;[]
TXN_1332623;BISCOITO;2;1,00;2,00;N/A;PARA VIAGEM;15/07/2023;False;True;[]
TXN_9248370;N/A;2;1,00;2,00;CARTÃO DE CRÉDITO;PRESENCIAL;17/02/2023;False;True;[]
TXN_5549522;SUCO;5;3,00;15,00;CARTEIRA DIGITAL;PARA VIAGEM;16/12/2023;False;True;[]
TXN_4234750;SUCO;2;3,00;6,00;DINHEIRO;N/A;03/09/2023;False;True;[]
TXN_9694799;CHÁ;3;1,50;4,50;DINHEIRO;PARA VIAGEM;14/04/2023;False;True;[]
TXN_6733436;SUCO;2;3,00;6,00;CARTÃO DE CRÉDITO;PARA VIAGEM;02/02/2023;False;True;[]
TXN_4423879;SUCO;5;;15,00;N/A;N/A;12/02/2023;True;True;[]
TXN_8496788;SUCO;4;3,00;12,00;DINHEIRO;N/A;14/06/2023;False;True;[]
TXN_3131168;SANDUICHE;3;4,00;12,00;DINHEIRO;N/A;24/03/2023;False;True;[]
TXN_1995528;CAFÉ;5;2,00;10,00;N/A;PRESENCIAL;24/06/2023;False;True;[]
TXN_2311707;CHÁ;5;;7,50;DINHEIRO;PRESENCIAL;03/08/2023;True;True;[]
TXN_1727281;SUCO;4;3,00;12,00;N/A;PARA VIAGEM;05/01/2023;False;True;[]
TXN_2437112;BISCOITO;3;1,00;3,00;N/A;N/A;06/04/2023;False;True;[]
TXN_8240436;SALADA;5;5,00;25,00;N/A;PRESENCIAL;05/07/2023;False;True;[]
TXN_4177796;SUCO;4;3,00;12,00;DINHEIRO;PARA VIAGEM;17/04/2023;False;True;[]
TXN_9761314;N/A;4;4,00;16,00;CARTÃO DE CRÉDITO;N/A;14/12/2023;False;True;[]
TXN_2905118;CHÁ;5;1,50;7,50;CARTEIRA DIGITAL;PARA VIAGEM;04/03/2023;False;True;[]
TXN_8058105;CHÁ;3;1,50;4,50;DINHEIRO;N/A;07/03/2023;False;True;[]
TXN_5005793;SANDUICHE;4;4,00;16,00;CARTÃO DE CRÉDITO;PRESENCIAL;21/01/2023;False;True;[]
TXN_2840861;CHÁ;2;1,50;3,00;CARTEIRA DIGITAL;PARA VIAGEM;31/05/2023;False;True;[]
TXN_1088497;SANDUICHE;1;4,00;4,00;CARTEIRA DIGITAL;PARA VIAGEM;05/07/2023;False;True;[]
TXN_4083872;SALADA;2;5,00;10,00;CARTEIRA DIGITAL;PARA VIAGEM;05/08/2023;False;True;[]
TXN_5296083;SANDUICHE;3;4,00;12,00;N/A;N/A;08/12/2023;False;True;[]
TXN_3052953;CAFÉ;5;2,00;10,00;CARTEIRA DIGITAL;N/A;28/02/2023;False;True;[]
TXN_2017793;CHÁ;;1,50;4,50;CARTEIRA DIGITAL;N/A;18/07/2023;True;True;[]
TXN_4064326;BISCOITO;2;1,00;2,00;DINHEIRO;PARA VIAGEM;07/01/2023;False;True;[]
TXN_8749775;BOLO;5;3,00;15,00;DINHEIRO;PARA VIAGEM;30/10/2023;False;True;[]
TXN_6541284;CHÁ;4;1,50;6,00;DINHEIRO;PARA VIAGEM;01/03/2023;False;True;[]
TXN_7937905;SALADA;5;5,00;25,00;N/A;N/A;15/10/2023;False;True;[]
TXN_1311519;VITAMINA;5;4,00;20,00;DINHEIRO;N/A;28/01/2023;False;True;[]
TXN_8209509;BISCOITO;4;1,00;4,00;N/A;PARA VIAGEM;09/11/2023;False;True;[]
TXN_3413156;SUCO;1;3,00;3,00;CARTÃO DE CRÉDITO;PRESENCIAL;16/10/2023;False;True;[]
TXN_7418152;BISCOITO;4;1,00;4,00;DINHEIRO;PARA VIAGEM;21/09/2023;False;True;[]
TXN_7991782;SUCO;2;3,00;6,00;N/A;PRESENCIAL;11/01/2023;False;True;[]
TXN_2822949;VITAMINA;2;4,00;8,00;CARTEIRA DIGITAL;N/A;19/11/2023;False;True;[]
TXN_5868082;CAFÉ;5;2,00;10,00;CARTÃO DE CRÉDITO;PRESENCIAL;22/10/2023;False;True;[]
TXN_1559521;N/A;5;2,00;10,00;N/A;PRESENCIAL;05/07/2023;False;True;[]
TXN_2250898;VITAMINA;;4,00;12,00;CARTÃO DE CRÉDITO;N/A;23/12/2023;True;True;[]
TXN_2947622;VITAMINA;5;4,00;20,00;N/A;N/A;06/08/2023;False;True;[]
TXN_1413335;SALADA;1;5,00;5,00;CARTEIRA DIGITAL;PARA VIAGEM;17/05/2023;False;True;[]
TXN_7086603;BOLO;4;3,00;12,00;CARTÃO DE CRÉDITO;N/A;18/03/2023;False;True;[]
TXN_6919325;BOLO;3;3,00;9,00;DINHEIRO;N/A;05/02/2023;False;True;[]
TXN_7286934;VITAMINA;2;4,00;8,00;CARTÃO DE CRÉDITO;PRESENCIAL;27/03/2023;False;True;[]
TXN_5213014;SANDUICHE;3;4,00;12,00;CARTÃO DE CRÉDITO;N/A;09/05/2023;False;True;[]
TXN_3121483;SALADA;2;5,00;10,00;N/A;PARA VIAGEM;06/01/2023;False;True;[]
TXN_1670848;BOLO;2;;6,00;CARTÃO DE CRÉDITO;N/A;04/08/2023;True;True;[]
TXN_7595042;SALADA;1;5,00;5,00;N/A;PARA VIAGEM;03/04/2023;False;True;[]
TXN_3447594;N/A;1;5,00;5,00;CARTEIRA DIGITAL;PRESENCIAL;24/02/2023;False;True;[]
TXN_9250024;BISCOITO;2;1,00;2,00;CARTEIRA DIGITAL;N/A;21/03/2023;False;True;[]
TXN_1353266;VITAMINA;1;4,00;4,00;CARTEIRA DIGITAL;PARA VIAGEM;30/08/2023;False;True;[]
TXN_3950331;CHÁ;5;1,50;7,50;CARTEIRA DIGITAL;N/A;02/03/2023;False;True;[]
TXN_3766657;VITAMINA;5;4,00;20,00;N/A;N/A;16/08/2023;False;True;[]
TXN_6034596;N/A;1;5,00;5,00;N/A;PARA VIAGEM;07/04/2023;False;True;[]
TXN_7233393;SUCO;5;3,00;15,00;CARTÃO DE CRÉDITO;PRESENCIAL;22/11/2023;False;True;[]
TXN_8273645;SUCO;2;3,00;6,00;DINHEIRO;PARA VIAGEM;02/11/2023;False;True;[]
TXN_2474286;SUCO;2;3,00;6,00;CARTEIRA DIGITAL;PRESENCIAL;09/12/2023;False;True;[]
TXN_6700141;SANDUICHE;1;4,00;4,00;DINHEIRO;PARA VIAGEM;12/04/2023;False;True;[]
TXN_4006771;BISCOITO;3;1,00;3,00;CARTÃO DE CRÉDITO;N/A;06/02/2023;False;True;[]
TXN_4406290;CAFÉ;5;2,00;10,00;N/A;PRESENCIAL;02/07/2023;False;True;[]
TXN_2714524;SANDUICHE;4;4,00;16,00;DINHEIRO;PARA VIAGEM;02/01/2023;False;True;[]
TXN_3585097;CAFÉ;3;2,00;6,00;N/A;PARA VIAGEM;31/05/2023;False;True;[]
TXN_5432582;SUCO;3;3,00;9,00;N/A;N/A;30/08/2023;False;True;[]
TXN_5367923;SANDUICHE;4;4,00;16,00;N/A;N/A;19/04/2023;False;True;[]
TXN_4030519;VITAMINA;2;4,00;8,00;CARTEIRA DIGITAL;PARA VIAGEM;22/01/2023;False;True;[]
TXN_8716594;SALADA;4;5,00;20,00;CARTÃO DE CRÉDITO;PARA VIAGEM;26/08/2023;False;True;[]
TXN_5159483;SUCO;2;3,00;6,00;CARTEIRA DIGITAL;PRESENCIAL;24/05/2023;False;True;[]
TXN_6347482;CHÁ;2;1,50;3,00;CARTEIRA DIGITAL;N/A;10/07/2023;False;True;[]
TXN_4688236;CAFÉ;4;2,00;8,00;DINHEIRO;PRESENCIAL;05/07/2023;False;True;[]
TXN_7021722;CHÁ;3;1,50;4,50;N/A;PARA VIAGEM;27/07/2023;False;True;[]
TXN_1466002;N/A;3;3,00;9,00;N/A;N/A;23/11/2023;False;True;[]
TXN_4878020;BOLO;3;3,00;9,00;N/A;PRESENCIAL;17/03/2023;False;True;[]
TXN_3158921;SANDUICHE;1;4,00;4,00;CARTEIRA DIGITAL;PRESENCIAL;16/04/2023;False;True;[]
TXN_8555334;CAFÉ;1;2,00;2,00;N/A;PRESENCIAL;16/06/2023;False;True;[]
TXN_9749790;CHÁ;3;;4,50;N/A;PARA VIAGEM;17/10/2023;True;True;[]
TXN_7476268;SUCO;2;3,00;6,00;CARTÃO DE CRÉDITO;N/A;07/06/2023;False;True;[]
TXN_2741928;BOLO;1;3,00;3,00;CARTEIRA DIGITAL;PRESENCIAL;06/10/2023;False;True;[]
TXN_8477945;BISCOITO;4;1,00;4,00;N/A;PRESENCIAL;19/07/2023;False;True;[]
TXN_2838958;CAFÉ;1;2,00;2,00;DINHEIRO;PARA VIAGEM;10/03/2023;False;True;[]
TXN_4937411;SUCO;1;3,00;3,00;N/A;PARA VIAGEM;21/08/2023;False;True;[]
TXN_1124655;SALADA;3;5,00;15,00;DINHEIRO;N/A;23/10/2023;False;True;[]
TXN_1367723;CAFÉ;3;2,00;6,00;DINHEIRO;PRESENCIAL;25/10/2023;False;True;[]
TXN_1710476;SUCO;4;3,00;12,00;CARTEIRA DIGITAL;PARA VIAGEM;22/05/2023;False;True;[]
TXN_2248497;SALADA;2;5,00;10,00;DINHEIRO;PARA VIAGEM;07/03/2023;False;True;[]
TXN_9403754;BOLO;5;3,00;15,00;CARTÃO DE CRÉDITO;PARA VIAGEM;19/06/2023;False;True;[]
TXN_2457189;N/A;3;4,00;12,00;CARTEIRA DIGITAL;PARA VIAGEM;28/08/2023;False;True;[]
TXN_2495788;BISCOITO;2;1,00;2,00;CARTÃO DE CRÉDITO;PARA VIAGEM;16/12/2023;False;True;[]
TXN_7528294;SUCO;3;3,00;9,00;CARTEIRA DIGITAL;N/A;27/09/2023;False;True;[]
TXN_2844982;BISCOITO;1;1,00;1,00;CARTEIRA DIGITAL;PARA VIAGEM;04/03/2023;False;True;[]
TXN_9345439;CAFÉ;2;2,00;4,00;DINHEIRO;PARA VIAGEM;07/08/2023;False;True;[]
TXN_6347567;SUCO;5;;15,00;DINHEIRO;PRESENCIAL;31/03/2023;True;True;[]
TXN_9710430;SANDUICHE;3;4,00;12,00;CARTÃO DE CRÉDITO;PARA VIAGEM;10/01/2023;False;True;[]
TXN_8859035;BOLO;3;3,00;9,00;CARTEIRA DIGITAL;PARA VIAGEM;19/01/2023;False;True;[]
TXN_7131251;CHÁ;2;1,50;3,00;N/A;PRESENCIAL;28/06/2023;False;True;[]
TXN_9577339;BOLO;2;3,00;6,00;CARTEIRA DIGITAL;N/A;10/03/2023;False;True;[]
TXN_9206049;BISCOITO;1;1,00;1,00;CARTÃO DE CRÉDITO;PRESENCIAL;17/09/2023;False;True;[]
TXN_8748070;BISCOITO;2;1,00;2,00;CARTÃO DE CRÉDITO;PRESENCIAL;31/07/2023;False;True;[]
TXN_1079241;SUCO;3;3,00;9,00;CARTEIRA DIGITAL;PARA VIAGEM;16/07/2023;False;True;[]
TXN_8250845;BISCOITO;1;1,00;1,00;DINHEIRO;N/A;09/12/2023;False;True;[]
TXN_7878520;SANDUICHE;3;4,00;12,00;CARTEIRA DIGITAL;PARA VIAGEM;29/08/2023;False;True;[]
TXN_8990101;VITAMINA;5;;20,00;N/A;PRESENCIAL;25/11/2023;True;True;[]
TXN_8789137;SANDUICHE;1;4,00;4,00;N/A;PARA VIAGEM;25/09/2023;False;True;[]
TXN_1236779;SUCO;3;;9,00;CARTÃO DE CRÉDITO;PRESENCIAL;29/12/2023;True;True;[]
TXN_6846861;VITAMINA;4;4,00;16,00;N/A;PRESENCIAL;26/11/2023;False;True;[]
TXN_7682621;SANDUICHE;4;4,00;16,00;DINHEIRO;PARA VIAGEM;07/11/2023;False;True;[]
TXN_2770536;VITAMINA;2;4,00;8,00;N/A;PRESENCIAL;03/11/2023;False;True;[]
TXN_3291900;VITAMINA;4;4,00;16,00;DINHEIRO;PARA VIAGEM;04/05/2023;False;True;[]
TXN_1390917;SANDUICHE;1;4,00;4,00;CARTÃO DE CRÉDITO;N/A;16/01/2023;False;True;[]
TXN_5406411;N/A;5;4,00;20,00;CARTÃO DE CRÉDITO;PRESENCIAL;14/04/2023;False;True;[]
TXN_4628338;CAFÉ;;2,00;;DINHEIRO;N/A;25/12/2023;True;True;[]
TXN_4532280;CAFÉ;;2,00;10,00;CARTÃO DE CRÉDITO;N/A;10/01/2023;True;True;[]
TXN_2879543;SUCO;5;3,00;15,00;N/A;N/A;30/03/2023;False;True;[]
TXN_7334418;BISCOITO;2;1,00;2,00;CARTEIRA DIGITAL;N/A;24/03/2023;False;True;[]
TXN_7927109;CHÁ;1;1,50;1,50;DINHEIRO;N/A;18/04/2023;False;True;[]
TXN_9352814;CHÁ;4;1,50;6,00;DINHEIRO;N/A;10/09/2023;False;True;[]
TXN_8872984;SALADA;5;;;CARTÃO DE CRÉDITO;PRESENCIAL;23/08/2023;True;True;[]
TXN_8305586;CAFÉ;4;2,00;8,00;DINHEIRO;N/A;06/01/2023;False;True;[]
TXN_6501091;SUCO;2;3,00;6,00;CARTEIRA DIGITAL;PARA VIAGEM;07/05/2023;False;True;[]
TXN_8197935;SANDUICHE;5;;20,00;DINHEIRO;PRESENCIAL;28/03/2023;True;True;[]
TXN_8349096;BISCOITO;5;1,00;5,00;N/A;N/A;12/12/2023;False;True;[]
TXN_1721366;VITAMINA;5;4,00;20,00;CARTEIRA DIGITAL;PRESENCIAL;09/04/2023;False;True;[]
TXN_3924170;CHÁ;3;1,50;4,50;CARTÃO DE CRÉDITO;PRESENCIAL;07/08/2023;False;True;[]
TXN_6206421;SANDUICHE;2;4,00;8,00;N/A;PRESENCIAL;06/04/2023;False;True;[]
TXN_3740465;BISCOITO;4;1,00;4,00;CARTEIRA DIGITAL;N/A;08/03/2023;False;True;[]
TXN_5227798;SALADA;4;5,00;20,00;DINHEIRO;N/A;02/09/2023;False;True;[]
TXN_9374286;CAFÉ;5;2,00;10,00;DINHEIRO;PRESENCIAL;07/08/2023;False;True;[]
TXN_6577619;SALADA;3;5,00;15,00;CARTÃO DE CRÉDITO;PRESENCIAL;22/07/2023;False;True;[]
TXN_5209716;N/A;;1,00;5,00;DINHEIRO;N/A;06/10/2023;True;True;[]
TXN_6412590;SALADA;1;5,00;5,00;CARTEIRA DIGITAL;N/A;12/06/2023;False;True;[]
TXN_1577802;SUCO;2;3,00;6,00;CARTÃO DE CRÉDITO;PRESENCIAL;29/11/2023;False;True;[]
TXN_3202346;SALADA;2;5,00;10,00;N/A;PRESENCIAL;19/11/2023;False;True;[]
TXN_2141924;SALADA;5;5,00;25,00;DINHEIRO;PRESENCIAL;27/11/2023;False;True;[]
TXN_6775972;CAFÉ;3;2,00;6,00;CARTÃO DE CRÉDITO;N/A;15/09/2023;False;True;[]
TXN_8799599;CAFÉ;1;2,00;2,00;CARTÃO DE CRÉDITO;N/A;10/09/2023;False;True;[]
TXN_2866735;BISCOITO;4;1,00;4,00;DINHEIRO;PARA VIAGEM;13/03/2023;False;True;[]
TXN_2199500;VITAMINA;1;4,00;4,00;CARTÃO DE CRÉDITO;N/A;04/04/2023;False;True;[]
TXN_3402368;N/A;2;1,50;3,00;N/A;PRESENCIAL;01/02/2023;False;True;[]
TXN_8279269;VITAMINA;4;4,00;16,00;CARTEIRA DIGITAL;N/A;14/06/2023;False;True;[]
TXN_2829951;VITAMINA;4;4,00;16,00;CARTÃO DE CRÉDITO;N/A;28/06/2023;False;True;[]
TXN_6748374;SALADA;1;5,00;5,00;CARTÃO DE CRÉDITO;PARA VIAGEM;24/07/2023;False;True;[]
TXN_5056971;CHÁ;4;1,50;6,00;DINHEIRO;PARA VIAGEM;22/08/2023;False;True;[]
TXN_8675052;BISCOITO;3;1,00;3,00;CARTÃO DE CRÉDITO;N/A;23/11/2023;False;True;[]
TXN_6481150;SALADA;4;5,00;20,00;CARTEIRA DIGITAL;PRESENCIAL;30/03/2023;False;True;[]
TXN_2371827;BISCOITO;5;1,00;5,00;DINHEIRO;PRESENCIAL;03/04/2023;False;True;[]
TXN_3677109;BOLO;5;3,00;15,00;CARTEIRA DIGITAL;N/A;02/12/2023;False;True;[]
TXN_5457767;BOLO;3;3,00;9,00;DINHEIRO;PRESENCIAL;14/08/2023;False;True;[]
TXN_3661311;SUCO;2;3,00;6,00;CARTEIRA DIGITAL;N/A;30/04/2023;False;True;[]
TXN_5520841;BOLO;1;3,00;3,00;N/A;PARA VIAGEM;04/09/2023;False;True;[]
TXN_6443522;VITAMINA;4;4,00;16,00;CARTEIRA DIGITAL;PRESENCIAL;22/06/2023;False;True;[]
TXN_4907008;CAFÉ;3;2,00;6,00;N/A;PRESENCIAL;30/10/2023;False;True;[]
TXN_9833793;BISCOITO;1;;1,00;N/A;PARA VIAGEM;01/12/2023;True;True;[]
TXN_6297375;CAFÉ;5;2,00;10,00;N/A;N/A;16/07/2023;False;True;[]
TXN_1641000;SANDUICHE;2;4,00;8,00;DINHEIRO;N/A;19/08/2023;False;True;[]
TXN_8588174;N/A;3;5,00;15,00;N/A;PRESENCIAL;07/02/2023;False;True;[]
TXN_1228888;BISCOITO;1;1,00;1,00;CARTÃO DE CRÉDITO;PRESENCIAL;05/10/2023;False;True;[]
TXN_2917349;CHÁ;4;1,50;6,00;N/A;N/A;15/01/2023;False;True;[]
TXN_8099578;CAFÉ;3;2,00;6,00;N/A;PARA VIAGEM;02/03/2023;False;True;[]
TXN_9949241;SALADA;1;5,00;5,00;N/A;PRESENCIAL;26/07/2023;False;True;[]
TXN_5662517;CHÁ;2;;3,00;CARTÃO DE CRÉDITO;PARA VIAGEM;05/01/2023;True;True;[]
TXN_3221795;SANDUICHE;5;4,00;20,00;DINHEIRO;N/A;01/10/2023;False;True;[]
TXN_8432624;SUCO;3;3,00;9,00;DINHEIRO;PARA VIAGEM;24/06/2023;False;True;[]
TXN_1883231;SUCO;5;3,00;15,00;N/A;PRESENCIAL;21/10/2023;False;True;[]
TXN_2490699;CAFÉ;1;2,00;2,00;DINHEIRO;N/A;05/10/2023;False;True;[]
TXN_1898102;BOLO;4;3,00;12,00;CARTÃO DE CRÉDITO;PARA VIAGEM;17/10/2023;False;True;[]
TXN_9614646;CAFÉ;;2,00;6,00;N/A;PRESENCIAL;18/03/2023;True;True;[]
TXN_6142529;CHÁ;5;1,50;7,50;CARTÃO DE CRÉDITO;PRESENCIAL;21/07/2023;False;True;[]
TXN_9279935;CAFÉ;2;2,00;4,00;CARTEIRA DIGITAL;PRESENCIAL;02/06/2023;False;True;[]
TXN_3233211;CHÁ;2;1,50;3,00;N/A;PARA VIAGEM;07/06/2023;False;True;[]
TXN_1607650;BISCOITO;2;1,00;2,00;N/A;N/A;27/04/2023;False;True;[]
TXN_1873852;N/A;3;3,00;9,00;CARTEIRA DIGITAL;PARA VIAGEM;07/07/2023;False;True;[]
TXN_2501656;BOLO;5;3,00;15,00;CARTEIRA DIGITAL;PARA VIAGEM;02/07/2023;False;True;[]
TXN_6125085;N/A;3;3,00;9,00;N/A;PARA VIAGEM;24/05/2023;False;True;[]
TXN_8917809;SALADA;5;5,00;25,00;DINHEIRO;N/A;29/07/2023;False;True;[]
TXN_8850815;VITAMINA;5;4,00;20,00;N/A;N/A;23/07/2023;False;True;[]
TXN_6959065;CAFÉ;5;2,00;10,00;CARTEIRA DIGITAL;PARA VIAGEM;05/05/2023;False;True;[]
TXN_4784154;CHÁ;;1,50;7,50;CARTÃO DE CRÉDITO;PRESENCIAL;06/09/2023;True;True;[]
TXN_1893337;BOLO;2;3,00;6,00;N/A;PARA VIAGEM;16/05/2023;False;True;[]
TXN_6907555;CHÁ;2;1,50;3,00;CARTÃO DE CRÉDITO;N/A;21/09/2023;False;True;[]
TXN_2437751;SANDUICHE;1;4,00;4,00;N/A;PRESENCIAL;18/03/2023;False;True;[]
TXN_8285283;SUCO;5;3,00;15,00;CARTEIRA DIGITAL;N/A;21/09/2023;False;True;[]
TXN_4795208;SANDUICHE;;4,00;8,00;CARTEIRA DIGITAL;PARA VIAGEM;03/05/2023;True;True;[]
TXN_5426405;CHÁ;5;1,50;7,50;N/A;PRESENCIAL;26/11/2023;False;True;[]
TXN_6794035;SANDUICHE;1;4,00;4,00;CARTEIRA DIGITAL;N/A;04/11/2023;False;True;[]
TXN_6265760;BOLO;1;3,00;3,00;CARTÃO DE CRÉDITO;PARA VIAGEM;21/06/2023;False;True;[]
TXN_9905396;SALADA;1;5,00;5,00;N/A;N/A;20/08/2023;False;True;[]
TXN_1955127;SUCO;5;3,00;15,00;N/A;PRESENCIAL;18/02/2023;False;True;[]
TXN_1296879;BOLO;1;3,00;3,00;N/A;PARA VIAGEM;17/11/2023;False;True;[]
TXN_8882176;BISCOITO;4;1,00;4,00;DINHEIRO;PARA VIAGEM;28/03/2023;False;True;[]
TXN_7052672;SUCO;1;3,00;3,00;N/A;PRESENCIAL;29/06/2023;False;True;[]
TXN_3492861;BISCOITO;5;1,00;5,00;DINHEIRO;N/A;09/11/2023;False;True;[]
TXN_3655322;SUCO;3;3,00;9,00;CARTEIRA DIGITAL;PARA VIAGEM;03/10/2023;False;True;[]
TXN_7584389;CAFÉ;4;;8,00;DINHEIRO;N/A;09/03/2023;True;True;[]
TXN_5734319;CAFÉ;5;2,00;10,00;DINHEIRO;PARA VIAGEM;01/06/2023;False;True;[]
TXN_2535662;SUCO;1;3,00;3,00;DINHEIRO;N/A;01/05/2023;False;True;[]
TXN_8436360;SUCO;2;3,00;6,00;N/A;N/A;16/12/2023;False;True;[]
TXN_1370465;BISCOITO;4;1,00;4,00;CARTEIRA DIGITAL;N/A;25/03/2023;False;True;[]
TXN_7343660;SALADA;5;5,00;25,00;CARTÃO DE CRÉDITO;PRESENCIAL;06/08/2023;False;True;[]
TXN_7777602;SALADA;1;5,00;5,00;DINHEIRO;N/A;26/04/2023;False;True;[]
TXN_3430805;SUCO;4;3,00;12,00;CARTÃO DE CRÉDITO;N/A;12/11/2023;False;True;[]
TXN_8219472;BISCOITO;4;1,00;4,00;CARTÃO DE CRÉDITO;N/A;09/11/2023;False;True;[]
TXN_7171303;SANDUICHE;1;4,00;4,00;N/A;N/A;30/04/2023;False;True;[]
TXN_2330694;SALADA;3;5,00;15,00;DINHEIRO;PRESENCIAL;31/05/2023;False;True;[]
TXN_4476076;VITAMINA;2;4,00;8,00;CARTEIRA DIGITAL;PARA VIAGEM;26/03/2023;False;True;[]
TXN_4183749;BOLO;4;3,00;12,00;CARTÃO DE CRÉDITO;PARA VIAGEM;25/01/2023;False;True;[]
TXN_8132145;CHÁ;1;1,50;1,50;CARTEIRA DIGITAL;N/A;04/08/2023;False;True;[]
TXN_9286960;BISCOITO;3;1,00;3,00;DINHEIRO;N/A;26/12/2023;False;True;[]
TXN_6901619;CHÁ;2;1,50;3,00;CARTEIRA DIGITAL;PRESENCIAL;16/10/2023;False;True;[]
TXN_6699343;SUCO;;3,00;9,00;N/A;PARA VIAGEM;31/10/2023;True;True;[]
TXN_2184573;CHÁ;4;1,50;6,00;N/A;PARA VIAGEM;26/04/2023;False;True;[]
TXN_4779439;N/A;4;3,00;12,00;N/A;PRESENCIAL;23/08/2023;False;True;[]
TXN_1789504;N/A;1;5,00;5,00;CARTÃO DE CRÉDITO;N/A;12/06/2023;False;True;[]
TXN_6337189;BOLO;1;3,00;3,00;N/A;N/A;11/04/2023;False;True;[]
TXN_6071905;BOLO;1;3,00;3,00;N/A;PRESENCIAL;06/11/2023;False;True;[]
TXN_7847913;VITAMINA;3;4,00;12,00;CARTEIRA DIGITAL;PRESENCIAL;17/05/2023;False;True;[]
TXN_1792405;CHÁ;3;1,50;4,50;CARTEIRA DIGITAL;PARA VIAGEM;06/07/2023;False;True;[]
TXN_6101067;VITAMINA;1;4,00;4,00;CARTÃO DE CRÉDITO;PARA VIAGEM;05/09/2023;False;True;[]
TXN_2260070;SALADA;1;5,00;5,00;DINHEIRO;N/A;06/10/2023;False;True;[]
TXN_5641209;SALADA;;5,00;15,00;N/A;PARA VIAGEM;03/12/2023;True;True;[]
TXN_3994585;BOLO;3;3,00;9,00;CARTEIRA DIGITAL;PRESENCIAL;24/07/2023;False;True;[]
TXN_5202752;VITAMINA;5;4,00;20,00;CARTÃO DE CRÉDITO;PARA VIAGEM;08/05/2023;False;True;[]
TXN_8714850;SUCO;5;3,00;15,00;DINHEIRO;PRESENCIAL;30/04/2023;False;True;[]
TXN_3504925;VITAMINA;5;4,00;20,00;DINHEIRO;N/A;21/09/2023;False;True;[]
TXN_4919285;CAFÉ;4;2,00;8,00;DINHEIRO;PARA VIAGEM;15/10/2023;False;True;[]
TXN_4876398;SALADA;2;5,00;10,00;DINHEIRO;N/A;21/04/2023;False;True;[]
TXN_5456362;VITAMINA;4;4,00;16,00;CARTÃO DE CRÉDITO;N/A;06/07/2023;False;True;[]
TXN_4377249;CAFÉ;3;2,00;6,00;CARTEIRA DIGITAL;N/A;26/07/2023;False;True;[]
TXN_6566716;CAFÉ;;2,00;2,00;CARTÃO DE CRÉDITO;N/A;01/01/2023;True;True;[]
TXN_1571824;BISCOITO;4;1,00;4,00;DINHEIRO;PARA VIAGEM;16/10/2023;False;True;[]
TXN_3920273;VITAMINA;4;4,00;16,00;CARTEIRA DIGITAL;PRESENCIAL;05/09/2023;False;True;[]
TXN_8222593;SANDUICHE;4;4,00;16,00;CARTÃO DE CRÉDITO;N/A;11/05/2023;False;True;[]
TXN_5054719;SANDUICHE;2;4,00;8,00;CARTÃO DE CRÉDITO;N/A;17/04/2023;False;True;[]
TXN_2242015;CHÁ;2;1,50;3,00;DINHEIRO;N/A;26/08/2023;False;True;[]
TXN_5208377;N/A;2;1,50;3,00;N/A;PARA VIAGEM;06/03/2023;False;True;[]
TXN_1322520;N/A;5;5,00;25,00;DINHEIRO;N/A;12/07/2023;False;True;[]
TXN_7268387;SUCO;3;3,00;9,00;CARTÃO DE CRÉDITO;PARA VIAGEM;09/04/2023;False;True;[]
TXN_6268823;VITAMINA;2;4,00;8,00;CARTEIRA DIGITAL;PARA VIAGEM;18/04/2023;False;True;[]
TXN_5578828;BISCOITO;4;1,00;4,00;DINHEIRO;PRESENCIAL;12/05/2023;False;True;[]
TXN_5727550;CAFÉ;3;2,00;6,00;CARTEIRA DIGITAL;N/A;11/10/2023;False;True;[]
TXN_9597063;CAFÉ;2;2,00;4,00;CARTEIRA DIGITAL;PRESENCIAL;20/07/2023;False;True;[]
TXN_6867132;BOLO;2;3,00;6,00;DINHEIRO;PRESENCIAL;01/02/2023;False;True;[]
TXN_1971865;BOLO;1;3,00;3,00;CARTEIRA DIGITAL;PARA VIAGEM;11/04/2023;False;True;[]
TXN_6067546;CHÁ;5;;7,50;CARTEIRA DIGITAL;PARA VIAGEM;25/08/2023;True;True;[]
TXN_3699636;N/A;3;5,00;15,00;CARTEIRA DIGITAL;N/A;12/01/2023;False;True;[]
TXN_6724588;SUCO;2;3,00;6,00;CARTEIRA DIGITAL;PRESENCIAL;16/10/2023;False;True;[]
TXN_2929426;SALADA;5;5,00;25,00;DINHEIRO;PARA VIAGEM;29/01/2023;False;True;[]
TXN_9669749;SALADA;4;5,00;20,00;CARTÃO DE CRÉDITO;N/A;26/03/2023;False;True;[]
TXN_9105374;SUCO;4;3,00;12,00;CARTEIRA DIGITAL;PRESENCIAL;25/01/2023;False;True;[]
TXN_3346749;CHÁ;2;1,50;3,00;N/A;N/A;06/05/2023;False;True;[]
TXN_5594043;BOLO;4;3,00;12,00;DINHEIRO;N/A;22/06/2023;False;True;[]
TXN_1170807;VITAMINA;5;4,00;20,00;N/A;PRESENCIAL;15/09/2023;False;True;[]
TXN_2882571;BOLO;1;3,00;3,00;CARTÃO DE CRÉDITO;PRESENCIAL;24/05/2023;False;True;[]
TXN_6640488;CHÁ;3;1,50;4,50;CARTÃO DE CRÉDITO;PARA VIAGEM;01/04/2023;False;True;[]
TXN_7621512;SALADA;4;5,00;20,00;CARTEIRA DIGITAL;PRESENCIAL;24/07/2023;False;True;[]
TXN_9529846;VITAMINA;5;4,00;20,00;N/A;N/A;23/09/2023;False;True;[]
TXN_3338458;BOLO;5;3,00;15,00;DINHEIRO;N/A;27/10/2023;False;True;[]
TXN_3104867;SUCO;3;3,00;9,00;CARTEIRA DIGITAL;N/A;28/03/2023;False;True;[]
TXN_9286019;VITAMINA;4;4,00;16,00;DINHEIRO;PARA VIAGEM;28/05/2023;False;True;[]
TXN_1923263;SANDUICHE;4;4,00;16,00;CARTEIRA DIGITAL;PRESENCIAL;12/03/2023;False;True;[]
TXN_3172621;SANDUICHE;4;4,00;16,00;N/A;PARA VIAGEM;15/10/2023;False;True;[]
TXN_5830991;BISCOITO;4;1,00;4,00;N/A;PARA VIAGEM;07/11/2023;False;True;[]
TXN_8719561;N/A;3;3,00;9,00;N/A;N/A;13/09/2023;False;True;[]
TXN_7396497;N/A;5;4,00;20,00;CARTÃO DE CRÉDITO;PRESENCIAL;10/02/2023;False;True;[]
TXN_7629728;CAFÉ;4;2,00;8,00;CARTEIRA DIGITAL;PRESENCIAL;15/12/2023;False;True;[]
TXN_2831842;BOLO;2;3,00;6,00;N/A;N/A;20/05/2023;False;True;[]
TXN_8903958;SUCO;2;3,00;6,00;CARTEIRA DIGITAL;PARA VIAGEM;12/11/2023;False;True;[]
TXN_8951525;SUCO;3;3,00;9,00;N/A;N/A;08/06/2023;False;True;[]
TXN_7511261;SUCO;3;3,00;9,00;N/A;N/A;26/03/2023;False;True;[]
TXN_3896128;BOLO;1;3,00;3,00;N/A;PRESENCIAL;04/01/2023;False;True;[]
TXN_6554101;VITAMINA;3;4,00;12,00;N/A;N/A;15/02/2023;False;True;[]
TXN_3500571;SUCO;3;3,00;9,00;N/A;PARA VIAGEM;03/05/2023;False;True;[]
TXN_6761273;SUCO;5;3,00;15,00;CARTEIRA DIGITAL;N/A;13/10/2023;False;True;[]
TXN_6076602;CHÁ;4;1,50;6,00;CARTÃO DE CRÉDITO;PRESENCIAL;07/02/2023;False;True;[]
TXN_9196658;BISCOITO;1;;1,00;N/A;PARA VIAGEM;12/06/2023;True;True;[]
TXN_7330330;BISCOITO;2;1,00;2,00;N/A;PRESENCIAL;16/10/2023;False;True;[]
TXN_2340643;SALADA;5;5,00;25,00;DINHEIRO;PRESENCIAL;05/01/2023;False;True;[]
TXN_4397349;SANDUICHE;2;4,00;8,00;N/A;N/A;08/06/2023;False;True;[]
TXN_1072984;CHÁ;4;1,50;6,00;CARTEIRA DIGITAL;N/A;11/01/2023;False;True;[]
TXN_3238759;SANDUICHE;5;4,00;20,00;CARTEIRA DIGITAL;PRESENCIAL;20/07/2023;False;True;[]
TXN_9802771;VITAMINA;2;4,00;8,00;N/A;N/A;11/02/2023;False;True;[]
TXN_3858607;SALADA;5;5,00;25,00;CARTEIRA DIGITAL;N/A;02/12/2023;False;True;[]
TXN_3585602;SUCO;2;3,00;6,00;DINHEIRO;PRESENCIAL;17/04/2023;False;True;[]
TXN_8096618;CAFÉ;4;2,00;8,00;CARTEIRA DIGITAL;PRESENCIAL;20/02/2023;False;True;[]
TXN_8363711;VITAMINA;2;4,00;8,00;N/A;PRESENCIAL;21/05/2023;False;True;[]
TXN_2639283;SUCO;5;3,00;15,00;CARTEIRA DIGITAL;PARA VIAGEM;13/08/2023;False;True;[]
TXN_1505837;SANDUICHE;3;4,00;12,00;CARTÃO DE CRÉDITO;PRESENCIAL;15/12/2023;False;True;[]
TXN_2566299;SUCO;2;3,00;6,00;DINHEIRO;N/A;20/08/2023;False;True;[]
TXN_7292790;BISCOITO;4;1,00;4,00;DINHEIRO;PRESENCIAL;13/06/2023;False;True;[]
TXN_7631496;BISCOITO;3;1,00;3,00;CARTEIRA DIGITAL;PRESENCIAL;05/11/2023;False;True;[]
TXN_6251282;SUCO;4;3,00;12,00;DINHEIRO;N/A;15/11/2023;False;True;[]
TXN_6266750;SANDUICHE;1;4,00;4,00;DINHEIRO;N/A;21/04/2023;False;True;[]
TXN_6770844;SUCO;1;3,00;3,00;CARTEIRA DIGITAL;PRESENCIAL;08/05/2023;False;True;[]
TXN_4152460;SANDUICHE;;4,00;12,00;DINHEIRO;PARA VIAGEM;01/05/2023;True;True;[]
TXN_4699911;CAFÉ;2;2,00;4,00;CARTEIRA DIGITAL;PARA VIAGEM;21/07/2023;False;True;[]
TXN_3472433;CAFÉ;4;2,00;8,00;CARTÃO DE CRÉDITO;PARA VIAGEM;29/10/2023;False;True;[]
TXN_7179827;SUCO;4;3,00;12,00;CARTÃO DE CRÉDITO;PRESENCIAL;28/06/2023;False;True;[]
TXN_7568112;SALADA;;5,00;25,00;DINHEIRO;N/A;29/06/2023;True;True;[]
TXN_9800351;CHÁ;3;1,50;4,50;DINHEIRO;N/A;16/06/2023;False;True;[]
TXN_4216821;CHÁ;2;1,50;3,00;N/A;N/A;02/07/2023;False;True;[]
TXN_6378070;N/A;3;4,00;12,00;CARTEIRA DIGITAL;N/A;26/09/2023;False;True;[]
TXN_2889185;N/A;2;4,00;8,00;N/A;N/A;21/10/2023;False;True;[]
TXN_5188872;BOLO;3;3,00;9,00;N/A;PRESENCIAL;21/07/2023;False;True;[]
TXN_9927220;SUCO;5;3,00;15,00;DINHEIRO;N/A;14/09/2023;False;True;[]
TXN_5118799;BISCOITO;2;;;DINHEIRO;PARA VIAGEM;23/04/2023;True;True;[]
TXN_2110490;N/A;1;5,00;5,00;DINHEIRO;PRESENCIAL;29/08/2023;False;True;[]
TXN_7187578;SALADA;5;5,00;25,00;N/A;PRESENCIAL;20/11/2023;False;True;[]
TXN_4914203;N/A;1;2,00;2,00;CARTÃO DE CRÉDITO;N/A;02/12/2023;False;True;[]
TXN_6046363;VITAMINA;5;4,00;20,00;CARTEIRA DIGITAL;PARA VIAGEM;20/03/2023;False;True;[]
TXN_2920578;VITAMINA;4;4,00;16,00;DINHEIRO;N/A;06/09/2023;False;True;[]
TXN_7117210;SUCO;4;3,00;12,00;CARTEIRA DIGITAL;PRESENCIAL;25/09/2023;False;True;[]
TXN_5823330;SALADA;3;5,00;15,00;CARTEIRA DIGITAL;PRESENCIAL;19/10/2023;False;True;[]
TXN_8155540;SALADA;5;5,00;25,00;CARTÃO DE CRÉDITO;PARA VIAGEM;19/03/2023;False;True;[]
TXN_2418609;SANDUICHE;2;4,00;8,00;CARTEIRA DIGITAL;PRESENCIAL;06/09/2023;False;True;[]
TXN_8570149;CHÁ;1;1,50;1,50;CARTÃO DE CRÉDITO;N/A;03/06/2023;False;True;[]
TXN_4382802;SANDUICHE;1;4,00;4,00;CARTEIRA DIGITAL;PARA VIAGEM;17/07/2023;False;True;[]
TXN_9970964;VITAMINA;2;4,00;8,00;CARTÃO DE CRÉDITO;PARA VIAGEM;07/07/2023;False;True;[]
TXN_5946779;SANDUICHE;1;4,00;4,00;DINHEIRO;PRESENCIAL;25/05/2023;False;True;[]
TXN_2253622;SANDUICHE;5;;;CARTEIRA DIGITAL;PARA VIAGEM;30/09/2023;True;True;[]
TXN_8982328;SUCO;1;3,00;3,00;CARTÃO DE CRÉDITO;PRESENCIAL;20/10/2023;False;True;[]
TXN_9969706;BOLO;5;3,00;15,00;N/A;PRESENCIAL;17/03/2023;False;True;[]
TXN_1915046;SANDUICHE;5;4,00;20,00;N/A;N/A;12/04/2023;False;True;[]
TXN_4624019;BISCOITO;1;1,00;1,00;DINHEIRO;N/A;12/02/2023;False;True;[]
TXN_1773856;BOLO;2;3,00;6,00;N/A;N/A;11/08/2023;False;True;[]
TXN_6667083;BOLO;1;3,00;3,00;DINHEIRO;N/A;19/03/2023;False;True;[]
TXN_8639879;N/A;2;5,00;10,00;N/A;PARA VIAGEM;09/03/2023;False;True;[]
TXN_5144090;CAFÉ;5;2,00;10,00;CARTEIRA DIGITAL;N/A;15/05/2023;False;True;[]
TXN_1322421;SUCO;4;3,00;12,00;CARTÃO DE CRÉDITO;PARA VIAGEM;05/03/2023;False;True;[]
TXN_4474441;CAFÉ;4;2,00;8,00;CARTÃO DE CRÉDITO;N/A;23/08/2023;False;True;[]
TXN_6598343;SUCO;4;3,00;12,00;N/A;N/A;10/07/2023;False;True;[]
TXN_1297663;VITAMINA;5;;20,00;CARTÃO DE CRÉDITO;N/A;12/09/2023;True;True;[]
TXN_4972634;SANDUICHE;5;4,00;20,00;CARTÃO DE CRÉDITO;PRESENCIAL;22/07/2023;False;True;[]
TXN_7362776;BISCOITO;;1,00;5,00;N/A;PRESENCIAL;26/01/2023;True;True;[]
TXN_8159772;BOLO;1;3,00;3,00;CARTÃO DE CRÉDITO;PRESENCIAL;02/10/2023;False;True;[]
TXN_7137800;CHÁ;1;1,50;1,50;N/A;PARA VIAGEM;22/02/2023;False;True;[]
TXN_4360970;CHÁ;3;1,50;4,50;CARTEIRA DIGITAL;PARA VIAGEM;28/06/2023;False;True;[]
TXN_6529863;SALADA;3;5,00;15,00;N/A;PARA VIAGEM;16/08/2023;False;True;[]
TXN_3886583;CHÁ;3;1,50;4,50;CARTEIRA DIGITAL;PRESENCIAL;03/05/2023;False;True;[]
TXN_9315004;SANDUICHE;5;;20,00;CARTEIRA DIGITAL;PRESENCIAL;21/12/2023;True;True;[]
TXN_4039864;BOLO;2;3,00;6,00;DINHEIRO;PRESENCIAL;24/07/2023;False;True;[]
TXN_8901988;N/A;5;1,50;7,50;CARTEIRA DIGITAL;PRESENCIAL;21/01/2023;False;True;[]
TXN_8103754;SALADA;5;5,00;25,00;DINHEIRO;PARA VIAGEM;29/01/2023;False;True;[]
TXN_6318017;CHÁ;3;1,50;4,50;DINHEIRO;PRESENCIAL;23/06/2023;False;True;[]
TXN_9608271;CAFÉ;2;2,00;4,00;N/A;N/A;24/10/2023;False;True;[]
TXN_4583009;SALADA;5;5,00;25,00;CARTÃO DE CRÉDITO;PRESENCIAL;08/01/2023;False;True;[]
TXN_2536821;SALADA;5;5,00;25,00;N/A;PARA VIAGEM;01/12/2023;False;True;[]
TXN_5820621;BISCOITO;5;1,00;5,00;N/A;PRESENCIAL;01/12/2023;False;True;[]
TXN_2878994;SANDUICHE;1;4,00;4,00;N/A;N/A;19/05/2023;False;True;[]
TXN_8014973;N/A;3;5,00;15,00;N/A;PRESENCIAL;09/08/2023;False;True;[]
TXN_6492477;CAFÉ;5;2,00;10,00;N/A;N/A;03/02/2023;False;True;[]
TXN_8549600;CAFÉ;;2,00;6,00;CARTEIRA DIGITAL;PARA VIAGEM;19/11/2023;True;True;[]
TXN_4496616;SALADA;5;5,00;25,00;N/A;PARA VIAGEM;07/10/2023;False;True;[]
TXN_3190538;CAFÉ;2;2,00;4,00;CARTEIRA DIGITAL;N/A;03/06/2023;False;True;[]
TXN_8863649;BISCOITO;1;1,00;1,00;CARTÃO DE CRÉDITO;PRESENCIAL;05/03/2023;False;True;[]
TXN_8078312;BISCOITO;1;1,00;1,00;N/A;N/A;24/09/2023;False;True;[]
TXN_6306644;N/A;2;3,00;6,00;CARTEIRA DIGITAL;N/A;15/06/2023;False;True;[]
TXN_9836829;BISCOITO;;1,00;5,00;N/A;PARA VIAGEM;15/10/2023;True;True;[]
TXN_8942829;SALADA;5;5,00;25,00;DINHEIRO;N/A;11/03/2023;False;True;[]
TXN_1604072;CAFÉ;2;2,00;4,00;N/A;N/A;01/01/2023;False;True;[]
TXN_3673322;N/A;2;5,00;10,00;CARTÃO DE CRÉDITO;PARA VIAGEM;24/04/2023;False;True;[]
TXN_1830432;BISCOITO;3;1,00;3,00;CARTEIRA DIGITAL;PARA VIAGEM;02/11/2023;False;True;[]
TXN_4314504;BOLO;1;3,00;3,00;N/A;PRESENCIAL;01/06/2023;False;True;[]
TXN_2880516;CHÁ;1;1,50;1,50;DINHEIRO;PRESENCIAL;26/03/2023;False;True;[]
TXN_4649079;BISCOITO;4;1,00;4,00;N/A;PARA VIAGEM;26/07/2023;False;True;[]
TXN_6383336;BOLO;2;3,00;6,00;N/A;PARA VIAGEM;21/01/2023;False;True;[]
TXN_7605163;SALADA;1;5,00;5,00;N/A;PARA VIAGEM;15/08/2023;False;True;[]
TXN_2294603;CHÁ;1;1,50;1,50;CARTÃO DE CRÉDITO;PARA VIAGEM;02/09/2023;False;True;[]
TXN_7097760;CAFÉ;3;2,00;6,00;CARTEIRA DIGITAL;N/A;24/10/2023;False;True;[]
TXN_1220061;SANDUICHE;3;4,00;12,00;CARTEIRA DIGITAL;PRESENCIAL;03/09/2023;False;True;[]
TXN_9944500;VITAMINA;;4,00;;DINHEIRO;PRESENCIAL;03/01/2023;True;True;[]
TXN_1329167;CHÁ;5;1,50;7,50;N/A;PARA VIAGEM;14/01/2023;False;True;[]
TXN_3463337;SUCO;5;3,00;15,00;CARTÃO DE CRÉDITO;PRESENCIAL;20/09/2023;False;True;[]
TXN_8016623;CHÁ;2;1,50;3,00;DINHEIRO;PARA VIAGEM;09/05/2023;False;True;[]
TXN_9525078;SALADA;5;5,00;25,00;N/A;PARA VIAGEM;23/07/2023;False;True;[]
TXN_2841233;BISCOITO;1;1,00;1,00;DINHEIRO;PARA VIAGEM;01/12/2023;False;True;[]
TXN_1458905;SANDUICHE;1;4,00;4,00;CARTEIRA DIGITAL;PARA VIAGEM;19/02/2023;False;True;[]
TXN_3977520;CAFÉ;5;2,00;10,00;N/A;N/A;08/08/2023;False;True;[]
TXN_3330279;BOLO;1;3,00;3,00;CARTÃO DE CRÉDITO;N/A;13/11/2023;False;True;[]
TXN_6234882;BISCOITO;4;1,00;4,00;CARTÃO DE CRÉDITO;N/A;01/01/2023;False;True;[]
TXN_9970653;N/A;5;4,00;20,00;CARTEIRA DIGITAL;PARA VIAGEM;30/12/2023;False;True;[]
TXN_4185160;N/A;2;2,00;4,00;CARTÃO DE CRÉDITO;PRESENCIAL;04/05/2023;False;True;[]
TXN_6093955;CHÁ;5;1,50;7,50;N/A;PARA VIAGEM;01/01/2023;False;True;[]
TXN_2074343;N/A;3;4,00;12,00;CARTEIRA DIGITAL;PRESENCIAL;30/05/2023;False;True;[]
TXN_7994903;VITAMINA;4;4,00;16,00;CARTÃO DE CRÉDITO;PRESENCIAL;09/01/2023;False;True;[]
TXN_3109161;SANDUICHE;3;4,00;12,00;CARTEIRA DIGITAL;N/A;11/09/2023;False;True;[]
TXN_2185727;SALADA;4;5,00;20,00;CARTEIRA DIGITAL;PRESENCIAL;08/10/2023;False;True;[]
TXN_8971366;SUCO;2;3,00;6,00;CARTEIRA DIGITAL;PRESENCIAL;24/08/2023;False;True;[]
TXN_3669866;CHÁ;3;1,50;4,50;CARTEIRA DIGITAL;PRESENCIAL;10/05/2023;False;True;[]
TXN_9395223;BISCOITO;4;1,00;4,00;CARTÃO DE CRÉDITO;PRESENCIAL;29/12/2023;False;True;[]
TXN_7963892;SALADA;1;;5,00;N/A;PARA VIAGEM;15/08/2023;True;True;[]
TXN_6325639;SUCO;3;3,00;9,00;N/A;PRESENCIAL;19/07/2023;False;True;[]
TXN_3856510;VITAMINA;5;;20,00;DINHEIRO;N/A;21/10/2023;True;True;[]
TXN_4779192;BISCOITO;5;1,00;5,00;CARTEIRA DIGITAL;N/A;06/11/2023;False;True;[]
TXN_5808719;SUCO;1;3,00;3,00;DINHEIRO;PRESENCIAL;01/10/2023;False;True;[]
TXN_2817210;BOLO;4;3,00;12,00;N/A;N/A;10/11/2023;False;True;[]
TXN_1985396;SANDUICHE;3;4,00;12,00;DINHEIRO;PRESENCIAL;23/01/2023;False;True;[]
TXN_7625340;N/A;2;1,00;2,00;CARTÃO DE CRÉDITO;PRESENCIAL;20/01/2023;False;True;[]
TXN_1533652;CHÁ;3;1,50;4,50;DINHEIRO;PRESENCIAL;17/08/2023;False;True;[]
TXN_6345619;BOLO;5;3,00;15,00;CARTEIRA DIGITAL;PARA VIAGEM;09/12/2023;False;True;[]
TXN_3218971;SANDUICHE;5;4,00;20,00;CARTÃO DE CRÉDITO;N/A;13/06/2023;False;True;[]
TXN_8127681;VITAMINA;1;4,00;4,00;CARTÃO DE CRÉDITO;PARA VIAGEM;02/09/2023;False;True;[]
TXN_7328604;SALADA;2;5,00;10,00;CARTÃO DE CRÉDITO;N/A;25/02/2023;False;True;[]
TXN_4574757;SUCO;2;3,00;6,00;N/A;PRESENCIAL;05/08/2023;False;True;[]
TXN_9505924;BOLO;4;3,00;12,00;N/A;N/A;17/03/2023;False;True;[]
TXN_9482559;BISCOITO;1;1,00;1,00;N/A;PRESENCIAL;04/08/2023;False;True;[]
TXN_7705153;CHÁ;1;1,50;1,50;CARTEIRA DIGITAL;PRESENCIAL;25/01/2023;False;True;[]
TXN_7037557;SALADA;4;5,00;20,00;DINHEIRO;N/A;02/05/2023;False;True;[]
TXN_9517548;CAFÉ;3;2,00;6,00;DINHEIRO;PARA VIAGEM;25/01/2023;False;True;[]
TXN_4467046;SALADA;4;5,00;20,00;CARTEIRA DIGITAL;PARA VIAGEM;27/09/2023;False;True;[]
TXN_5074212;SUCO;5;3,00;15,00;N/A;N/A;14/05/2023;False;True;[]
TXN_8167530;BOLO;3;3,00;9,00;DINHEIRO;PRESENCIAL;08/03/2023;False;True;[]
TXN_2158361;N/A;2;3,00;6,00;N/A;N/A;27/07/2023;False;True;[]
TXN_5492822;CAFÉ;4;2,00;8,00;CARTEIRA DIGITAL;PARA VIAGEM;16/12/2023;False;True;[]
TXN_8538125;BOLO;5;3,00;15,00;CARTEIRA DIGITAL;N/A;30/05/2023;False;True;[]
TXN_1091115;SANDUICHE;5;4,00;20,00;DINHEIRO;PARA VIAGEM;04/11/2023;False;True;[]
TXN_5350286;SANDUICHE;5;4,00;20,00;CARTÃO DE CRÉDITO;N/A;18/02/2023;False;True;[]
TXN_1534223;BOLO;3;3,00;9,00;CARTÃO DE CRÉDITO;N/A;30/01/2023;False;True;[]
TXN_6403951;CHÁ;;1,50;4,50;CARTÃO DE CRÉDITO;PARA VIAGEM;13/07/2023;True;True;[]
TXN_7961171;SUCO;3;3,00;9,00;DINHEIRO;PRESENCIAL;27/01/2023;False;True;[]
TXN_6312039;BOLO;;3,00;15,00;N/A;PRESENCIAL;29/09/2023;True;True;[]
TXN_6177334;SUCO;1;3,00;3,00;CARTÃO DE CRÉDITO;PRESENCIAL;15/02/2023;False;True;[]
TXN_7466297;BISCOITO;1;1,00;1,00;CARTEIRA DIGITAL;N/A;13/07/2023;False;True;[]
TXN_2693278;CHÁ;3;1,50;4,50;N/A;N/A;26/11/2023;False;True;[]
TXN_3561149;SUCO;4;3,00;12,00;CARTEIRA DIGITAL;PARA VIAGEM;20/05/2023;False;True;[]
TXN_2227825;SANDUICHE;5;4,00;20,00;CARTÃO DE CRÉDITO;N/A;05/06/2023;False;True;[]
TXN_9965686;BOLO;4;3,00;12,00;CARTÃO DE CRÉDITO;PARA VIAGEM;02/10/2023;False;True;[]
TXN_5303413;CAFÉ;1;2,00;2,00;CARTEIRA DIGITAL;PRESENCIAL;21/06/2023;False;True;[]
TXN_5328814;CHÁ;3;1,50;4,50;DINHEIRO;N/A;18/10/2023;False;True;[]
TXN_9658354;N/A;3;1,50;4,50;CARTÃO DE CRÉDITO;PRESENCIAL;12/11/2023;False;True;[]
TXN_8538315;CAFÉ;;2,00;2,00;CARTEIRA DIGITAL;N/A;27/07/2023;True;True;[]
TXN_2334962;SUCO;5;3,00;15,00;N/A;N/A;31/01/2023;False;True;[]
TXN_9321776;BOLO;1;3,00;3,00;N/A;N/A;23/04/2023;False;True;[]
TXN_7625537;SUCO;3;3,00;9,00;N/A;PARA VIAGEM;09/12/2023;False;True;[]
TXN_8722491;VITAMINA;4;4,00;16,00;DINHEIRO;N/A;24/04/2023;False;True;[]
TXN_4129569;BISCOITO;4;;4,00;CARTEIRA DIGITAL;N/A;27/08/2023;True;True;[]
TXN_6018020;BISCOITO;2;1,00;2,00;CARTÃO DE CRÉDITO;PARA VIAGEM;12/01/2023;False;True;[]
TXN_3305132;BOLO;4;3,00;12,00;CARTÃO DE CRÉDITO;PARA VIAGEM;30/01/2023;False;True;[]
TXN_7951885;SALADA;3;5,00;15,00;CARTÃO DE CRÉDITO;N/A;08/12/2023;False;True;[]
TXN_9090875;BOLO;2;3,00;6,00;N/A;PRESENCIAL;19/04/2023;False;True;[]
TXN_9175684;CHÁ;3;1,50;4,50;N/A;N/A;16/09/2023;False;True;[]
TXN_1640649;BISCOITO;4;1,00;4,00;N/A;PRESENCIAL;05/12/2023;False;True;[]
TXN_9845746;BOLO;1;3,00;3,00;CARTEIRA DIGITAL;PRESENCIAL;23/09/2023;False;True;[]
TXN_1547704;CAFÉ;5;2,00;10,00;DINHEIRO;PRESENCIAL;14/02/2023;False;True;[]
TXN_3422774;N/A;2;4,00;8,00;CARTEIRA DIGITAL;PRESENCIAL;09/07/2023;False;True;[]
TXN_8477415;SALADA;2;5,00;10,00;CARTÃO DE CRÉDITO;N/A;01/05/2023;False;True;[]
TXN_1039367;SANDUICHE;3;4,00;12,00;DINHEIRO;N/A;12/03/2023;False;True;[]
TXN_5433982;SALADA;5;5,00;25,00;CARTEIRA DIGITAL;N/A;07/07/2023;False;True;[]
TXN_4469550;N/A;3;3,00;9,00;CARTÃO DE CRÉDITO;PRESENCIAL;10/05/2023;False;True;[]
TXN_2838588;CAFÉ;2;2,00;4,00;N/A;PRESENCIAL;28/01/2023;False;True;[]
TXN_6135727;SUCO;4;3,00;12,00;CARTEIRA DIGITAL;PARA VIAGEM;15/12/2023;False;True;[]
TXN_3660227;SUCO;4;3,00;12,00;CARTÃO DE CRÉDITO;PARA VIAGEM;13/05/2023;False;True;[]
TXN_5640232;SANDUICHE;4;;16,00;CARTEIRA DIGITAL;N/A;08/04/2023;True;True;[]
TXN_4064310;CHÁ;4;1,50;6,00;DINHEIRO;PARA VIAGEM;24/07/2023;False;True;[]
TXN_7418562;SANDUICHE;4;4,00;16,00;N/A;N/A;15/01/2023;False;True;[]
TXN_2978326;VITAMINA;3;4,00;12,00;DINHEIRO;N/A;02/12/2023;False;True;[]
TXN_9616828;CAFÉ;2;2,00;4,00;CARTEIRA DIGITAL;PARA VIAGEM;20/12/2023;False;True;[]
TXN_1522122;BISCOITO;5;1,00;5,00;CARTÃO DE CRÉDITO;PRESENCIAL;14/02/2023;False;True;[]
TXN_2360229;SANDUICHE;1;4,00;4,00;CARTEIRA DIGITAL;N/A;18/06/2023;False;True;[]
TXN_7840510;N/A;4;3,00;12,00;N/A;PARA VIAGEM;07/08/2023;False;True;[]
TXN_5285666;CAFÉ;5;2,00;10,00;DINHEIRO;N/A;20/03/2023;False;True;[]
TXN_5029453;SANDUICHE;2;4,00;8,00;CARTEIRA DIGITAL;PRESENCIAL;24/06/2023;False;True;[]
TXN_6117421;BOLO;2;3,00;6,00;DINHEIRO;N/A;04/05/2023;False;True;[]
TXN_8759461;CHÁ;2;1,50;3,00;DINHEIRO;PRESENCIAL;31/01/2023;False;True;[]
TXN_2962728;SALADA;4;5,00;20,00;CARTÃO DE CRÉDITO;N/A;05/12/2023;False;True;[]
TXN_6527482;SUCO;1;3,00;3,00;N/A;PARA VIAGEM;27/08/2023;False;True;[]
TXN_4256200;CHÁ;5;1,50;7,50;N/A;N/A;29/06/2023;False;True;[]
TXN_6276679;BISCOITO;3;1,00;3,00;CARTEIRA DIGITAL;PARA VIAGEM;08/11/2023;False;True;[]
TXN_2507188;CAFÉ;1;2,00;2,00;CARTÃO DE CRÉDITO;N/A;04/02/2023;False;True;[]
TXN_9386165;SANDUICHE;2;4,00;8,00;CARTEIRA DIGITAL;PRESENCIAL;01/06/2023;False;True;[]
TXN_6064232;CHÁ;2;1,50;3,00;CARTÃO DE CRÉDITO;PARA VIAGEM;09/04/2023;False;True;[]
TXN_3604017;BOLO;4;3,00;12,00;CARTEIRA DIGITAL;PRESENCIAL;21/09/2023;False;True;[]
TXN_3486548;CHÁ;1;1,50;1,50;CARTEIRA DIGITAL;N/A;08/07/2023;False;True;[]
TXN_1465584;SANDUICHE;1;4,00;4,00;CARTÃO DE CRÉDITO;PRESENCIAL;29/04/2023;False;True;[]
TXN_9285925;N/A;5;3,00;15,00;DINHEIRO;PRESENCIAL;20/06/2023;False;True;[]
TXN_7662502;BOLO;1;3,00;3,00;N/A;PRESENCIAL;06/03/2023;False;True;[]
TXN_3212505;SANDUICHE;3;4,00;12,00;CARTÃO DE CRÉDITO;N/A;15/07/2023;False;True;[]
TXN_7331903;N/A;1;5,00;5,00;N/A;PARA VIAGEM;23/05/2023;False;True;[]
TXN_2311188;BOLO;2;3,00;6,00;CARTEIRA DIGITAL;N/A;07/09/2023;False;True;[]
TXN_6344806;SUCO;3;3,00;9,00;CARTÃO DE CRÉDITO;N/A;08/05/2023;False;True;[]
TXN_4891221;BISCOITO;5;1,00;5,00;N/A;PARA VIAGEM;09/12/2023;False;True;[]
TXN_1316036;N/A;2;3,00;6,00;DINHEIRO;PARA VIAGEM;27/10/2023;False;True;[]
TXN_7419274;SUCO;2;3,00;6,00;DINHEIRO;PARA VIAGEM;18/12/2023;False;True;[]
TXN_2178059;SANDUICHE;4;4,00;16,00;N/A;PRESENCIAL;24/03/2023;False;True;[]
TXN_2205071;CAFÉ;5;2,00;10,00;CARTÃO DE CRÉDITO;PRESENCIAL;23/11/2023;False;True;[]
TXN_5790078;SUCO;4;3,00;12,00;CARTEIRA DIGITAL;PARA VIAGEM;16/04/2023;False;True;[]
TXN_4119210;CHÁ;3;1,50;4,50;DINHEIRO;PRESENCIAL;02/05/2023;False;True;[]
TXN_2349072;VITAMINA;5;4,00;20,00;DINHEIRO;PARA VIAGEM;06/09/2023;False;True;[]
TXN_3670103;CHÁ;2;1,50;3,00;N/A;PRESENCIAL;30/04/2023;False;True;[]
TXN_1933628;N/A;2;3,00;6,00;DINHEIRO;PRESENCIAL;27/08/2023;False;True;[]
TXN_6444911;SUCO;5;3,00;15,00;CARTÃO DE CRÉDITO;N/A;11/02/2023;False;True;[]
TXN_4186842;SUCO;5;3,00;15,00;N/A;PARA VIAGEM;29/10/2023;False;True;[]
TXN_2194305;SANDUICHE;2;4,00;8,00;CARTÃO DE CRÉDITO;PARA VIAGEM;16/09/2023;False;True;[]
TXN_2002049;CAFÉ;5;2,00;10,00;N/A;N/A;17/03/2023;False;True;[]
TXN_4837447;BOLO;2;3,00;6,00;CARTEIRA DIGITAL;PARA VIAGEM;06/11/2023;False;True;[]
TXN_5517185;VITAMINA;3;4,00;12,00;CARTEIRA DIGITAL;N/A;05/11/2023;False;True;[]
TXN_9658905;N/A;5;1,50;7,50;DINHEIRO;PARA VIAGEM;16/05/2023;False;True;[]
TXN_3373997;SALADA;4;5,00;20,00;N/A;N/A;01/02/2023;False;True;[]
TXN_1950343;BISCOITO;2;1,00;2,00;N/A;N/A;25/07/2023;False;True;[]
TXN_4477016;SANDUICHE;4;4,00;16,00;N/A;PRESENCIAL;12/04/2023;False;True;[]
TXN_2644403;CHÁ;4;1,50;6,00;N/A;N/A;22/12/2023;False;True;[]
TXN_7006741;SANDUICHE;;4,00;8,00;CARTEIRA DIGITAL;N/A;30/12/2023;True;True;[]
TXN_7246698;SANDUICHE;3;4,00;12,00;N/A;PRESENCIAL;22/06/2023;False;True;[]
TXN_8063016;BISCOITO;1;1,00;1,00;DINHEIRO;N/A;27/02/2023;False;True;[]
TXN_9215670;CAFÉ;3;;6,00;DINHEIRO;PARA VIAGEM;04/05/2023;True;True;[]
TXN_6780463;CHÁ;3;1,50;4,50;N/A;N/A;26/10/2023;False;True;[]
TXN_5975573;N/A;1;1,00;1,00;N/A;PARA VIAGEM;20/01/2023;False;True;[]
TXN_5560669;SALADA;5;5,00;25,00;CARTÃO DE CRÉDITO;N/A;30/06/2023;False;True;[]
TXN_4046095;SUCO;2;3,00;6,00;CARTEIRA DIGITAL;PARA VIAGEM;12/10/2023;False;True;[]
TXN_6559598;SUCO;1;3,00;3,00;CARTEIRA DIGITAL;N/A;08/05/2023;False;True;[]
TXN_9707159;BOLO;5;3,00;15,00;CARTÃO DE CRÉDITO;PRESENCIAL;10/11/2023;False;True;[]
TXN_9983518;CHÁ;2;1,50;3,00;CARTÃO DE CRÉDITO;PRESENCIAL;18/07/2023;False;True;[]
TXN_1714348;SANDUICHE;2;4,00;8,00;DINHEIRO;PARA VIAGEM;31/12/2023;False;True;[]
TXN_8211288;VITAMINA;1;4,00;4,00;DINHEIRO;PRESENCIAL;23/04/2023;False;True;[]
TXN_7035067;SALADA;2;;10,00;DINHEIRO;N/A;29/09/2023;True;True;[]
TXN_6335423;CAFÉ;2;2,00;4,00;CARTÃO DE CRÉDITO;PRESENCIAL;18/06/2023;False;True;[]
TXN_9475783;SANDUICHE;5;4,00;20,00;CARTÃO DE CRÉDITO;PARA VIAGEM;11/02/2023;False;True;[]
TXN_4108869;VITAMINA;5;4,00;20,00;N/A;N/A;02/05/2023;False;True;[]
TXN_6011341;SUCO;4;3,00;12,00;N/A;PRESENCIAL;21/12/2023;False;True;[]
TXN_5257531;CHÁ;2;1,50;3,00;N/A;N/A;10/04/2023;False;True;[]
TXN_1645743;BISCOITO;4;1,00;4,00;CARTEIRA DIGITAL;PARA VIAGEM;02/07/2023;False;True;[]
TXN_8167311;SALADA;1;5,00;5,00;N/A;PARA VIAGEM;09/10/2023;False;True;[]
TXN_2377667;VITAMINA;3;4,00;12,00;CARTEIRA DIGITAL;PARA VIAGEM;27/10/2023;False;True;[]
TXN_9554670;N/A;4;3,00;12,00;CARTÃO DE CRÉDITO;PRESENCIAL;20/06/2023;False;True;[]
TXN_3312574;BISCOITO;2;1,00;2,00;N/A;N/A;03/11/2023;False;True;[]
TXN_9208629;BOLO;1;3,00;3,00;N/A;PARA VIAGEM;30/03/2023;False;True;[]
TXN_6846085;BISCOITO;4;1,00;4,00;CARTEIRA DIGITAL;N/A;26/02/2023;False;True;[]
TXN_5430200;SANDUICHE;;4,00;12,00;CARTÃO DE CRÉDITO;PARA VIAGEM;12/11/2023;True;True;[]
TXN_5135172;N/A;4;5,00;20,00;CARTEIRA DIGITAL;PRESENCIAL;10/12/2023;False;True;[]
TXN_2282416;CHÁ;;1,50;6,00;N/A;PARA VIAGEM;29/04/2023;True;True;[]
TXN_6716151;SANDUICHE;3;4,00;12,00;CARTEIRA DIGITAL;PARA VIAGEM;26/01/2023;False;True;[]
TXN_5303258;SANDUICHE;4;4,00;16,00;CARTEIRA DIGITAL;PRESENCIAL;28/09/2023;False;True;[]
TXN_2947683;BOLO;3;3,00;9,00;N/A;PRESENCIAL;14/05/2023;False;True;[]
TXN_8831659;SANDUICHE;1;4,00;4,00;CARTÃO DE CRÉDITO;N/A;29/01/2023;False;True;[]
TXN_8980495;N/A;;4,00;16,00;CARTÃO DE CRÉDITO;PARA VIAGEM;17/11/2023;True;True;[]
TXN_9129298;N/A;1;2,00;2,00;N/A;N/A;19/12/2023;False;True;[]
TXN_2188342;CAFÉ;3;2,00;6,00;DINHEIRO;N/A;10/09/2023;False;True;[]
TXN_3843943;CHÁ;5;1,50;7,50;N/A;PARA VIAGEM;01/07/2023;False;True;[]
TXN_4989644;SUCO;5;;15,00;CARTEIRA DIGITAL;N/A;13/11/2023;True;True;[]
TXN_9456357;BOLO;3;3,00;9,00;CARTÃO DE CRÉDITO;N/A;21/02/2023;False;True;[]
TXN_9549021;SALADA;2;5,00;10,00;N/A;N/A;25/11/2023;False;True;[]
TXN_9263030;SANDUICHE;5;4,00;20,00;DINHEIRO;PARA VIAGEM;03/07/2023;False;True;[]
TXN_9732454;VITAMINA;5;;20,00;N/A;PRESENCIAL;28/07/2023;True;True;[]
TXN_4129476;CAFÉ;2;2,00;4,00;DINHEIRO;N/A;24/10/2023;False;True;[]
TXN_7060691;SALADA;5;5,00;25,00;CARTÃO DE CRÉDITO;N/A;25/10/2023;False;True;[]
TXN_5528787;SUCO;2;3,00;6,00;CARTEIRA DIGITAL;N/A;22/10/2023;False;True;[]
TXN_8952145;BOLO;3;3,00;9,00;CARTÃO DE CRÉDITO;PARA VIAGEM;28/01/2023;False;True;[]
TXN_8062811;CAFÉ;2;2,00;4,00;DINHEIRO;PARA VIAGEM;07/04/2023;False;True;[]
TXN_9710982;N/A;4;;16,00;N/A;N/A;03/03/2023;True;True;[]
TXN_2020445;VITAMINA;2;4,00;8,00;DINHEIRO;N/A;06/03/2023;False;True;[]
TXN_7855761;BISCOITO;1;1,00;1,00;DINHEIRO;PRESENCIAL;10/01/2023;False;True;[]
TXN_9455977;CHÁ;1;1,50;1,50;CARTEIRA DIGITAL;PARA VIAGEM;10/03/2023;False;True;[]
TXN_6684056;VITAMINA;2;4,00;8,00;N/A;N/A;14/09/2023;False;True;[]
TXN_6085326;BOLO;2;3,00;6,00;N/A;N/A;22/08/2023;False;True;[]
TXN_4528522;CAFÉ;5;2,00;10,00;CARTEIRA DIGITAL;PARA VIAGEM;04/12/2023;False;True;[]
TXN_7049861;BOLO;5;3,00;15,00;DINHEIRO;PRESENCIAL;20/01/2023;False;True;[]
TXN_7312448;CHÁ;1;1,50;1,50;N/A;N/A;16/01/2023;False;True;[]
TXN_2201857;VITAMINA;;4,00;4,00;N/A;PARA VIAGEM;19/02/2023;True;True;[]
TXN_4982382;SALADA;1;5,00;5,00;DINHEIRO;N/A;05/01/2023;False;True;[]
TXN_9001844;SANDUICHE;1;4,00;4,00;DINHEIRO;PARA VIAGEM;02/08/2023;False;True;[]
TXN_9104710;SALADA;5;5,00;25,00;DINHEIRO;PARA VIAGEM;20/03/2023;False;True;[]
TXN_8266662;CAFÉ;5;2,00;10,00;CARTÃO DE CRÉDITO;N/A;09/04/2023;False;True;[]
TXN_9178213;N/A;2;2,00;4,00;CARTEIRA DIGITAL;PARA VIAGEM;27/02/2023;False;True;[]
TXN_7755216;SALADA;5;5,00;25,00;N/A;PRESENCIAL;03/02/2023;False;True;[]
TXN_2241162;SUCO;3;3,00;9,00;N/A;N/A;09/08/2023;False;True;[]
TXN_5757933;CHÁ;1;1,50;1,50;DINHEIRO;N/A;20/02/2023;False;True;[]
TXN_8859144;BOLO;1;3,00;3,00;CARTEIRA DIGITAL;PARA VIAGEM;15/01/2023;False;True;[]
TXN_8740257;BOLO;5;3,00;15,00;CARTEIRA DIGITAL;N/A;09/06/2023;False;True;[]
TXN_4271034;VITAMINA;3;4,00;12,00;CARTEIRA DIGITAL;PRESENCIAL;28/02/2023;False;True;[]
TXN_2741424;CHÁ;4;1,50;6,00;CARTÃO DE CRÉDITO;PRESENCIAL;03/05/2023;False;True;[]
TXN_6676143;SANDUICHE;5;4,00;20,00;DINHEIRO;PRESENCIAL;21/05/2023;False;True;[]
TXN_2199647;SALADA;1;5,00;5,00;DINHEIRO;N/A;05/05/2023;False;True;[]
TXN_3016079;VITAMINA;3;4,00;12,00;CARTEIRA DIGITAL;PARA VIAGEM;24/09/2023;False;True;[]
TXN_6881662;SALADA;2;5,00;10,00;CARTEIRA DIGITAL;PARA VIAGEM;10/07/2023;False;True;[]
TXN_4238818;CAFÉ;2;2,00;4,00;CARTEIRA DIGITAL;N/A;05/04/2023;False;True;[]
TXN_2146829;SALADA;4;5,00;20,00;DINHEIRO;N/A;26/12/2023;False;True;[]
TXN_8131537;VITAMINA;2;4,00;8,00;CARTÃO DE CRÉDITO;N/A;03/12/2023;False;True;[]
TXN_9812021;CHÁ;5;1,50;7,50;CARTÃO DE CRÉDITO;PRESENCIAL;12/02/2023;False;True;[]
TXN_7947711;SALADA;3;5,00;15,00;CARTEIRA DIGITAL;PARA VIAGEM;06/12/2023;False;True;[]
TXN_6774688;SALADA;1;5,00;5,00;CARTÃO DE CRÉDITO;N/A;18/01/2023;False;True;[]
TXN_3949676;SUCO;4;3,00;12,00;CARTÃO DE CRÉDITO;PRESENCIAL;21/12/2023;False;True;[]
TXN_4283693;SALADA;2;5,00;10,00;DINHEIRO;PRESENCIAL;05/01/2023;False;True;[]
TXN_2274945;SANDUICHE;4;4,00;16,00;DINHEIRO;PRESENCIAL;29/03/2023;False;True;[]
TXN_6787259;SANDUICHE;2;4,00;8,00;CARTÃO DE CRÉDITO;PRESENCIAL;18/08/2023;False;True;[]
TXN_7062893;VITAMINA;2;4,00;8,00;CARTEIRA DIGITAL;PRESENCIAL;15/10/2023;False;True;[]
TXN_7482834;SANDUICHE;;4,00;20,00;N/A;PRESENCIAL;16/05/2023;True;True;[]
TXN_8533584;BISCOITO;2;1,00;2,00;DINHEIRO;PARA VIAGEM;11/03/2023;False;True;[]
TXN_4311369;VITAMINA;2;4,00;8,00;CARTEIRA DIGITAL;PARA VIAGEM;18/08/2023;False;True;[]
TXN_7123353;BISCOITO;4;1,00;4,00;N/A;PRESENCIAL;08/02/2023;False;True;[]
TXN_8230414;SANDUICHE;4;4,00;16,00;DINHEIRO;N/A;20/11/2023;False;True;[]
TXN_3738314;SANDUICHE;4;4,00;16,00;N/A;N/A;06/08/2023;False;True;[]
TXN_3200434;BOLO;4;3,00;12,00;N/A;N/A;18/02/2023;False;True;[]
TXN_7485706;BISCOITO;5;1,00;5,00;CARTÃO DE CRÉDITO;PARA VIAGEM;15/11/2023;False;True;[]
TXN_9908225;VITAMINA;5;4,00;20,00;CARTÃO DE CRÉDITO;PRESENCIAL;04/01/2023;False;True;[]
TXN_7163533;VITAMINA;4;4,00;16,00;CARTÃO DE CRÉDITO;PARA VIAGEM;17/08/2023;False;True;[]
TXN_6867995;BISCOITO;3;1,00;3,00;CARTEIRA DIGITAL;PRESENCIAL;15/10/2023;False;True;[]
TXN_9563685;SALADA;1;5,00;5,00;CARTÃO DE CRÉDITO;N/A;28/07/2023;False;True;[]
TXN_3345675;BISCOITO;4;1,00;4,00;N/A;N/A;23/09/2023;False;True;[]
TXN_9890734;VITAMINA;4;4,00;16,00;N/A;PARA VIAGEM;17/04/2023;False;True;[]
TXN_7697294;VITAMINA;3;4,00;12,00;N/A;N/A;17/01/2023;False;True;[]
TXN_5256055;SALADA;5;5,00;25,00;CARTÃO DE CRÉDITO;PARA VIAGEM;07/02/2023;False;True;[]
TXN_3399674;VITAMINA;5;;20,00;CARTEIRA DIGITAL;N/A;09/12/2023;True;True;[]
TXN_6067979;SANDUICHE;1;4,00;4,00;CARTÃO DE CRÉDITO;PRESENCIAL;29/07/2023;False;True;[]
TXN_4340811;BOLO;5;3,00;15,00;N/A;PRESENCIAL;15/04/2023;False;True;[]
TXN_6515226;SUCO;1;3,00;3,00;CARTEIRA DIGITAL;N/A;05/01/2023;False;True;[]
TXN_6069730;SUCO;1;3,00;3,00;DINHEIRO;PRESENCIAL;05/02/2023;False;True;[]
TXN_2396191;SUCO;4;3,00;12,00;CARTÃO DE CRÉDITO;N/A;12/05/2023;False;True;[]
TXN_5223162;SUCO;3;3,00;9,00;CARTEIRA DIGITAL;N/A;29/10/2023;False;True;[]
TXN_4224401;SALADA;3;5,00;15,00;CARTEIRA DIGITAL;PRESENCIAL;18/12/2023;False;True;[]
TXN_9298882;SANDUICHE;3;4,00;12,00;N/A;N/A;13/01/2023;False;True;[]
TXN_1048616;CHÁ;1;1,50;1,50;DINHEIRO;N/A;10/10/2023;False;True;[]
TXN_5896141;VITAMINA;5;4,00;20,00;N/A;PRESENCIAL;08/03/2023;False;True;[]
TXN_6929664;CAFÉ;1;2,00;2,00;N/A;PARA VIAGEM;05/03/2023;False;True;[]
TXN_1570632;SANDUICHE;5;4,00;20,00;CARTEIRA DIGITAL;N/A;28/02/2023;False;True;[]
TXN_4650811;CHÁ;5;1,50;7,50;DINHEIRO;N/A;26/09/2023;False;True;[]
TXN_9858152;VITAMINA;2;4,00;8,00;CARTEIRA DIGITAL;PRESENCIAL;28/01/2023;False;True;[]
TXN_2666773;SUCO;3;3,00;9,00;CARTÃO DE CRÉDITO;N/A;29/06/2023;False;True;[]
TXN_1387062;N/A;5;4,00;20,00;CARTÃO DE CRÉDITO;N/A;22/08/2023;False;True;[]
TXN_4060332;VITAMINA;3;4,00;12,00;CARTÃO DE CRÉDITO;PARA VIAGEM;10/07/2023;False;True;[]
TXN_2780349;CAFÉ;5;2,00;10,00;DINHEIRO;N/A;12/11/2023;False;True;[]
TXN_2905218;VITAMINA;5;4,00;20,00;DINHEIRO;PRESENCIAL;03/09/2023;False;True;[]
TXN_2041190;SUCO;1;3,00;3,00;CARTEIRA DIGITAL;N/A;04/11/2023;False;True;[]
TXN_8269366;SANDUICHE;1;4,00;4,00;N/A;N/A;31/10/2023;False;True;[]
TXN_8277583;BISCOITO;5;1,00;5,00;CARTEIRA DIGITAL;PARA VIAGEM;15/08/2023;False;True;[]
TXN_3785049;SANDUICHE;4;4,00;16,00;N/A;N/A;26/11/2023;False;True;[]
TXN_8819928;CAFÉ;5;2,00;10,00;N/A;N/A;03/06/2023;False;True;[]
TXN_2078317;CHÁ;1;1,50;1,50;DINHEIRO;PRESENCIAL;21/09/2023;False;True;[]
TXN_8657361;N/A;4;2,00;8,00;N/A;PARA VIAGEM;24/01/2023;False;True;[]
TXN_4442954;CAFÉ;2;2,00;4,00;DINHEIRO;N/A;15/12/2023;False;True;[]
TXN_1560873;BISCOITO;2;1,00;2,00;N/A;PARA VIAGEM;19/07/2023;False;True;[]
TXN_7057481;VITAMINA;3;4,00;12,00;DINHEIRO;PRESENCIAL;11/07/2023;False;True;[]
TXN_6869767;VITAMINA;2;4,00;8,00;CARTEIRA DIGITAL;PARA VIAGEM;06/06/2023;False;True;[]
TXN_3705445;BISCOITO;5;;;DINHEIRO;PRESENCIAL;13/09/2023;True;True;[]
TXN_9714665;SALADA;1;5,00;5,00;N/A;PARA VIAGEM;11/11/2023;False;True;[]
TXN_4155770;SALADA;5;5,00;25,00;N/A;PRESENCIAL;20/09/2023;False;True;[]
TXN_1828494;SUCO;2;3,00;6,00;CARTEIRA DIGITAL;PARA VIAGEM;21/07/2023;False;True;[]
TXN_6011304;BOLO;4;3,00;12,00;DINHEIRO;N/A;20/11/2023;False;True;[]
TXN_6223157;SALADA;1;5,00;5,00;N/A;PARA VIAGEM;13/09/2023;False;True;[]
TXN_8526084;BOLO;5;3,00;15,00;N/A;PARA VIAGEM;05/03/2023;False;True;[]
TXN_3509609;VITAMINA;3;4,00;12,00;CARTEIRA DIGITAL;PARA VIAGEM;25/12/2023;False;True;[]
TXN_4276442;BOLO;4;3,00;12,00;CARTÃO DE CRÉDITO;PRESENCIAL;25/01/2023;False;True;[]
TXN_4532475;CAFÉ;;2,00;2,00;CARTEIRA DIGITAL;N/A;23/04/2023;True;True;[]
TXN_7956243;BOLO;4;3,00;12,00;DINHEIRO;PARA VIAGEM;23/05/2023;False;True;[]
TXN_4798335;SANDUICHE;5;4,00;20,00;N/A;PARA VIAGEM;16/02/2023;False;True;[]
TXN_9336674;SALADA;4;5,00;20,00;N/A;N/A;18/01/2023;False;True;[]
TXN_5257169;SUCO;4;3,00;12,00;CARTÃO DE CRÉDITO;N/A;12/01/2023;False;True;[]
TXN_5929633;BOLO;3;3,00;9,00;N/A;PRESENCIAL;27/02/2023;False;True;[]
TXN_9323014;BISCOITO;3;1,00;3,00;N/A;PRESENCIAL;15/08/2023;False;True;[]
TXN_5764902;CHÁ;;1,50;7,50;N/A;PARA VIAGEM;22/03/2023;True;True;[]
TXN_1473693;VITAMINA;4;4,00;16,00;N/A;PARA VIAGEM;14/05/2023;False;True;[]
TXN_3827851;CAFÉ;1;2,00;2,00;N/A;N/A;09/01/2023;False;True;[]
TXN_9087746;CAFÉ;4;2,00;8,00;CARTEIRA DIGITAL;N/A;03/04/2023;False;True;[]
TXN_3709853;VITAMINA;2;4,00;8,00;CARTÃO DE CRÉDITO;PARA VIAGEM;21/08/2023;False;True;[]
TXN_9665245;N/A;1;1,00;1,00;N/A;PARA VIAGEM;17/10/2023;False;True;[]
TXN_9486849;BOLO;;3,00;3,00;DINHEIRO;PARA VIAGEM;17/03/2023;True;True;[]
TXN_7581536;VITAMINA;2;;8,00;DINHEIRO;N/A;29/12/2023;True;True;[]
TXN_1408709;VITAMINA;5;4,00;20,00;DINHEIRO;PARA VIAGEM;14/04/2023;False;True;[]
TXN_6494850;CAFÉ;;2,00;4,00;DINHEIRO;N/A;08/07/2023;True;True;[]
TXN_4003040;BISCOITO;4;1,00;4,00;CARTÃO DE CRÉDITO;PRESENCIAL;12/09/2023;False;True;[]
TXN_1021087;SANDUICHE;1;4,00;4,00;N/A;N/A;01/11/2023;False;True;[]
TXN_1082717;N/A;;;9,00;CARTEIRA DIGITAL;PRESENCIAL;13/12/2023;True;True;[]
TXN_2530326;SANDUICHE;5;4,00;20,00;N/A;PRESENCIAL;06/05/2023;False;True;[]
TXN_9781679;SANDUICHE;2;4,00;8,00;CARTÃO DE CRÉDITO;PARA VIAGEM;08/09/2023;False;True;[]
TXN_8208915;SUCO;;3,00;6,00;DINHEIRO;N/A;09/05/2023;True;True;[]
TXN_5499117;SALADA;4;5,00;20,00;CARTEIRA DIGITAL;N/A;16/07/2023;False;True;[]
TXN_8566499;SALADA;;5,00;25,00;CARTEIRA DIGITAL;PRESENCIAL;27/12/2023;True;True;[]
TXN_8510450;N/A;4;3,00;12,00;N/A;N/A;04/01/2023;False;True;[]
TXN_9370771;SUCO;5;3,00;15,00;DINHEIRO;PRESENCIAL;21/08/2023;False;True;[]
TXN_5914284;CAFÉ;2;2,00;4,00;CARTÃO DE CRÉDITO;PARA VIAGEM;25/06/2023;False;True;[]
TXN_9590819;CAFÉ;3;2,00;6,00;N/A;PRESENCIAL;21/11/2023;False;True;[]
TXN_9878649;VITAMINA;5;4,00;20,00;DINHEIRO;PARA VIAGEM;18/09/2023;False;True;[]
TXN_5909816;SUCO;5;3,00;15,00;DINHEIRO;PARA VIAGEM;19/09/2023;False;True;[]
TXN_9461980;SALADA;1;5,00;5,00;CARTÃO DE CRÉDITO;PRESENCIAL;14/04/2023;False;True;[]
TXN_8090470;SANDUICHE;4;4,00;16,00;CARTEIRA DIGITAL;PARA VIAGEM;18/11/2023;False;True;[]
TXN_6052534;SALADA;4;5,00;20,00;DINHEIRO;N/A;19/02/2023;False;True;[]
TXN_1392546;BOLO;;3,00;6,00;CARTEIRA DIGITAL;PRESENCIAL;06/12/2023;True;True;[]
TXN_8128146;N/A;2;3,00;6,00;DINHEIRO;PRESENCIAL;16/05/2023;False;True;[]
TXN_2119325;BOLO;5;3,00;15,00;N/A;PRESENCIAL;13/11/2023;False;True;[]
TXN_9067752;VITAMINA;2;4,00;8,00;CARTEIRA DIGITAL;PARA VIAGEM;24/04/2023;False;True;[]
TXN_8211133;CHÁ;2;1,50;3,00;N/A;PARA VIAGEM;31/08/2023;False;True;[]
TXN_2331025;BISCOITO;2;1,00;2,00;DINHEIRO;N/A;28/04/2023;False;True;[]
TXN_3543133;CHÁ;2;1,50;3,00;N/A;N/A;08/04/2023;False;True;[]
TXN_2640771;BISCOITO;2;1,00;2,00;CARTEIRA DIGITAL;PARA VIAGEM;27/01/2023;False;True;[]
TXN_1103883;BISCOITO;5;1,00;5,00;CARTÃO DE CRÉDITO;N/A;09/08/2023;False;True;[]
TXN_8593064;VITAMINA;4;4,00;16,00;DINHEIRO;PARA VIAGEM;12/03/2023;False;True;[]
TXN_1803599;N/A;1;4,00;4,00;CARTEIRA DIGITAL;PARA VIAGEM;30/08/2023;False;True;[]
TXN_2873573;CAFÉ;3;2,00;6,00;N/A;PRESENCIAL;11/01/2023;False;True;[]
TXN_9223045;CHÁ;5;;7,50;CARTÃO DE CRÉDITO;PRESENCIAL;29/10/2023;True;True;[]
TXN_9502424;N/A;4;3,00;12,00;DINHEIRO;N/A;06/09/2023;False;True;[]
TXN_8659330;CHÁ;4;1,50;6,00;CARTÃO DE CRÉDITO;PARA VIAGEM;20/08/2023;False;True;[]
TXN_5615754;VITAMINA;5;;20,00;CARTEIRA DIGITAL;PARA VIAGEM;16/04/2023;True;True;[]
TXN_2898571;VITAMINA;3;4,00;12,00;N/A;N/A;10/05/2023;False;True;[]
TXN_1584851;VITAMINA;1;4,00;4,00;CARTÃO DE CRÉDITO;N/A;10/04/2023;False;True;[]
TXN_9430262;CAFÉ;5;2,00;10,00;N/A;N/A;16/03/2023;False;True;[]
TXN_9042309;CAFÉ;2;2,00;4,00;DINHEIRO;N/A;03/12/2023;False;True;[]
TXN_4816652;SANDUICHE;1;4,00;4,00;N/A;N/A;17/07/2023;False;True;[]
TXN_8127929;N/A;5;1,00;5,00;CARTÃO DE CRÉDITO;PARA VIAGEM;08/10/2023;False;True;[]
TXN_8567172;CAFÉ;3;2,00;6,00;N/A;PRESENCIAL;05/02/2023;False;True;[]
TXN_2317867;CHÁ;5;1,50;7,50;DINHEIRO;PRESENCIAL;23/01/2023;False;True;[]
TXN_4416436;CAFÉ;3;2,00;6,00;CARTEIRA DIGITAL;N/A;17/05/2023;False;True;[]
TXN_7467621;SALADA;4;5,00;20,00;CARTÃO DE CRÉDITO;PARA VIAGEM;28/01/2023;False;True;[]
TXN_5005999;SALADA;4;5,00;20,00;DINHEIRO;N/A;09/01/2023;False;True;[]
TXN_8664295;VITAMINA;2;4,00;8,00;CARTÃO DE CRÉDITO;N/A;23/02/2023;False;True;[]
TXN_4831311;N/A;2;2,00;4,00;DINHEIRO;PARA VIAGEM;15/07/2023;False;True;[]
TXN_2528186;N/A;2;2,00;4,00;DINHEIRO;N/A;17/06/2023;False;True;[]
TXN_4971093;VITAMINA;4;4,00;16,00;N/A;PARA VIAGEM;27/03/2023;False;True;[]
TXN_3602272;VITAMINA;3;4,00;12,00;CARTEIRA DIGITAL;PARA VIAGEM;15/02/2023;False;True;[]
TXN_4913329;CAFÉ;5;2,00;10,00;CARTÃO DE CRÉDITO;PARA VIAGEM;30/10/2023;False;True;[]
TXN_8830809;SANDUICHE;5;4,00;20,00;CARTEIRA DIGITAL;PRESENCIAL;31/07/2023;False;True;[]
TXN_7223387;SUCO;3;3,00;9,00;DINHEIRO;N/A;17/12/2023;False;True;[]
TXN_1629092;BISCOITO;3;1,00;3,00;CARTÃO DE CRÉDITO;N/A;13/02/2023;False;True;[]
TXN_4363360;VITAMINA;1;4,00;4,00;CARTÃO DE CRÉDITO;N/A;22/12/2023;False;True;[]
TXN_9689507;SALADA;3;5,00;15,00;DINHEIRO;PRESENCIAL;10/06/2023;False;True;[]
TXN_3317406;SANDUICHE;3;4,00;12,00;N/A;PARA VIAGEM;04/01/2023;False;True;[]
TXN_9662632;SALADA;4;5,00;20,00;CARTEIRA DIGITAL;PRESENCIAL;10/08/2023;False;True;[]
TXN_1364211;SALADA;2;5,00;10,00;N/A;PRESENCIAL;08/03/2023;False;True;[]
TXN_2673294;CAFÉ;3;2,00;6,00;DINHEIRO;N/A;11/11/2023;False;True;[]
TXN_2112848;BISCOITO;4;1,00;4,00;CARTÃO DE CRÉDITO;PRESENCIAL;16/10/2023;False;True;[]
TXN_1801691;SALADA;1;5,00;5,00;N/A;PARA VIAGEM;18/05/2023;False;True;[]
TXN_6424195;CAFÉ;3;2,00;6,00;N/A;PARA VIAGEM;14/09/2023;False;True;[]
TXN_6923480;CAFÉ;3;2,00;6,00;DINHEIRO;PARA VIAGEM;27/10/2023;False;True;[]
TXN_7416669;CHÁ;3;1,50;4,50;N/A;N/A;28/09/2023;False;True;[]
TXN_3693990;BISCOITO;2;1,00;2,00;N/A;PRESENCIAL;19/07/2023;False;True;[]
TXN_8652632;CHÁ;1;1,50;1,50;CARTEIRA DIGITAL;N/A;12/01/2023;False;True;[]
TXN_4141765;BOLO;5;3,00;15,00;N/A;N/A;17/12/2023;False;True;[]
TXN_8180793;BISCOITO;4;1,00;4,00;CARTEIRA DIGITAL;N/A;17/11/2023;False;True;[]
TXN_8875195;SANDUICHE;5;4,00;20,00;CARTÃO DE CRÉDITO;PRESENCIAL;21/08/2023;False;True;[]
TXN_9928552;SANDUICHE;5;4,00;20,00;CARTÃO DE CRÉDITO;PARA VIAGEM;13/06/2023;False;True;[]
TXN_3456748;SUCO;2;3,00;6,00;DINHEIRO;PRESENCIAL;30/01/2023;False;True;[]
TXN_5680687;SALADA;4;5,00;20,00;CARTÃO DE CRÉDITO;N/A;22/11/2023;False;True;[]
TXN_9349736;SANDUICHE;5;4,00;20,00;DINHEIRO;N/A;18/03/2023;False;True;[]
TXN_7558010;SUCO;4;3,00;12,00;N/A;N/A;27/03/2023;False;True;[]
TXN_8172897;BISCOITO;3;1,00;3,00;N/A;PARA VIAGEM;14/03/2023;False;True;[]
TXN_8540794;BOLO;4;3,00;12,00;DINHEIRO;N/A;06/04/2023;False;True;[]
TXN_5966744;CHÁ;3;1,50;4,50;N/A;PRESENCIAL;13/12/2023;False;True;[]
TXN_3132921;CHÁ;;1,50;7,50;CARTÃO DE CRÉDITO;PRESENCIAL;10/01/2023;True;True;[]
TXN_7029719;N/A;2;5,00;10,00;CARTEIRA DIGITAL;N/A;18/06/2023;False;True;[]
TXN_3912440;CHÁ;2;1,50;3,00;N/A;PRESENCIAL;21/05/2023;False;True;[]
TXN_4276702;N/A;1;1,00;1,00;CARTÃO DE CRÉDITO;PRESENCIAL;17/11/2023;False;True;[]
TXN_7657615;SUCO;3;3,00;9,00;CARTÃO DE CRÉDITO;N/A;17/07/2023;False;True;[]
TXN_4020074;BISCOITO;3;1,00;3,00;N/A;N/A;01/03/2023;False;True;[]
TXN_8942747;BISCOITO;5;1,00;5,00;N/A;PARA VIAGEM;14/12/2023;False;True;[]
TXN_3902815;SUCO;5;3,00;15,00;N/A;N/A;28/06/2023;False;True;[]
TXN_6218380;BISCOITO;4;1,00;4,00;DINHEIRO;PRESENCIAL;07/02/2023;False;True;[]
TXN_6905143;CAFÉ;5;;;DINHEIRO;N/A;09/08/2023;True;True;[]
TXN_3839691;CAFÉ;4;2,00;8,00;CARTÃO DE CRÉDITO;PRESENCIAL;13/02/2023;False;True;[]
TXN_4866254;SALADA;4;5,00;20,00;DINHEIRO;N/A;18/03/2023;False;True;[]
TXN_8935781;CAFÉ;2;2,00;4,00;N/A;N/A;10/09/2023;False;True;[]
TXN_2559020;BOLO;1;3,00;3,00;CARTEIRA DIGITAL;PARA VIAGEM;20/07/2023;False;True;[]
TXN_8607376;CAFÉ;5;2,00;10,00;DINHEIRO;PRESENCIAL;13/06/2023;False;True;[]
TXN_5858713;BISCOITO;2;1,00;2,00;CARTÃO DE CRÉDITO;PRESENCIAL;05/03/2023;False;True;[]
TXN_7064604;CAFÉ;;2,00;6,00;CARTEIRA DIGITAL;N/A;26/03/2023;True;True;[]
TXN_3312690;BISCOITO;3;1,00;3,00;CARTÃO DE CRÉDITO;PRESENCIAL;01/03/2023;False;True;[]
TXN_8687088;BISCOITO;2;1,00;2,00;CARTÃO DE CRÉDITO;PRESENCIAL;11/05/2023;False;True;[]
TXN_3440487;N/A;5;2,00;10,00;DINHEIRO;N/A;22/10/2023;False;True;[]
TXN_9618881;CAFÉ;5;2,00;10,00;N/A;N/A;15/02/2023;False;True;[]
TXN_5139074;BOLO;1;3,00;3,00;CARTEIRA DIGITAL;PARA VIAGEM;16/11/2023;False;True;[]
TXN_2799785;SUCO;1;3,00;3,00;DINHEIRO;N/A;25/01/2023;False;True;[]
TXN_4466681;N/A;;2,00;4,00;DINHEIRO;PARA VIAGEM;12/01/2023;True;True;[]
TXN_9292025;N/A;2;5,00;10,00;CARTEIRA DIGITAL;PRESENCIAL;25/03/2023;False;True;[]
TXN_8155535;BOLO;1;3,00;3,00;N/A;PARA VIAGEM;13/03/2023;False;True;[]
TXN_5301926;BOLO;1;3,00;3,00;CARTEIRA DIGITAL;PARA VIAGEM;13/11/2023;False;True;[]
TXN_2379467;CAFÉ;5;2,00;10,00;N/A;N/A;01/04/2023;False;True;[]
TXN_1837617;SUCO;3;3,00;9,00;N/A;N/A;16/01/2023;False;True;[]
TXN_3454881;SALADA;1;5,00;5,00;DINHEIRO;PRESENCIAL;29/11/2023;False;True;[]
TXN_4472969;SUCO;1;3,00;3,00;CARTÃO DE CRÉDITO;N/A;15/09/2023;False;True;[]
TXN_1905459;VITAMINA;3;4,00;12,00;CARTEIRA DIGITAL;N/A;18/08/2023;False;True;[]
TXN_8799945;CAFÉ;2;;4,00;DINHEIRO;N/A;24/11/2023;True;True;[]
TXN_4361614;VITAMINA;2;4,00;8,00;N/A;PARA VIAGEM;28/04/2023;False;True;[]
TXN_1665056;SALADA;5;5,00;25,00;DINHEIRO;N/A;05/01/2023;False;True;[]
TXN_2904046;VITAMINA;1;4,00;4,00;CARTÃO DE CRÉDITO;PRESENCIAL;11/12/2023;False;True;[]
TXN_9743274;CHÁ;5;1,50;7,50;N/A;N/A;25/01/2023;False;True;[]
TXN_5518232;SALADA;3;5,00;15,00;N/A;PARA VIAGEM;01/05/2023;False;True;[]
TXN_3770267;BOLO;2;3,00;6,00;N/A;N/A;21/10/2023;False;True;[]
TXN_7177709;SUCO;5;;15,00;N/A;PARA VIAGEM;08/03/2023;True;True;[]
TXN_6246494;CAFÉ;3;;6,00;N/A;PRESENCIAL;31/03/2023;True;True;[]
TXN_6540200;CHÁ;2;1,50;3,00;CARTEIRA DIGITAL;PRESENCIAL;23/10/2023;False;True;[]
TXN_7486118;SANDUICHE;4;4,00;16,00;N/A;PARA VIAGEM;22/05/2023;False;True;[]
TXN_5424614;BOLO;1;3,00;3,00;N/A;PRESENCIAL;12/11/2023;False;True;[]
TXN_6271598;SUCO;5;3,00;15,00;DINHEIRO;N/A;18/08/2023;False;True;[]
TXN_7562313;BOLO;2;3,00;6,00;N/A;N/A;15/12/2023;False;True;[]
TXN_9188774;CHÁ;1;1,50;1,50;CARTEIRA DIGITAL;PARA VIAGEM;14/04/2023;False;True;[]
TXN_9685716;BISCOITO;2;1,00;2,00;CARTEIRA DIGITAL;N/A;26/02/2023;False;True;[]
TXN_7493800;BOLO;5;3,00;15,00;CARTÃO DE CRÉDITO;PARA VIAGEM;16/08/2023;False;True;[]
TXN_6833564;VITAMINA;5;4,00;20,00;N/A;N/A;21/04/2023;False;True;[]
TXN_9411395;CAFÉ;5;2,00;10,00;N/A;N/A;12/05/2023;False;True;[]
TXN_8413251;SANDUICHE;3;4,00;12,00;DINHEIRO;PARA VIAGEM;18/08/2023;False;True;[]
TXN_6990331;SUCO;1;3,00;3,00;CARTEIRA DIGITAL;N/A;30/07/2023;False;True;[]
TXN_6007721;N/A;4;4,00;16,00;DINHEIRO;PRESENCIAL;21/08/2023;False;True;[]
TXN_2715086;SUCO;2;3,00;6,00;DINHEIRO;N/A;03/11/2023;False;True;[]
TXN_1444932;VITAMINA;1;4,00;4,00;DINHEIRO;PRESENCIAL;24/05/2023;False;True;[]
TXN_2747156;BISCOITO;1;1,00;1,00;N/A;PRESENCIAL;29/01/2023;False;True;[]
TXN_5065748;BOLO;5;3,00;15,00;CARTÃO DE CRÉDITO;PRESENCIAL;19/07/2023;False;True;[]
TXN_8014645;BOLO;2;3,00;6,00;DINHEIRO;PARA VIAGEM;06/07/2023;False;True;[]
TXN_2910247;VITAMINA;4;4,00;16,00;CARTEIRA DIGITAL;N/A;02/12/2023;False;True;[]
TXN_3251591;SANDUICHE;;4,00;12,00;N/A;PARA VIAGEM;26/01/2023;True;True;[]
TXN_4549977;BISCOITO;1;1,00;1,00;DINHEIRO;N/A;21/08/2023;False;True;[]
TXN_1736294;CAFÉ;3;2,00;6,00;CARTEIRA DIGITAL;N/A;06/09/2023;False;True;[]
TXN_1698600;SALADA;4;5,00;20,00;DINHEIRO;PARA VIAGEM;31/07/2023;False;True;[]
TXN_3463568;SALADA;2;5,00;10,00;CARTEIRA DIGITAL;PRESENCIAL;12/04/2023;False;True;[]
TXN_6773319;CHÁ;4;1,50;6,00;N/A;PARA VIAGEM;03/05/2023;False;True;[]
TXN_5504920;BOLO;5;;15,00;DINHEIRO;PARA VIAGEM;30/09/2023;True;True;[]
TXN_8392086;VITAMINA;4;4,00;16,00;N/A;N/A;12/07/2023;False;True;[]
TXN_9968926;SUCO;2;3,00;6,00;CARTEIRA DIGITAL;PARA VIAGEM;15/03/2023;False;True;[]
TXN_4719069;SUCO;2;3,00;6,00;CARTEIRA DIGITAL;N/A;04/01/2023;False;True;[]
TXN_3809941;BISCOITO;4;1,00;4,00;CARTÃO DE CRÉDITO;N/A;01/11/2023;False;True;[]
TXN_1935119;CAFÉ;4;2,00;8,00;CARTÃO DE CRÉDITO;PARA VIAGEM;15/07/2023;False;True;[]
TXN_8246369;SUCO;1;3,00;3,00;CARTÃO DE CRÉDITO;N/A;16/10/2023;False;True;[]
TXN_2009782;SALADA;5;5,00;25,00;CARTÃO DE CRÉDITO;N/A;11/05/2023;False;True;[]
TXN_4635230;SANDUICHE;3;4,00;12,00;N/A;PRESENCIAL;10/06/2023;False;True;[]
TXN_9583176;BISCOITO;5;1,00;5,00;N/A;PRESENCIAL;03/05/2023;False;True;[]
TXN_6784478;BISCOITO;2;1,00;2,00;CARTÃO DE CRÉDITO;PARA VIAGEM;21/12/2023;False;True;[]
TXN_3866162;BOLO;5;3,00;15,00;DINHEIRO;PARA VIAGEM;08/06/2023;False;True;[]
TXN_7612056;BISCOITO;5;1,00;5,00;CARTÃO DE CRÉDITO;N/A;08/03/2023;False;True;[]
TXN_5349355;N/A;2;5,00;10,00;CARTEIRA DIGITAL;PRESENCIAL;10/05/2023;False;True;[]
TXN_9259900;SALADA;4;5,00;20,00;CARTEIRA DIGITAL;N/A;07/08/2023;False;True;[]
TXN_4650834;SALADA;3;5,00;15,00;CARTEIRA DIGITAL;PARA VIAGEM;14/07/2023;False;True;[]
TXN_6576987;SALADA;3;;15,00;CARTÃO DE CRÉDITO;PARA VIAGEM;12/03/2023;True;True;[]
TXN_1192970;CAFÉ;2;2,00;4,00;CARTEIRA DIGITAL;PARA VIAGEM;17/06/2023;False;True;[]
TXN_7645464;CHÁ;5;1,50;7,50;DINHEIRO;PARA VIAGEM;17/08/2023;False;True;[]
TXN_4205860;SALADA;5;5,00;25,00;N/A;N/A;10/09/2023;False;True;[]
TXN_9495855;SUCO;2;3,00;6,00;DINHEIRO;PRESENCIAL;18/04/2023;False;True;[]
TXN_5712248;SANDUICHE;5;4,00;20,00;N/A;PARA VIAGEM;02/03/2023;False;True;[]
TXN_4582966;SUCO;2;3,00;6,00;N/A;N/A;28/10/2023;False;True;[]
TXN_4203885;CHÁ;3;1,50;4,50;DINHEIRO;N/A;11/05/2023;False;True;[]
TXN_1887083;SUCO;1;3,00;3,00;CARTEIRA DIGITAL;N/A;05/05/2023;False;True;[]
TXN_5602640;VITAMINA;5;4,00;20,00;N/A;PARA VIAGEM;01/04/2023;False;True;[]
TXN_8285410;CAFÉ;4;2,00;8,00;CARTÃO DE CRÉDITO;N/A;10/09/2023;False;True;[]
TXN_5654663;SUCO;;3,00;3,00;N/A;PARA VIAGEM;31/07/2023;True;True;[]
TXN_6687699;SALADA;4;5,00;20,00;DINHEIRO;PRESENCIAL;11/09/2023;False;True;[]
TXN_4331281;BOLO;;3,00;9,00;CARTEIRA DIGITAL;PARA VIAGEM;03/02/2023;True;True;[]
TXN_2390146;CAFÉ;3;2,00;6,00;N/A;N/A;24/06/2023;False;True;[]
TXN_9478033;BOLO;2;3,00;6,00;N/A;PRESENCIAL;08/04/2023;False;True;[]
TXN_8546777;BOLO;4;3,00;12,00;N/A;PRESENCIAL;16/03/2023;False;True;[]
TXN_6433362;BISCOITO;2;1,00;2,00;DINHEIRO;PRESENCIAL;07/12/2023;False;True;[]
TXN_4991594;VITAMINA;2;4,00;8,00;CARTÃO DE CRÉDITO;PRESENCIAL;08/12/2023;False;True;[]
TXN_9016451;BISCOITO;3;1,00;3,00;N/A;N/A;16/10/2023;False;True;[]
TXN_3516296;SANDUICHE;3;4,00;12,00;N/A;PRESENCIAL;29/05/2023;False;True;[]
TXN_9464961;SANDUICHE;4;4,00;16,00;DINHEIRO;PRESENCIAL;23/11/2023;False;True;[]
TXN_7445257;CAFÉ;1;2,00;2,00;N/A;N/A;02/04/2023;False;True;[]
TXN_4463677;SALADA;5;5,00;25,00;CARTEIRA DIGITAL;PRESENCIAL;27/02/2023;False;True;[]
TXN_4886990;SALADA;3;5,00;15,00;N/A;PARA VIAGEM;17/12/2023;False;True;[]
TXN_4962147;BOLO;2;3,00;6,00;N/A;N/A;07/02/2023;False;True;[]
TXN_5575420;VITAMINA;3;4,00;12,00;N/A;PRESENCIAL;26/06/2023;False;True;[]
TXN_3628566;CAFÉ;5;2,00;10,00;N/A;N/A;17/08/2023;False;True;[]
TXN_5297746;CAFÉ;3;2,00;6,00;CARTÃO DE CRÉDITO;PRESENCIAL;11/07/2023;False;True;[]
TXN_5230719;BOLO;5;3,00;15,00;CARTÃO DE CRÉDITO;N/A;23/03/2023;False;True;[]
TXN_9244886;CAFÉ;1;2,00;2,00;N/A;PARA VIAGEM;09/02/2023;False;True;[]
TXN_8145813;SUCO;4;3,00;12,00;CARTEIRA DIGITAL;PRESENCIAL;10/02/2023;False;True;[]
TXN_4179797;CHÁ;2;1,50;3,00;N/A;N/A;06/11/2023;False;True;[]
TXN_7485379;SUCO;1;3,00;3,00;CARTÃO DE CRÉDITO;N/A;27/03/2023;False;True;[]
TXN_3171150;N/A;1;3,00;3,00;CARTEIRA DIGITAL;N/A;06/02/2023;False;True;[]
TXN_3801485;CAFÉ;5;2,00;10,00;CARTÃO DE CRÉDITO;PRESENCIAL;10/11/2023;False;True;[]
TXN_2312908;CAFÉ;3;2,00;6,00;DINHEIRO;PRESENCIAL;07/02/2023;False;True;[]
TXN_6826342;N/A;2;3,00;6,00;CARTÃO DE CRÉDITO;N/A;30/03/2023;False;True;[]
TXN_3620213;CAFÉ;2;2,00;4,00;CARTÃO DE CRÉDITO;PRESENCIAL;09/09/2023;False;True;[]
TXN_4030181;VITAMINA;5;4,00;20,00;CARTÃO DE CRÉDITO;N/A;20/09/2023;False;True;[]
TXN_1664563;VITAMINA;3;4,00;12,00;DINHEIRO;N/A;28/04/2023;False;True;[]
TXN_2002730;VITAMINA;2;4,00;8,00;N/A;PARA VIAGEM;27/09/2023;False;True;[]
TXN_9662827;CHÁ;1;1,50;1,50;N/A;N/A;30/09/2023;False;True;[]
TXN_9579691;BISCOITO;5;1,00;5,00;CARTÃO DE CRÉDITO;PRESENCIAL;16/01/2023;False;True;[]
TXN_4131020;SANDUICHE;2;4,00;8,00;CARTÃO DE CRÉDITO;N/A;15/06/2023;False;True;[]
TXN_3462602;BOLO;3;3,00;9,00;CARTÃO DE CRÉDITO;PRESENCIAL;27/08/2023;False;True;[]
TXN_1149624;BOLO;3;3,00;9,00;N/A;N/A;14/09/2023;False;True;[]
TXN_2628157;CAFÉ;;2,00;8,00;CARTEIRA DIGITAL;N/A;26/10/2023;True;True;[]
TXN_9152120;SANDUICHE;4;4,00;16,00;DINHEIRO;PARA VIAGEM;28/03/2023;False;True;[]
TXN_9018195;BOLO;5;3,00;15,00;DINHEIRO;N/A;07/10/2023;False;True;[]
TXN_7799711;VITAMINA;5;;20,00;CARTEIRA DIGITAL;PARA VIAGEM;03/12/2023;True;True;[]
TXN_6697374;VITAMINA;2;4,00;8,00;N/A;N/A;31/07/2023;False;True;[]
TXN_9014681;N/A;;4,00;12,00;N/A;PRESENCIAL;03/01/2023;True;True;[]
TXN_4366417;SANDUICHE;3;4,00;12,00;N/A;PARA VIAGEM;10/10/2023;False;True;[]
TXN_7511351;CHÁ;4;1,50;6,00;DINHEIRO;PARA VIAGEM;07/10/2023;False;True;[]
TXN_5205595;SUCO;1;3,00;3,00;N/A;PRESENCIAL;01/03/2023;False;True;[]
TXN_8276063;CAFÉ;1;2,00;2,00;CARTÃO DE CRÉDITO;N/A;06/01/2023;False;True;[]
TXN_1020478;CAFÉ;1;2,00;2,00;CARTEIRA DIGITAL;PARA VIAGEM;09/03/2023;False;True;[]
TXN_5176767;VITAMINA;4;4,00;16,00;N/A;PARA VIAGEM;03/05/2023;False;True;[]
TXN_6043396;SANDUICHE;3;4,00;12,00;N/A;PRESENCIAL;07/10/2023;False;True;[]
TXN_4975029;VITAMINA;4;4,00;16,00;DINHEIRO;PRESENCIAL;23/04/2023;False;True;[]
TXN_9493077;BOLO;4;3,00;12,00;CARTÃO DE CRÉDITO;N/A;10/01/2023;False;True;[]
TXN_3493771;BOLO;2;3,00;6,00;N/A;N/A;13/02/2023;False;True;[]
TXN_8640673;SUCO;2;3,00;6,00;DINHEIRO;PRESENCIAL;11/09/2023;False;True;[]
TXN_4793771;BOLO;4;3,00;12,00;DINHEIRO;N/A;26/12/2023;False;True;[]
TXN_8107005;SUCO;3;3,00;9,00;N/A;N/A;15/09/2023;False;True;[]
TXN_7857126;BISCOITO;4;1,00;4,00;DINHEIRO;PARA VIAGEM;21/08/2023;False;True;[]
TXN_2940613;SUCO;4;3,00;12,00;DINHEIRO;N/A;28/06/2023;False;True;[]
TXN_2407379;VITAMINA;4;4,00;16,00;CARTEIRA DIGITAL;N/A;13/03/2023;False;True;[]
TXN_3376952;CHÁ;2;;3,00;N/A;PARA VIAGEM;23/10/2023;True;True;[]
TXN_4083004;SANDUICHE;5;4,00;20,00;N/A;PARA VIAGEM;06/03/2023;False;True;[]
TXN_3635628;SANDUICHE;3;4,00;12,00;CARTEIRA DIGITAL;PRESENCIAL;28/10/2023;False;True;[]
TXN_3554772;CHÁ;3;1,50;4,50;CARTÃO DE CRÉDITO;N/A;06/10/2023;False;True;[]
TXN_9454387;SALADA;2;5,00;10,00;DINHEIRO;PARA VIAGEM;02/01/2023;False;True;[]
TXN_9660362;BOLO;2;3,00;6,00;CARTÃO DE CRÉDITO;PARA VIAGEM;16/08/2023;False;True;[]
TXN_9281939;N/A;3;1,50;4,50;DINHEIRO;PRESENCIAL;22/05/2023;False;True;[]
TXN_2347248;SALADA;1;5,00;5,00;CARTÃO DE CRÉDITO;N/A;11/11/2023;False;True;[]
TXN_3732426;SANDUICHE;2;4,00;8,00;CARTEIRA DIGITAL;N/A;07/03/2023;False;True;[]
TXN_8675558;CHÁ;5;1,50;7,50;N/A;PRESENCIAL;23/05/2023;False;True;[]
TXN_1963345;VITAMINA;4;4,00;16,00;N/A;PRESENCIAL;12/10/2023;False;True;[]
TXN_6332405;SUCO;3;3,00;9,00;CARTEIRA DIGITAL;PARA VIAGEM;03/12/2023;False;True;[]
TXN_8946323;CHÁ;2;;3,00;DINHEIRO;N/A;23/08/2023;True;True;[]
TXN_1529961;VITAMINA;4;4,00;16,00;CARTÃO DE CRÉDITO;N/A;29/09/2023;False;True;[]
TXN_8860052;BOLO;5;3,00;15,00;CARTÃO DE CRÉDITO;PARA VIAGEM;18/07/2023;False;True;[]
TXN_6732833;SALADA;1;5,00;5,00;CARTEIRA DIGITAL;PRESENCIAL;21/07/2023;False;True;[]
TXN_6232398;SUCO;2;3,00;6,00;DINHEIRO;PRESENCIAL;05/07/2023;False;True;[]
TXN_2391245;N/A;4;2,00;8,00;CARTEIRA DIGITAL;PRESENCIAL;13/04/2023;False;True;[]
TXN_7670296;SUCO;2;3,00;6,00;DINHEIRO;PARA VIAGEM;25/01/2023;False;True;[]
TXN_6128086;CHÁ;4;;6,00;CARTEIRA DIGITAL;PARA VIAGEM;26/12/2023;True;True;[]
TXN_4898346;VITAMINA;2;4,00;8,00;DINHEIRO;N/A;07/05/2023;False;True;[]
TXN_2807324;SANDUICHE;2;4,00;8,00;DINHEIRO;N/A;13/11/2023;False;True;[]
TXN_4428486;VITAMINA;1;4,00;4,00;N/A;N/A;28/07/2023;False;True;[]
TXN_4430772;CAFÉ;5;2,00;10,00;CARTÃO DE CRÉDITO;N/A;11/01/2023;False;True;[]
TXN_7251108;N/A;;3,00;9,00;CARTÃO DE CRÉDITO;PRESENCIAL;04/10/2023;True;True;[]
TXN_3987718;CHÁ;4;1,50;6,00;N/A;N/A;24/12/2023;False;True;[]
TXN_6658070;SUCO;2;3,00;6,00;DINHEIRO;PARA VIAGEM;03/11/2023;False;True;[]
TXN_6007437;SUCO;1;3,00;3,00;CARTÃO DE CRÉDITO;N/A;22/11/2023;False;True;[]
TXN_6030518;SANDUICHE;3;4,00;12,00;N/A;PRESENCIAL;20/12/2023;False;True;[]
TXN_4228838;CAFÉ;5;2,00;10,00;CARTÃO DE CRÉDITO;PARA VIAGEM;22/09/2023;False;True;[]
TXN_3303518;SUCO;4;3,00;12,00;N/A;PRESENCIAL;30/06/2023;False;True;[]
TXN_9719921;SALADA;5;5,00;25,00;CARTÃO DE CRÉDITO;N/A;28/07/2023;False;True;[]
TXN_1272118;BISCOITO;4;1,00;4,00;CARTÃO DE CRÉDITO;PARA VIAGEM;21/04/2023;False;True;[]
TXN_4060215;SALADA;3;5,00;15,00;CARTÃO DE CRÉDITO;PRESENCIAL;12/01/2023;False;True;[]
TXN_2569119;SUCO;1;3,00;3,00;CARTÃO DE CRÉDITO;PARA VIAGEM;04/08/2023;False;True;[]
TXN_2894945;CAFÉ;2;2,00;4,00;N/A;N/A;28/02/2023;False;True;[]
TXN_7992512;SANDUICHE;5;4,00;20,00;CARTÃO DE CRÉDITO;PRESENCIAL;17/07/2023;False;True;[]
TXN_2771512;N/A;4;3,00;12,00;CARTEIRA DIGITAL;PARA VIAGEM;23/12/2023;False;True;[]
TXN_6109953;N/A;3;3,00;9,00;CARTEIRA DIGITAL;PARA VIAGEM;22/04/2023;False;True;[]
TXN_2417271;CHÁ;4;1,50;6,00;CARTÃO DE CRÉDITO;PARA VIAGEM;01/02/2023;False;True;[]
TXN_8156455;BOLO;2;3,00;6,00;DINHEIRO;N/A;12/02/2023;False;True;[]
TXN_7063005;BOLO;1;3,00;3,00;N/A;N/A;18/01/2023;False;True;[]
TXN_9425096;VITAMINA;5;4,00;20,00;CARTÃO DE CRÉDITO;PRESENCIAL;12/06/2023;False;True;[]
TXN_6236737;SUCO;5;3,00;15,00;DINHEIRO;PRESENCIAL;19/03/2023;False;True;[]
TXN_9691364;BISCOITO;3;1,00;3,00;CARTÃO DE CRÉDITO;PRESENCIAL;02/03/2023;False;True;[]
TXN_4688280;N/A;1;1,50;1,50;N/A;N/A;16/02/2023;False;True;[]
TXN_1770648;SANDUICHE;4;4,00;16,00;CARTÃO DE CRÉDITO;N/A;30/09/2023;False;True;[]
TXN_1524602;N/A;3;2,00;6,00;DINHEIRO;PARA VIAGEM;11/05/2023;False;True;[]
TXN_2602732;SALADA;4;5,00;20,00;CARTEIRA DIGITAL;N/A;09/06/2023;False;True;[]
TXN_5132482;SUCO;2;3,00;6,00;CARTEIRA DIGITAL;PRESENCIAL;21/12/2023;False;True;[]
TXN_3281605;N/A;1;1,50;1,50;N/A;PARA VIAGEM;27/07/2023;False;True;[]
TXN_9969836;BISCOITO;5;1,00;5,00;CARTEIRA DIGITAL;PARA VIAGEM;06/04/2023;False;True;[]
TXN_7938279;CHÁ;3;1,50;4,50;DINHEIRO;PARA VIAGEM;17/03/2023;False;True;[]
TXN_8712307;N/A;5;3,00;15,00;DINHEIRO;PRESENCIAL;10/04/2023;False;True;[]
TXN_8595386;BISCOITO;4;1,00;4,00;CARTÃO DE CRÉDITO;N/A;04/08/2023;False;True;[]
TXN_6398450;CHÁ;2;1,50;3,00;CARTEIRA DIGITAL;PRESENCIAL;19/11/2023;False;True;[]
TXN_3042552;N/A;1;3,00;3,00;DINHEIRO;N/A;08/09/2023;False;True;[]
TXN_7084298;BOLO;3;3,00;9,00;N/A;PARA VIAGEM;18/02/2023;False;True;[]
TXN_8384428;BISCOITO;1;1,00;1,00;CARTEIRA DIGITAL;PRESENCIAL;11/08/2023;False;True;[]
TXN_6541329;BISCOITO;2;1,00;2,00;DINHEIRO;PARA VIAGEM;28/09/2023;False;True;[]
TXN_7667139;SANDUICHE;3;4,00;12,00;CARTÃO DE CRÉDITO;PARA VIAGEM;05/12/2023;False;True;[]
TXN_1268811;SALADA;1;5,00;5,00;N/A;N/A;04/01/2023;False;True;[]
TXN_5056808;SUCO;1;3,00;3,00;CARTÃO DE CRÉDITO;N/A;25/02/2023;False;True;[]
TXN_9191048;BOLO;5;3,00;15,00;CARTEIRA DIGITAL;N/A;18/09/2023;False;True;[]
TXN_5105810;BISCOITO;5;;5,00;N/A;PARA VIAGEM;17/01/2023;True;True;[]
TXN_3272613;BISCOITO;2;1,00;2,00;DINHEIRO;N/A;30/03/2023;False;True;[]
TXN_3690903;CAFÉ;3;2,00;6,00;N/A;PRESENCIAL;22/10/2023;False;True;[]
TXN_1938413;VITAMINA;4;4,00;16,00;CARTEIRA DIGITAL;N/A;01/04/2023;False;True;[]
TXN_1396019;CAFÉ;4;2,00;8,00;DINHEIRO;PRESENCIAL;03/12/2023;False;True;[]
TXN_6989000;CHÁ;2;1,50;3,00;N/A;PARA VIAGEM;24/02/2023;False;True;[]
TXN_4811225;CHÁ;5;1,50;7,50;DINHEIRO;PARA VIAGEM;01/11/2023;False;True;[]
TXN_2193333;CAFÉ;4;2,00;8,00;N/A;PARA VIAGEM;21/07/2023;False;True;[]
TXN_4564220;CHÁ;1;1,50;1,50;CARTEIRA DIGITAL;PARA VIAGEM;09/05/2023;False;True;[]
TXN_5414186;VITAMINA;1;4,00;4,00;CARTÃO DE CRÉDITO;PARA VIAGEM;24/04/2023;False;True;[]
TXN_1740742;CHÁ;4;1,50;6,00;CARTEIRA DIGITAL;PRESENCIAL;06/10/2023;False;True;[]
TXN_2547084;SANDUICHE;1;4,00;4,00;DINHEIRO;N/A;16/12/2023;False;True;[]
TXN_8879936;BOLO;5;3,00;15,00;N/A;PARA VIAGEM;25/07/2023;False;True;[]
TXN_1605677;CHÁ;5;1,50;7,50;N/A;N/A;15/01/2023;False;True;[]
TXN_6070787;SANDUICHE;3;4,00;12,00;N/A;PRESENCIAL;26/02/2023;False;True;[]
TXN_3441457;SALADA;2;;10,00;CARTEIRA DIGITAL;N/A;20/10/2023;True;True;[]
TXN_1236759;CAFÉ;1;2,00;2,00;CARTÃO DE CRÉDITO;PRESENCIAL;26/01/2023;False;True;[]
TXN_7196144;VITAMINA;3;4,00;12,00;N/A;N/A;28/03/2023;False;True;[]
TXN_3981406;SALADA;4;5,00;20,00;N/A;N/A;17/04/2023;False;True;[]
TXN_2152054;BOLO;2;3,00;6,00;CARTEIRA DIGITAL;N/A;11/05/2023;False;True;[]
TXN_9339037;BISCOITO;2;1,00;2,00;N/A;PARA VIAGEM;21/07/2023;False;True;[]
TXN_7308629;SALADA;4;5,00;20,00;N/A;PARA VIAGEM;24/11/2023;False;True;[]
TXN_9407636;VITAMINA;4;4,00;16,00;DINHEIRO;N/A;01/10/2023;False;True;[]
TXN_4755860;SUCO;5;3,00;15,00;CARTEIRA DIGITAL;PRESENCIAL;28/10/2023;False;True;[]
TXN_6118079;CAFÉ;1;2,00;2,00;N/A;PARA VIAGEM;01/07/2023;False;True;[]
TXN_6415784;SALADA;3;5,00;15,00;N/A;N/A;16/08/2023;False;True;[]
TXN_1755817;SALADA;5;5,00;25,00;CARTEIRA DIGITAL;PARA VIAGEM;17/07/2023;False;True;[]
TXN_2090061;VITAMINA;4;4,00;16,00;N/A;N/A;23/06/2023;False;True;[]
TXN_8128656;VITAMINA;5;4,00;20,00;N/A;PRESENCIAL;24/04/2023;False;True;[]
TXN_6714749;SANDUICHE;1;4,00;4,00;CARTÃO DE CRÉDITO;PARA VIAGEM;02/08/2023;False;True;[]
TXN_8099424;BOLO;4;3,00;12,00;N/A;PARA VIAGEM;02/04/2023;False;True;[]
TXN_5103036;SUCO;2;3,00;6,00;N/A;PARA VIAGEM;04/12/2023;False;True;[]
TXN_6013024;SUCO;3;3,00;9,00;CARTÃO DE CRÉDITO;PARA VIAGEM;06/09/2023;False;True;[]
TXN_8065852;SANDUICHE;1;4,00;4,00;CARTÃO DE CRÉDITO;PRESENCIAL;17/07/2023;False;True;[]
TXN_2035283;N/A;3;4,00;12,00;N/A;N/A;14/01/2023;False;True;[]
TXN_3695238;SALADA;5;5,00;25,00;DINHEIRO;PARA VIAGEM;20/04/2023;False;True;[]
TXN_1336727;VITAMINA;2;;8,00;N/A;PRESENCIAL;18/10/2023;True;True;[]
TXN_5724548;BOLO;5;3,00;15,00;N/A;N/A;12/08/2023;False;True;[]
TXN_3521791;CAFÉ;1;2,00;2,00;N/A;PARA VIAGEM;11/06/2023;False;True;[]
TXN_2678484;CAFÉ;1;2,00;2,00;N/A;N/A;27/03/2023;False;True;[]
TXN_6696619;BOLO;3;3,00;9,00;N/A;PARA VIAGEM;19/03/2023;False;True;[]
TXN_2734718;CHÁ;2;1,50;3,00;N/A;N/A;16/08/2023;False;True;[]
TXN_7465693;N/A;;4,00;12,00;CARTEIRA DIGITAL;N/A;04/09/2023;True;True;[]
TXN_8241649;CHÁ;5;1,50;7,50;N/A;N/A;15/03/2023;False;True;[]
TXN_6125646;BISCOITO;2;1,00;2,00;N/A;N/A;12/06/2023;False;True;[]
TXN_8639973;BISCOITO;5;1,00;5,00;N/A;N/A;06/07/2023;False;True;[]
TXN_1349640;SUCO;2;3,00;6,00;CARTÃO DE CRÉDITO;PRESENCIAL;17/06/2023;False;True;[]
TXN_3719842;BOLO;3;3,00;9,00;DINHEIRO;N/A;05/05/2023;False;True;[]
TXN_3863940;SALADA;2;5,00;10,00;N/A;N/A;18/06/2023;False;True;[]
TXN_9660030;BOLO;5;3,00;15,00;CARTÃO DE CRÉDITO;PRESENCIAL;24/11/2023;False;True;[]
TXN_9649503;BOLO;1;3,00;3,00;CARTÃO DE CRÉDITO;PARA VIAGEM;02/01/2023;False;True;[]
TXN_6618160;CHÁ;5;1,50;7,50;DINHEIRO;PARA VIAGEM;13/03/2023;False;True;[]
TXN_9121241;SANDUICHE;5;4,00;20,00;N/A;PARA VIAGEM;18/03/2023;False;True;[]
TXN_4419474;SUCO;2;3,00;6,00;N/A;PRESENCIAL;04/02/2023;False;True;[]
TXN_5639485;BISCOITO;3;1,00;3,00;CARTÃO DE CRÉDITO;N/A;02/07/2023;False;True;[]
TXN_9997263;BISCOITO;2;1,00;2,00;N/A;N/A;05/03/2023;False;True;[]
TXN_4590013;CHÁ;5;1,50;7,50;DINHEIRO;PARA VIAGEM;19/04/2023;False;True;[]
TXN_4958354;SANDUICHE;4;;16,00;CARTÃO DE CRÉDITO;PARA VIAGEM;01/05/2023;True;True;[]
TXN_9240476;CAFÉ;5;2,00;10,00;N/A;N/A;29/04/2023;False;True;[]
TXN_2457961;CAFÉ;2;2,00;4,00;CARTÃO DE CRÉDITO;PRESENCIAL;08/06/2023;False;True;[]
TXN_6494145;BISCOITO;2;1,00;2,00;DINHEIRO;N/A;18/08/2023;False;True;[]
TXN_2142941;BISCOITO;5;1,00;5,00;CARTEIRA DIGITAL;N/A;03/11/2023;False;True;[]
TXN_2405666;N/A;2;3,00;6,00;DINHEIRO;PARA VIAGEM;20/04/2023;False;True;[]
TXN_4125871;SUCO;4;3,00;12,00;N/A;N/A;16/12/2023;False;True;[]
TXN_7102166;CAFÉ;4;2,00;8,00;N/A;N/A;08/12/2023;False;True;[]
TXN_1492585;SANDUICHE;;4,00;12,00;DINHEIRO;PARA VIAGEM;17/01/2023;True;True;[]
TXN_2208949;BOLO;4;3,00;12,00;DINHEIRO;PARA VIAGEM;05/08/2023;False;True;[]
TXN_9815454;SUCO;5;3,00;15,00;CARTEIRA DIGITAL;N/A;05/12/2023;False;True;[]
TXN_6806968;BISCOITO;4;1,00;4,00;DINHEIRO;PARA VIAGEM;03/07/2023;False;True;[]
TXN_3751420;SANDUICHE;5;4,00;20,00;N/A;PARA VIAGEM;20/11/2023;False;True;[]
TXN_3439155;SALADA;3;5,00;15,00;N/A;PARA VIAGEM;30/07/2023;False;True;[]
TXN_5564198;BOLO;4;3,00;12,00;DINHEIRO;N/A;06/06/2023;False;True;[]
TXN_3446643;VITAMINA;1;4,00;4,00;N/A;N/A;01/06/2023;False;True;[]
TXN_1770073;BISCOITO;2;1,00;2,00;N/A;PARA VIAGEM;03/12/2023;False;True;[]
TXN_7328209;SANDUICHE;3;4,00;12,00;CARTÃO DE CRÉDITO;N/A;01/03/2023;False;True;[]
TXN_4252608;SUCO;3;3,00;9,00;CARTÃO DE CRÉDITO;PRESENCIAL;23/08/2023;False;True;[]
TXN_7221831;CAFÉ;3;2,00;6,00;CARTÃO DE CRÉDITO;N/A;26/03/2023;False;True;[]
TXN_4548565;SUCO;4;3,00;12,00;N/A;PRESENCIAL;17/02/2023;False;True;[]
TXN_7400015;SUCO;4;;12,00;DINHEIRO;N/A;27/01/2023;True;True;[]
TXN_4749986;CHÁ;5;1,50;7,50;N/A;PARA VIAGEM;26/05/2023;False;True;[]
TXN_1917336;SANDUICHE;3;4,00;12,00;DINHEIRO;PRESENCIAL;12/04/2023;False;True;[]
TXN_5238755;BISCOITO;3;1,00;3,00;N/A;PARA VIAGEM;01/06/2023;False;True;[]
TXN_1822234;SALADA;2;;10,00;DINHEIRO;N/A;15/10/2023;True;True;[]
TXN_1342487;SUCO;3;3,00;9,00;CARTÃO DE CRÉDITO;N/A;21/09/2023;False;True;[]
TXN_7413282;BOLO;5;3,00;15,00;N/A;N/A;13/10/2023;False;True;[]
TXN_5713298;VITAMINA;2;4,00;8,00;CARTÃO DE CRÉDITO;N/A;14/07/2023;False;True;[]
TXN_3045673;VITAMINA;3;4,00;12,00;CARTEIRA DIGITAL;N/A;24/06/2023;False;True;[]
TXN_2662720;SUCO;5;3,00;15,00;N/A;N/A;18/09/2023;False;True;[]
TXN_8966922;SUCO;4;3,00;12,00;N/A;PARA VIAGEM;10/11/2023;False;True;[]
TXN_7311815;BISCOITO;4;1,00;4,00;N/A;PARA VIAGEM;11/05/2023;False;True;[]
TXN_8211198;SUCO;3;3,00;9,00;CARTÃO DE CRÉDITO;N/A;24/01/2023;False;True;[]
TXN_6476719;SUCO;5;3,00;15,00;DINHEIRO;PARA VIAGEM;04/06/2023;False;True;[]
TXN_1556480;CHÁ;5;1,50;7,50;N/A;N/A;06/02/2023;False;True;[]
TXN_3009994;N/A;5;1,00;5,00;CARTÃO DE CRÉDITO;PRESENCIAL;13/09/2023;False;True;[]
TXN_8992377;BOLO;4;;12,00;CARTÃO DE CRÉDITO;PARA VIAGEM;12/07/2023;True;True;[]
TXN_5504130;BOLO;3;3,00;9,00;N/A;N/A;24/06/2023;False;True;[]
TXN_7153455;CAFÉ;4;2,00;8,00;CARTEIRA DIGITAL;PARA VIAGEM;02/07/2023;False;True;[]
TXN_8821579;VITAMINA;4;4,00;16,00;N/A;PARA VIAGEM;06/12/2023;False;True;[]
TXN_6873127;BISCOITO;1;1,00;1,00;N/A;PRESENCIAL;02/02/2023;False;True;[]
TXN_9923952;BISCOITO;4;1,00;4,00;N/A;PARA VIAGEM;08/08/2023;False;True;[]
TXN_7383137;CAFÉ;2;2,00;4,00;CARTÃO DE CRÉDITO;PRESENCIAL;02/12/2023;False;True;[]
TXN_4766317;BISCOITO;2;1,00;2,00;N/A;PARA VIAGEM;23/09/2023;False;True;[]
TXN_6335297;BOLO;3;3,00;9,00;N/A;N/A;16/10/2023;False;True;[]
TXN_9334593;SANDUICHE;3;4,00;12,00;DINHEIRO;N/A;23/04/2023;False;True;[]
TXN_2441029;BOLO;5;3,00;15,00;DINHEIRO;PRESENCIAL;18/05/2023;False;True;[]
TXN_8260461;BISCOITO;2;;2,00;CARTEIRA DIGITAL;N/A;29/10/2023;True;True;[]
TXN_4801947;SUCO;1;3,00;3,00;CARTEIRA DIGITAL;PARA VIAGEM;01/01/2023;False;True;[]
TXN_4323120;CAFÉ;5;2,00;10,00;N/A;N/A;29/08/2023;False;True;[]
TXN_5947264;SALADA;1;5,00;5,00;N/A;PRESENCIAL;07/03/2023;False;True;[]
TXN_9072628;SALADA;4;5,00;20,00;CARTEIRA DIGITAL;N/A;29/12/2023;False;True;[]
TXN_8282744;CHÁ;2;1,50;3,00;N/A;PARA VIAGEM;16/06/2023;False;True;[]
TXN_2547156;BISCOITO;3;1,00;3,00;CARTEIRA DIGITAL;PARA VIAGEM;18/08/2023;False;True;[]
TXN_2428781;SALADA;;5,00;;N/A;PRESENCIAL;09/05/2023;True;True;[]
TXN_8621278;SALADA;2;5,00;10,00;DINHEIRO;PARA VIAGEM;01/02/2023;False;True;[]
TXN_2616353;VITAMINA;3;4,00;12,00;DINHEIRO;PARA VIAGEM;24/06/2023;False;True;[]
TXN_9731999;SANDUICHE;;4,00;16,00;N/A;PARA VIAGEM;26/11/2023;True;True;[]
TXN_3608237;SALADA;1;5,00;5,00;CARTEIRA DIGITAL;PARA VIAGEM;26/11/2023;False;True;[]
TXN_2423167;BOLO;3;3,00;9,00;CARTEIRA DIGITAL;PARA VIAGEM;29/06/2023;False;True;[]
TXN_6695451;SALADA;1;5,00;5,00;CARTÃO DE CRÉDITO;N/A;28/07/2023;False;True;[]
TXN_6098702;CAFÉ;3;2,00;6,00;CARTÃO DE CRÉDITO;N/A;15/10/2023;False;True;[]
TXN_8972184;SUCO;;3,00;12,00;N/A;N/A;17/08/2023;True;True;[]
TXN_2010507;BOLO;3;3,00;9,00;N/A;N/A;23/05/2023;False;True;[]
TXN_1390754;BOLO;2;3,00;6,00;N/A;PARA VIAGEM;08/11/2023;False;True;[]
TXN_4925291;VITAMINA;2;4,00;8,00;CARTEIRA DIGITAL;N/A;22/09/2023;False;True;[]
TXN_8345383;CHÁ;5;1,50;7,50;N/A;PARA VIAGEM;14/10/2023;False;True;[]
TXN_3910293;BOLO;4;3,00;12,00;DINHEIRO;PRESENCIAL;30/01/2023;False;True;[]
TXN_4696969;SALADA;1;5,00;5,00;CARTÃO DE CRÉDITO;N/A;29/09/2023;False;True;[]
TXN_4568379;BISCOITO;3;1,00;3,00;CARTEIRA DIGITAL;PRESENCIAL;28/05/2023;False;True;[]
TXN_8745942;BISCOITO;3;1,00;3,00;DINHEIRO;N/A;03/05/2023;False;True;[]
TXN_2496907;CAFÉ;2;2,00;4,00;CARTÃO DE CRÉDITO;N/A;28/11/2023;False;True;[]
TXN_3043371;VITAMINA;1;4,00;4,00;N/A;N/A;04/12/2023;False;True;[]
TXN_2687149;CAFÉ;5;2,00;10,00;N/A;N/A;24/03/2023;False;True;[]
TXN_9752207;SANDUICHE;4;4,00;16,00;N/A;PRESENCIAL;15/10/2023;False;True;[]
TXN_7223850;SALADA;2;5,00;10,00;CARTÃO DE CRÉDITO;N/A;05/02/2023;False;True;[]
TXN_5421917;CHÁ;5;1,50;7,50;N/A;N/A;03/05/2023;False;True;[]
TXN_3812053;CAFÉ;5;2,00;10,00;N/A;PRESENCIAL;03/04/2023;False;True;[]
TXN_8437195;BOLO;1;3,00;3,00;DINHEIRO;N/A;10/12/2023;False;True;[]
TXN_3880494;SANDUICHE;4;4,00;16,00;DINHEIRO;PARA VIAGEM;17/12/2023;False;True;[]
TXN_2755642;BOLO;;3,00;9,00;CARTEIRA DIGITAL;PRESENCIAL;24/03/2023;True;True;[]
TXN_9320353;SALADA;5;5,00;25,00;DINHEIRO;PRESENCIAL;10/01/2023;False;True;[]
TXN_8837015;SUCO;3;3,00;9,00;CARTÃO DE CRÉDITO;PRESENCIAL;11/06/2023;False;True;[]
TXN_1856538;CAFÉ;3;2,00;6,00;DINHEIRO;N/A;01/11/2023;False;True;[]
TXN_2933439;SALADA;4;5,00;20,00;CARTEIRA DIGITAL;N/A;14/04/2023;False;True;[]
TXN_2667131;SANDUICHE;2;4,00;8,00;CARTÃO DE CRÉDITO;PARA VIAGEM;10/10/2023;False;True;[]
TXN_5536056;VITAMINA;3;4,00;12,00;CARTEIRA DIGITAL;PARA VIAGEM;22/12/2023;False;True;[]
TXN_3846628;SUCO;1;3,00;3,00;N/A;PARA VIAGEM;16/10/2023;False;True;[]
TXN_9043894;BOLO;1;3,00;3,00;CARTEIRA DIGITAL;N/A;28/07/2023;False;True;[]
TXN_9354349;SUCO;1;;3,00;CARTÃO DE CRÉDITO;N/A;12/02/2023;True;True;[]
TXN_3655950;BISCOITO;1;1,00;1,00;N/A;PRESENCIAL;25/11/2023;False;True;[]
TXN_4483585;VITAMINA;5;4,00;20,00;N/A;PARA VIAGEM;26/12/2023;False;True;[]
TXN_2332364;BOLO;2;3,00;6,00;CARTÃO DE CRÉDITO;N/A;10/08/2023;False;True;[]
TXN_5878649;SALADA;3;5,00;15,00;N/A;PARA VIAGEM;15/02/2023;False;True;[]
TXN_2716940;CAFÉ;1;2,00;2,00;N/A;N/A;27/11/2023;False;True;[]
TXN_9020641;BOLO;4;3,00;12,00;CARTÃO DE CRÉDITO;PRESENCIAL;27/06/2023;False;True;[]
TXN_5931551;SANDUICHE;4;4,00;16,00;N/A;PRESENCIAL;28/03/2023;False;True;[]
TXN_5812552;BOLO;1;;3,00;N/A;N/A;17/09/2023;True;True;[]
TXN_2259102;SANDUICHE;2;4,00;8,00;N/A;N/A;19/02/2023;False;True;[]
TXN_7041367;BISCOITO;4;1,00;4,00;N/A;N/A;04/01/2023;False;True;[]
TXN_1005377;BOLO;5;;15,00;CARTEIRA DIGITAL;PARA VIAGEM;03/06/2023;True;True;[]
TXN_7262554;SALADA;3;5,00;15,00;CARTÃO DE CRÉDITO;N/A;08/07/2023;False;True;[]
TXN_9705971;SUCO;2;3,00;6,00;CARTÃO DE CRÉDITO;PARA VIAGEM;02/09/2023;False;True;[]
TXN_4809626;CAFÉ;5;2,00;10,00;DINHEIRO;PARA VIAGEM;18/02/2023;False;True;[]
TXN_5171248;BOLO;5;3,00;15,00;CARTEIRA DIGITAL;PRESENCIAL;14/06/2023;False;True;[]
TXN_2201235;CHÁ;1;1,50;1,50;CARTEIRA DIGITAL;N/A;17/12/2023;False;True;[]
TXN_2907979;SUCO;3;3,00;9,00;DINHEIRO;N/A;18/06/2023;False;True;[]
TXN_7229918;CAFÉ;2;;4,00;CARTEIRA DIGITAL;PARA VIAGEM;24/03/2023;True;True;[]
TXN_5179245;SUCO;3;3,00;9,00;CARTÃO DE CRÉDITO;N/A;17/04/2023;False;True;[]
TXN_5010968;VITAMINA;2;4,00;8,00;CARTEIRA DIGITAL;N/A;03/12/2023;False;True;[]
TXN_6294315;BISCOITO;2;1,00;2,00;CARTEIRA DIGITAL;N/A;04/04/2023;False;True;[]
TXN_8487985;SUCO;5;3,00;15,00;N/A;PARA VIAGEM;09/05/2023;False;True;[]
TXN_8552898;CAFÉ;5;2,00;10,00;CARTÃO DE CRÉDITO;PARA VIAGEM;06/11/2023;False;True;[]
TXN_4787754;SUCO;2;3,00;6,00;CARTEIRA DIGITAL;PARA VIAGEM;31/08/2023;False;True;[]
TXN_9176533;BOLO;3;3,00;9,00;CARTÃO DE CRÉDITO;N/A;14/10/2023;False;True;[]
TXN_1228474;VITAMINA;4;4,00;16,00;N/A;PRESENCIAL;20/11/2023;False;True;[]
TXN_9376428;N/A;1;5,00;5,00;CARTÃO DE CRÉDITO;PARA VIAGEM;30/10/2023;False;True;[]
TXN_3678804;N/A;3;2,00;6,00;CARTEIRA DIGITAL;N/A;20/10/2023;False;True;[]
TXN_6021363;SANDUICHE;2;4,00;8,00;CARTÃO DE CRÉDITO;PARA VIAGEM;11/01/2023;False;True;[]
TXN_8518812;BISCOITO;3;1,00;3,00;N/A;PRESENCIAL;22/06/2023;False;True;[]
TXN_5573436;CAFÉ;1;;2,00;N/A;PARA VIAGEM;22/02/2023;True;True;[]
TXN_3274591;SUCO;5;3,00;15,00;N/A;PARA VIAGEM;09/04/2023;False;True;[]
TXN_2477650;BISCOITO;1;1,00;1,00;DINHEIRO;PARA VIAGEM;24/10/2023;False;True;[]
TXN_4987376;CHÁ;2;1,50;3,00;CARTEIRA DIGITAL;PARA VIAGEM;20/08/2023;False;True;[]
TXN_9196694;BOLO;4;3,00;12,00;N/A;PRESENCIAL;23/03/2023;False;True;[]
TXN_2735598;CHÁ;5;;7,50;CARTÃO DE CRÉDITO;PARA VIAGEM;30/06/2023;True;True;[]
TXN_7362526;SUCO;1;3,00;3,00;CARTÃO DE CRÉDITO;PARA VIAGEM;16/09/2023;False;True;[]
TXN_3584252;SALADA;;5,00;10,00;CARTEIRA DIGITAL;PARA VIAGEM;19/12/2023;True;True;[]
TXN_6324687;VITAMINA;1;4,00;4,00;CARTÃO DE CRÉDITO;PARA VIAGEM;03/03/2023;False;True;[]
TXN_2716377;SUCO;4;3,00;12,00;DINHEIRO;N/A;03/01/2023;False;True;[]
TXN_4002142;BOLO;5;3,00;15,00;N/A;N/A;27/06/2023;False;True;[]
TXN_9417438;SALADA;1;5,00;5,00;N/A;PRESENCIAL;05/01/2023;False;True;[]
TXN_4757873;CHÁ;1;1,50;1,50;CARTÃO DE CRÉDITO;PRESENCIAL;12/09/2023;False;True;[]
TXN_6283718;VITAMINA;3;4,00;12,00;CARTEIRA DIGITAL;PARA VIAGEM;20/07/2023;False;True;[]
TXN_2019127;SALADA;1;5,00;5,00;DINHEIRO;N/A;03/08/2023;False;True;[]
TXN_2007652;SUCO;2;3,00;6,00;CARTEIRA DIGITAL;N/A;09/12/2023;False;True;[]
TXN_3048882;SUCO;2;3,00;6,00;DINHEIRO;PARA VIAGEM;30/12/2023;False;True;[]
TXN_3241510;CHÁ;5;1,50;7,50;CARTÃO DE CRÉDITO;N/A;05/10/2023;False;True;[]
TXN_1978239;SALADA;4;5,00;20,00;N/A;PRESENCIAL;20/09/2023;False;True;[]
TXN_3286168;VITAMINA;5;4,00;20,00;CARTEIRA DIGITAL;N/A;25/06/2023;False;True;[]
TXN_5922981;SALADA;5;5,00;25,00;CARTEIRA DIGITAL;PARA VIAGEM;10/11/2023;False;True;[]
TXN_4108567;CAFÉ;2;2,00;4,00;DINHEIRO;PARA VIAGEM;14/08/2023;False;True;[]
TXN_5217434;CAFÉ;1;2,00;2,00;N/A;PARA VIAGEM;22/09/2023;False;True;[]
TXN_6691792;N/A;3;3,00;9,00;N/A;PARA VIAGEM;21/06/2023;False;True;[]
TXN_4822216;BOLO;1;3,00;3,00;N/A;N/A;03/09/2023;False;True;[]
TXN_9246986;CHÁ;4;1,50;6,00;DINHEIRO;PARA VIAGEM;08/09/2023;False;True;[]
TXN_3931393;SANDUICHE;2;4,00;8,00;CARTEIRA DIGITAL;N/A;18/11/2023;False;True;[]
TXN_1429325;VITAMINA;2;4,00;8,00;DINHEIRO;N/A;20/04/2023;False;True;[]
TXN_2888655;BISCOITO;;1,00;4,00;CARTEIRA DIGITAL;N/A;17/12/2023;True;True;[]
TXN_3648160;CAFÉ;5;2,00;10,00;N/A;PARA VIAGEM;03/12/2023;False;True;[]
TXN_5832513;SUCO;4;3,00;12,00;DINHEIRO;PRESENCIAL;02/11/2023;False;True;[]
TXN_6053755;BISCOITO;4;1,00;4,00;CARTEIRA DIGITAL;PARA VIAGEM;18/01/2023;False;True;[]
TXN_4437520;VITAMINA;3;4,00;12,00;CARTÃO DE CRÉDITO;N/A;28/07/2023;False;True;[]
TXN_4995281;SALADA;4;5,00;20,00;CARTÃO DE CRÉDITO;N/A;25/02/2023;False;True;[]
TXN_6105807;VITAMINA;3;;;CARTÃO DE CRÉDITO;PARA VIAGEM;18/01/2023;True;True;[]
TXN_8384699;N/A;3;;15,00;N/A;PRESENCIAL;16/12/2023;True;True;[]
TXN_3549667;SANDUICHE;;4,00;12,00;CARTEIRA DIGITAL;PARA VIAGEM;29/01/2023;True;True;[]
TXN_2566211;CHÁ;2;1,50;3,00;DINHEIRO;N/A;26/09/2023;False;True;[]
TXN_3206842;N/A;4;5,00;20,00;DINHEIRO;N/A;30/04/2023;False;True;[]
TXN_8970135;SUCO;4;3,00;12,00;N/A;PRESENCIAL;26/03/2023;False;True;[]
TXN_3222612;N/A;3;3,00;9,00;DINHEIRO;PARA VIAGEM;25/01/2023;False;True;[]
TXN_6361593;SANDUICHE;4;4,00;16,00;CARTEIRA DIGITAL;PARA VIAGEM;29/08/2023;False;True;[]
TXN_9375445;VITAMINA;2;;8,00;N/A;PRESENCIAL;22/10/2023;True;True;[]
TXN_4943552;N/A;5;3,00;15,00;N/A;PARA VIAGEM;14/04/2023;False;True;[]
TXN_1532390;CHÁ;5;1,50;7,50;CARTEIRA DIGITAL;N/A;08/04/2023;False;True;[]
TXN_8020606;BOLO;4;3,00;12,00;N/A;PARA VIAGEM;10/10/2023;False;True;[]
TXN_2729959;VITAMINA;4;4,00;16,00;CARTEIRA DIGITAL;PRESENCIAL;01/02/2023;False;True;[]
TXN_4582054;N/A;2;5,00;10,00;CARTEIRA DIGITAL;PARA VIAGEM;27/08/2023;False;True;[]
TXN_2134763;SUCO;3;3,00;9,00;CARTÃO DE CRÉDITO;PARA VIAGEM;28/03/2023;False;True;[]
TXN_1633607;SUCO;1;3,00;3,00;DINHEIRO;PARA VIAGEM;13/03/2023;False;True;[]
TXN_5124999;CAFÉ;5;2,00;10,00;CARTEIRA DIGITAL;N/A;11/04/2023;False;True;[]
TXN_7647190;SALADA;;5,00;25,00;CARTÃO DE CRÉDITO;PARA VIAGEM;22/02/2023;True;True;[]
TXN_3514890;VITAMINA;5;4,00;20,00;N/A;PRESENCIAL;02/08/2023;False;True;[]
TXN_5845583;CHÁ;4;1,50;6,00;DINHEIRO;PRESENCIAL;19/10/2023;False;True;[]
TXN_6692318;CHÁ;2;1,50;3,00;DINHEIRO;PRESENCIAL;20/08/2023;False;True;[]
TXN_9571019;CAFÉ;2;2,00;4,00;DINHEIRO;PRESENCIAL;22/06/2023;False;True;[]
TXN_6451595;SUCO;2;3,00;6,00;CARTÃO DE CRÉDITO;PARA VIAGEM;26/03/2023;False;True;[]
TXN_4797429;SALADA;5;5,00;25,00;CARTEIRA DIGITAL;PRESENCIAL;07/11/2023;False;True;[]
TXN_7255755;SANDUICHE;5;4,00;20,00;N/A;N/A;19/10/2023;False;True;[]
TXN_6925284;SUCO;5;3,00;15,00;CARTEIRA DIGITAL;PARA VIAGEM;21/01/2023;False;True;[]
TXN_2925996;BOLO;3;3,00;9,00;DINHEIRO;PARA VIAGEM;11/04/2023;False;True;[]
TXN_3944582;CHÁ;5;1,50;7,50;N/A;PRESENCIAL;21/10/2023;False;True;[]
TXN_5750248;SALADA;4;5,00;20,00;CARTEIRA DIGITAL;PRESENCIAL;20/07/2023;False;True;[]
TXN_1020983;SUCO;1;3,00;3,00;CARTEIRA DIGITAL;N/A;23/03/2023;False;True;[]
TXN_9072817;BISCOITO;5;1,00;5,00;N/A;PARA VIAGEM;18/07/2023;False;True;[]
TXN_7416196;VITAMINA;2;4,00;8,00;DINHEIRO;PRESENCIAL;20/10/2023;False;True;[]
TXN_7276452;CAFÉ;3;2,00;6,00;CARTEIRA DIGITAL;N/A;05/06/2023;False;True;[]
TXN_2610195;BOLO;2;3,00;6,00;N/A;N/A;25/10/2023;False;True;[]
TXN_9281392;BISCOITO;2;1,00;2,00;CARTEIRA DIGITAL;N/A;06/08/2023;False;True;[]
TXN_8386253;CHÁ;4;1,50;6,00;DINHEIRO;N/A;11/05/2023;False;True;[]
TXN_7995960;SUCO;1;3,00;3,00;CARTEIRA DIGITAL;N/A;11/01/2023;False;True;[]
TXN_7663739;BISCOITO;5;1,00;5,00;CARTÃO DE CRÉDITO;N/A;27/03/2023;False;True;[]
TXN_3936339;N/A;5;3,00;15,00;CARTEIRA DIGITAL;PRESENCIAL;08/09/2023;False;True;[]
TXN_7784608;CAFÉ;5;2,00;10,00;N/A;N/A;01/06/2023;False;True;[]
TXN_6438980;SALADA;2;5,00;10,00;CARTÃO DE CRÉDITO;PARA VIAGEM;10/11/2023;False;True;[]
TXN_2196926;SUCO;2;3,00;6,00;CARTEIRA DIGITAL;N/A;27/07/2023;False;True;[]
TXN_9582506;BISCOITO;2;1,00;2,00;CARTÃO DE CRÉDITO;N/A;28/04/2023;False;True;[]
TXN_2424839;SUCO;4;3,00;12,00;CARTEIRA DIGITAL;PRESENCIAL;28/09/2023;False;True;[]
TXN_5215704;SANDUICHE;5;4,00;20,00;CARTÃO DE CRÉDITO;N/A;31/10/2023;False;True;[]
TXN_1982031;BISCOITO;4;1,00;4,00;DINHEIRO;PARA VIAGEM;03/02/2023;False;True;[]
TXN_3060286;CHÁ;2;1,50;3,00;DINHEIRO;PARA VIAGEM;10/08/2023;False;True;[]
TXN_7878231;N/A;;5,00;5,00;DINHEIRO;N/A;15/05/2023;True;True;[]
TXN_1643029;BISCOITO;3;1,00;3,00;N/A;N/A;11/09/2023;False;True;[]
TXN_2764625;CHÁ;1;1,50;1,50;DINHEIRO;PRESENCIAL;03/12/2023;False;True;[]
TXN_6086123;SUCO;3;3,00;9,00;CARTÃO DE CRÉDITO;PARA VIAGEM;17/11/2023;False;True;[]
TXN_1796259;SUCO;1;3,00;3,00;N/A;PRESENCIAL;29/04/2023;False;True;[]
TXN_4078284;CAFÉ;1;2,00;2,00;CARTÃO DE CRÉDITO;N/A;14/05/2023;False;True;[]
TXN_4389662;VITAMINA;1;4,00;4,00;DINHEIRO;PARA VIAGEM;09/08/2023;False;True;[]
TXN_1992699;BISCOITO;2;1,00;2,00;N/A;PARA VIAGEM;08/05/2023;False;True;[]
TXN_9389300;SALADA;3;5,00;15,00;CARTÃO DE CRÉDITO;PARA VIAGEM;14/01/2023;False;True;[]
TXN_5409951;CAFÉ;3;2,00;6,00;N/A;N/A;23/06/2023;False;True;[]
TXN_2147448;CAFÉ;4;2,00;8,00;CARTÃO DE CRÉDITO;PRESENCIAL;27/11/2023;False;True;[]
TXN_9826170;SUCO;2;3,00;6,00;N/A;N/A;06/12/2023;False;True;[]
TXN_4949509;VITAMINA;4;4,00;16,00;N/A;N/A;20/04/2023;False;True;[]
TXN_9857832;CHÁ;3;1,50;4,50;DINHEIRO;PRESENCIAL;31/03/2023;False;True;[]
TXN_5038122;SALADA;1;5,00;5,00;N/A;N/A;11/08/2023;False;True;[]
TXN_8984085;SALADA;1;5,00;5,00;N/A;N/A;17/08/2023;False;True;[]
TXN_8830264;SALADA;1;5,00;5,00;DINHEIRO;N/A;23/11/2023;False;True;[]
TXN_9696074;CAFÉ;4;2,00;8,00;N/A;PARA VIAGEM;24/06/2023;False;True;[]
TXN_9579637;CHÁ;4;1,50;6,00;CARTEIRA DIGITAL;N/A;26/06/2023;False;True;[]
TXN_7907786;CHÁ;5;;7,50;DINHEIRO;N/A;20/09/2023;True;True;[]
TXN_5316852;CAFÉ;2;2,00;4,00;CARTEIRA DIGITAL;N/A;08/04/2023;False;True;[]
TXN_1292430;VITAMINA;1;4,00;4,00;CARTÃO DE CRÉDITO;PARA VIAGEM;09/03/2023;False;True;[]
TXN_5226399;N/A;4;3,00;12,00;N/A;PARA VIAGEM;19/01/2023;False;True;[]
TXN_2470530;BOLO;1;3,00;3,00;CARTEIRA DIGITAL;PARA VIAGEM;21/03/2023;False;True;[]
TXN_6498718;CAFÉ;4;2,00;8,00;N/A;N/A;18/03/2023;False;True;[]
TXN_1602435;VITAMINA;1;4,00;4,00;DINHEIRO;N/A;01/12/2023;False;True;[]
TXN_1434598;SANDUICHE;5;4,00;20,00;DINHEIRO;PARA VIAGEM;18/11/2023;False;True;[]
TXN_9871036;VITAMINA;1;4,00;4,00;N/A;PARA VIAGEM;02/07/2023;False;True;[]
TXN_2073001;CAFÉ;2;2,00;4,00;CARTEIRA DIGITAL;N/A;22/11/2023;False;True;[]
TXN_9284622;N/A;1;2,00;2,00;CARTÃO DE CRÉDITO;N/A;15/05/2023;False;True;[]
TXN_7815076;SUCO;5;3,00;15,00;DINHEIRO;N/A;16/12/2023;False;True;[]
TXN_6897172;CAFÉ;4;2,00;8,00;CARTEIRA DIGITAL;N/A;08/12/2023;False;True;[]
TXN_3783903;CHÁ;4;1,50;6,00;N/A;N/A;25/06/2023;False;True;[]
TXN_4378637;BISCOITO;1;1,00;1,00;N/A;PARA VIAGEM;12/05/2023;False;True;[]
TXN_7514047;N/A;1;5,00;5,00;DINHEIRO;N/A;08/03/2023;False;True;[]
TXN_4375708;SANDUICHE;4;4,00;16,00;CARTÃO DE CRÉDITO;PARA VIAGEM;01/08/2023;False;True;[]
TXN_9775984;SUCO;2;3,00;6,00;CARTÃO DE CRÉDITO;PRESENCIAL;09/10/2023;False;True;[]
TXN_1625754;BOLO;5;3,00;15,00;CARTEIRA DIGITAL;PRESENCIAL;03/08/2023;False;True;[]
TXN_9567915;BOLO;1;3,00;3,00;CARTEIRA DIGITAL;PARA VIAGEM;30/06/2023;False;True;[]
TXN_4062634;SALADA;2;5,00;10,00;CARTÃO DE CRÉDITO;PRESENCIAL;05/04/2023;False;True;[]
TXN_6624397;SUCO;4;3,00;12,00;DINHEIRO;PARA VIAGEM;30/04/2023;False;True;[]
TXN_2991733;CHÁ;5;1,50;7,50;CARTÃO DE CRÉDITO;N/A;13/04/2023;False;True;[]
TXN_8978924;SALADA;5;5,00;25,00;DINHEIRO;N/A;09/10/2023;False;True;[]
TXN_2404800;SANDUICHE;5;4,00;20,00;DINHEIRO;PRESENCIAL;28/01/2023;False;True;[]
TXN_4501915;SUCO;4;3,00;12,00;CARTÃO DE CRÉDITO;PARA VIAGEM;04/12/2023;False;True;[]
TXN_6273431;N/A;2;3,00;6,00;N/A;PRESENCIAL;05/04/2023;False;True;[]
TXN_7166936;BISCOITO;;1,00;4,00;N/A;PRESENCIAL;25/09/2023;True;True;[]
TXN_7645250;SUCO;2;3,00;6,00;N/A;N/A;09/10/2023;False;True;[]
TXN_9231480;BISCOITO;4;1,00;4,00;DINHEIRO;N/A;28/08/2023;False;True;[]
TXN_4247105;CAFÉ;5;2,00;10,00;DINHEIRO;PRESENCIAL;14/04/2023;False;True;[]
TXN_8732935;BISCOITO;4;1,00;4,00;CARTÃO DE CRÉDITO;PARA VIAGEM;06/08/2023;False;True;[]
TXN_5108867;N/A;;3,00;9,00;DINHEIRO;PARA VIAGEM;19/03/2023;True;True;[]
TXN_3270584;BOLO;3;3,00;9,00;CARTÃO DE CRÉDITO;PARA VIAGEM;10/01/2023;False;True;[]
TXN_8258798;CAFÉ;3;;6,00;DINHEIRO;PRESENCIAL;18/10/2023;True;True;[]
TXN_7412012;CAFÉ;1;2,00;2,00;DINHEIRO;PRESENCIAL;02/08/2023;False;True;[]
TXN_1927324;SANDUICHE;1;4,00;4,00;CARTEIRA DIGITAL;PARA VIAGEM;29/08/2023;False;True;[]
TXN_9159655;BISCOITO;5;1,00;5,00;DINHEIRO;N/A;21/03/2023;False;True;[]
TXN_1293057;CHÁ;2;1,50;3,00;CARTEIRA DIGITAL;N/A;03/07/2023;False;True;[]
TXN_8829698;BOLO;2;3,00;6,00;DINHEIRO;N/A;19/03/2023;False;True;[]
TXN_5056351;SUCO;1;3,00;3,00;N/A;PARA VIAGEM;24/04/2023;False;True;[]
TXN_4431264;VITAMINA;2;4,00;8,00;N/A;N/A;14/11/2023;False;True;[]
TXN_7371782;CHÁ;3;1,50;4,50;DINHEIRO;PRESENCIAL;26/02/2023;False;True;[]
TXN_7631505;SANDUICHE;4;4,00;16,00;DINHEIRO;PRESENCIAL;08/07/2023;False;True;[]
TXN_4331770;SALADA;4;5,00;20,00;N/A;N/A;04/06/2023;False;True;[]
TXN_2593909;SUCO;2;3,00;6,00;DINHEIRO;PRESENCIAL;25/02/2023;False;True;[]
TXN_9728062;CAFÉ;1;2,00;2,00;DINHEIRO;N/A;01/05/2023;False;True;[]
TXN_7664606;BISCOITO;2;1,00;2,00;CARTEIRA DIGITAL;N/A;05/07/2023;False;True;[]
TXN_3359911;BISCOITO;4;1,00;4,00;N/A;PRESENCIAL;18/06/2023;False;True;[]
TXN_3745153;VITAMINA;4;4,00;16,00;CARTEIRA DIGITAL;PRESENCIAL;30/06/2023;False;True;[]
TXN_2019258;SUCO;4;3,00;12,00;CARTÃO DE CRÉDITO;N/A;03/02/2023;False;True;[]
TXN_8153957;CAFÉ;1;2,00;2,00;CARTEIRA DIGITAL;PARA VIAGEM;12/10/2023;False;True;[]
TXN_3437948;VITAMINA;2;4,00;8,00;DINHEIRO;N/A;02/11/2023;False;True;[]
TXN_6874195;SUCO;3;3,00;9,00;DINHEIRO;PARA VIAGEM;22/04/2023;False;True;[]
TXN_3234146;SUCO;1;3,00;3,00;N/A;PARA VIAGEM;14/11/2023;False;True;[]
TXN_5172383;SUCO;3;3,00;9,00;DINHEIRO;PRESENCIAL;28/03/2023;False;True;[]
TXN_9288999;BISCOITO;3;1,00;3,00;CARTÃO DE CRÉDITO;PRESENCIAL;01/05/2023;False;True;[]
TXN_4205407;VITAMINA;5;4,00;20,00;CARTEIRA DIGITAL;N/A;27/04/2023;False;True;[]
TXN_8325722;SANDUICHE;2;4,00;8,00;N/A;PARA VIAGEM;27/05/2023;False;True;[]
TXN_3050797;SANDUICHE;3;4,00;12,00;CARTÃO DE CRÉDITO;N/A;28/09/2023;False;True;[]
TXN_8731991;SALADA;;5,00;20,00;N/A;PRESENCIAL;20/01/2023;True;True;[]
TXN_7387416;SUCO;3;3,00;9,00;DINHEIRO;N/A;15/12/2023;False;True;[]
TXN_2244418;SALADA;5;5,00;25,00;DINHEIRO;PARA VIAGEM;15/10/2023;False;True;[]
TXN_2638644;N/A;1;1,50;1,50;N/A;N/A;08/03/2023;False;True;[]
TXN_3886177;BOLO;3;3,00;9,00;N/A;PARA VIAGEM;17/07/2023;False;True;[]
TXN_2334047;CHÁ;1;1,50;1,50;N/A;PARA VIAGEM;08/11/2023;False;True;[]
TXN_3888864;SANDUICHE;1;4,00;4,00;CARTÃO DE CRÉDITO;PRESENCIAL;13/10/2023;False;True;[]
TXN_6972491;SANDUICHE;1;4,00;4,00;N/A;PARA VIAGEM;02/07/2023;False;True;[]
TXN_8886791;CHÁ;2;1,50;3,00;DINHEIRO;N/A;09/07/2023;False;True;[]
TXN_4356114;SUCO;2;3,00;6,00;DINHEIRO;PARA VIAGEM;05/05/2023;False;True;[]
TXN_2097023;SALADA;3;5,00;15,00;CARTEIRA DIGITAL;PARA VIAGEM;10/11/2023;False;True;[]
TXN_2726749;SUCO;4;3,00;12,00;N/A;PARA VIAGEM;19/05/2023;False;True;[]
TXN_3357336;BOLO;4;3,00;12,00;N/A;PRESENCIAL;20/02/2023;False;True;[]
TXN_3529354;SUCO;2;3,00;6,00;CARTÃO DE CRÉDITO;PARA VIAGEM;06/09/2023;False;True;[]
TXN_9738339;SUCO;1;3,00;3,00;N/A;PRESENCIAL;09/07/2023;False;True;[]
TXN_9389963;N/A;5;4,00;20,00;N/A;PARA VIAGEM;28/02/2023;False;True;[]
TXN_6837879;N/A;5;3,00;15,00;CARTEIRA DIGITAL;N/A;09/04/2023;False;True;[]
TXN_1046659;VITAMINA;3;4,00;12,00;N/A;PARA VIAGEM;14/12/2023;False;True;[]
TXN_2032049;SALADA;2;5,00;10,00;CARTÃO DE CRÉDITO;N/A;12/10/2023;False;True;[]
TXN_1444479;N/A;1;3,00;3,00;CARTÃO DE CRÉDITO;N/A;10/12/2023;False;True;[]
TXN_7251037;SALADA;3;5,00;15,00;CARTÃO DE CRÉDITO;PRESENCIAL;17/08/2023;False;True;[]
TXN_9891576;SANDUICHE;3;4,00;12,00;CARTEIRA DIGITAL;PARA VIAGEM;28/04/2023;False;True;[]
TXN_5315818;SALADA;1;5,00;5,00;CARTEIRA DIGITAL;N/A;06/02/2023;False;True;[]
TXN_9830755;BISCOITO;5;1,00;5,00;CARTEIRA DIGITAL;PARA VIAGEM;24/06/2023;False;True;[]
TXN_8833319;SALADA;1;5,00;5,00;N/A;PARA VIAGEM;01/10/2023;False;True;[]
TXN_4353750;BOLO;2;3,00;6,00;CARTÃO DE CRÉDITO;N/A;02/03/2023;False;True;[]
TXN_8809659;SUCO;2;3,00;6,00;DINHEIRO;PARA VIAGEM;16/01/2023;False;True;[]
TXN_2104550;CAFÉ;4;2,00;8,00;CARTÃO DE CRÉDITO;PRESENCIAL;08/09/2023;False;True;[]
TXN_7554731;BOLO;1;3,00;3,00;CARTÃO DE CRÉDITO;PRESENCIAL;02/02/2023;False;True;[]
TXN_8652021;BOLO;1;3,00;3,00;CARTÃO DE CRÉDITO;PRESENCIAL;23/09/2023;False;True;[]
TXN_3744962;SALADA;1;5,00;5,00;N/A;PRESENCIAL;26/07/2023;False;True;[]
TXN_7312277;SUCO;4;3,00;12,00;N/A;PRESENCIAL;07/09/2023;False;True;[]
TXN_2342308;BISCOITO;5;;5,00;CARTEIRA DIGITAL;N/A;20/05/2023;True;True;[]
TXN_7797507;SANDUICHE;5;4,00;20,00;CARTEIRA DIGITAL;PARA VIAGEM;06/06/2023;False;True;[]
TXN_3121360;BOLO;3;3,00;9,00;CARTEIRA DIGITAL;N/A;21/01/2023;False;True;[]
TXN_5568416;BOLO;5;3,00;15,00;CARTÃO DE CRÉDITO;N/A;06/09/2023;False;True;[]
TXN_7032922;SANDUICHE;4;4,00;16,00;N/A;N/A;18/08/2023;False;True;[]
TXN_5734186;SUCO;3;3,00;9,00;DINHEIRO;N/A;03/04/2023;False;True;[]
TXN_5107025;CHÁ;2;;3,00;N/A;PRESENCIAL;19/02/2023;True;True;[]
TXN_7975387;VITAMINA;;4,00;8,00;CARTÃO DE CRÉDITO;PARA VIAGEM;23/03/2023;True;True;[]
TXN_5209346;VITAMINA;3;4,00;12,00;CARTÃO DE CRÉDITO;PRESENCIAL;22/02/2023;False;True;[]
TXN_8947660;CAFÉ;1;2,00;2,00;N/A;PRESENCIAL;03/09/2023;False;True;[]
TXN_6752053;VITAMINA;4;4,00;16,00;N/A;N/A;13/05/2023;False;True;[]
TXN_6571385;CHÁ;4;1,50;6,00;DINHEIRO;PARA VIAGEM;06/01/2023;False;True;[]
TXN_6430534;CHÁ;5;1,50;7,50;DINHEIRO;PARA VIAGEM;29/01/2023;False;True;[]
TXN_6467414;CHÁ;3;1,50;4,50;DINHEIRO;N/A;06/01/2023;False;True;[]
TXN_2861912;CAFÉ;3;2,00;6,00;N/A;PRESENCIAL;25/03/2023;False;True;[]
TXN_8347965;SALADA;1;;5,00;DINHEIRO;PARA VIAGEM;17/03/2023;True;True;[]
TXN_9693344;CHÁ;4;1,50;6,00;CARTÃO DE CRÉDITO;PARA VIAGEM;15/01/2023;False;True;[]
TXN_9801552;SANDUICHE;4;4,00;16,00;CARTÃO DE CRÉDITO;PARA VIAGEM;20/04/2023;False;True;[]
TXN_8082317;SUCO;3;3,00;9,00;DINHEIRO;PARA VIAGEM;18/08/2023;False;True;[]
TXN_1569729;VITAMINA;5;4,00;20,00;DINHEIRO;PARA VIAGEM;16/07/2023;False;True;[]
TXN_2644962;VITAMINA;2;4,00;8,00;N/A;N/A;09/04/2023;False;True;[]
TXN_8991609;SALADA;4;5,00;20,00;CARTEIRA DIGITAL;PRESENCIAL;19/06/2023;False;True;[]
TXN_5000665;BOLO;3;3,00;9,00;CARTEIRA DIGITAL;PRESENCIAL;28/11/2023;False;True;[]
TXN_2161255;SANDUICHE;3;4,00;12,00;N/A;N/A;08/06/2023;False;True;[]
TXN_6549359;N/A;3;1,50;4,50;DINHEIRO;N/A;21/04/2023;False;True;[]
TXN_8833173;VITAMINA;4;4,00;16,00;CARTEIRA DIGITAL;N/A;14/03/2023;False;True;[]
TXN_8449081;BISCOITO;2;1,00;2,00;N/A;PRESENCIAL;24/02/2023;False;True;[]
TXN_7153321;SALADA;5;5,00;25,00;CARTÃO DE CRÉDITO;PARA VIAGEM;19/12/2023;False;True;[]
TXN_2935761;VITAMINA;4;4,00;16,00;CARTEIRA DIGITAL;N/A;01/04/2023;False;True;[]
TXN_7328705;BISCOITO;4;1,00;4,00;CARTEIRA DIGITAL;PARA VIAGEM;09/09/2023;False;True;[]
TXN_1419790;SANDUICHE;3;4,00;12,00;N/A;N/A;06/01/2023;False;True;[]
TXN_8970187;BOLO;1;3,00;3,00;CARTEIRA DIGITAL;PARA VIAGEM;13/03/2023;False;True;[]
TXN_4385632;CHÁ;5;1,50;7,50;N/A;PARA VIAGEM;18/06/2023;False;True;[]
TXN_4343133;BISCOITO;4;1,00;4,00;CARTEIRA DIGITAL;N/A;04/03/2023;False;True;[]
TXN_7712544;BISCOITO;3;;3,00;DINHEIRO;N/A;06/05/2023;True;True;[]
TXN_6904952;SALADA;4;5,00;20,00;CARTEIRA DIGITAL;PARA VIAGEM;04/04/2023;False;True;[]
TXN_4023091;VITAMINA;3;4,00;12,00;CARTÃO DE CRÉDITO;N/A;24/07/2023;False;True;[]
TXN_6005707;SUCO;4;3,00;12,00;DINHEIRO;N/A;06/02/2023;False;True;[]
TXN_9824238;CHÁ;5;1,50;7,50;DINHEIRO;PRESENCIAL;14/07/2023;False;True;[]
TXN_2867795;BISCOITO;1;1,00;1,00;CARTÃO DE CRÉDITO;N/A;26/06/2023;False;True;[]
TXN_5437961;SANDUICHE;3;;12,00;N/A;PRESENCIAL;30/06/2023;True;True;[]
TXN_3440463;BOLO;1;3,00;3,00;CARTÃO DE CRÉDITO;PARA VIAGEM;04/04/2023;False;True;[]
TXN_1242840;VITAMINA;1;4,00;4,00;CARTÃO DE CRÉDITO;N/A;26/08/2023;False;True;[]
TXN_2997717;BOLO;4;3,00;12,00;CARTÃO DE CRÉDITO;N/A;19/10/2023;False;True;[]
TXN_4440412;SANDUICHE;3;4,00;12,00;DINHEIRO;PARA VIAGEM;15/04/2023;False;True;[]
TXN_9897583;CAFÉ;2;;4,00;CARTEIRA DIGITAL;PARA VIAGEM;20/01/2023;True;True;[]
TXN_9772498;BOLO;4;3,00;12,00;DINHEIRO;N/A;21/08/2023;False;True;[]
TXN_7908929;CHÁ;2;1,50;3,00;CARTEIRA DIGITAL;N/A;18/11/2023;False;True;[]
TXN_6411390;SUCO;1;3,00;3,00;DINHEIRO;N/A;07/09/2023;False;True;[]
TXN_5784400;BOLO;4;3,00;12,00;CARTEIRA DIGITAL;N/A;25/11/2023;False;True;[]
TXN_9660737;BISCOITO;;1,00;5,00;DINHEIRO;N/A;19/05/2023;True;True;[]
TXN_3287282;N/A;2;1,50;3,00;CARTEIRA DIGITAL;PARA VIAGEM;23/09/2023;False;True;[]
TXN_7368518;N/A;3;3,00;9,00;N/A;N/A;14/03/2023;False;True;[]
TXN_6068074;VITAMINA;2;4,00;8,00;DINHEIRO;PRESENCIAL;01/06/2023;False;True;[]
TXN_2265329;BOLO;5;3,00;15,00;CARTÃO DE CRÉDITO;N/A;23/12/2023;False;True;[]
TXN_8500316;SANDUICHE;4;4,00;16,00;N/A;N/A;10/03/2023;False;True;[]
TXN_4235472;SALADA;5;5,00;25,00;N/A;PARA VIAGEM;22/12/2023;False;True;[]
TXN_1701798;CAFÉ;2;2,00;4,00;DINHEIRO;PARA VIAGEM;24/07/2023;False;True;[]
TXN_4352950;CAFÉ;1;2,00;2,00;CARTEIRA DIGITAL;N/A;06/02/2023;False;True;[]
TXN_4807899;CAFÉ;5;2,00;10,00;CARTEIRA DIGITAL;PARA VIAGEM;03/07/2023;False;True;[]
TXN_4916085;SUCO;1;3,00;3,00;CARTEIRA DIGITAL;N/A;03/03/2023;False;True;[]
TXN_2764819;N/A;1;3,00;3,00;CARTÃO DE CRÉDITO;PARA VIAGEM;23/02/2023;False;True;[]
TXN_2102950;CAFÉ;5;2,00;10,00;CARTEIRA DIGITAL;PARA VIAGEM;07/12/2023;False;True;[]
TXN_5530180;BISCOITO;5;1,00;5,00;N/A;PRESENCIAL;06/09/2023;False;True;[]
TXN_6774559;BISCOITO;2;1,00;2,00;N/A;N/A;18/02/2023;False;True;[]
TXN_7914312;SANDUICHE;5;4,00;20,00;N/A;PRESENCIAL;06/06/2023;False;True;[]
TXN_5282804;SANDUICHE;1;4,00;4,00;CARTÃO DE CRÉDITO;N/A;01/12/2023;False;True;[]
TXN_6526078;SANDUICHE;5;4,00;20,00;DINHEIRO;N/A;07/11/2023;False;True;[]
TXN_7668576;N/A;2;3,00;6,00;N/A;N/A;08/11/2023;False;True;[]
TXN_2210019;SANDUICHE;3;4,00;12,00;DINHEIRO;PRESENCIAL;05/12/2023;False;True;[]
TXN_4727260;CHÁ;2;1,50;3,00;N/A;N/A;30/01/2023;False;True;[]
TXN_2617632;VITAMINA;4;4,00;16,00;CARTEIRA DIGITAL;N/A;17/10/2023;False;True;[]
TXN_5585601;BOLO;4;3,00;12,00;N/A;PARA VIAGEM;28/05/2023;False;True;[]
TXN_8019306;SUCO;1;3,00;3,00;CARTÃO DE CRÉDITO;N/A;21/05/2023;False;True;[]
TXN_6469563;SUCO;5;3,00;15,00;CARTÃO DE CRÉDITO;N/A;04/03/2023;False;True;[]
TXN_4059695;SALADA;3;5,00;15,00;DINHEIRO;PARA VIAGEM;30/12/2023;False;True;[]
TXN_2393287;N/A;2;3,00;6,00;DINHEIRO;N/A;14/04/2023;False;True;[]
TXN_3799280;CAFÉ;5;2,00;10,00;DINHEIRO;N/A;23/09/2023;False;True;[]
TXN_2749862;SALADA;4;5,00;20,00;CARTEIRA DIGITAL;N/A;19/07/2023;False;True;[]
TXN_3863625;SALADA;5;;25,00;DINHEIRO;PRESENCIAL;04/09/2023;True;True;[]
TXN_2928676;BISCOITO;1;1,00;1,00;CARTÃO DE CRÉDITO;N/A;09/06/2023;False;True;[]
TXN_4030763;SALADA;2;5,00;10,00;N/A;PARA VIAGEM;17/06/2023;False;True;[]
TXN_6853830;N/A;5;1,50;7,50;N/A;PRESENCIAL;13/07/2023;False;True;[]
TXN_3877643;SUCO;4;3,00;12,00;DINHEIRO;PRESENCIAL;15/11/2023;False;True;[]
TXN_9395554;N/A;4;2,00;8,00;DINHEIRO;PARA VIAGEM;31/03/2023;False;True;[]
TXN_3755657;VITAMINA;2;4,00;8,00;CARTEIRA DIGITAL;PRESENCIAL;24/03/2023;False;True;[]
TXN_6987232;SUCO;5;3,00;15,00;CARTEIRA DIGITAL;N/A;02/06/2023;False;True;[]
TXN_8045032;SUCO;4;3,00;12,00;N/A;PRESENCIAL;20/02/2023;False;True;[]
TXN_3288233;SUCO;5;3,00;15,00;DINHEIRO;N/A;24/12/2023;False;True;[]
TXN_4231121;CAFÉ;4;2,00;8,00;N/A;N/A;01/09/2023;False;True;[]
TXN_8932087;N/A;;3,00;3,00;CARTEIRA DIGITAL;PARA VIAGEM;30/10/2023;True;True;[]
TXN_6189486;N/A;5;4,00;20,00;N/A;PARA VIAGEM;23/03/2023;False;True;[]
TXN_2489067;SUCO;2;3,00;6,00;N/A;PARA VIAGEM;05/07/2023;False;True;[]
TXN_7293600;BOLO;3;3,00;9,00;CARTEIRA DIGITAL;N/A;28/10/2023;False;True;[]
TXN_5279293;SANDUICHE;3;4,00;12,00;CARTEIRA DIGITAL;PARA VIAGEM;11/11/2023;False;True;[]
TXN_3488082;SANDUICHE;1;4,00;4,00;CARTEIRA DIGITAL;PRESENCIAL;12/04/2023;False;True;[]
TXN_3342106;SANDUICHE;1;4,00;4,00;CARTÃO DE CRÉDITO;PRESENCIAL;14/01/2023;False;True;[]
TXN_3713880;SALADA;5;5,00;25,00;N/A;PRESENCIAL;30/06/2023;False;True;[]
TXN_1967032;CHÁ;1;1,50;1,50;CARTEIRA DIGITAL;PARA VIAGEM;12/01/2023;False;True;[]
TXN_6587151;VITAMINA;4;;16,00;CARTÃO DE CRÉDITO;N/A;07/10/2023;True;True;[]
TXN_2630698;SANDUICHE;2;4,00;8,00;N/A;PARA VIAGEM;22/08/2023;False;True;[]
TXN_3632558;CAFÉ;2;;4,00;DINHEIRO;PARA VIAGEM;10/08/2023;True;True;[]
TXN_8228500;CHÁ;3;1,50;4,50;N/A;PRESENCIAL;15/04/2023;False;True;[]
TXN_3543930;SUCO;2;3,00;6,00;CARTÃO DE CRÉDITO;PARA VIAGEM;10/10/2023;False;True;[]
TXN_1037464;N/A;5;4,00;20,00;CARTEIRA DIGITAL;N/A;14/02/2023;False;True;[]
TXN_3508619;VITAMINA;4;4,00;16,00;N/A;N/A;04/09/2023;False;True;[]
TXN_4553403;CAFÉ;5;2,00;10,00;N/A;PRESENCIAL;20/06/2023;False;True;[]
TXN_5747509;BISCOITO;2;1,00;2,00;DINHEIRO;PRESENCIAL;30/10/2023;False;True;[]
TXN_7910572;SANDUICHE;4;4,00;16,00;N/A;PARA VIAGEM;07/07/2023;False;True;[]
TXN_9012517;CAFÉ;2;2,00;4,00;CARTÃO DE CRÉDITO;PRESENCIAL;21/10/2023;False;True;[]
TXN_8237192;SANDUICHE;3;4,00;12,00;N/A;N/A;03/10/2023;False;True;[]
TXN_5303092;CHÁ;2;1,50;3,00;CARTÃO DE CRÉDITO;PRESENCIAL;05/05/2023;False;True;[]
TXN_3136657;BOLO;;3,00;6,00;DINHEIRO;PRESENCIAL;21/09/2023;True;True;[]
TXN_3865641;BOLO;5;3,00;15,00;CARTEIRA DIGITAL;PRESENCIAL;15/09/2023;False;True;[]
TXN_1049697;CHÁ;3;;4,50;DINHEIRO;PRESENCIAL;08/10/2023;True;True;[]
TXN_3420316;SANDUICHE;3;4,00;12,00;N/A;PARA VIAGEM;31/10/2023;False;True;[]
TXN_6568307;CAFÉ;1;2,00;2,00;DINHEIRO;PRESENCIAL;16/07/2023;False;True;[]
TXN_8281347;SUCO;4;3,00;12,00;CARTÃO DE CRÉDITO;PRESENCIAL;11/08/2023;False;True;[]
TXN_8353202;SANDUICHE;4;4,00;16,00;CARTEIRA DIGITAL;PRESENCIAL;14/06/2023;False;True;[]
TXN_7377398;SUCO;2;3,00;6,00;DINHEIRO;PARA VIAGEM;26/02/2023;False;True;[]
TXN_6915068;SUCO;2;3,00;6,00;DINHEIRO;PRESENCIAL;26/11/2023;False;True;[]
TXN_8704802;VITAMINA;3;4,00;12,00;N/A;N/A;30/08/2023;False;True;[]
TXN_1983422;BISCOITO;2;1,00;2,00;CARTEIRA DIGITAL;PRESENCIAL;26/06/2023;False;True;[]
TXN_1603186;BOLO;3;3,00;9,00;DINHEIRO;PARA VIAGEM;13/10/2023;False;True;[]
TXN_5572520;VITAMINA;5;4,00;20,00;DINHEIRO;PARA VIAGEM;14/05/2023;False;True;[]
TXN_2021680;SUCO;3;3,00;9,00;N/A;PARA VIAGEM;16/08/2023;False;True;[]
TXN_9220900;BISCOITO;4;;4,00;N/A;N/A;19/06/2023;True;True;[]
TXN_6123007;CAFÉ;3;2,00;6,00;CARTEIRA DIGITAL;N/A;28/05/2023;False;True;[]
TXN_2832660;VITAMINA;2;4,00;8,00;CARTÃO DE CRÉDITO;N/A;08/01/2023;False;True;[]
TXN_7697496;SALADA;1;5,00;5,00;N/A;PARA VIAGEM;18/06/2023;False;True;[]
TXN_9802838;CHÁ;1;1,50;1,50;N/A;PARA VIAGEM;15/02/2023;False;True;[]
TXN_4011509;VITAMINA;4;4,00;16,00;CARTEIRA DIGITAL;N/A;10/11/2023;False;True;[]
TXN_6786730;CAFÉ;1;2,00;2,00;CARTÃO DE CRÉDITO;N/A;15/04/2023;False;True;[]
TXN_3641356;SUCO;3;;9,00;CARTÃO DE CRÉDITO;PRESENCIAL;26/07/2023;True;True;[]
TXN_8245502;SALADA;1;5,00;5,00;CARTÃO DE CRÉDITO;N/A;16/03/2023;False;True;[]
TXN_3645818;N/A;1;1,00;1,00;CARTEIRA DIGITAL;PARA VIAGEM;18/03/2023;False;True;[]
TXN_1318238;SANDUICHE;1;4,00;4,00;CARTEIRA DIGITAL;PARA VIAGEM;23/09/2023;False;True;[]
TXN_1970180;BOLO;2;3,00;6,00;CARTEIRA DIGITAL;PARA VIAGEM;02/08/2023;False;True;[]
TXN_5415223;CHÁ;2;1,50;3,00;DINHEIRO;PRESENCIAL;02/09/2023;False;True;[]
TXN_4777601;CHÁ;1;1,50;1,50;CARTÃO DE CRÉDITO;PRESENCIAL;18/08/2023;False;True;[]
TXN_2023651;SANDUICHE;;4,00;;DINHEIRO;PRESENCIAL;25/05/2023;True;True;[]
TXN_5110688;SALADA;3;5,00;15,00;CARTEIRA DIGITAL;N/A;09/05/2023;False;True;[]
TXN_7497122;SANDUICHE;5;4,00;20,00;CARTEIRA DIGITAL;PARA VIAGEM;23/03/2023;False;True;[]
TXN_4870483;CAFÉ;1;2,00;2,00;N/A;PARA VIAGEM;03/03/2023;False;True;[]
TXN_3003979;CHÁ;;1,50;1,50;CARTEIRA DIGITAL;PARA VIAGEM;08/01/2023;True;True;[]
TXN_3838923;SUCO;4;3,00;12,00;N/A;PARA VIAGEM;03/06/2023;False;True;[]
TXN_1998143;N/A;1;1,00;1,00;CARTEIRA DIGITAL;PRESENCIAL;10/12/2023;False;True;[]
TXN_2458782;SALADA;1;5,00;5,00;DINHEIRO;N/A;15/04/2023;False;True;[]
TXN_1256513;CAFÉ;4;2,00;8,00;CARTÃO DE CRÉDITO;PRESENCIAL;21/02/2023;False;True;[]
TXN_9432758;BISCOITO;3;1,00;3,00;DINHEIRO;PARA VIAGEM;02/10/2023;False;True;[]
TXN_1254663;CAFÉ;3;2,00;6,00;N/A;N/A;15/08/2023;False;True;[]
TXN_7174856;SANDUICHE;1;4,00;4,00;DINHEIRO;PARA VIAGEM;03/05/2023;False;True;[]
TXN_5548756;BISCOITO;4;1,00;4,00;CARTÃO DE CRÉDITO;N/A;09/09/2023;False;True;[]
TXN_2736267;SALADA;5;5,00;25,00;N/A;PRESENCIAL;17/03/2023;False;True;[]
TXN_7595907;N/A;5;;15,00;N/A;PRESENCIAL;24/04/2023;True;True;[]
TXN_1990997;SALADA;1;5,00;5,00;CARTEIRA DIGITAL;N/A;27/03/2023;False;True;[]
TXN_3820150;CHÁ;1;1,50;1,50;N/A;N/A;10/05/2023;False;True;[]
TXN_7325508;SALADA;4;5,00;20,00;CARTÃO DE CRÉDITO;PARA VIAGEM;27/05/2023;False;True;[]
TXN_5398134;CAFÉ;2;2,00;4,00;CARTÃO DE CRÉDITO;N/A;01/10/2023;False;True;[]
TXN_2150872;N/A;5;;15,00;DINHEIRO;PARA VIAGEM;18/03/2023;True;True;[]
TXN_9669616;CAFÉ;;2,00;;N/A;N/A;03/06/2023;True;True;[]
TXN_1936447;BISCOITO;2;1,00;2,00;DINHEIRO;N/A;28/10/2023;False;True;[]
TXN_8469087;SALADA;2;5,00;10,00;CARTEIRA DIGITAL;PARA VIAGEM;06/11/2023;False;True;[]
TXN_8621589;SUCO;5;3,00;15,00;CARTEIRA DIGITAL;N/A;15/11/2023;False;True;[]
TXN_9901097;CAFÉ;1;2,00;2,00;DINHEIRO;N/A;07/01/2023;False;True;[]
TXN_8783484;VITAMINA;1;4,00;4,00;DINHEIRO;PRESENCIAL;20/11/2023;False;True;[]
TXN_9599703;BOLO;2;3,00;6,00;CARTEIRA DIGITAL;PRESENCIAL;25/09/2023;False;True;[]
TXN_1353248;SANDUICHE;3;4,00;12,00;DINHEIRO;N/A;03/09/2023;False;True;[]
TXN_2470745;SANDUICHE;;4,00;8,00;CARTEIRA DIGITAL;N/A;10/01/2023;True;True;[]
TXN_1266598;BOLO;4;3,00;12,00;CARTEIRA DIGITAL;N/A;05/04/2023;False;True;[]
TXN_5445994;SUCO;1;3,00;3,00;CARTÃO DE CRÉDITO;PRESENCIAL;11/06/2023;False;True;[]
TXN_5689687;BOLO;5;3,00;15,00;N/A;PRESENCIAL;04/06/2023;False;True;[]
TXN_2208733;SUCO;1;3,00;3,00;N/A;PARA VIAGEM;20/06/2023;False;True;[]
TXN_1547245;SANDUICHE;;4,00;;N/A;PARA VIAGEM;11/09/2023;True;True;[]
TXN_4694285;CHÁ;3;1,50;4,50;N/A;PRESENCIAL;25/01/2023;False;True;[]
TXN_3829375;SUCO;5;;15,00;DINHEIRO;N/A;18/12/2023;True;True;[]
TXN_1932224;CAFÉ;1;2,00;2,00;CARTÃO DE CRÉDITO;N/A;09/09/2023;False;True;[]
TXN_5468153;VITAMINA;5;4,00;20,00;CARTEIRA DIGITAL;PRESENCIAL;15/12/2023;False;True;[]
TXN_9363711;CAFÉ;5;2,00;10,00;CARTEIRA DIGITAL;PARA VIAGEM;23/11/2023;False;True;[]
TXN_6845073;BISCOITO;1;1,00;1,00;CARTÃO DE CRÉDITO;PRESENCIAL;05/04/2023;False;True;[]
TXN_1691313;SANDUICHE;2;4,00;8,00;CARTEIRA DIGITAL;PARA VIAGEM;17/03/2023;False;True;[]
TXN_4007522;BOLO;2;3,00;6,00;DINHEIRO;PARA VIAGEM;20/12/2023;False;True;[]
TXN_3175177;SUCO;3;3,00;9,00;CARTÃO DE CRÉDITO;N/A;24/10/2023;False;True;[]
TXN_9282265;SALADA;2;5,00;10,00;CARTÃO DE CRÉDITO;N/A;20/03/2023;False;True;[]
TXN_8265257;CAFÉ;1;2,00;2,00;N/A;PRESENCIAL;25/10/2023;False;True;[]
TXN_5425668;BISCOITO;5;1,00;5,00;DINHEIRO;PARA VIAGEM;09/04/2023;False;True;[]
TXN_7738455;CHÁ;3;1,50;4,50;CARTEIRA DIGITAL;N/A;05/06/2023;False;True;[]
TXN_7349681;SALADA;1;;5,00;DINHEIRO;PRESENCIAL;09/08/2023;True;True;[]
TXN_2660576;SANDUICHE;1;4,00;4,00;N/A;N/A;15/05/2023;False;True;[]
TXN_2101934;VITAMINA;4;4,00;16,00;DINHEIRO;PRESENCIAL;27/11/2023;False;True;[]
TXN_1525583;SANDUICHE;3;;;DINHEIRO;PARA VIAGEM;20/05/2023;True;True;[]
TXN_6110108;CHÁ;;1,50;7,50;N/A;PARA VIAGEM;10/02/2023;True;True;[]
TXN_9205425;SANDUICHE;3;4,00;12,00;CARTEIRA DIGITAL;PARA VIAGEM;16/09/2023;False;True;[]
TXN_9306482;VITAMINA;2;4,00;8,00;CARTEIRA DIGITAL;PARA VIAGEM;16/01/2023;False;True;[]
TXN_8407849;BISCOITO;2;1,00;2,00;N/A;N/A;05/05/2023;False;True;[]
TXN_3162244;SANDUICHE;;4,00;20,00;CARTEIRA DIGITAL;PRESENCIAL;15/12/2023;True;True;[]
TXN_9121687;SANDUICHE;2;4,00;8,00;N/A;PRESENCIAL;13/05/2023;False;True;[]
TXN_3182191;BOLO;5;3,00;15,00;CARTEIRA DIGITAL;N/A;21/07/2023;False;True;[]
TXN_4734366;VITAMINA;1;4,00;4,00;CARTÃO DE CRÉDITO;PARA VIAGEM;20/08/2023;False;True;[]
TXN_4430006;SUCO;5;3,00;15,00;N/A;N/A;14/01/2023;False;True;[]
TXN_7341975;SUCO;2;3,00;6,00;CARTEIRA DIGITAL;N/A;29/07/2023;False;True;[]
TXN_8787149;SUCO;1;3,00;3,00;N/A;N/A;20/04/2023;False;True;[]
TXN_4224284;BISCOITO;2;1,00;2,00;N/A;PARA VIAGEM;04/09/2023;False;True;[]
TXN_2177436;BOLO;;3,00;3,00;N/A;PARA VIAGEM;13/03/2023;True;True;[]
TXN_5097542;BOLO;5;3,00;15,00;DINHEIRO;N/A;15/05/2023;False;True;[]
TXN_4260738;CAFÉ;2;2,00;4,00;N/A;PRESENCIAL;15/11/2023;False;True;[]
TXN_5402821;SALADA;4;5,00;20,00;N/A;N/A;29/11/2023;False;True;[]
TXN_4130343;CAFÉ;4;2,00;8,00;CARTÃO DE CRÉDITO;PRESENCIAL;08/12/2023;False;True;[]
TXN_3028667;SUCO;2;3,00;6,00;N/A;PARA VIAGEM;24/11/2023;False;True;[]
TXN_8592808;N/A;1;4,00;4,00;CARTÃO DE CRÉDITO;N/A;02/04/2023;False;True;[]
TXN_5875201;N/A;;4,00;4,00;N/A;PRESENCIAL;31/01/2023;True;True;[]
TXN_6849062;CAFÉ;5;2,00;10,00;DINHEIRO;N/A;30/07/2023;False;True;[]
TXN_4336844;VITAMINA;4;4,00;16,00;N/A;N/A;09/07/2023;False;True;[]
TXN_6090715;SUCO;3;3,00;9,00;CARTÃO DE CRÉDITO;PRESENCIAL;14/11/2023;False;True;[]
TXN_9162014;BOLO;1;3,00;3,00;DINHEIRO;N/A;21/07/2023;False;True;[]
TXN_4751689;VITAMINA;5;4,00;20,00;DINHEIRO;PRESENCIAL;28/07/2023;False;True;[]
TXN_2200163;CAFÉ;4;2,00;8,00;DINHEIRO;N/A;13/03/2023;False;True;[]
TXN_7310903;VITAMINA;3;4,00;12,00;CARTÃO DE CRÉDITO;N/A;10/09/2023;False;True;[]
TXN_7155957;SALADA;5;5,00;25,00;CARTEIRA DIGITAL;PRESENCIAL;22/02/2023;False;True;[]
TXN_4350828;SUCO;2;3,00;6,00;CARTEIRA DIGITAL;PRESENCIAL;16/02/2023;False;True;[]
TXN_7539585;VITAMINA;5;4,00;20,00;N/A;N/A;20/10/2023;False;True;[]
TXN_6868763;N/A;3;3,00;9,00;CARTEIRA DIGITAL;PRESENCIAL;13/01/2023;False;True;[]
TXN_6156180;CAFÉ;;2,00;10,00;DINHEIRO;N/A;25/07/2023;True;True;[]
TXN_4970127;CHÁ;1;1,50;1,50;CARTEIRA DIGITAL;PRESENCIAL;09/12/2023;False;True;[]
TXN_9567719;SANDUICHE;5;4,00;20,00;CARTEIRA DIGITAL;PRESENCIAL;24/01/2023;False;True;[]
TXN_2950265;SALADA;3;5,00;15,00;CARTÃO DE CRÉDITO;N/A;23/08/2023;False;True;[]
TXN_1556609;SANDUICHE;1;4,00;4,00;CARTEIRA DIGITAL;N/A;21/07/2023;False;True;[]
TXN_2203547;SUCO;3;3,00;9,00;N/A;PRESENCIAL;01/07/2023;False;True;[]
TXN_1084010;VITAMINA;2;4,00;8,00;CARTÃO DE CRÉDITO;PRESENCIAL;11/08/2023;False;True;[]
TXN_4218637;CHÁ;5;1,50;7,50;DINHEIRO;N/A;31/08/2023;False;True;[]
TXN_2245465;SALADA;2;5,00;10,00;CARTEIRA DIGITAL;N/A;27/12/2023;False;True;[]
TXN_4742049;SUCO;1;3,00;3,00;CARTÃO DE CRÉDITO;PARA VIAGEM;10/09/2023;False;True;[]
TXN_9889005;BOLO;3;3,00;9,00;N/A;N/A;16/12/2023;False;True;[]
TXN_4840522;VITAMINA;3;4,00;12,00;N/A;PRESENCIAL;16/06/2023;False;True;[]
TXN_2585392;SALADA;4;5,00;20,00;N/A;N/A;12/07/2023;False;True;[]
TXN_3135264;N/A;2;3,00;6,00;CARTEIRA DIGITAL;N/A;25/08/2023;False;True;[]
TXN_2180562;SALADA;2;5,00;10,00;N/A;PARA VIAGEM;02/07/2023;False;True;[]
TXN_5905580;N/A;3;1,00;3,00;DINHEIRO;PARA VIAGEM;20/02/2023;False;True;[]
TXN_5993677;BOLO;4;3,00;12,00;N/A;PARA VIAGEM;28/01/2023;False;True;[]
TXN_8984991;VITAMINA;3;4,00;12,00;CARTÃO DE CRÉDITO;N/A;17/05/2023;False;True;[]
TXN_3522597;N/A;3;1,50;4,50;CARTEIRA DIGITAL;PRESENCIAL;04/02/2023;False;True;[]
TXN_6123633;SALADA;3;5,00;15,00;N/A;N/A;16/01/2023;False;True;[]
TXN_6769554;CAFÉ;5;2,00;10,00;CARTÃO DE CRÉDITO;PARA VIAGEM;06/02/2023;False;True;[]
TXN_5761414;VITAMINA;1;4,00;4,00;CARTEIRA DIGITAL;N/A;02/10/2023;False;True;[]
TXN_5157516;SALADA;3;5,00;15,00;N/A;PRESENCIAL;09/10/2023;False;True;[]
TXN_2614633;CAFÉ;4;2,00;8,00;CARTEIRA DIGITAL;PRESENCIAL;23/04/2023;False;True;[]
TXN_3781240;BOLO;5;3,00;15,00;N/A;PARA VIAGEM;27/05/2023;False;True;[]
TXN_7068823;N/A;4;4,00;16,00;N/A;PARA VIAGEM;28/06/2023;False;True;[]
TXN_2085081;BOLO;2;3,00;6,00;DINHEIRO;N/A;14/03/2023;False;True;[]
TXN_3399636;SUCO;3;3,00;9,00;CARTEIRA DIGITAL;PARA VIAGEM;07/08/2023;False;True;[]
TXN_8587529;BISCOITO;2;1,00;2,00;CARTÃO DE CRÉDITO;PARA VIAGEM;09/07/2023;False;True;[]
TXN_1476775;SALADA;3;5,00;15,00;CARTÃO DE CRÉDITO;N/A;01/11/2023;False;True;[]
TXN_6945985;CHÁ;3;1,50;4,50;CARTEIRA DIGITAL;PRESENCIAL;13/02/2023;False;True;[]
TXN_4117627;BOLO;3;3,00;9,00;CARTÃO DE CRÉDITO;PRESENCIAL;22/06/2023;False;True;[]
TXN_7530300;CAFÉ;3;2,00;6,00;CARTEIRA DIGITAL;N/A;08/05/2023;False;True;[]
TXN_7071783;BISCOITO;4;1,00;4,00;DINHEIRO;N/A;04/07/2023;False;True;[]
TXN_3676305;SALADA;5;5,00;25,00;CARTÃO DE CRÉDITO;N/A;14/06/2023;False;True;[]
TXN_8867827;CHÁ;1;1,50;1,50;CARTEIRA DIGITAL;N/A;14/01/2023;False;True;[]
TXN_9061106;BOLO;4;3,00;12,00;CARTEIRA DIGITAL;PARA VIAGEM;04/11/2023;False;True;[]
TXN_1245485;BOLO;1;;3,00;CARTEIRA DIGITAL;N/A;15/05/2023;True;True;[]
TXN_1357780;CHÁ;4;;6,00;N/A;PRESENCIAL;23/10/2023;True;True;[]
TXN_4075053;N/A;3;4,00;12,00;CARTEIRA DIGITAL;PARA VIAGEM;27/02/2023;False;True;[]
TXN_6113724;CAFÉ;1;;2,00;CARTEIRA DIGITAL;PARA VIAGEM;26/03/2023;True;True;[]
TXN_6496176;BISCOITO;4;1,00;4,00;N/A;PRESENCIAL;26/07/2023;False;True;[]
TXN_2381411;CAFÉ;5;2,00;10,00;DINHEIRO;PRESENCIAL;30/07/2023;False;True;[]
TXN_9210096;VITAMINA;3;4,00;12,00;N/A;N/A;25/05/2023;False;True;[]
TXN_4563544;SANDUICHE;5;4,00;20,00;N/A;N/A;10/06/2023;False;True;[]
TXN_2546684;SUCO;;3,00;;CARTEIRA DIGITAL;PARA VIAGEM;08/04/2023;True;True;[]
TXN_2168277;BISCOITO;1;1,00;1,00;N/A;PARA VIAGEM;02/06/2023;False;True;[]
TXN_9178545;SUCO;4;3,00;12,00;DINHEIRO;PRESENCIAL;24/01/2023;False;True;[]
TXN_8535886;CHÁ;5;1,50;7,50;CARTÃO DE CRÉDITO;PRESENCIAL;13/05/2023;False;True;[]
TXN_7978452;BOLO;5;3,00;15,00;CARTEIRA DIGITAL;N/A;03/10/2023;False;True;[]
TXN_8488163;SANDUICHE;4;4,00;16,00;N/A;N/A;19/01/2023;False;True;[]
TXN_6926855;SANDUICHE;3;4,00;12,00;DINHEIRO;PARA VIAGEM;12/01/2023;False;True;[]
TXN_9869593;BOLO;2;3,00;6,00;CARTEIRA DIGITAL;PARA VIAGEM;03/10/2023;False;True;[]
TXN_3055407;CHÁ;2;1,50;3,00;N/A;N/A;03/06/2023;False;True;[]
TXN_4981027;CAFÉ;3;2,00;6,00;N/A;N/A;02/08/2023;False;True;[]
TXN_5332773;CAFÉ;2;2,00;4,00;CARTEIRA DIGITAL;PARA VIAGEM;04/05/2023;False;True;[]
TXN_5946554;BOLO;2;3,00;6,00;N/A;N/A;01/03/2023;False;True;[]
TXN_7508715;VITAMINA;2;4,00;8,00;DINHEIRO;PRESENCIAL;11/12/2023;False;True;[]
TXN_9728789;BISCOITO;3;1,00;3,00;DINHEIRO;PRESENCIAL;29/03/2023;False;True;[]
TXN_8061866;SALADA;4;5,00;20,00;DINHEIRO;PARA VIAGEM;13/12/2023;False;True;[]
TXN_8961034;SUCO;2;3,00;6,00;N/A;N/A;21/01/2023;False;True;[]
TXN_1099119;VITAMINA;4;4,00;16,00;DINHEIRO;N/A;09/02/2023;False;True;[]
TXN_2421387;BISCOITO;4;1,00;4,00;N/A;N/A;09/04/2023;False;True;[]
TXN_8627017;CHÁ;4;1,50;6,00;DINHEIRO;PRESENCIAL;28/01/2023;False;True;[]
TXN_7468084;CAFÉ;5;2,00;10,00;CARTÃO DE CRÉDITO;N/A;14/06/2023;False;True;[]
TXN_1185069;SALADA;1;5,00;5,00;CARTEIRA DIGITAL;N/A;21/02/2023;False;True;[]
TXN_5100941;BISCOITO;5;1,00;5,00;CARTEIRA DIGITAL;N/A;11/07/2023;False;True;[]
TXN_6428745;BOLO;1;3,00;3,00;N/A;PARA VIAGEM;02/06/2023;False;True;[]
TXN_4096757;SALADA;5;5,00;25,00;CARTÃO DE CRÉDITO;PRESENCIAL;20/07/2023;False;True;[]
TXN_6057914;VITAMINA;2;4,00;8,00;CARTEIRA DIGITAL;N/A;18/03/2023;False;True;[]
TXN_2517078;SANDUICHE;2;4,00;8,00;N/A;PRESENCIAL;07/03/2023;False;True;[]
TXN_2890321;CHÁ;3;1,50;4,50;DINHEIRO;PRESENCIAL;13/06/2023;False;True;[]
TXN_4808812;VITAMINA;4;4,00;16,00;N/A;N/A;31/05/2023;False;True;[]
TXN_1866707;VITAMINA;3;4,00;12,00;DINHEIRO;N/A;05/06/2023;False;True;[]
TXN_9745609;SALADA;3;5,00;15,00;N/A;N/A;05/02/2023;False;True;[]
TXN_8488298;BOLO;3;3,00;9,00;DINHEIRO;N/A;03/11/2023;False;True;[]
TXN_2515796;CHÁ;3;1,50;4,50;CARTÃO DE CRÉDITO;PARA VIAGEM;06/02/2023;False;True;[]
TXN_2369294;SANDUICHE;2;4,00;8,00;DINHEIRO;PARA VIAGEM;07/09/2023;False;True;[]
TXN_9444736;CHÁ;5;1,50;7,50;CARTÃO DE CRÉDITO;PARA VIAGEM;23/04/2023;False;True;[]
TXN_4764398;SANDUICHE;2;4,00;8,00;CARTÃO DE CRÉDITO;N/A;13/06/2023;False;True;[]
TXN_8696392;SUCO;;3,00;3,00;N/A;N/A;16/04/2023;True;True;[]
TXN_1993675;BISCOITO;3;1,00;3,00;DINHEIRO;PARA VIAGEM;09/01/2023;False;True;[]
TXN_7754136;BISCOITO;1;1,00;1,00;CARTÃO DE CRÉDITO;PRESENCIAL;12/07/2023;False;True;[]
TXN_4873173;CAFÉ;5;2,00;10,00;DINHEIRO;PARA VIAGEM;08/10/2023;False;True;[]
TXN_7221126;CHÁ;5;1,50;7,50;CARTEIRA DIGITAL;PRESENCIAL;11/10/2023;False;True;[]
TXN_4537288;BISCOITO;1;1,00;1,00;DINHEIRO;N/A;25/02/2023;False;True;[]
TXN_5079166;SALADA;5;5,00;25,00;CARTÃO DE CRÉDITO;PARA VIAGEM;15/04/2023;False;True;[]
TXN_4597600;BISCOITO;5;1,00;5,00;N/A;PARA VIAGEM;15/11/2023;False;True;[]
TXN_6568440;BISCOITO;1;1,00;1,00;N/A;PARA VIAGEM;15/06/2023;False;True;[]
TXN_1713639;BISCOITO;1;1,00;1,00;N/A;N/A;04/08/2023;False;True;[]
TXN_4780352;SALADA;;5,00;5,00;CARTEIRA DIGITAL;PARA VIAGEM;12/01/2023;True;True;[]
TXN_6419344;SUCO;1;3,00;3,00;DINHEIRO;PRESENCIAL;26/05/2023;False;True;[]
TXN_3669068;BOLO;5;3,00;15,00;DINHEIRO;PARA VIAGEM;17/01/2023;False;True;[]
TXN_2201248;CHÁ;1;;1,50;DINHEIRO;PARA VIAGEM;20/07/2023;True;True;[]
TXN_4432252;VITAMINA;5;4,00;20,00;CARTÃO DE CRÉDITO;N/A;16/02/2023;False;True;[]
TXN_6595038;BISCOITO;2;;2,00;N/A;N/A;08/02/2023;True;True;[]
TXN_2940895;BOLO;4;3,00;12,00;N/A;N/A;20/02/2023;False;True;[]
TXN_4069354;SALADA;1;5,00;5,00;N/A;N/A;18/08/2023;False;True;[]
TXN_9737509;CHÁ;5;1,50;7,50;CARTEIRA DIGITAL;PRESENCIAL;27/11/2023;False;True;[]
TXN_8749404;CAFÉ;4;2,00;8,00;CARTEIRA DIGITAL;PRESENCIAL;16/12/2023;False;True;[]
TXN_2069068;BOLO;5;3,00;15,00;N/A;PRESENCIAL;15/06/2023;False;True;[]
TXN_7010812;N/A;2;5,00;10,00;CARTEIRA DIGITAL;PRESENCIAL;13/11/2023;False;True;[]
TXN_6411385;SALADA;4;5,00;20,00;DINHEIRO;PARA VIAGEM;06/06/2023;False;True;[]
TXN_4375698;SANDUICHE;;4,00;20,00;CARTÃO DE CRÉDITO;PRESENCIAL;30/12/2023;True;True;[]
TXN_4768744;CHÁ;5;1,50;7,50;DINHEIRO;PRESENCIAL;14/05/2023;False;True;[]
TXN_5260646;CHÁ;4;1,50;6,00;DINHEIRO;PARA VIAGEM;18/11/2023;False;True;[]
TXN_2393219;SUCO;4;3,00;12,00;CARTEIRA DIGITAL;PRESENCIAL;27/12/2023;False;True;[]
TXN_4544172;SUCO;1;3,00;3,00;CARTEIRA DIGITAL;PARA VIAGEM;20/05/2023;False;True;[]
TXN_1180623;SANDUICHE;5;4,00;20,00;N/A;PRESENCIAL;23/09/2023;False;True;[]
TXN_8275137;SALADA;4;5,00;20,00;DINHEIRO;N/A;16/11/2023;False;True;[]
TXN_3758861;VITAMINA;3;4,00;12,00;CARTÃO DE CRÉDITO;N/A;03/07/2023;False;True;[]
TXN_6279736;SALADA;1;5,00;5,00;N/A;N/A;25/08/2023;False;True;[]
TXN_8661276;BISCOITO;1;1,00;1,00;CARTEIRA DIGITAL;PRESENCIAL;07/01/2023;False;True;[]
TXN_5974796;SANDUICHE;4;4,00;16,00;DINHEIRO;PRESENCIAL;09/11/2023;False;True;[]
TXN_9880967;BISCOITO;;1,00;3,00;CARTÃO DE CRÉDITO;PRESENCIAL;15/01/2023;True;True;[]
TXN_5452978;SALADA;2;5,00;10,00;DINHEIRO;PRESENCIAL;10/04/2023;False;True;[]
TXN_7231153;N/A;1;5,00;5,00;DINHEIRO;PRESENCIAL;15/06/2023;False;True;[]
TXN_6455517;BOLO;2;3,00;6,00;DINHEIRO;N/A;04/08/2023;False;True;[]
TXN_4038488;N/A;3;3,00;9,00;CARTÃO DE CRÉDITO;N/A;05/12/2023;False;True;[]
TXN_3933290;CAFÉ;1;2,00;2,00;N/A;N/A;05/08/2023;False;True;[]
TXN_9655661;SUCO;1;3,00;3,00;CARTEIRA DIGITAL;N/A;07/06/2023;False;True;[]
TXN_7932830;N/A;2;3,00;6,00;N/A;PARA VIAGEM;08/01/2023;False;True;[]
TXN_1931190;BISCOITO;3;1,00;3,00;N/A;PARA VIAGEM;31/12/2023;False;True;[]
TXN_8633758;N/A;1;5,00;5,00;CARTÃO DE CRÉDITO;PARA VIAGEM;24/09/2023;False;True;[]
TXN_4887189;VITAMINA;3;4,00;12,00;DINHEIRO;PARA VIAGEM;19/07/2023;False;True;[]
TXN_7687146;CAFÉ;1;2,00;2,00;CARTEIRA DIGITAL;PARA VIAGEM;02/12/2023;False;True;[]
TXN_9728414;CHÁ;1;1,50;1,50;CARTÃO DE CRÉDITO;PARA VIAGEM;11/01/2023;False;True;[]
TXN_3081950;BISCOITO;1;1,00;1,00;CARTEIRA DIGITAL;N/A;01/05/2023;False;True;[]
TXN_7589318;BOLO;4;3,00;12,00;DINHEIRO;PRESENCIAL;21/09/2023;False;True;[]
TXN_9452972;SANDUICHE;3;4,00;12,00;CARTEIRA DIGITAL;N/A;10/02/2023;False;True;[]
TXN_9299563;SUCO;5;3,00;15,00;CARTÃO DE CRÉDITO;N/A;27/03/2023;False;True;[]
TXN_2273499;N/A;3;2,00;6,00;DINHEIRO;PARA VIAGEM;27/01/2023;False;True;[]
TXN_3374343;BOLO;2;3,00;6,00;N/A;N/A;02/09/2023;False;True;[]
TXN_8732269;BOLO;2;3,00;6,00;CARTÃO DE CRÉDITO;PARA VIAGEM;11/01/2023;False;True;[]
TXN_6763296;CAFÉ;5;;10,00;DINHEIRO;N/A;04/10/2023;True;True;[]
TXN_3758250;SALADA;3;5,00;15,00;DINHEIRO;PRESENCIAL;08/09/2023;False;True;[]
TXN_7764304;BOLO;;;3,00;CARTÃO DE CRÉDITO;PARA VIAGEM;09/01/2023;True;True;[]
TXN_8697749;BISCOITO;3;1,00;3,00;N/A;PARA VIAGEM;24/07/2023;False;True;[]
TXN_6904247;N/A;3;4,00;12,00;CARTÃO DE CRÉDITO;N/A;19/09/2023;False;True;[]
TXN_6027798;BISCOITO;2;1,00;2,00;CARTEIRA DIGITAL;N/A;26/05/2023;False;True;[]
TXN_4482692;SALADA;2;5,00;10,00;N/A;N/A;14/04/2023;False;True;[]
TXN_8196921;CAFÉ;4;2,00;8,00;CARTÃO DE CRÉDITO;PARA VIAGEM;19/05/2023;False;True;[]
TXN_9289408;CAFÉ;4;2,00;8,00;CARTEIRA DIGITAL;N/A;23/09/2023;False;True;[]
TXN_3771902;SUCO;5;;15,00;DINHEIRO;PARA VIAGEM;31/03/2023;True;True;[]
TXN_8506937;SALADA;1;5,00;5,00;N/A;PRESENCIAL;07/09/2023;False;True;[]
TXN_6706566;N/A;3;1,00;3,00;DINHEIRO;N/A;01/09/2023;False;True;[]
TXN_6217375;VITAMINA;5;4,00;20,00;DINHEIRO;N/A;07/12/2023;False;True;[]
TXN_3779320;CHÁ;4;1,50;6,00;CARTÃO DE CRÉDITO;PRESENCIAL;27/03/2023;False;True;[]
TXN_2894525;SUCO;3;;9,00;N/A;PARA VIAGEM;16/04/2023;True;True;[]
TXN_9789876;SALADA;4;5,00;20,00;DINHEIRO;PARA VIAGEM;05/09/2023;False;True;[]
TXN_9129403;SANDUICHE;3;4,00;12,00;CARTÃO DE CRÉDITO;N/A;05/12/2023;False;True;[]
TXN_2944325;SANDUICHE;4;4,00;16,00;DINHEIRO;N/A;18/12/2023;False;True;[]
TXN_5591155;VITAMINA;4;4,00;16,00;N/A;PARA VIAGEM;14/05/2023;False;True;[]
TXN_6532832;BISCOITO;5;1,00;5,00;DINHEIRO;PRESENCIAL;23/06/2023;False;True;[]
TXN_5992166;SUCO;5;3,00;15,00;DINHEIRO;PARA VIAGEM;01/10/2023;False;True;[]
TXN_6895165;CAFÉ;3;2,00;6,00;CARTÃO DE CRÉDITO;PARA VIAGEM;18/02/2023;False;True;[]
TXN_3410147;SUCO;;3,00;3,00;N/A;N/A;30/09/2023;True;True;[]
TXN_6269306;VITAMINA;5;4,00;20,00;CARTÃO DE CRÉDITO;N/A;29/08/2023;False;True;[]
TXN_2132747;SANDUICHE;2;4,00;8,00;N/A;PRESENCIAL;19/12/2023;False;True;[]
TXN_6241505;VITAMINA;4;4,00;16,00;DINHEIRO;PARA VIAGEM;20/11/2023;False;True;[]
TXN_7965585;VITAMINA;5;4,00;20,00;N/A;PARA VIAGEM;30/01/2023;False;True;[]
TXN_1950063;SALADA;2;5,00;10,00;DINHEIRO;N/A;24/02/2023;False;True;[]
TXN_4682737;CAFÉ;2;2,00;4,00;DINHEIRO;PARA VIAGEM;03/02/2023;False;True;[]
TXN_4376376;N/A;3;5,00;15,00;CARTEIRA DIGITAL;N/A;05/09/2023;False;True;[]
TXN_9061471;BOLO;1;3,00;3,00;CARTEIRA DIGITAL;PARA VIAGEM;13/07/2023;False;True;[]
TXN_8932070;N/A;3;4,00;12,00;CARTEIRA DIGITAL;PRESENCIAL;03/12/2023;False;True;[]
TXN_8410979;VITAMINA;3;4,00;12,00;CARTEIRA DIGITAL;PRESENCIAL;02/05/2023;False;True;[]
TXN_3710523;SANDUICHE;3;4,00;12,00;CARTEIRA DIGITAL;N/A;03/10/2023;False;True;[]
TXN_8014289;SUCO;5;3,00;15,00;CARTEIRA DIGITAL;PRESENCIAL;04/12/2023;False;True;[]
TXN_1888294;SUCO;3;3,00;9,00;DINHEIRO;N/A;03/07/2023;False;True;[]
TXN_8628615;N/A;1;2,00;2,00;CARTÃO DE CRÉDITO;PARA VIAGEM;03/08/2023;False;True;[]
TXN_2648236;VITAMINA;2;4,00;8,00;CARTÃO DE CRÉDITO;PRESENCIAL;10/09/2023;False;True;[]
TXN_1837817;CHÁ;2;1,50;3,00;DINHEIRO;N/A;13/08/2023;False;True;[]
TXN_8467229;N/A;3;1,50;4,50;N/A;PARA VIAGEM;02/02/2023;False;True;[]
TXN_4197575;SALADA;2;5,00;10,00;CARTÃO DE CRÉDITO;N/A;21/01/2023;False;True;[]
TXN_5863650;CHÁ;1;1,50;1,50;CARTEIRA DIGITAL;PRESENCIAL;09/08/2023;False;True;[]
TXN_7371295;N/A;3;3,00;9,00;N/A;N/A;28/03/2023;False;True;[]
TXN_1292476;SUCO;4;3,00;12,00;CARTEIRA DIGITAL;PARA VIAGEM;07/09/2023;False;True;[]
TXN_4872708;CAFÉ;5;2,00;10,00;DINHEIRO;N/A;16/11/2023;False;True;[]
TXN_1299936;CAFÉ;1;2,00;2,00;N/A;PARA VIAGEM;27/03/2023;False;True;[]
TXN_2199236;VITAMINA;5;4,00;20,00;N/A;PARA VIAGEM;06/10/2023;False;True;[]
TXN_1311237;BISCOITO;4;1,00;4,00;CARTÃO DE CRÉDITO;N/A;11/11/2023;False;True;[]
TXN_9265423;SUCO;1;;3,00;N/A;N/A;20/10/2023;True;True;[]
TXN_5808749;SALADA;1;5,00;5,00;DINHEIRO;PARA VIAGEM;25/01/2023;False;True;[]
TXN_7677646;SANDUICHE;5;4,00;20,00;N/A;N/A;15/02/2023;False;True;[]
TXN_3894165;VITAMINA;5;4,00;20,00;CARTÃO DE CRÉDITO;N/A;31/03/2023;False;True;[]
TXN_5270067;BOLO;3;3,00;9,00;CARTEIRA DIGITAL;N/A;09/03/2023;False;True;[]
TXN_9326761;CHÁ;1;1,50;1,50;N/A;N/A;02/01/2023;False;True;[]
TXN_2168513;BOLO;1;3,00;3,00;CARTEIRA DIGITAL;PRESENCIAL;09/02/2023;False;True;[]
TXN_3947116;SANDUICHE;1;4,00;4,00;N/A;PARA VIAGEM;13/01/2023;False;True;[]
TXN_7248722;BOLO;3;3,00;9,00;DINHEIRO;PARA VIAGEM;06/04/2023;False;True;[]
TXN_9989458;VITAMINA;3;4,00;12,00;DINHEIRO;N/A;16/02/2023;False;True;[]
TXN_1850339;BISCOITO;5;1,00;5,00;DINHEIRO;PARA VIAGEM;17/01/2023;False;True;[]
TXN_9934619;BISCOITO;1;1,00;1,00;N/A;PRESENCIAL;11/02/2023;False;True;[]
TXN_4551353;CHÁ;5;1,50;7,50;CARTEIRA DIGITAL;PRESENCIAL;17/08/2023;False;True;[]
TXN_6657245;SANDUICHE;1;4,00;4,00;N/A;PRESENCIAL;25/10/2023;False;True;[]
TXN_1786141;VITAMINA;4;4,00;16,00;N/A;N/A;12/03/2023;False;True;[]
TXN_6405088;SUCO;1;3,00;3,00;N/A;PRESENCIAL;24/07/2023;False;True;[]
TXN_1185003;N/A;5;3,00;15,00;DINHEIRO;PARA VIAGEM;06/01/2023;False;True;[]
TXN_4550558;BISCOITO;;1,00;;CARTÃO DE CRÉDITO;PRESENCIAL;04/08/2023;True;True;[]
TXN_9555291;N/A;3;4,00;12,00;CARTÃO DE CRÉDITO;N/A;21/09/2023;False;True;[]
TXN_8571432;SUCO;2;3,00;6,00;DINHEIRO;N/A;07/12/2023;False;True;[]
TXN_6744096;CAFÉ;1;2,00;2,00;CARTEIRA DIGITAL;PRESENCIAL;15/11/2023;False;True;[]
TXN_8512204;N/A;4;4,00;16,00;DINHEIRO;PARA VIAGEM;01/06/2023;False;True;[]
TXN_3485502;SUCO;2;3,00;6,00;N/A;N/A;25/12/2023;False;True;[]
TXN_5188843;VITAMINA;2;4,00;8,00;DINHEIRO;PRESENCIAL;06/02/2023;False;True;[]
TXN_4821343;BISCOITO;1;1,00;1,00;CARTÃO DE CRÉDITO;PRESENCIAL;16/09/2023;False;True;[]
TXN_7791428;VITAMINA;5;;20,00;CARTEIRA DIGITAL;PARA VIAGEM;10/10/2023;True;True;[]
TXN_8725610;SANDUICHE;2;4,00;8,00;N/A;PARA VIAGEM;11/02/2023;False;True;[]
TXN_8404563;CHÁ;1;1,50;1,50;DINHEIRO;PRESENCIAL;22/01/2023;False;True;[]
TXN_8942133;SALADA;3;5,00;15,00;DINHEIRO;PARA VIAGEM;04/10/2023;False;True;[]
TXN_1122699;N/A;5;5,00;25,00;CARTEIRA DIGITAL;PRESENCIAL;14/10/2023;False;True;[]
TXN_9230208;SUCO;3;3,00;9,00;CARTÃO DE CRÉDITO;N/A;13/05/2023;False;True;[]
TXN_4932916;N/A;1;2,00;2,00;N/A;PARA VIAGEM;13/12/2023;False;True;[]
TXN_8980468;VITAMINA;5;4,00;20,00;DINHEIRO;N/A;24/08/2023;False;True;[]
TXN_4175635;SALADA;3;5,00;15,00;N/A;PARA VIAGEM;26/05/2023;False;True;[]
TXN_2851446;SALADA;2;;10,00;CARTÃO DE CRÉDITO;PARA VIAGEM;08/10/2023;True;True;[]
TXN_8359693;SANDUICHE;2;4,00;8,00;CARTEIRA DIGITAL;PRESENCIAL;23/10/2023;False;True;[]
TXN_9432268;SALADA;;5,00;20,00;N/A;PARA VIAGEM;25/01/2023;True;True;[]
TXN_2244902;CAFÉ;5;2,00;10,00;CARTÃO DE CRÉDITO;N/A;13/02/2023;False;True;[]
TXN_5561958;VITAMINA;4;4,00;16,00;CARTEIRA DIGITAL;N/A;24/07/2023;False;True;[]
TXN_6963106;SANDUICHE;1;4,00;4,00;DINHEIRO;PRESENCIAL;01/06/2023;False;True;[]
TXN_6008133;CAFÉ;3;2,00;6,00;CARTEIRA DIGITAL;N/A;08/11/2023;False;True;[]
TXN_9119194;BOLO;;3,00;9,00;DINHEIRO;PARA VIAGEM;29/01/2023;True;True;[]
TXN_2551074;BISCOITO;1;1,00;1,00;DINHEIRO;N/A;17/09/2023;False;True;[]
TXN_1899827;CAFÉ;5;2,00;10,00;CARTÃO DE CRÉDITO;PARA VIAGEM;24/06/2023;False;True;[]
TXN_3046572;SALADA;4;5,00;20,00;DINHEIRO;N/A;16/05/2023;False;True;[]
TXN_6397921;N/A;1;4,00;4,00;N/A;PRESENCIAL;01/12/2023;False;True;[]
TXN_8701063;SANDUICHE;2;4,00;8,00;N/A;N/A;23/08/2023;False;True;[]
TXN_9157625;CHÁ;5;1,50;7,50;CARTÃO DE CRÉDITO;PARA VIAGEM;10/02/2023;False;True;[]
TXN_7865037;CAFÉ;1;2,00;2,00;CARTEIRA DIGITAL;N/A;05/06/2023;False;True;[]
TXN_8410376;CAFÉ;4;2,00;8,00;CARTEIRA DIGITAL;N/A;02/07/2023;False;True;[]
TXN_4192665;CAFÉ;1;2,00;2,00;DINHEIRO;N/A;15/07/2023;False;True;[]
TXN_5433077;BOLO;4;3,00;12,00;DINHEIRO;PRESENCIAL;29/11/2023;False;True;[]
TXN_1844925;CHÁ;5;1,50;7,50;DINHEIRO;N/A;21/10/2023;False;True;[]
TXN_7215311;CHÁ;1;1,50;1,50;N/A;N/A;31/07/2023;False;True;[]
TXN_8003664;SANDUICHE;1;4,00;4,00;CARTÃO DE CRÉDITO;N/A;26/11/2023;False;True;[]
TXN_3872616;BOLO;2;3,00;6,00;N/A;PARA VIAGEM;23/10/2023;False;True;[]
TXN_3659483;VITAMINA;3;4,00;12,00;DINHEIRO;N/A;14/05/2023;False;True;[]
TXN_1688499;VITAMINA;2;4,00;8,00;CARTÃO DE CRÉDITO;N/A;23/03/2023;False;True;[]
TXN_5632556;SUCO;4;3,00;12,00;CARTEIRA DIGITAL;PRESENCIAL;16/05/2023;False;True;[]
TXN_7954416;CAFÉ;1;2,00;2,00;CARTEIRA DIGITAL;PRESENCIAL;04/06/2023;False;True;[]
TXN_7421687;CAFÉ;5;2,00;10,00;CARTÃO DE CRÉDITO;PRESENCIAL;18/11/2023;False;True;[]
TXN_2444134;N/A;2;4,00;8,00;CARTÃO DE CRÉDITO;PRESENCIAL;16/01/2023;False;True;[]
TXN_3793672;BISCOITO;5;1,00;5,00;CARTÃO DE CRÉDITO;N/A;14/01/2023;False;True;[]
TXN_1903825;SALADA;4;5,00;20,00;CARTEIRA DIGITAL;PARA VIAGEM;01/04/2023;False;True;[]
TXN_4267136;CHÁ;1;1,50;1,50;CARTÃO DE CRÉDITO;PRESENCIAL;02/08/2023;False;True;[]
TXN_6281616;CAFÉ;4;2,00;8,00;N/A;N/A;19/08/2023;False;True;[]
TXN_3743107;CAFÉ;4;2,00;8,00;DINHEIRO;N/A;14/01/2023;False;True;[]
TXN_6739664;SALADA;3;5,00;15,00;DINHEIRO;N/A;12/09/2023;False;True;[]
TXN_8343149;SUCO;;3,00;15,00;CARTEIRA DIGITAL;PRESENCIAL;28/10/2023;True;True;[]
TXN_7187140;SUCO;2;3,00;6,00;CARTÃO DE CRÉDITO;PRESENCIAL;25/05/2023;False;True;[]
TXN_6988675;CAFÉ;1;2,00;2,00;N/A;PRESENCIAL;24/02/2023;False;True;[]
TXN_6544160;SALADA;;5,00;5,00;N/A;N/A;05/02/2023;True;True;[]
TXN_3053494;N/A;5;3,00;15,00;CARTEIRA DIGITAL;PRESENCIAL;11/06/2023;False;True;[]
TXN_9653700;N/A;1;3,00;3,00;CARTÃO DE CRÉDITO;N/A;12/03/2023;False;True;[]
TXN_4623303;VITAMINA;3;4,00;12,00;N/A;PRESENCIAL;29/01/2023;False;True;[]
TXN_7568175;SALADA;1;5,00;5,00;DINHEIRO;PRESENCIAL;06/11/2023;False;True;[]
TXN_4968258;VITAMINA;2;4,00;8,00;N/A;PARA VIAGEM;14/05/2023;False;True;[]
TXN_8843061;VITAMINA;1;4,00;4,00;DINHEIRO;PARA VIAGEM;10/11/2023;False;True;[]
TXN_5666241;BISCOITO;;1,00;4,00;N/A;PARA VIAGEM;18/07/2023;True;True;[]
TXN_7079566;SUCO;4;3,00;12,00;CARTEIRA DIGITAL;PRESENCIAL;20/10/2023;False;True;[]
TXN_3937788;VITAMINA;1;4,00;4,00;DINHEIRO;PRESENCIAL;27/06/2023;False;True;[]
TXN_3397034;BOLO;4;3,00;12,00;N/A;N/A;11/04/2023;False;True;[]
TXN_8343414;SALADA;2;5,00;10,00;CARTÃO DE CRÉDITO;PARA VIAGEM;28/02/2023;False;True;[]
TXN_4204491;VITAMINA;2;4,00;8,00;CARTEIRA DIGITAL;N/A;25/04/2023;False;True;[]
TXN_4801327;BOLO;5;3,00;15,00;DINHEIRO;PRESENCIAL;03/02/2023;False;True;[]
TXN_4276482;SANDUICHE;4;4,00;16,00;N/A;PARA VIAGEM;26/08/2023;False;True;[]
TXN_6025054;CAFÉ;1;2,00;2,00;CARTÃO DE CRÉDITO;PARA VIAGEM;10/03/2023;False;True;[]
TXN_1485725;SALADA;5;5,00;25,00;N/A;PRESENCIAL;10/12/2023;False;True;[]
TXN_9929033;CAFÉ;2;2,00;4,00;DINHEIRO;PARA VIAGEM;17/02/2023;False;True;[]
TXN_1888706;BISCOITO;1;1,00;1,00;N/A;PARA VIAGEM;26/11/2023;False;True;[]
TXN_7495804;SUCO;3;3,00;9,00;CARTÃO DE CRÉDITO;PARA VIAGEM;24/11/2023;False;True;[]
TXN_5133476;SUCO;4;3,00;12,00;N/A;N/A;17/03/2023;False;True;[]
TXN_5542500;SANDUICHE;3;;12,00;CARTÃO DE CRÉDITO;N/A;19/07/2023;True;True;[]
TXN_5895330;SALADA;5;5,00;25,00;N/A;PRESENCIAL;12/05/2023;False;True;[]
TXN_5351447;SALADA;4;5,00;20,00;N/A;N/A;20/07/2023;False;True;[]
TXN_8505782;BISCOITO;2;1,00;2,00;N/A;PRESENCIAL;24/11/2023;False;True;[]
TXN_8365530;N/A;4;;16,00;N/A;PARA VIAGEM;10/03/2023;True;True;[]
TXN_2357107;SANDUICHE;1;4,00;4,00;N/A;PRESENCIAL;05/07/2023;False;True;[]
TXN_1371708;BISCOITO;2;1,00;2,00;N/A;PARA VIAGEM;14/03/2023;False;True;[]
TXN_6265785;N/A;5;5,00;25,00;CARTÃO DE CRÉDITO;PARA VIAGEM;26/08/2023;False;True;[]
TXN_6806563;CAFÉ;1;2,00;2,00;N/A;N/A;16/04/2023;False;True;[]
TXN_8183734;BISCOITO;2;1,00;2,00;CARTEIRA DIGITAL;PRESENCIAL;25/08/2023;False;True;[]
TXN_6882503;CHÁ;1;1,50;1,50;N/A;PRESENCIAL;02/01/2023;False;True;[]
TXN_2785654;CHÁ;1;1,50;1,50;CARTÃO DE CRÉDITO;PARA VIAGEM;21/02/2023;False;True;[]
TXN_1453579;SANDUICHE;5;4,00;20,00;N/A;N/A;21/01/2023;False;True;[]
TXN_1121833;CAFÉ;4;2,00;8,00;CARTÃO DE CRÉDITO;PRESENCIAL;16/03/2023;False;True;[]
TXN_1277989;N/A;5;1,50;7,50;N/A;PRESENCIAL;09/08/2023;False;True;[]
TXN_8249996;N/A;;1,00;4,00;CARTEIRA DIGITAL;N/A;19/09/2023;True;True;[]
TXN_7471281;SANDUICHE;5;4,00;20,00;N/A;N/A;16/06/2023;False;True;[]
TXN_1512159;BOLO;2;3,00;6,00;CARTÃO DE CRÉDITO;PRESENCIAL;25/11/2023;False;True;[]
TXN_4008899;SALADA;4;5,00;20,00;N/A;N/A;07/05/2023;False;True;[]
TXN_4566950;CAFÉ;2;2,00;4,00;DINHEIRO;PARA VIAGEM;29/09/2023;False;True;[]
TXN_6648081;SALADA;4;5,00;20,00;N/A;PARA VIAGEM;24/04/2023;False;True;[]
TXN_5094936;CAFÉ;4;2,00;8,00;N/A;PRESENCIAL;12/07/2023;False;True;[]
TXN_8154928;CHÁ;3;1,50;4,50;CARTÃO DE CRÉDITO;N/A;26/07/2023;False;True;[]
TXN_6550707;CAFÉ;1;2,00;2,00;CARTEIRA DIGITAL;N/A;01/03/2023;False;True;[]
TXN_3676019;SUCO;4;3,00;12,00;CARTEIRA DIGITAL;N/A;07/11/2023;False;True;[]
TXN_2486026;CHÁ;5;;7,50;CARTEIRA DIGITAL;PRESENCIAL;26/03/2023;True;True;[]
TXN_9644830;BISCOITO;1;1,00;1,00;N/A;N/A;24/11/2023;False;True;[]
TXN_3219378;SALADA;3;5,00;15,00;CARTEIRA DIGITAL;PRESENCIAL;04/12/2023;False;True;[]
TXN_6372515;BISCOITO;1;1,00;1,00;CARTEIRA DIGITAL;PRESENCIAL;22/11/2023;False;True;[]
TXN_4692681;CHÁ;2;1,50;3,00;N/A;N/A;02/06/2023;False;True;[]
TXN_9364172;CHÁ;4;1,50;6,00;N/A;PARA VIAGEM;18/03/2023;False;True;[]
TXN_4745933;SALADA;1;5,00;5,00;CARTEIRA DIGITAL;PRESENCIAL;05/11/2023;False;True;[]
TXN_6540267;SALADA;2;5,00;10,00;N/A;PARA VIAGEM;26/09/2023;False;True;[]
TXN_6994245;CAFÉ;4;2,00;8,00;CARTEIRA DIGITAL;PRESENCIAL;30/12/2023;False;True;[]
TXN_8973007;CAFÉ;5;2,00;10,00;N/A;PARA VIAGEM;07/02/2023;False;True;[]
TXN_5108183;VITAMINA;;4,00;16,00;CARTÃO DE CRÉDITO;N/A;31/08/2023;True;True;[]
TXN_8103630;BISCOITO;1;1,00;1,00;CARTEIRA DIGITAL;PARA VIAGEM;08/03/2023;False;True;[]
TXN_2575160;CHÁ;5;1,50;7,50;N/A;N/A;02/01/2023;False;True;[]
TXN_8002309;SANDUICHE;1;4,00;4,00;N/A;N/A;04/04/2023;False;True;[]
TXN_3252542;SANDUICHE;5;4,00;20,00;CARTEIRA DIGITAL;PRESENCIAL;22/09/2023;False;True;[]
TXN_4775220;SUCO;3;3,00;9,00;N/A;PARA VIAGEM;21/07/2023;False;True;[]
TXN_4413197;CHÁ;4;1,50;6,00;CARTEIRA DIGITAL;N/A;06/09/2023;False;True;[]
TXN_1283149;SALADA;2;5,00;10,00;CARTÃO DE CRÉDITO;PRESENCIAL;23/01/2023;False;True;[]
TXN_6822426;BOLO;5;3,00;15,00;CARTEIRA DIGITAL;PRESENCIAL;27/05/2023;False;True;[]
TXN_8210816;SALADA;4;5,00;20,00;CARTEIRA DIGITAL;PARA VIAGEM;12/08/2023;False;True;[]
TXN_5896728;SUCO;4;3,00;12,00;CARTEIRA DIGITAL;PARA VIAGEM;06/10/2023;False;True;[]
TXN_4407308;CHÁ;4;1,50;6,00;CARTEIRA DIGITAL;PRESENCIAL;19/09/2023;False;True;[]
TXN_7710078;SUCO;2;3,00;6,00;CARTÃO DE CRÉDITO;PARA VIAGEM;05/12/2023;False;True;[]
TXN_6016707;SUCO;1;3,00;3,00;DINHEIRO;PRESENCIAL;27/06/2023;False;True;[]
TXN_7895436;BOLO;3;3,00;9,00;N/A;N/A;09/09/2023;False;True;[]
TXN_3600632;N/A;4;2,00;8,00;DINHEIRO;PARA VIAGEM;09/12/2023;False;True;[]
TXN_4565969;CAFÉ;3;2,00;6,00;N/A;PARA VIAGEM;16/03/2023;False;True;[]
TXN_7821478;BOLO;4;;12,00;DINHEIRO;PRESENCIAL;24/05/2023;True;True;[]
TXN_2971555;BOLO;1;3,00;3,00;DINHEIRO;N/A;24/02/2023;False;True;[]
TXN_9664173;SANDUICHE;1;4,00;4,00;N/A;PRESENCIAL;20/03/2023;False;True;[]
TXN_4049270;N/A;5;2,00;10,00;CARTEIRA DIGITAL;PRESENCIAL;28/07/2023;False;True;[]
TXN_4731715;CAFÉ;5;2,00;10,00;N/A;N/A;14/03/2023;False;True;[]
TXN_3377626;BISCOITO;5;1,00;5,00;DINHEIRO;PRESENCIAL;23/07/2023;False;True;[]
TXN_5753111;SALADA;1;5,00;5,00;CARTÃO DE CRÉDITO;N/A;25/04/2023;False;True;[]
TXN_2054549;VITAMINA;;4,00;4,00;N/A;PRESENCIAL;07/04/2023;True;True;[]
TXN_6996548;CAFÉ;;2,00;2,00;CARTÃO DE CRÉDITO;N/A;24/06/2023;True;True;[]
TXN_6761402;N/A;1;2,00;2,00;N/A;PARA VIAGEM;31/08/2023;False;True;[]
TXN_1983842;BOLO;5;3,00;15,00;CARTEIRA DIGITAL;N/A;16/03/2023;False;True;[]
TXN_4982165;CHÁ;1;1,50;1,50;CARTÃO DE CRÉDITO;PARA VIAGEM;12/04/2023;False;True;[]
TXN_5679295;CHÁ;5;;7,50;N/A;PARA VIAGEM;30/04/2023;True;True;[]
TXN_9194266;SALADA;5;5,00;25,00;DINHEIRO;N/A;30/10/2023;False;True;[]
TXN_1141920;CAFÉ;4;2,00;8,00;CARTEIRA DIGITAL;N/A;26/10/2023;False;True;[]
TXN_8878500;SALADA;4;5,00;20,00;N/A;N/A;24/02/2023;False;True;[]
TXN_1012349;N/A;4;3,00;12,00;DINHEIRO;PRESENCIAL;08/07/2023;False;True;[]
TXN_1581562;CAFÉ;2;2,00;4,00;DINHEIRO;PRESENCIAL;01/01/2023;False;True;[]
TXN_6762236;SUCO;4;3,00;12,00;N/A;PRESENCIAL;17/01/2023;False;True;[]
TXN_1041891;BISCOITO;5;1,00;5,00;N/A;N/A;09/08/2023;False;True;[]
TXN_6467796;N/A;5;2,00;10,00;CARTÃO DE CRÉDITO;PARA VIAGEM;25/10/2023;False;True;[]
TXN_8701045;N/A;2;3,00;6,00;DINHEIRO;PRESENCIAL;07/06/2023;False;True;[]
TXN_9656325;N/A;2;2,00;4,00;CARTÃO DE CRÉDITO;PARA VIAGEM;31/03/2023;False;True;[]
TXN_2716560;SANDUICHE;4;4,00;16,00;CARTÃO DE CRÉDITO;PARA VIAGEM;29/08/2023;False;True;[]
TXN_4141941;CAFÉ;2;2,00;4,00;CARTEIRA DIGITAL;PRESENCIAL;18/05/2023;False;True;[]
TXN_4633505;N/A;3;1,50;4,50;CARTEIRA DIGITAL;PARA VIAGEM;25/08/2023;False;True;[]
TXN_5283053;SUCO;4;3,00;12,00;CARTEIRA DIGITAL;N/A;30/04/2023;False;True;[]
TXN_1054912;SANDUICHE;3;4,00;12,00;DINHEIRO;N/A;02/08/2023;False;True;[]
TXN_9100081;SUCO;1;3,00;3,00;DINHEIRO;N/A;18/08/2023;False;True;[]
TXN_5129701;VITAMINA;2;4,00;8,00;CARTÃO DE CRÉDITO;PARA VIAGEM;09/11/2023;False;True;[]
TXN_7021592;SALADA;4;5,00;20,00;CARTÃO DE CRÉDITO;PRESENCIAL;01/07/2023;False;True;[]
TXN_8644119;SANDUICHE;;4,00;20,00;N/A;N/A;01/10/2023;True;True;[]
TXN_3041142;VITAMINA;3;4,00;12,00;CARTEIRA DIGITAL;N/A;22/12/2023;False;True;[]
TXN_5618631;CAFÉ;5;2,00;10,00;CARTÃO DE CRÉDITO;PRESENCIAL;21/12/2023;False;True;[]
TXN_6496379;SANDUICHE;1;4,00;4,00;DINHEIRO;PARA VIAGEM;24/12/2023;False;True;[]
TXN_1486119;BISCOITO;4;1,00;4,00;N/A;N/A;24/08/2023;False;True;[]
TXN_2386202;SALADA;4;5,00;20,00;DINHEIRO;PRESENCIAL;22/01/2023;False;True;[]
TXN_6836109;CAFÉ;4;2,00;8,00;N/A;PARA VIAGEM;09/04/2023;False;True;[]
TXN_9190061;SALADA;5;5,00;25,00;DINHEIRO;PARA VIAGEM;14/06/2023;False;True;[]
TXN_1691512;VITAMINA;1;4,00;4,00;N/A;N/A;25/03/2023;False;True;[]
TXN_1059293;N/A;5;4,00;20,00;N/A;N/A;04/12/2023;False;True;[]
TXN_2495471;SALADA;3;5,00;15,00;CARTÃO DE CRÉDITO;PARA VIAGEM;22/10/2023;False;True;[]
TXN_7708201;SALADA;3;5,00;15,00;DINHEIRO;N/A;04/01/2023;False;True;[]
TXN_2038871;CHÁ;2;1,50;3,00;N/A;PARA VIAGEM;15/07/2023;False;True;[]
TXN_7195393;SALADA;2;5,00;10,00;CARTÃO DE CRÉDITO;PRESENCIAL;24/01/2023;False;True;[]
TXN_8022892;SANDUICHE;4;4,00;16,00;CARTEIRA DIGITAL;PRESENCIAL;07/08/2023;False;True;[]
TXN_4298189;CAFÉ;1;2,00;2,00;CARTEIRA DIGITAL;PRESENCIAL;13/10/2023;False;True;[]
TXN_4967446;SANDUICHE;1;4,00;4,00;N/A;PRESENCIAL;11/07/2023;False;True;[]
TXN_3368231;CHÁ;3;1,50;4,50;N/A;N/A;11/08/2023;False;True;[]
TXN_7353699;CHÁ;5;1,50;7,50;CARTEIRA DIGITAL;N/A;20/07/2023;False;True;[]
TXN_6888998;CAFÉ;5;2,00;10,00;N/A;N/A;27/02/2023;False;True;[]
TXN_3541304;SANDUICHE;3;4,00;12,00;DINHEIRO;PRESENCIAL;22/04/2023;False;True;[]
TXN_8188818;CHÁ;2;1,50;3,00;N/A;N/A;07/10/2023;False;True;[]
TXN_9431971;VITAMINA;1;4,00;4,00;CARTÃO DE CRÉDITO;N/A;17/07/2023;False;True;[]
TXN_4543742;CAFÉ;3;2,00;6,00;CARTEIRA DIGITAL;N/A;28/03/2023;False;True;[]
TXN_1807140;SALADA;;5,00;5,00;DINHEIRO;N/A;22/03/2023;True;True;[]
TXN_3007866;SUCO;4;3,00;12,00;CARTÃO DE CRÉDITO;PRESENCIAL;14/04/2023;False;True;[]
TXN_6779377;VITAMINA;5;4,00;20,00;N/A;PRESENCIAL;06/10/2023;False;True;[]
TXN_7053830;CAFÉ;3;2,00;6,00;CARTEIRA DIGITAL;N/A;14/02/2023;False;True;[]
TXN_6522299;CHÁ;2;1,50;3,00;DINHEIRO;N/A;29/08/2023;False;True;[]
TXN_2848421;BISCOITO;1;1,00;1,00;CARTEIRA DIGITAL;PRESENCIAL;07/08/2023;False;True;[]
TXN_4935533;N/A;1;4,00;4,00;N/A;PRESENCIAL;12/06/2023;False;True;[]
TXN_2389320;CAFÉ;2;2,00;4,00;N/A;PARA VIAGEM;26/07/2023;False;True;[]
TXN_8423155;CAFÉ;1;2,00;2,00;N/A;PARA VIAGEM;03/07/2023;False;True;[]
TXN_6053617;SANDUICHE;2;4,00;8,00;CARTÃO DE CRÉDITO;N/A;25/11/2023;False;True;[]
TXN_8384372;CHÁ;4;1,50;6,00;CARTEIRA DIGITAL;N/A;07/08/2023;False;True;[]
TXN_3426338;SALADA;1;5,00;5,00;DINHEIRO;PRESENCIAL;31/07/2023;False;True;[]
TXN_4581359;SUCO;2;3,00;6,00;CARTÃO DE CRÉDITO;N/A;22/03/2023;False;True;[]
TXN_3561451;SALADA;4;5,00;20,00;CARTÃO DE CRÉDITO;N/A;31/05/2023;False;True;[]
TXN_7768989;SANDUICHE;2;4,00;8,00;DINHEIRO;PRESENCIAL;02/10/2023;False;True;[]
TXN_5963316;CHÁ;2;1,50;3,00;CARTÃO DE CRÉDITO;PARA VIAGEM;25/06/2023;False;True;[]
TXN_4265942;CAFÉ;5;2,00;10,00;N/A;N/A;24/04/2023;False;True;[]
TXN_6014389;BISCOITO;5;1,00;5,00;CARTÃO DE CRÉDITO;PRESENCIAL;21/07/2023;False;True;[]
TXN_7358729;BISCOITO;2;1,00;2,00;DINHEIRO;PARA VIAGEM;25/02/2023;False;True;[]
TXN_9815521;SANDUICHE;3;4,00;12,00;CARTÃO DE CRÉDITO;PRESENCIAL;26/05/2023;False;True;[]
TXN_8325221;N/A;2;2,00;4,00;CARTÃO DE CRÉDITO;N/A;17/11/2023;False;True;[]
TXN_8267031;BOLO;;3,00;6,00;N/A;PARA VIAGEM;28/03/2023;True;True;[]
TXN_1950187;CHÁ;2;1,50;3,00;CARTÃO DE CRÉDITO;PARA VIAGEM;13/04/2023;False;True;[]
TXN_9518691;SALADA;2;5,00;10,00;CARTÃO DE CRÉDITO;N/A;30/03/2023;False;True;[]
TXN_3612790;VITAMINA;1;;4,00;N/A;N/A;01/09/2023;True;True;[]
TXN_5436816;SALADA;3;5,00;15,00;CARTÃO DE CRÉDITO;N/A;04/08/2023;False;True;[]
TXN_7896586;SANDUICHE;2;4,00;8,00;CARTÃO DE CRÉDITO;N/A;04/09/2023;False;True;[]
TXN_5835004;VITAMINA;5;4,00;20,00;CARTÃO DE CRÉDITO;PRESENCIAL;14/04/2023;False;True;[]
TXN_3774886;SANDUICHE;3;4,00;12,00;N/A;N/A;01/06/2023;False;True;[]
TXN_5950951;SALADA;1;5,00;5,00;CARTÃO DE CRÉDITO;PRESENCIAL;10/04/2023;False;True;[]
TXN_3918096;SUCO;4;3,00;12,00;N/A;N/A;17/08/2023;False;True;[]
TXN_2786231;SUCO;1;3,00;3,00;DINHEIRO;PARA VIAGEM;17/08/2023;False;True;[]
TXN_3803063;N/A;4;;12,00;CARTÃO DE CRÉDITO;PARA VIAGEM;23/11/2023;True;True;[]
TXN_4262451;CAFÉ;1;2,00;2,00;CARTEIRA DIGITAL;PARA VIAGEM;16/10/2023;False;True;[]
TXN_4773210;CAFÉ;1;2,00;2,00;CARTÃO DE CRÉDITO;N/A;29/11/2023;False;True;[]
TXN_1231366;SANDUICHE;3;4,00;12,00;CARTEIRA DIGITAL;PARA VIAGEM;28/11/2023;False;True;[]
TXN_6596377;BISCOITO;5;;5,00;N/A;N/A;02/08/2023;True;True;[]
TXN_2713279;BISCOITO;4;1,00;4,00;CARTEIRA DIGITAL;PRESENCIAL;12/02/2023;False;True;[]
TXN_4247602;SALADA;5;5,00;25,00;CARTÃO DE CRÉDITO;PARA VIAGEM;13/07/2023;False;True;[]
TXN_2446298;SUCO;;3,00;15,00;N/A;PRESENCIAL;21/05/2023;True;True;[]
TXN_7258784;N/A;4;2,00;8,00;DINHEIRO;PRESENCIAL;21/09/2023;False;True;[]
TXN_5164540;CHÁ;2;1,50;3,00;N/A;PARA VIAGEM;05/01/2023;False;True;[]
TXN_6488040;SALADA;1;5,00;5,00;CARTEIRA DIGITAL;PARA VIAGEM;20/05/2023;False;True;[]
TXN_9850842;CHÁ;3;;4,50;N/A;N/A;23/01/2023;True;True;[]
TXN_7269738;BISCOITO;3;1,00;3,00;DINHEIRO;N/A;26/05/2023;False;True;[]
TXN_2638760;BOLO;5;3,00;15,00;DINHEIRO;N/A;09/02/2023;False;True;[]
TXN_3459152;BOLO;;3,00;9,00;CARTEIRA DIGITAL;N/A;28/06/2023;True;True;[]
TXN_8013818;CHÁ;2;1,50;3,00;N/A;N/A;24/07/2023;False;True;[]
TXN_8077367;CHÁ;;;7,50;CARTÃO DE CRÉDITO;N/A;27/02/2023;True;True;[]
TXN_6643922;CAFÉ;5;2,00;10,00;CARTEIRA DIGITAL;PRESENCIAL;24/06/2023;False;True;[]
TXN_8388056;SALADA;1;5,00;5,00;CARTÃO DE CRÉDITO;N/A;23/06/2023;False;True;[]
TXN_4728936;SUCO;4;3,00;12,00;CARTEIRA DIGITAL;PARA VIAGEM;27/02/2023;False;True;[]
TXN_6386388;CHÁ;3;1,50;4,50;CARTÃO DE CRÉDITO;PARA VIAGEM;21/05/2023;False;True;[]
TXN_9443285;BOLO;2;3,00;6,00;CARTÃO DE CRÉDITO;N/A;27/05/2023;False;True;[]
TXN_6377838;BOLO;2;3,00;6,00;CARTEIRA DIGITAL;PARA VIAGEM;19/02/2023;False;True;[]
TXN_7483986;SALADA;2;5,00;10,00;N/A;PARA VIAGEM;24/03/2023;False;True;[]
TXN_7719510;SUCO;3;3,00;9,00;CARTÃO DE CRÉDITO;PARA VIAGEM;14/08/2023;False;True;[]
TXN_7908153;BISCOITO;3;1,00;3,00;DINHEIRO;PRESENCIAL;19/01/2023;False;True;[]
TXN_8159649;N/A;4;2,00;8,00;N/A;PRESENCIAL;15/06/2023;False;True;[]
TXN_5391160;SUCO;2;3,00;6,00;DINHEIRO;PRESENCIAL;09/03/2023;False;True;[]
TXN_8324715;SANDUICHE;5;4,00;20,00;CARTÃO DE CRÉDITO;N/A;21/03/2023;False;True;[]
TXN_1985223;VITAMINA;3;4,00;12,00;CARTEIRA DIGITAL;PARA VIAGEM;21/09/2023;False;True;[]
TXN_2944460;SALADA;1;5,00;5,00;CARTEIRA DIGITAL;PRESENCIAL;16/04/2023;False;True;[]
TXN_6957157;BOLO;1;3,00;3,00;N/A;N/A;01/02/2023;False;True;[]
TXN_5693294;N/A;3;3,00;9,00;CARTÃO DE CRÉDITO;N/A;30/12/2023;False;True;[]
TXN_2887257;BISCOITO;3;1,00;3,00;CARTÃO DE CRÉDITO;PRESENCIAL;27/08/2023;False;True;[]
TXN_3986876;BOLO;3;3,00;9,00;DINHEIRO;PARA VIAGEM;06/11/2023;False;True;[]
TXN_1066604;SANDUICHE;5;4,00;20,00;CARTÃO DE CRÉDITO;N/A;18/05/2023;False;True;[]
TXN_2494494;CAFÉ;1;2,00;2,00;DINHEIRO;N/A;13/06/2023;False;True;[]
TXN_4464373;BISCOITO;2;1,00;2,00;CARTEIRA DIGITAL;PRESENCIAL;22/04/2023;False;True;[]
TXN_7844770;BOLO;2;3,00;6,00;CARTEIRA DIGITAL;N/A;31/01/2023;False;True;[]
TXN_9968943;VITAMINA;1;4,00;4,00;CARTEIRA DIGITAL;N/A;25/07/2023;False;True;[]
TXN_4051488;BISCOITO;4;1,00;4,00;N/A;PARA VIAGEM;09/06/2023;False;True;[]
TXN_2668838;BOLO;4;3,00;12,00;N/A;PARA VIAGEM;11/05/2023;False;True;[]
TXN_8039752;N/A;2;2,00;4,00;N/A;PARA VIAGEM;28/11/2023;False;True;[]
TXN_3388908;BISCOITO;4;;4,00;N/A;PARA VIAGEM;22/11/2023;True;True;[]
TXN_2096487;N/A;5;4,00;20,00;CARTEIRA DIGITAL;PARA VIAGEM;09/08/2023;False;True;[]
TXN_8795794;SANDUICHE;3;4,00;12,00;DINHEIRO;PRESENCIAL;13/02/2023;False;True;[]
TXN_4627457;BOLO;3;3,00;9,00;N/A;PRESENCIAL;13/12/2023;False;True;[]
TXN_2352308;BISCOITO;2;1,00;2,00;DINHEIRO;N/A;10/11/2023;False;True;[]
TXN_3980743;SALADA;1;5,00;5,00;N/A;PARA VIAGEM;21/09/2023;False;True;[]
TXN_6538210;VITAMINA;1;4,00;4,00;N/A;PRESENCIAL;29/12/2023;False;True;[]
TXN_3749051;N/A;;4,00;12,00;N/A;PARA VIAGEM;19/04/2023;True;True;[]
TXN_6683798;BISCOITO;1;1,00;1,00;CARTEIRA DIGITAL;PARA VIAGEM;26/07/2023;False;True;[]
TXN_7246683;VITAMINA;1;4,00;4,00;CARTEIRA DIGITAL;PARA VIAGEM;17/05/2023;False;True;[]
TXN_6755348;N/A;5;4,00;20,00;N/A;N/A;23/06/2023;False;True;[]
TXN_3691228;BOLO;3;3,00;9,00;DINHEIRO;PARA VIAGEM;26/10/2023;False;True;[]
TXN_7407946;SALADA;3;5,00;15,00;CARTÃO DE CRÉDITO;N/A;26/03/2023;False;True;[]
TXN_8635803;CHÁ;2;1,50;3,00;DINHEIRO;N/A;17/03/2023;False;True;[]
TXN_9550508;VITAMINA;5;;20,00;N/A;N/A;18/11/2023;True;True;[]
TXN_8010562;SANDUICHE;1;4,00;4,00;DINHEIRO;N/A;23/07/2023;False;True;[]
TXN_2501648;BOLO;2;3,00;6,00;CARTÃO DE CRÉDITO;N/A;05/12/2023;False;True;[]
TXN_9455679;SALADA;5;5,00;25,00;N/A;PARA VIAGEM;18/05/2023;False;True;[]
TXN_8105705;SUCO;1;3,00;3,00;CARTEIRA DIGITAL;PARA VIAGEM;17/10/2023;False;True;[]
TXN_9676096;BOLO;3;3,00;9,00;CARTEIRA DIGITAL;N/A;05/04/2023;False;True;[]
TXN_8476828;N/A;3;1,50;4,50;N/A;PARA VIAGEM;25/10/2023;False;True;[]
TXN_2126034;CAFÉ;4;;8,00;DINHEIRO;PRESENCIAL;30/10/2023;True;True;[]
TXN_2151258;BOLO;3;3,00;9,00;CARTÃO DE CRÉDITO;N/A;09/08/2023;False;True;[]
TXN_3672345;CHÁ;3;1,50;4,50;CARTÃO DE CRÉDITO;N/A;17/10/2023;False;True;[]
TXN_6793298;CHÁ;2;1,50;3,00;CARTÃO DE CRÉDITO;N/A;14/04/2023;False;True;[]
TXN_3951329;SANDUICHE;;4,00;4,00;CARTÃO DE CRÉDITO;PARA VIAGEM;28/12/2023;True;True;[]
TXN_7480853;VITAMINA;2;;8,00;CARTEIRA DIGITAL;PRESENCIAL;07/10/2023;True;True;[]
TXN_4944024;VITAMINA;2;4,00;8,00;N/A;PARA VIAGEM;26/09/2023;False;True;[]
TXN_6687528;SUCO;2;3,00;6,00;N/A;N/A;06/05/2023;False;True;[]
TXN_5531648;CAFÉ;5;2,00;10,00;DINHEIRO;PARA VIAGEM;23/01/2023;False;True;[]
TXN_8789736;CAFÉ;2;2,00;4,00;CARTÃO DE CRÉDITO;N/A;06/05/2023;False;True;[]
TXN_9938977;BOLO;5;3,00;15,00;DINHEIRO;PRESENCIAL;18/12/2023;False;True;[]
TXN_2730798;CHÁ;4;1,50;6,00;CARTÃO DE CRÉDITO;N/A;01/12/2023;False;True;[]
TXN_3749801;BOLO;5;3,00;15,00;CARTÃO DE CRÉDITO;PARA VIAGEM;03/01/2023;False;True;[]
TXN_3326626;BOLO;2;3,00;6,00;DINHEIRO;PARA VIAGEM;26/09/2023;False;True;[]
TXN_4843989;CHÁ;4;1,50;6,00;CARTEIRA DIGITAL;PARA VIAGEM;30/09/2023;False;True;[]
TXN_6606514;SUCO;1;3,00;3,00;CARTÃO DE CRÉDITO;PRESENCIAL;25/06/2023;False;True;[]
TXN_6187752;VITAMINA;5;4,00;20,00;N/A;PARA VIAGEM;24/12/2023;False;True;[]
TXN_1666190;VITAMINA;4;4,00;16,00;N/A;PARA VIAGEM;28/07/2023;False;True;[]
TXN_9438576;BISCOITO;1;1,00;1,00;CARTÃO DE CRÉDITO;PRESENCIAL;05/05/2023;False;True;[]
TXN_1344947;BOLO;3;3,00;9,00;N/A;PARA VIAGEM;16/02/2023;False;True;[]
TXN_3951552;SALADA;2;;10,00;DINHEIRO;PRESENCIAL;25/03/2023;True;True;[]
TXN_3916668;SUCO;2;3,00;6,00;CARTEIRA DIGITAL;N/A;14/05/2023;False;True;[]
TXN_4789941;SANDUICHE;3;4,00;12,00;CARTÃO DE CRÉDITO;N/A;17/04/2023;False;True;[]
TXN_6957001;CHÁ;4;1,50;6,00;N/A;PRESENCIAL;08/08/2023;False;True;[]
TXN_3536893;SALADA;2;5,00;10,00;N/A;N/A;16/05/2023;False;True;[]
TXN_4519915;VITAMINA;;4,00;4,00;CARTEIRA DIGITAL;PRESENCIAL;15/05/2023;True;True;[]
TXN_3269434;SUCO;1;3,00;3,00;DINHEIRO;N/A;01/02/2023;False;True;[]
TXN_3291988;SUCO;2;3,00;6,00;CARTÃO DE CRÉDITO;N/A;03/07/2023;False;True;[]
TXN_7083611;BOLO;2;3,00;6,00;N/A;N/A;15/05/2023;False;True;[]
TXN_1875220;CHÁ;3;1,50;4,50;DINHEIRO;PRESENCIAL;07/03/2023;False;True;[]
TXN_1926712;CAFÉ;5;2,00;10,00;CARTÃO DE CRÉDITO;N/A;31/01/2023;False;True;[]
TXN_5552114;SANDUICHE;2;4,00;8,00;N/A;PRESENCIAL;13/06/2023;False;True;[]
TXN_5672583;SUCO;2;3,00;6,00;DINHEIRO;PARA VIAGEM;09/04/2023;False;True;[]
TXN_3717444;VITAMINA;3;4,00;12,00;N/A;N/A;07/09/2023;False;True;[]
TXN_1899114;CHÁ;3;1,50;4,50;CARTEIRA DIGITAL;PARA VIAGEM;05/04/2023;False;True;[]
TXN_2625388;CAFÉ;5;2,00;10,00;CARTEIRA DIGITAL;PRESENCIAL;09/02/2023;False;True;[]
TXN_7153665;SALADA;5;5,00;25,00;DINHEIRO;PRESENCIAL;31/07/2023;False;True;[]
TXN_9161256;VITAMINA;2;4,00;8,00;CARTEIRA DIGITAL;PRESENCIAL;01/01/2023;False;True;[]
TXN_2010060;N/A;1;3,00;3,00;DINHEIRO;N/A;09/11/2023;False;True;[]
TXN_9077843;CHÁ;3;1,50;4,50;N/A;N/A;28/03/2023;False;True;[]
TXN_5611262;N/A;2;5,00;10,00;CARTEIRA DIGITAL;PRESENCIAL;22/05/2023;False;True;[]
TXN_3255254;SUCO;4;3,00;12,00;DINHEIRO;N/A;23/03/2023;False;True;[]
TXN_9275800;VITAMINA;3;4,00;12,00;DINHEIRO;N/A;01/05/2023;False;True;[]
TXN_2430215;N/A;2;1,00;2,00;CARTEIRA DIGITAL;N/A;10/04/2023;False;True;[]
TXN_1372003;CHÁ;4;1,50;6,00;CARTEIRA DIGITAL;PARA VIAGEM;13/10/2023;False;True;[]
TXN_7202644;VITAMINA;5;4,00;20,00;N/A;PARA VIAGEM;01/08/2023;False;True;[]
TXN_5330387;CAFÉ;3;2,00;6,00;N/A;N/A;21/10/2023;False;True;[]
TXN_2119809;SALADA;5;5,00;25,00;CARTEIRA DIGITAL;PRESENCIAL;21/04/2023;False;True;[]
TXN_5587224;SALADA;2;5,00;10,00;N/A;PRESENCIAL;05/01/2023;False;True;[]
TXN_2185661;SANDUICHE;4;4,00;16,00;DINHEIRO;N/A;16/03/2023;False;True;[]
TXN_2491186;SALADA;5;5,00;25,00;N/A;N/A;28/11/2023;False;True;[]
TXN_1891217;CHÁ;5;1,50;7,50;N/A;N/A;02/04/2023;False;True;[]
TXN_8977555;BOLO;2;3,00;6,00;DINHEIRO;N/A;21/07/2023;False;True;[]
TXN_7179922;BOLO;2;3,00;6,00;N/A;PRESENCIAL;05/09/2023;False;True;[]
TXN_5114283;CHÁ;1;1,50;1,50;CARTEIRA DIGITAL;PRESENCIAL;28/05/2023;False;True;[]
TXN_1528454;CAFÉ;2;2,00;4,00;N/A;PRESENCIAL;22/03/2023;False;True;[]
TXN_5615114;CHÁ;4;1,50;6,00;CARTEIRA DIGITAL;N/A;31/10/2023;False;True;[]
TXN_4968659;CHÁ;5;1,50;7,50;CARTÃO DE CRÉDITO;N/A;18/03/2023;False;True;[]
TXN_4858666;BOLO;3;3,00;9,00;CARTÃO DE CRÉDITO;N/A;18/03/2023;False;True;[]
TXN_3502394;N/A;3;2,00;6,00;CARTÃO DE CRÉDITO;PRESENCIAL;02/09/2023;False;True;[]
TXN_1902009;N/A;2;3,00;6,00;CARTÃO DE CRÉDITO;N/A;12/04/2023;False;True;[]
TXN_8492074;CHÁ;3;1,50;4,50;CARTEIRA DIGITAL;PRESENCIAL;12/11/2023;False;True;[]
TXN_6355908;SANDUICHE;3;4,00;12,00;CARTÃO DE CRÉDITO;N/A;28/03/2023;False;True;[]
TXN_6856530;VITAMINA;5;4,00;20,00;CARTEIRA DIGITAL;N/A;11/11/2023;False;True;[]
TXN_1180397;VITAMINA;3;4,00;12,00;CARTÃO DE CRÉDITO;PARA VIAGEM;05/04/2023;False;True;[]
TXN_4747863;BISCOITO;2;1,00;2,00;CARTEIRA DIGITAL;PRESENCIAL;04/10/2023;False;True;[]
TXN_3979966;VITAMINA;5;4,00;20,00;N/A;PARA VIAGEM;23/08/2023;False;True;[]
TXN_5127984;SANDUICHE;3;4,00;12,00;DINHEIRO;PRESENCIAL;12/11/2023;False;True;[]
TXN_9904214;SANDUICHE;5;4,00;20,00;N/A;PARA VIAGEM;13/03/2023;False;True;[]
TXN_9948753;CHÁ;2;1,50;3,00;N/A;PARA VIAGEM;09/05/2023;False;True;[]
TXN_8263172;N/A;2;3,00;6,00;N/A;PARA VIAGEM;30/12/2023;False;True;[]
TXN_1196223;SUCO;3;3,00;9,00;CARTEIRA DIGITAL;PRESENCIAL;14/10/2023;False;True;[]
TXN_2401073;CAFÉ;4;2,00;8,00;CARTÃO DE CRÉDITO;N/A;10/02/2023;False;True;[]
TXN_9639089;SUCO;4;3,00;12,00;CARTÃO DE CRÉDITO;PRESENCIAL;14/05/2023;False;True;[]
TXN_8654093;CAFÉ;3;2,00;6,00;CARTEIRA DIGITAL;N/A;29/11/2023;False;True;[]
TXN_1038397;BISCOITO;3;1,00;3,00;N/A;PRESENCIAL;20/05/2023;False;True;[]
TXN_4638979;SALADA;1;5,00;5,00;N/A;N/A;28/06/2023;False;True;[]
TXN_5506097;N/A;5;4,00;20,00;DINHEIRO;PARA VIAGEM;04/05/2023;False;True;[]
TXN_9579984;SALADA;5;5,00;25,00;CARTÃO DE CRÉDITO;N/A;25/12/2023;False;True;[]
TXN_6087578;CHÁ;1;1,50;1,50;CARTÃO DE CRÉDITO;N/A;17/12/2023;False;True;[]
TXN_5297299;CAFÉ;5;2,00;10,00;N/A;N/A;04/10/2023;False;True;[]
TXN_7526174;SUCO;3;3,00;9,00;CARTÃO DE CRÉDITO;N/A;06/08/2023;False;True;[]
TXN_5401244;SALADA;1;5,00;5,00;CARTÃO DE CRÉDITO;PRESENCIAL;08/07/2023;False;True;[]
TXN_7775760;BOLO;4;3,00;12,00;N/A;N/A;21/02/2023;False;True;[]
TXN_5820892;SUCO;1;3,00;3,00;CARTEIRA DIGITAL;N/A;14/11/2023;False;True;[]
TXN_3801338;SANDUICHE;3;4,00;12,00;CARTÃO DE CRÉDITO;N/A;03/11/2023;False;True;[]
TXN_1521861;N/A;5;3,00;15,00;DINHEIRO;PRESENCIAL;02/04/2023;False;True;[]
TXN_8365857;VITAMINA;5;4,00;20,00;CARTEIRA DIGITAL;PARA VIAGEM;06/10/2023;False;True;[]
TXN_9349657;BISCOITO;2;1,00;2,00;CARTÃO DE CRÉDITO;PRESENCIAL;14/03/2023;False;True;[]
TXN_4503716;BOLO;1;3,00;3,00;N/A;N/A;12/11/2023;False;True;[]
TXN_5679014;CAFÉ;1;2,00;2,00;N/A;PRESENCIAL;12/06/2023;False;True;[]
TXN_1161606;SANDUICHE;5;4,00;20,00;CARTÃO DE CRÉDITO;PARA VIAGEM;20/09/2023;False;True;[]
TXN_5938359;BISCOITO;2;1,00;2,00;CARTÃO DE CRÉDITO;N/A;02/06/2023;False;True;[]
TXN_7565894;SALADA;1;5,00;5,00;DINHEIRO;PARA VIAGEM;15/07/2023;False;True;[]
TXN_1987311;VITAMINA;1;4,00;4,00;N/A;PRESENCIAL;03/08/2023;False;True;[]
TXN_4656387;BISCOITO;2;1,00;2,00;CARTEIRA DIGITAL;N/A;25/07/2023;False;True;[]
TXN_9277276;BOLO;4;3,00;12,00;CARTÃO DE CRÉDITO;PARA VIAGEM;15/09/2023;False;True;[]
TXN_1576076;CAFÉ;3;2,00;6,00;DINHEIRO;PARA VIAGEM;07/10/2023;False;True;[]
TXN_3676632;VITAMINA;4;4,00;16,00;CARTÃO DE CRÉDITO;N/A;11/12/2023;False;True;[]
TXN_9945457;BISCOITO;4;1,00;4,00;DINHEIRO;N/A;28/06/2023;False;True;[]
TXN_6508674;N/A;2;3,00;6,00;N/A;PARA VIAGEM;09/02/2023;False;True;[]
TXN_4579086;BOLO;2;3,00;6,00;CARTÃO DE CRÉDITO;PRESENCIAL;20/07/2023;False;True;[]
TXN_2421873;CAFÉ;2;2,00;4,00;CARTÃO DE CRÉDITO;N/A;18/02/2023;False;True;[]
TXN_3601382;SALADA;3;5,00;15,00;N/A;N/A;12/02/2023;False;True;[]
TXN_2323650;CHÁ;4;1,50;6,00;CARTEIRA DIGITAL;N/A;09/10/2023;False;True;[]
TXN_3587916;SALADA;3;5,00;15,00;DINHEIRO;PRESENCIAL;09/07/2023;False;True;[]
TXN_8914956;BISCOITO;2;1,00;2,00;CARTÃO DE CRÉDITO;N/A;13/05/2023;False;True;[]
TXN_9080521;CAFÉ;2;2,00;4,00;CARTÃO DE CRÉDITO;PRESENCIAL;24/01/2023;False;True;[]
TXN_1450705;BISCOITO;5;1,00;5,00;N/A;N/A;07/10/2023;False;True;[]
TXN_9648941;CAFÉ;2;2,00;4,00;DINHEIRO;PARA VIAGEM;30/06/2023;False;True;[]
TXN_9989719;VITAMINA;2;4,00;8,00;CARTÃO DE CRÉDITO;PARA VIAGEM;26/11/2023;False;True;[]
TXN_8409154;BOLO;4;3,00;12,00;CARTEIRA DIGITAL;N/A;20/06/2023;False;True;[]
TXN_4630633;SANDUICHE;1;4,00;4,00;N/A;PARA VIAGEM;22/10/2023;False;True;[]
TXN_8332592;SUCO;;3,00;15,00;N/A;N/A;25/03/2023;True;True;[]
TXN_5736595;CAFÉ;3;2,00;6,00;CARTÃO DE CRÉDITO;N/A;14/08/2023;False;True;[]
TXN_2264883;SUCO;2;3,00;6,00;CARTÃO DE CRÉDITO;PARA VIAGEM;24/12/2023;False;True;[]
TXN_6137394;SANDUICHE;1;4,00;4,00;N/A;PRESENCIAL;22/11/2023;False;True;[]
TXN_4127927;SALADA;5;5,00;25,00;N/A;PARA VIAGEM;04/08/2023;False;True;[]
TXN_7256205;SUCO;4;3,00;12,00;DINHEIRO;N/A;08/04/2023;False;True;[]
TXN_1766527;N/A;4;5,00;20,00;CARTEIRA DIGITAL;N/A;07/02/2023;False;True;[]
TXN_7591982;SALADA;1;5,00;5,00;DINHEIRO;N/A;28/02/2023;False;True;[]
TXN_5530273;BOLO;3;3,00;9,00;CARTEIRA DIGITAL;N/A;13/01/2023;False;True;[]
TXN_2958213;N/A;5;1,00;5,00;N/A;N/A;15/08/2023;False;True;[]
TXN_2057961;SUCO;2;3,00;6,00;N/A;PRESENCIAL;04/10/2023;False;True;[]
TXN_6367976;SUCO;1;3,00;3,00;CARTEIRA DIGITAL;N/A;16/10/2023;False;True;[]
TXN_9921277;BOLO;;3,00;3,00;N/A;PARA VIAGEM;29/01/2023;True;True;[]
TXN_4867316;SANDUICHE;1;4,00;4,00;CARTEIRA DIGITAL;N/A;28/11/2023;False;True;[]
TXN_6704173;VITAMINA;2;4,00;8,00;CARTÃO DE CRÉDITO;N/A;24/07/2023;False;True;[]
TXN_9510130;SALADA;4;5,00;20,00;DINHEIRO;N/A;06/03/2023;False;True;[]
TXN_1192009;CAFÉ;1;2,00;2,00;N/A;N/A;18/05/2023;False;True;[]
TXN_2899889;SALADA;2;5,00;10,00;N/A;PRESENCIAL;09/12/2023;False;True;[]
TXN_7172693;N/A;5;5,00;25,00;CARTÃO DE CRÉDITO;PRESENCIAL;23/03/2023;False;True;[]
TXN_6862603;SALADA;4;5,00;20,00;CARTÃO DE CRÉDITO;PARA VIAGEM;17/04/2023;False;True;[]
TXN_5761207;VITAMINA;3;4,00;12,00;CARTÃO DE CRÉDITO;N/A;19/04/2023;False;True;[]
TXN_9852820;SALADA;2;5,00;10,00;CARTÃO DE CRÉDITO;PRESENCIAL;27/08/2023;False;True;[]
TXN_9531812;SANDUICHE;2;4,00;8,00;CARTEIRA DIGITAL;PRESENCIAL;04/02/2023;False;True;[]
TXN_1423173;VITAMINA;5;4,00;20,00;CARTÃO DE CRÉDITO;N/A;02/10/2023;False;True;[]
TXN_9811007;BISCOITO;5;1,00;5,00;CARTÃO DE CRÉDITO;N/A;07/03/2023;False;True;[]
TXN_4346813;SALADA;5;5,00;25,00;N/A;N/A;07/07/2023;False;True;[]
TXN_4383311;BOLO;2;;6,00;N/A;PRESENCIAL;23/09/2023;True;True;[]
TXN_5935353;N/A;2;;8,00;CARTÃO DE CRÉDITO;N/A;01/05/2023;True;True;[]
TXN_6778796;BOLO;5;3,00;15,00;DINHEIRO;N/A;29/11/2023;False;True;[]
TXN_2119373;SALADA;4;5,00;20,00;CARTÃO DE CRÉDITO;PRESENCIAL;30/06/2023;False;True;[]
TXN_6803555;CHÁ;2;1,50;3,00;CARTEIRA DIGITAL;PARA VIAGEM;31/05/2023;False;True;[]
TXN_7010218;BISCOITO;4;1,00;4,00;N/A;PARA VIAGEM;29/04/2023;False;True;[]
TXN_1707537;BOLO;3;3,00;9,00;CARTEIRA DIGITAL;PARA VIAGEM;17/10/2023;False;True;[]
TXN_8470187;SUCO;3;3,00;9,00;N/A;PARA VIAGEM;28/06/2023;False;True;[]
TXN_6087604;SANDUICHE;4;4,00;16,00;CARTEIRA DIGITAL;N/A;27/01/2023;False;True;[]
TXN_9825905;CAFÉ;1;2,00;2,00;CARTEIRA DIGITAL;N/A;04/01/2023;False;True;[]
TXN_2086557;VITAMINA;2;4,00;8,00;DINHEIRO;PRESENCIAL;13/01/2023;False;True;[]
TXN_9077087;SUCO;1;3,00;3,00;N/A;PRESENCIAL;08/05/2023;False;True;[]
TXN_7714902;CAFÉ;4;2,00;8,00;DINHEIRO;N/A;10/09/2023;False;True;[]
TXN_2154477;BOLO;4;3,00;12,00;N/A;N/A;11/02/2023;False;True;[]
TXN_5949199;CHÁ;5;1,50;7,50;N/A;PRESENCIAL;28/02/2023;False;True;[]
TXN_8209124;CAFÉ;2;2,00;4,00;DINHEIRO;N/A;05/10/2023;False;True;[]
TXN_7519611;N/A;4;1,50;6,00;CARTÃO DE CRÉDITO;PRESENCIAL;08/10/2023;False;True;[]
TXN_1318943;N/A;2;2,00;4,00;DINHEIRO;PRESENCIAL;13/06/2023;False;True;[]
TXN_4502922;N/A;1;4,00;4,00;CARTÃO DE CRÉDITO;PARA VIAGEM;23/06/2023;False;True;[]
TXN_4554194;VITAMINA;3;;12,00;CARTÃO DE CRÉDITO;PARA VIAGEM;04/10/2023;True;True;[]
TXN_3418612;CHÁ;3;1,50;4,50;CARTEIRA DIGITAL;N/A;31/01/2023;False;True;[]
TXN_2539469;BOLO;2;3,00;6,00;CARTÃO DE CRÉDITO;PARA VIAGEM;24/09/2023;False;True;[]
TXN_2764544;SUCO;4;3,00;12,00;DINHEIRO;PRESENCIAL;02/04/2023;False;True;[]
TXN_8672939;VITAMINA;1;4,00;4,00;N/A;N/A;02/11/2023;False;True;[]
TXN_1499346;BOLO;5;3,00;15,00;N/A;N/A;09/12/2023;False;True;[]
TXN_7631216;SUCO;5;3,00;15,00;CARTÃO DE CRÉDITO;N/A;16/02/2023;False;True;[]
TXN_3116803;CAFÉ;1;2,00;2,00;CARTÃO DE CRÉDITO;PRESENCIAL;10/09/2023;False;True;[]
TXN_6050844;CHÁ;2;1,50;3,00;N/A;N/A;12/03/2023;False;True;[]
TXN_7403963;SANDUICHE;4;4,00;16,00;DINHEIRO;PRESENCIAL;27/07/2023;False;True;[]
TXN_2708387;CHÁ;4;1,50;6,00;CARTÃO DE CRÉDITO;N/A;12/11/2023;False;True;[]
TXN_7916758;VITAMINA;1;4,00;4,00;N/A;PARA VIAGEM;14/10/2023;False;True;[]
TXN_2944717;BISCOITO;2;1,00;2,00;DINHEIRO;N/A;11/12/2023;False;True;[]
TXN_7571571;SANDUICHE;2;4,00;8,00;CARTÃO DE CRÉDITO;N/A;09/04/2023;False;True;[]
TXN_7250085;CAFÉ;4;2,00;8,00;N/A;PARA VIAGEM;19/09/2023;False;True;[]
TXN_1892102;N/A;3;4,00;12,00;DINHEIRO;N/A;23/03/2023;False;True;[]
TXN_7039529;BISCOITO;3;1,00;3,00;CARTEIRA DIGITAL;PRESENCIAL;19/01/2023;False;True;[]
TXN_1452931;CHÁ;1;1,50;1,50;CARTEIRA DIGITAL;N/A;08/07/2023;False;True;[]
TXN_5148201;VITAMINA;5;4,00;20,00;N/A;N/A;18/11/2023;False;True;[]
TXN_7322317;CHÁ;1;;;N/A;N/A;16/03/2023;True;True;[]
TXN_4648214;SALADA;1;5,00;5,00;N/A;N/A;15/02/2023;False;True;[]
TXN_7902691;SUCO;;3,00;9,00;CARTEIRA DIGITAL;PARA VIAGEM;13/10/2023;True;True;[]
TXN_4966750;BISCOITO;3;1,00;3,00;CARTEIRA DIGITAL;PRESENCIAL;24/12/2023;False;True;[]
TXN_7740239;CHÁ;2;1,50;3,00;N/A;N/A;26/01/2023;False;True;[]
TXN_3689579;N/A;2;4,00;8,00;CARTEIRA DIGITAL;PARA VIAGEM;02/12/2023;False;True;[]
TXN_7770188;SUCO;5;3,00;15,00;CARTEIRA DIGITAL;PRESENCIAL;28/10/2023;False;True;[]
TXN_5088167;CAFÉ;5;2,00;10,00;CARTÃO DE CRÉDITO;N/A;02/09/2023;False;True;[]
TXN_1865302;BISCOITO;5;1,00;5,00;CARTÃO DE CRÉDITO;PRESENCIAL;16/08/2023;False;True;[]
TXN_4224423;SUCO;3;3,00;9,00;DINHEIRO;PARA VIAGEM;27/08/2023;False;True;[]
TXN_8269956;VITAMINA;;4,00;20,00;N/A;PARA VIAGEM;02/08/2023;True;True;[]
TXN_3879052;CAFÉ;3;2,00;6,00;CARTÃO DE CRÉDITO;N/A;14/12/2023;False;True;[]
TXN_7340284;N/A;5;1,00;5,00;N/A;PARA VIAGEM;05/09/2023;False;True;[]
TXN_9809696;VITAMINA;1;4,00;4,00;N/A;PARA VIAGEM;05/01/2023;False;True;[]
TXN_5719592;CAFÉ;1;2,00;2,00;CARTÃO DE CRÉDITO;PRESENCIAL;07/08/2023;False;True;[]
TXN_6121301;VITAMINA;5;4,00;20,00;CARTEIRA DIGITAL;PARA VIAGEM;07/01/2023;False;True;[]
TXN_7514279;SALADA;1;5,00;5,00;CARTÃO DE CRÉDITO;PRESENCIAL;04/02/2023;False;True;[]
TXN_5153408;VITAMINA;1;4,00;4,00;CARTÃO DE CRÉDITO;PARA VIAGEM;22/08/2023;False;True;[]
TXN_4678948;SUCO;3;3,00;9,00;N/A;PARA VIAGEM;02/07/2023;False;True;[]
TXN_8918253;N/A;3;;12,00;CARTEIRA DIGITAL;N/A;07/09/2023;True;True;[]
TXN_1209852;BISCOITO;2;1,00;2,00;CARTÃO DE CRÉDITO;PRESENCIAL;18/11/2023;False;True;[]
TXN_4367311;CAFÉ;5;2,00;10,00;N/A;PRESENCIAL;26/02/2023;False;True;[]
TXN_5985513;N/A;;4,00;8,00;CARTÃO DE CRÉDITO;N/A;02/08/2023;True;True;[]
TXN_2086325;CAFÉ;2;2,00;4,00;CARTÃO DE CRÉDITO;N/A;14/08/2023;False;True;[]
TXN_4062032;CHÁ;5;1,50;7,50;CARTEIRA DIGITAL;N/A;28/10/2023;False;True;[]
TXN_4329558;N/A;4;2,00;8,00;N/A;N/A;22/04/2023;False;True;[]
TXN_2029301;CHÁ;5;1,50;7,50;CARTEIRA DIGITAL;N/A;06/08/2023;False;True;[]
TXN_4508067;VITAMINA;5;4,00;20,00;CARTÃO DE CRÉDITO;PARA VIAGEM;19/03/2023;False;True;[]
TXN_6637315;BOLO;3;3,00;9,00;DINHEIRO;N/A;02/12/2023;False;True;[]
TXN_4251500;BISCOITO;4;1,00;4,00;CARTEIRA DIGITAL;PARA VIAGEM;11/11/2023;False;True;[]
TXN_1516961;SANDUICHE;3;4,00;12,00;CARTÃO DE CRÉDITO;PARA VIAGEM;01/11/2023;False;True;[]
TXN_5033660;CAFÉ;2;2,00;4,00;N/A;N/A;12/09/2023;False;True;[]
TXN_9506595;N/A;3;1,50;4,50;DINHEIRO;PRESENCIAL;10/07/2023;False;True;[]
TXN_6646684;BISCOITO;3;1,00;3,00;DINHEIRO;N/A;01/06/2023;False;True;[]
TXN_6866644;SANDUICHE;1;4,00;4,00;N/A;N/A;22/07/2023;False;True;[]
TXN_7228322;BISCOITO;1;1,00;1,00;CARTÃO DE CRÉDITO;N/A;18/02/2023;False;True;[]
TXN_3595118;SUCO;2;3,00;6,00;DINHEIRO;PRESENCIAL;03/02/2023;False;True;[]
TXN_4040941;BISCOITO;1;1,00;1,00;DINHEIRO;PRESENCIAL;20/02/2023;False;True;[]
TXN_4738349;VITAMINA;2;4,00;8,00;CARTEIRA DIGITAL;N/A;06/02/2023;False;True;[]
TXN_9436284;CAFÉ;3;2,00;6,00;CARTÃO DE CRÉDITO;N/A;28/03/2023;False;True;[]
TXN_1221801;VITAMINA;2;4,00;8,00;N/A;N/A;17/06/2023;False;True;[]
TXN_3185929;SALADA;3;5,00;15,00;N/A;PARA VIAGEM;27/07/2023;False;True;[]
TXN_2332609;N/A;5;4,00;20,00;CARTÃO DE CRÉDITO;PRESENCIAL;17/05/2023;False;True;[]
TXN_4183705;CHÁ;2;1,50;3,00;CARTÃO DE CRÉDITO;PRESENCIAL;23/11/2023;False;True;[]
TXN_7435096;N/A;4;1,50;6,00;N/A;PRESENCIAL;21/10/2023;False;True;[]
TXN_2561471;SANDUICHE;1;4,00;4,00;N/A;PRESENCIAL;12/07/2023;False;True;[]
TXN_3098503;SALADA;1;5,00;5,00;CARTÃO DE CRÉDITO;PARA VIAGEM;31/05/2023;False;True;[]
TXN_1148060;BISCOITO;5;1,00;5,00;DINHEIRO;N/A;12/10/2023;False;True;[]
TXN_5151780;SALADA;4;5,00;20,00;DINHEIRO;PARA VIAGEM;24/06/2023;False;True;[]
TXN_3398955;BISCOITO;3;1,00;3,00;DINHEIRO;N/A;19/10/2023;False;True;[]
TXN_8140360;CAFÉ;4;2,00;8,00;CARTEIRA DIGITAL;PARA VIAGEM;05/05/2023;False;True;[]
TXN_4448318;CAFÉ;4;2,00;8,00;CARTEIRA DIGITAL;N/A;07/08/2023;False;True;[]
TXN_8341520;SANDUICHE;3;4,00;12,00;N/A;PARA VIAGEM;24/06/2023;False;True;[]
TXN_9883214;SUCO;3;3,00;9,00;N/A;N/A;04/04/2023;False;True;[]
TXN_2912934;BISCOITO;5;1,00;5,00;CARTÃO DE CRÉDITO;N/A;01/04/2023;False;True;[]
TXN_7694996;SALADA;4;5,00;20,00;N/A;PRESENCIAL;11/03/2023;False;True;[]
TXN_5660244;BOLO;5;3,00;15,00;CARTEIRA DIGITAL;N/A;04/10/2023;False;True;[]
TXN_7873479;BISCOITO;1;1,00;1,00;CARTÃO DE CRÉDITO;PARA VIAGEM;18/03/2023;False;True;[]
TXN_7771516;SANDUICHE;3;4,00;12,00;N/A;N/A;26/05/2023;False;True;[]
TXN_6775304;CHÁ;4;1,50;6,00;DINHEIRO;PRESENCIAL;08/03/2023;False;True;[]
TXN_3801966;SANDUICHE;4;4,00;16,00;CARTEIRA DIGITAL;PRESENCIAL;14/01/2023;False;True;[]
TXN_2849095;N/A;3;2,00;6,00;CARTEIRA DIGITAL;PRESENCIAL;13/07/2023;False;True;[]
TXN_1749930;SALADA;5;5,00;25,00;N/A;PRESENCIAL;01/07/2023;False;True;[]
TXN_2210925;SUCO;4;3,00;12,00;DINHEIRO;PRESENCIAL;06/07/2023;False;True;[]
TXN_6810969;N/A;1;4,00;4,00;N/A;PRESENCIAL;08/03/2023;False;True;[]
TXN_2651789;BISCOITO;1;1,00;1,00;N/A;PARA VIAGEM;10/02/2023;False;True;[]
TXN_7750963;CHÁ;4;1,50;6,00;CARTÃO DE CRÉDITO;PRESENCIAL;09/06/2023;False;True;[]
TXN_8134280;BISCOITO;1;1,00;1,00;CARTEIRA DIGITAL;PARA VIAGEM;29/01/2023;False;True;[]
TXN_2231082;BOLO;;3,00;15,00;DINHEIRO;PRESENCIAL;03/05/2023;True;True;[]
TXN_2014042;BISCOITO;4;1,00;4,00;CARTEIRA DIGITAL;PARA VIAGEM;27/10/2023;False;True;[]
TXN_1132293;CHÁ;4;1,50;6,00;N/A;N/A;05/07/2023;False;True;[]
TXN_3550177;SALADA;5;5,00;25,00;DINHEIRO;N/A;13/09/2023;False;True;[]
TXN_5326795;BISCOITO;2;1,00;2,00;N/A;N/A;05/04/2023;False;True;[]
TXN_1993503;BISCOITO;4;1,00;4,00;CARTÃO DE CRÉDITO;N/A;16/08/2023;False;True;[]
TXN_4097922;SALADA;3;5,00;15,00;DINHEIRO;N/A;16/01/2023;False;True;[]
TXN_2317041;CHÁ;3;;4,50;DINHEIRO;PRESENCIAL;15/01/2023;True;True;[]
TXN_4648031;CHÁ;4;1,50;6,00;CARTEIRA DIGITAL;N/A;04/09/2023;False;True;[]
TXN_4942960;SUCO;1;3,00;3,00;N/A;PARA VIAGEM;12/04/2023;False;True;[]
TXN_8740501;SALADA;5;5,00;25,00;N/A;N/A;05/02/2023;False;True;[]
TXN_4523273;BOLO;4;;12,00;CARTEIRA DIGITAL;N/A;17/10/2023;True;True;[]
TXN_7276478;SANDUICHE;5;4,00;20,00;DINHEIRO;PARA VIAGEM;07/09/2023;False;True;[]
TXN_6036240;BOLO;4;3,00;12,00;CARTÃO DE CRÉDITO;PRESENCIAL;30/10/2023;False;True;[]
TXN_1449866;SALADA;4;5,00;20,00;DINHEIRO;N/A;21/09/2023;False;True;[]
TXN_2882871;SALADA;3;5,00;15,00;CARTÃO DE CRÉDITO;PARA VIAGEM;30/08/2023;False;True;[]
TXN_1047450;CAFÉ;2;2,00;4,00;DINHEIRO;PRESENCIAL;19/11/2023;False;True;[]
TXN_9673685;SALADA;1;5,00;5,00;DINHEIRO;PRESENCIAL;11/12/2023;False;True;[]
TXN_3547569;VITAMINA;4;4,00;16,00;CARTEIRA DIGITAL;PRESENCIAL;04/08/2023;False;True;[]
TXN_2866587;SANDUICHE;3;4,00;12,00;CARTÃO DE CRÉDITO;N/A;16/09/2023;False;True;[]
TXN_1629218;CAFÉ;;2,00;6,00;CARTEIRA DIGITAL;N/A;27/06/2023;True;True;[]
TXN_2964982;SANDUICHE;1;4,00;4,00;CARTEIRA DIGITAL;PRESENCIAL;15/04/2023;False;True;[]
TXN_5974791;BISCOITO;2;1,00;2,00;DINHEIRO;N/A;22/10/2023;False;True;[]
TXN_1005472;CAFÉ;4;2,00;8,00;CARTÃO DE CRÉDITO;N/A;21/04/2023;False;True;[]
TXN_7202898;BISCOITO;4;1,00;4,00;N/A;N/A;18/07/2023;False;True;[]
TXN_4511996;N/A;3;3,00;9,00;CARTEIRA DIGITAL;N/A;18/09/2023;False;True;[]
TXN_9896694;SANDUICHE;4;4,00;16,00;DINHEIRO;N/A;16/02/2023;False;True;[]
TXN_9881555;N/A;5;3,00;15,00;DINHEIRO;PRESENCIAL;09/04/2023;False;True;[]
TXN_9853220;BISCOITO;;1,00;5,00;CARTÃO DE CRÉDITO;PRESENCIAL;02/04/2023;True;True;[]
TXN_5723229;SUCO;5;3,00;15,00;CARTEIRA DIGITAL;PARA VIAGEM;23/06/2023;False;True;[]
TXN_1065721;SANDUICHE;4;4,00;16,00;DINHEIRO;PARA VIAGEM;06/12/2023;False;True;[]
TXN_8155446;SALADA;3;5,00;15,00;CARTEIRA DIGITAL;PARA VIAGEM;20/12/2023;False;True;[]
TXN_2253852;BISCOITO;2;1,00;2,00;CARTÃO DE CRÉDITO;PARA VIAGEM;26/08/2023;False;True;[]
TXN_2810187;CAFÉ;;2,00;8,00;N/A;PRESENCIAL;17/10/2023;True;True;[]
TXN_6994752;SUCO;4;3,00;12,00;DINHEIRO;PARA VIAGEM;17/06/2023;False;True;[]
TXN_7598654;CAFÉ;3;2,00;6,00;CARTÃO DE CRÉDITO;N/A;26/11/2023;False;True;[]
TXN_8039560;N/A;5;2,00;10,00;CARTEIRA DIGITAL;N/A;29/03/2023;False;True;[]
TXN_6785331;BOLO;1;3,00;3,00;N/A;N/A;12/04/2023;False;True;[]
TXN_8260297;SALADA;2;5,00;10,00;DINHEIRO;PRESENCIAL;04/07/2023;False;True;[]
TXN_7152012;SANDUICHE;3;4,00;12,00;CARTEIRA DIGITAL;PRESENCIAL;02/04/2023;False;True;[]
TXN_7907366;CAFÉ;4;2,00;8,00;CARTEIRA DIGITAL;N/A;13/01/2023;False;True;[]
TXN_3830888;CAFÉ;4;2,00;8,00;N/A;PRESENCIAL;20/02/2023;False;True;[]
TXN_1565027;N/A;3;1,50;4,50;N/A;N/A;16/03/2023;False;True;[]
TXN_5618377;SANDUICHE;2;4,00;8,00;N/A;PRESENCIAL;02/04/2023;False;True;[]
TXN_3645674;CHÁ;4;1,50;6,00;DINHEIRO;PARA VIAGEM;18/07/2023;False;True;[]
TXN_2464236;BISCOITO;5;1,00;5,00;CARTEIRA DIGITAL;N/A;02/04/2023;False;True;[]
TXN_4543793;SANDUICHE;2;4,00;8,00;DINHEIRO;PRESENCIAL;12/10/2023;False;True;[]
TXN_5745921;SANDUICHE;2;4,00;8,00;N/A;PRESENCIAL;01/03/2023;False;True;[]
TXN_7229419;SALADA;2;5,00;10,00;N/A;PARA VIAGEM;15/05/2023;False;True;[]
TXN_9247075;SALADA;3;5,00;15,00;N/A;PRESENCIAL;05/07/2023;False;True;[]
TXN_6960459;CAFÉ;1;2,00;2,00;CARTÃO DE CRÉDITO;PRESENCIAL;24/07/2023;False;True;[]
TXN_4679083;BOLO;5;3,00;15,00;N/A;PARA VIAGEM;25/12/2023;False;True;[]
TXN_3313534;BISCOITO;2;1,00;2,00;CARTEIRA DIGITAL;PRESENCIAL;05/01/2023;False;True;[]
TXN_4969431;SALADA;4;5,00;20,00;CARTÃO DE CRÉDITO;PARA VIAGEM;11/04/2023;False;True;[]
TXN_2977905;VITAMINA;3;4,00;12,00;N/A;N/A;23/06/2023;False;True;[]
TXN_5341204;CAFÉ;;2,00;2,00;N/A;N/A;24/07/2023;True;True;[]
TXN_2147706;SUCO;5;3,00;15,00;N/A;N/A;23/03/2023;False;True;[]
TXN_3663592;VITAMINA;2;4,00;8,00;N/A;PARA VIAGEM;26/08/2023;False;True;[]
TXN_4459351;VITAMINA;5;4,00;20,00;CARTÃO DE CRÉDITO;N/A;08/12/2023;False;True;[]
TXN_2976052;BISCOITO;5;1,00;5,00;N/A;PARA VIAGEM;01/11/2023;False;True;[]
TXN_1373048;SALADA;5;5,00;25,00;N/A;PRESENCIAL;31/08/2023;False;True;[]
TXN_2575331;BISCOITO;5;1,00;5,00;DINHEIRO;PRESENCIAL;20/03/2023;False;True;[]
TXN_4764236;SUCO;1;3,00;3,00;CARTEIRA DIGITAL;N/A;29/05/2023;False;True;[]
TXN_3544380;SUCO;1;3,00;3,00;CARTÃO DE CRÉDITO;PRESENCIAL;13/09/2023;False;True;[]
TXN_2104473;BOLO;3;3,00;9,00;CARTEIRA DIGITAL;PARA VIAGEM;01/01/2023;False;True;[]
TXN_3819405;SUCO;4;3,00;12,00;CARTEIRA DIGITAL;PRESENCIAL;16/02/2023;False;True;[]
TXN_3512665;SALADA;5;5,00;25,00;CARTÃO DE CRÉDITO;N/A;16/10/2023;False;True;[]
TXN_1696813;BISCOITO;3;1,00;3,00;DINHEIRO;PRESENCIAL;02/04/2023;False;True;[]
TXN_4631228;N/A;1;3,00;3,00;CARTEIRA DIGITAL;N/A;07/10/2023;False;True;[]
TXN_2084232;N/A;4;1,50;6,00;CARTEIRA DIGITAL;PARA VIAGEM;11/10/2023;False;True;[]
TXN_5399303;CAFÉ;2;2,00;4,00;N/A;N/A;02/11/2023;False;True;[]
TXN_1251960;SANDUICHE;5;;20,00;CARTEIRA DIGITAL;PARA VIAGEM;20/11/2023;True;True;[]
TXN_1984774;CHÁ;3;1,50;4,50;DINHEIRO;PARA VIAGEM;13/11/2023;False;True;[]
TXN_9886794;BOLO;1;3,00;3,00;DINHEIRO;N/A;06/06/2023;False;True;[]
TXN_3821298;N/A;5;4,00;20,00;CARTÃO DE CRÉDITO;N/A;26/04/2023;False;True;[]
TXN_1057760;SUCO;4;3,00;12,00;CARTÃO DE CRÉDITO;PARA VIAGEM;20/02/2023;False;True;[]
TXN_2294778;BISCOITO;;1,00;3,00;CARTEIRA DIGITAL;N/A;29/05/2023;True;True;[]
TXN_6091431;CHÁ;3;1,50;4,50;CARTÃO DE CRÉDITO;N/A;16/11/2023;False;True;[]
TXN_1728644;CAFÉ;1;2,00;2,00;DINHEIRO;PARA VIAGEM;07/04/2023;False;True;[]
TXN_6993624;BOLO;4;3,00;12,00;DINHEIRO;N/A;09/05/2023;False;True;[]
TXN_9018366;SUCO;5;;15,00;DINHEIRO;N/A;31/03/2023;True;True;[]
TXN_7708810;VITAMINA;1;4,00;4,00;DINHEIRO;N/A;09/06/2023;False;True;[]
TXN_8726874;SANDUICHE;2;4,00;8,00;N/A;PARA VIAGEM;30/09/2023;False;True;[]
TXN_4190431;CHÁ;3;1,50;4,50;CARTEIRA DIGITAL;N/A;23/09/2023;False;True;[]
TXN_5201123;SALADA;2;5,00;10,00;CARTEIRA DIGITAL;PARA VIAGEM;12/07/2023;False;True;[]
TXN_6172528;VITAMINA;3;4,00;12,00;CARTÃO DE CRÉDITO;PRESENCIAL;18/05/2023;False;True;[]
TXN_1193551;BISCOITO;1;1,00;1,00;N/A;PARA VIAGEM;07/01/2023;False;True;[]
TXN_2702861;BISCOITO;4;;4,00;CARTEIRA DIGITAL;PARA VIAGEM;02/06/2023;True;True;[]
TXN_1256851;SANDUICHE;4;4,00;16,00;N/A;PRESENCIAL;29/07/2023;False;True;[]
TXN_4146795;CHÁ;5;1,50;7,50;DINHEIRO;PRESENCIAL;29/10/2023;False;True;[]
TXN_2203873;CHÁ;3;1,50;4,50;CARTEIRA DIGITAL;N/A;26/01/2023;False;True;[]
TXN_5018462;VITAMINA;5;4,00;20,00;DINHEIRO;PRESENCIAL;28/11/2023;False;True;[]
TXN_6133971;VITAMINA;5;4,00;20,00;CARTÃO DE CRÉDITO;N/A;18/04/2023;False;True;[]
TXN_1417400;BISCOITO;2;1,00;2,00;DINHEIRO;PRESENCIAL;20/03/2023;False;True;[]
TXN_4239859;SUCO;1;;3,00;N/A;N/A;03/02/2023;True;True;[]
TXN_5369010;N/A;4;5,00;20,00;DINHEIRO;PARA VIAGEM;23/04/2023;False;True;[]
TXN_4877436;SUCO;4;3,00;12,00;N/A;N/A;08/10/2023;False;True;[]
TXN_9697670;N/A;3;3,00;9,00;DINHEIRO;PARA VIAGEM;29/12/2023;False;True;[]
TXN_8643596;CAFÉ;5;2,00;10,00;CARTÃO DE CRÉDITO;N/A;29/03/2023;False;True;[]
TXN_1654784;BISCOITO;5;1,00;5,00;N/A;PRESENCIAL;31/12/2023;False;True;[]
TXN_4422898;SALADA;2;5,00;10,00;CARTÃO DE CRÉDITO;PRESENCIAL;20/04/2023;False;True;[]
TXN_4175191;SANDUICHE;2;4,00;8,00;DINHEIRO;N/A;20/11/2023;False;True;[]
TXN_3196388;SALADA;3;5,00;15,00;DINHEIRO;PRESENCIAL;04/03/2023;False;True;[]
TXN_6960031;SANDUICHE;5;4,00;20,00;CARTEIRA DIGITAL;PARA VIAGEM;25/04/2023;False;True;[]
TXN_8963106;CAFÉ;5;2,00;10,00;DINHEIRO;PRESENCIAL;01/04/2023;False;True;[]
TXN_7167980;VITAMINA;3;4,00;12,00;N/A;N/A;05/10/2023;False;True;[]
TXN_8732716;CHÁ;3;1,50;4,50;N/A;N/A;29/12/2023;False;True;[]
TXN_3530118;BOLO;5;3,00;15,00;CARTEIRA DIGITAL;N/A;14/11/2023;False;True;[]
TXN_7875743;BOLO;5;3,00;15,00;DINHEIRO;PARA VIAGEM;17/04/2023;False;True;[]
TXN_1933315;SUCO;2;3,00;6,00;CARTEIRA DIGITAL;PRESENCIAL;29/09/2023;False;True;[]
TXN_5674503;BOLO;3;3,00;9,00;N/A;PARA VIAGEM;14/12/2023;False;True;[]
TXN_5252187;SANDUICHE;1;4,00;4,00;DINHEIRO;N/A;20/01/2023;False;True;[]
TXN_4668931;SUCO;3;3,00;9,00;DINHEIRO;PRESENCIAL;09/07/2023;False;True;[]
TXN_2504703;VITAMINA;5;4,00;20,00;CARTEIRA DIGITAL;PARA VIAGEM;09/01/2023;False;True;[]
TXN_3113428;SUCO;2;3,00;6,00;DINHEIRO;PRESENCIAL;30/10/2023;False;True;[]
TXN_7595115;SANDUICHE;2;4,00;8,00;N/A;PARA VIAGEM;17/04/2023;False;True;[]
TXN_9034955;BISCOITO;1;1,00;1,00;CARTÃO DE CRÉDITO;PRESENCIAL;07/09/2023;False;True;[]
TXN_7856009;BOLO;2;3,00;6,00;N/A;N/A;27/05/2023;False;True;[]
TXN_2375919;SANDUICHE;3;4,00;12,00;N/A;N/A;23/11/2023;False;True;[]
TXN_9344399;BISCOITO;2;1,00;2,00;N/A;N/A;04/12/2023;False;True;[]
TXN_1091243;SANDUICHE;2;4,00;8,00;N/A;PRESENCIAL;06/01/2023;False;True;[]
TXN_8800741;CAFÉ;4;;8,00;N/A;N/A;26/06/2023;True;True;[]
TXN_3546303;CHÁ;2;1,50;3,00;CARTEIRA DIGITAL;PARA VIAGEM;11/09/2023;False;True;[]
TXN_7595096;SUCO;1;3,00;3,00;N/A;N/A;02/11/2023;False;True;[]
TXN_4788849;BISCOITO;1;;1,00;N/A;PARA VIAGEM;13/03/2023;True;True;[]
TXN_7838802;BISCOITO;2;1,00;2,00;CARTÃO DE CRÉDITO;PARA VIAGEM;20/11/2023;False;True;[]
TXN_6736326;SALADA;2;5,00;10,00;CARTÃO DE CRÉDITO;PRESENCIAL;14/04/2023;False;True;[]
TXN_2536021;BISCOITO;5;1,00;5,00;N/A;PARA VIAGEM;02/10/2023;False;True;[]
TXN_2065683;N/A;3;;6,00;N/A;N/A;21/09/2023;True;True;[]
TXN_5538696;CAFÉ;2;2,00;4,00;N/A;PRESENCIAL;30/08/2023;False;True;[]
TXN_8434651;N/A;4;3,00;12,00;CARTEIRA DIGITAL;N/A;27/01/2023;False;True;[]
TXN_5466291;SALADA;1;5,00;5,00;CARTÃO DE CRÉDITO;N/A;19/09/2023;False;True;[]
TXN_2643389;SANDUICHE;2;4,00;8,00;CARTÃO DE CRÉDITO;N/A;24/08/2023;False;True;[]
TXN_9817135;SALADA;1;5,00;5,00;CARTEIRA DIGITAL;N/A;25/03/2023;False;True;[]
TXN_7426086;CAFÉ;4;2,00;8,00;N/A;N/A;13/01/2023;False;True;[]
TXN_9327861;CHÁ;5;1,50;7,50;CARTÃO DE CRÉDITO;PRESENCIAL;17/07/2023;False;True;[]
TXN_3971440;BOLO;4;3,00;12,00;CARTEIRA DIGITAL;PARA VIAGEM;22/10/2023;False;True;[]
TXN_8494583;BISCOITO;5;1,00;5,00;CARTÃO DE CRÉDITO;PRESENCIAL;29/11/2023;False;True;[]
TXN_8083377;CHÁ;4;1,50;6,00;CARTEIRA DIGITAL;PRESENCIAL;06/01/2023;False;True;[]
TXN_6883187;SUCO;2;;6,00;N/A;N/A;16/11/2023;True;True;[]
TXN_8340038;CHÁ;1;1,50;1,50;CARTEIRA DIGITAL;PRESENCIAL;15/07/2023;False;True;[]
TXN_2275799;SANDUICHE;3;4,00;12,00;CARTEIRA DIGITAL;PRESENCIAL;04/10/2023;False;True;[]
TXN_3497691;VITAMINA;4;4,00;16,00;CARTÃO DE CRÉDITO;N/A;06/09/2023;False;True;[]
TXN_5881237;BISCOITO;2;1,00;2,00;N/A;N/A;14/08/2023;False;True;[]
TXN_2271705;CHÁ;5;1,50;7,50;N/A;N/A;20/07/2023;False;True;[]
TXN_1640172;SALADA;;5,00;5,00;N/A;N/A;13/04/2023;True;True;[]
TXN_4618211;VITAMINA;4;4,00;16,00;DINHEIRO;N/A;12/09/2023;False;True;[]
TXN_9618563;VITAMINA;1;4,00;4,00;N/A;PARA VIAGEM;24/02/2023;False;True;[]
TXN_4374260;BISCOITO;1;1,00;1,00;DINHEIRO;N/A;20/04/2023;False;True;[]
TXN_1946773;SANDUICHE;4;4,00;16,00;DINHEIRO;N/A;28/08/2023;False;True;[]
TXN_4387523;BOLO;3;3,00;9,00;N/A;N/A;07/02/2023;False;True;[]
TXN_7661094;SALADA;4;5,00;20,00;DINHEIRO;N/A;21/07/2023;False;True;[]
TXN_6766664;CAFÉ;3;2,00;6,00;N/A;N/A;21/05/2023;False;True;[]
TXN_1861717;CHÁ;2;1,50;3,00;DINHEIRO;PRESENCIAL;10/11/2023;False;True;[]
TXN_3421079;VITAMINA;1;4,00;4,00;CARTÃO DE CRÉDITO;PRESENCIAL;18/12/2023;False;True;[]
TXN_7636536;BISCOITO;2;1,00;2,00;DINHEIRO;N/A;06/05/2023;False;True;[]
TXN_4971607;VITAMINA;5;4,00;20,00;DINHEIRO;PRESENCIAL;30/03/2023;False;True;[]
TXN_9701622;BISCOITO;5;1,00;5,00;CARTEIRA DIGITAL;N/A;24/09/2023;False;True;[]
TXN_6966241;SUCO;2;3,00;6,00;CARTEIRA DIGITAL;PRESENCIAL;13/04/2023;False;True;[]
TXN_9252700;N/A;3;3,00;9,00;CARTÃO DE CRÉDITO;N/A;24/08/2023;False;True;[]
TXN_1124900;N/A;4;4,00;16,00;CARTÃO DE CRÉDITO;PRESENCIAL;08/09/2023;False;True;[]
TXN_3964624;CHÁ;3;1,50;4,50;N/A;PRESENCIAL;20/09/2023;False;True;[]
TXN_2226371;BOLO;1;3,00;3,00;DINHEIRO;N/A;18/11/2023;False;True;[]
TXN_5744797;BOLO;;;3,00;DINHEIRO;PRESENCIAL;20/12/2023;True;True;[]
TXN_5777164;VITAMINA;1;4,00;4,00;CARTÃO DE CRÉDITO;PARA VIAGEM;07/02/2023;False;True;[]
TXN_5817802;CAFÉ;5;2,00;10,00;N/A;PRESENCIAL;13/02/2023;False;True;[]
TXN_3787234;CHÁ;2;1,50;3,00;CARTEIRA DIGITAL;PRESENCIAL;15/03/2023;False;True;[]
TXN_4525646;BOLO;3;3,00;9,00;CARTÃO DE CRÉDITO;N/A;07/07/2023;False;True;[]
TXN_7004303;N/A;3;4,00;12,00;DINHEIRO;PRESENCIAL;06/10/2023;False;True;[]
TXN_8649416;BOLO;5;3,00;15,00;CARTÃO DE CRÉDITO;PARA VIAGEM;21/09/2023;False;True;[]
TXN_3219599;N/A;2;3,00;6,00;N/A;N/A;22/08/2023;False;True;[]
TXN_1394131;SUCO;4;3,00;12,00;N/A;PARA VIAGEM;13/06/2023;False;True;[]
TXN_9237291;SUCO;2;3,00;6,00;CARTÃO DE CRÉDITO;N/A;22/09/2023;False;True;[]
TXN_9520855;BOLO;4;3,00;12,00;N/A;N/A;11/01/2023;False;True;[]
TXN_4565080;VITAMINA;4;4,00;16,00;CARTEIRA DIGITAL;PRESENCIAL;28/09/2023;False;True;[]
TXN_8348710;CAFÉ;1;2,00;2,00;DINHEIRO;PRESENCIAL;27/12/2023;False;True;[]
TXN_5127819;SUCO;3;3,00;9,00;N/A;N/A;03/04/2023;False;True;[]
TXN_7496394;VITAMINA;4;4,00;16,00;N/A;N/A;12/06/2023;False;True;[]
TXN_8495889;BOLO;1;3,00;3,00;DINHEIRO;PARA VIAGEM;26/06/2023;False;True;[]
TXN_5064188;SANDUICHE;4;4,00;16,00;CARTÃO DE CRÉDITO;N/A;08/12/2023;False;True;[]
TXN_6104335;VITAMINA;2;4,00;8,00;CARTÃO DE CRÉDITO;N/A;13/11/2023;False;True;[]
TXN_5313435;SALADA;4;5,00;20,00;DINHEIRO;N/A;18/02/2023;False;True;[]
TXN_6700745;SUCO;3;3,00;9,00;N/A;PRESENCIAL;23/04/2023;False;True;[]
TXN_9897215;BOLO;3;3,00;9,00;CARTÃO DE CRÉDITO;N/A;22/11/2023;False;True;[]
TXN_7764175;SALADA;3;5,00;15,00;DINHEIRO;PRESENCIAL;02/09/2023;False;True;[]
TXN_3027490;BISCOITO;3;1,00;3,00;N/A;PARA VIAGEM;25/02/2023;False;True;[]
TXN_5368297;VITAMINA;2;4,00;8,00;N/A;PARA VIAGEM;04/10/2023;False;True;[]
TXN_2053125;SALADA;1;5,00;5,00;CARTEIRA DIGITAL;N/A;26/07/2023;False;True;[]
TXN_2522828;VITAMINA;4;4,00;16,00;CARTÃO DE CRÉDITO;N/A;15/01/2023;False;True;[]
TXN_6616787;N/A;2;3,00;6,00;N/A;PRESENCIAL;29/09/2023;False;True;[]
TXN_6419317;SANDUICHE;4;4,00;16,00;CARTÃO DE CRÉDITO;N/A;25/02/2023;False;True;[]
TXN_5939950;SANDUICHE;2;4,00;8,00;DINHEIRO;N/A;16/06/2023;False;True;[]
TXN_4607296;BOLO;5;3,00;15,00;N/A;PRESENCIAL;02/04/2023;False;True;[]
TXN_8316135;SALADA;3;5,00;15,00;CARTEIRA DIGITAL;PARA VIAGEM;06/11/2023;False;True;[]
TXN_7910956;CAFÉ;5;2,00;10,00;CARTEIRA DIGITAL;PRESENCIAL;21/07/2023;False;True;[]
TXN_1142233;CHÁ;5;1,50;7,50;CARTEIRA DIGITAL;PARA VIAGEM;01/09/2023;False;True;[]
TXN_9810581;N/A;1;3,00;3,00;DINHEIRO;N/A;20/11/2023;False;True;[]
TXN_2588566;N/A;3;5,00;15,00;N/A;PARA VIAGEM;10/01/2023;False;True;[]
TXN_3786518;SALADA;1;5,00;5,00;CARTÃO DE CRÉDITO;PRESENCIAL;16/09/2023;False;True;[]
TXN_2009407;SUCO;5;;15,00;DINHEIRO;PARA VIAGEM;05/05/2023;True;True;[]
TXN_9163155;N/A;4;2,00;8,00;CARTÃO DE CRÉDITO;PARA VIAGEM;23/04/2023;False;True;[]
TXN_8272750;SALADA;5;;25,00;N/A;N/A;18/05/2023;True;True;[]
TXN_8532735;CAFÉ;2;2,00;4,00;DINHEIRO;PARA VIAGEM;28/07/2023;False;True;[]
TXN_1697299;VITAMINA;3;4,00;12,00;DINHEIRO;PRESENCIAL;08/10/2023;False;True;[]
TXN_5785639;SALADA;1;5,00;5,00;CARTÃO DE CRÉDITO;N/A;10/04/2023;False;True;[]
TXN_8445753;CHÁ;4;1,50;6,00;DINHEIRO;PARA VIAGEM;07/04/2023;False;True;[]
TXN_3641519;N/A;5;1,00;5,00;CARTEIRA DIGITAL;PRESENCIAL;08/06/2023;False;True;[]
TXN_1985278;SANDUICHE;3;4,00;12,00;N/A;PRESENCIAL;13/02/2023;False;True;[]
TXN_6612143;CHÁ;5;1,50;7,50;DINHEIRO;PRESENCIAL;07/11/2023;False;True;[]
TXN_8352416;SALADA;1;5,00;5,00;CARTEIRA DIGITAL;PRESENCIAL;26/07/2023;False;True;[]
TXN_5498693;BOLO;4;3,00;12,00;N/A;N/A;13/05/2023;False;True;[]
TXN_2644561;N/A;4;4,00;16,00;CARTEIRA DIGITAL;N/A;13/09/2023;False;True;[]
TXN_8912001;BISCOITO;;1,00;1,00;CARTÃO DE CRÉDITO;N/A;27/03/2023;True;True;[]
TXN_8330837;SUCO;3;3,00;9,00;CARTEIRA DIGITAL;N/A;13/10/2023;False;True;[]
TXN_3703482;BOLO;4;3,00;12,00;N/A;N/A;08/01/2023;False;True;[]
TXN_3455103;SALADA;1;5,00;5,00;CARTEIRA DIGITAL;PARA VIAGEM;22/04/2023;False;True;[]
TXN_1496962;VITAMINA;5;4,00;20,00;N/A;PRESENCIAL;17/12/2023;False;True;[]
TXN_4216294;CHÁ;4;1,50;6,00;DINHEIRO;PRESENCIAL;19/10/2023;False;True;[]
TXN_3002889;CAFÉ;3;2,00;6,00;CARTEIRA DIGITAL;N/A;22/10/2023;False;True;[]
TXN_4275827;N/A;2;1,50;3,00;DINHEIRO;PARA VIAGEM;21/04/2023;False;True;[]
TXN_6044312;BOLO;2;3,00;6,00;N/A;PRESENCIAL;03/01/2023;False;True;[]
TXN_4008135;BISCOITO;5;1,00;5,00;DINHEIRO;PARA VIAGEM;25/11/2023;False;True;[]
TXN_5336876;VITAMINA;;4,00;12,00;CARTÃO DE CRÉDITO;N/A;07/07/2023;True;True;[]
TXN_8990020;SANDUICHE;4;4,00;16,00;N/A;PRESENCIAL;09/09/2023;False;True;[]
TXN_5654331;CAFÉ;4;2,00;8,00;DINHEIRO;PRESENCIAL;31/07/2023;False;True;[]
TXN_1213938;SALADA;5;5,00;25,00;CARTEIRA DIGITAL;PARA VIAGEM;06/07/2023;False;True;[]
TXN_2522182;SALADA;2;5,00;10,00;CARTEIRA DIGITAL;PRESENCIAL;11/11/2023;False;True;[]
TXN_5329431;SANDUICHE;3;4,00;12,00;CARTÃO DE CRÉDITO;PRESENCIAL;03/10/2023;False;True;[]
TXN_9647494;N/A;2;4,00;8,00;CARTÃO DE CRÉDITO;N/A;21/10/2023;False;True;[]
TXN_8482887;SALADA;1;5,00;5,00;CARTEIRA DIGITAL;PARA VIAGEM;29/10/2023;False;True;[]
TXN_3883425;VITAMINA;5;4,00;20,00;CARTEIRA DIGITAL;N/A;09/07/2023;False;True;[]
TXN_4434185;VITAMINA;5;;20,00;CARTÃO DE CRÉDITO;PARA VIAGEM;30/04/2023;True;True;[]
TXN_7388851;VITAMINA;1;4,00;4,00;CARTEIRA DIGITAL;N/A;30/09/2023;False;True;[]
TXN_8460225;VITAMINA;5;4,00;20,00;N/A;PRESENCIAL;23/02/2023;False;True;[]
TXN_5471175;BISCOITO;4;1,00;4,00;DINHEIRO;N/A;16/04/2023;False;True;[]
TXN_1874601;CAFÉ;4;2,00;8,00;N/A;N/A;10/12/2023;False;True;[]
TXN_3641001;VITAMINA;3;4,00;12,00;CARTEIRA DIGITAL;N/A;10/11/2023;False;True;[]
TXN_6446441;SALADA;3;5,00;15,00;CARTEIRA DIGITAL;N/A;18/02/2023;False;True;[]
TXN_9718216;SUCO;4;3,00;12,00;N/A;N/A;07/07/2023;False;True;[]
TXN_7391138;CHÁ;5;1,50;7,50;DINHEIRO;N/A;23/08/2023;False;True;[]
TXN_9548077;CHÁ;2;1,50;3,00;DINHEIRO;PRESENCIAL;05/07/2023;False;True;[]
TXN_9185022;SANDUICHE;3;4,00;12,00;CARTEIRA DIGITAL;PRESENCIAL;19/06/2023;False;True;[]
TXN_6841993;SUCO;3;3,00;9,00;DINHEIRO;PARA VIAGEM;15/09/2023;False;True;[]
TXN_1701766;BOLO;4;3,00;12,00;N/A;N/A;22/11/2023;False;True;[]
TXN_9541057;SUCO;4;3,00;12,00;DINHEIRO;PRESENCIAL;24/04/2023;False;True;[]
TXN_4699706;CAFÉ;5;2,00;10,00;N/A;PRESENCIAL;04/12/2023;False;True;[]
TXN_2451247;CHÁ;4;1,50;6,00;CARTEIRA DIGITAL;PARA VIAGEM;14/02/2023;False;True;[]
TXN_6272908;SUCO;3;3,00;9,00;DINHEIRO;PARA VIAGEM;01/12/2023;False;True;[]
TXN_9093708;SANDUICHE;3;;12,00;CARTÃO DE CRÉDITO;PRESENCIAL;08/12/2023;True;True;[]
TXN_7785034;VITAMINA;4;4,00;16,00;N/A;PARA VIAGEM;09/11/2023;False;True;[]
TXN_4048690;BOLO;3;3,00;9,00;DINHEIRO;PRESENCIAL;06/09/2023;False;True;[]
TXN_4971992;BOLO;2;3,00;6,00;N/A;N/A;24/09/2023;False;True;[]
TXN_6738516;SANDUICHE;;4,00;20,00;DINHEIRO;N/A;07/10/2023;True;True;[]
TXN_3919995;CHÁ;3;1,50;4,50;DINHEIRO;PARA VIAGEM;26/01/2023;False;True;[]
TXN_3522385;VITAMINA;4;4,00;16,00;CARTÃO DE CRÉDITO;PARA VIAGEM;19/03/2023;False;True;[]
TXN_3140020;SUCO;5;3,00;15,00;N/A;PRESENCIAL;19/06/2023;False;True;[]
TXN_9756401;SALADA;3;5,00;15,00;DINHEIRO;PRESENCIAL;04/02/2023;False;True;[]
TXN_1937081;BOLO;2;3,00;6,00;CARTÃO DE CRÉDITO;N/A;07/06/2023;False;True;[]
TXN_9668584;BISCOITO;2;;2,00;CARTEIRA DIGITAL;N/A;13/12/2023;True;True;[]
TXN_2544072;BISCOITO;1;1,00;1,00;N/A;PRESENCIAL;17/08/2023;False;True;[]
TXN_7260110;SALADA;5;5,00;25,00;CARTÃO DE CRÉDITO;PRESENCIAL;07/03/2023;False;True;[]
TXN_1588687;CAFÉ;2;2,00;4,00;CARTEIRA DIGITAL;PARA VIAGEM;22/08/2023;False;True;[]
TXN_2886505;CHÁ;3;1,50;4,50;N/A;N/A;05/09/2023;False;True;[]
TXN_3864453;BISCOITO;5;1,00;5,00;CARTEIRA DIGITAL;N/A;15/11/2023;False;True;[]
TXN_5346027;SANDUICHE;2;4,00;8,00;N/A;N/A;19/12/2023;False;True;[]
TXN_8690361;VITAMINA;3;4,00;12,00;N/A;N/A;12/07/2023;False;True;[]
TXN_8419805;BOLO;5;3,00;15,00;N/A;PRESENCIAL;24/07/2023;False;True;[]
TXN_3125699;SUCO;1;3,00;3,00;CARTÃO DE CRÉDITO;PARA VIAGEM;05/02/2023;False;True;[]
TXN_5106316;SANDUICHE;5;4,00;20,00;CARTEIRA DIGITAL;PARA VIAGEM;23/01/2023;False;True;[]
TXN_5666369;SUCO;2;3,00;6,00;CARTEIRA DIGITAL;PRESENCIAL;17/07/2023;False;True;[]
TXN_7712807;VITAMINA;4;4,00;16,00;CARTÃO DE CRÉDITO;N/A;17/02/2023;False;True;[]
TXN_8199561;BISCOITO;4;1,00;4,00;N/A;N/A;31/07/2023;False;True;[]
TXN_4334932;CAFÉ;2;2,00;4,00;N/A;PRESENCIAL;27/12/2023;False;True;[]
TXN_4082099;SUCO;2;3,00;6,00;CARTÃO DE CRÉDITO;PRESENCIAL;01/06/2023;False;True;[]
TXN_9191700;CHÁ;5;1,50;7,50;N/A;PRESENCIAL;01/10/2023;False;True;[]
TXN_9921392;CAFÉ;5;2,00;10,00;N/A;N/A;28/06/2023;False;True;[]
TXN_7125395;SALADA;1;;5,00;DINHEIRO;PARA VIAGEM;23/07/2023;True;True;[]
TXN_4521701;BOLO;4;3,00;12,00;N/A;PRESENCIAL;08/10/2023;False;True;[]
TXN_4243930;N/A;5;4,00;20,00;DINHEIRO;PRESENCIAL;07/06/2023;False;True;[]
TXN_1418829;VITAMINA;1;4,00;4,00;N/A;PARA VIAGEM;19/09/2023;False;True;[]
TXN_8955306;CAFÉ;3;2,00;6,00;CARTÃO DE CRÉDITO;PRESENCIAL;14/10/2023;False;True;[]
TXN_7851403;CAFÉ;5;2,00;10,00;CARTÃO DE CRÉDITO;PARA VIAGEM;06/03/2023;False;True;[]
TXN_5288715;SUCO;3;3,00;9,00;CARTEIRA DIGITAL;N/A;19/04/2023;False;True;[]
TXN_7108056;SUCO;3;3,00;9,00;CARTÃO DE CRÉDITO;N/A;25/01/2023;False;True;[]
TXN_9950775;N/A;4;5,00;20,00;CARTÃO DE CRÉDITO;PARA VIAGEM;20/02/2023;False;True;[]
TXN_9688601;SUCO;1;3,00;3,00;N/A;PRESENCIAL;16/10/2023;False;True;[]
TXN_9924732;SANDUICHE;;4,00;;CARTÃO DE CRÉDITO;PRESENCIAL;18/01/2023;True;True;[]
TXN_8807429;BISCOITO;4;1,00;4,00;CARTEIRA DIGITAL;N/A;21/07/2023;False;True;[]
TXN_3340550;SUCO;2;3,00;6,00;CARTEIRA DIGITAL;N/A;02/05/2023;False;True;[]
TXN_4380808;SUCO;4;3,00;12,00;N/A;PRESENCIAL;30/04/2023;False;True;[]
TXN_6403012;SUCO;5;3,00;15,00;DINHEIRO;PRESENCIAL;23/07/2023;False;True;[]
TXN_4176272;CAFÉ;1;2,00;2,00;CARTEIRA DIGITAL;N/A;06/06/2023;False;True;[]
TXN_9293877;SUCO;;3,00;15,00;CARTEIRA DIGITAL;N/A;24/08/2023;True;True;[]
TXN_8609510;N/A;5;3,00;15,00;N/A;PARA VIAGEM;08/05/2023;False;True;[]
TXN_2294776;SUCO;4;3,00;12,00;CARTÃO DE CRÉDITO;PARA VIAGEM;10/04/2023;False;True;[]
TXN_8068515;BISCOITO;1;1,00;1,00;DINHEIRO;PARA VIAGEM;16/06/2023;False;True;[]
TXN_2556999;CHÁ;1;1,50;1,50;CARTÃO DE CRÉDITO;PARA VIAGEM;14/08/2023;False;True;[]
TXN_3816131;SUCO;3;3,00;9,00;N/A;N/A;23/01/2023;False;True;[]
TXN_6564856;CHÁ;5;1,50;7,50;CARTEIRA DIGITAL;PARA VIAGEM;16/02/2023;False;True;[]
TXN_4822256;VITAMINA;1;4,00;4,00;CARTÃO DE CRÉDITO;N/A;11/11/2023;False;True;[]
TXN_9397870;BOLO;2;;6,00;N/A;N/A;23/05/2023;True;True;[]
TXN_4976485;SALADA;5;5,00;25,00;N/A;PARA VIAGEM;10/07/2023;False;True;[]
TXN_4856060;SUCO;1;3,00;3,00;DINHEIRO;N/A;29/07/2023;False;True;[]
TXN_3967103;CAFÉ;5;2,00;10,00;DINHEIRO;N/A;14/11/2023;False;True;[]
TXN_8746881;BOLO;2;3,00;6,00;N/A;N/A;07/11/2023;False;True;[]
TXN_8732682;SALADA;5;5,00;25,00;CARTÃO DE CRÉDITO;PRESENCIAL;07/04/2023;False;True;[]
TXN_3687257;CHÁ;4;1,50;6,00;CARTÃO DE CRÉDITO;PARA VIAGEM;27/03/2023;False;True;[]
TXN_3616839;BOLO;4;3,00;12,00;CARTEIRA DIGITAL;N/A;01/04/2023;False;True;[]
TXN_2875074;BOLO;4;3,00;12,00;CARTÃO DE CRÉDITO;PARA VIAGEM;06/02/2023;False;True;[]
TXN_5470909;BISCOITO;4;1,00;4,00;CARTÃO DE CRÉDITO;PRESENCIAL;21/10/2023;False;True;[]
TXN_5680657;N/A;5;3,00;15,00;DINHEIRO;PRESENCIAL;16/05/2023;False;True;[]
TXN_3587915;SALADA;2;5,00;10,00;CARTEIRA DIGITAL;PARA VIAGEM;24/06/2023;False;True;[]
TXN_9406938;SALADA;1;5,00;5,00;N/A;N/A;09/10/2023;False;True;[]
TXN_9342366;VITAMINA;3;4,00;12,00;CARTÃO DE CRÉDITO;N/A;18/02/2023;False;True;[]
TXN_3101697;N/A;3;5,00;15,00;DINHEIRO;PRESENCIAL;29/05/2023;False;True;[]
TXN_6146889;SUCO;;3,00;6,00;N/A;PARA VIAGEM;01/09/2023;True;True;[]
TXN_7226052;SANDUICHE;3;4,00;12,00;DINHEIRO;PRESENCIAL;21/02/2023;False;True;[]
TXN_3422336;CHÁ;;1,50;7,50;N/A;PARA VIAGEM;02/08/2023;True;True;[]
TXN_8644398;SANDUICHE;4;4,00;16,00;N/A;PARA VIAGEM;08/02/2023;False;True;[]
TXN_8112788;VITAMINA;1;4,00;4,00;CARTÃO DE CRÉDITO;PARA VIAGEM;07/08/2023;False;True;[]
TXN_4179583;VITAMINA;3;4,00;12,00;CARTEIRA DIGITAL;PARA VIAGEM;13/06/2023;False;True;[]
TXN_3787265;SALADA;1;5,00;5,00;CARTÃO DE CRÉDITO;PRESENCIAL;16/12/2023;False;True;[]
TXN_3577683;BISCOITO;2;1,00;2,00;CARTEIRA DIGITAL;PRESENCIAL;17/09/2023;False;True;[]
TXN_1310741;SANDUICHE;3;4,00;12,00;N/A;PARA VIAGEM;25/07/2023;False;True;[]
TXN_2862856;BOLO;5;3,00;15,00;N/A;PARA VIAGEM;01/02/2023;False;True;[]
TXN_4940237;BOLO;2;3,00;6,00;DINHEIRO;PARA VIAGEM;03/08/2023;False;True;[]
TXN_8765822;BOLO;1;3,00;3,00;CARTÃO DE CRÉDITO;PARA VIAGEM;22/03/2023;False;True;[]
TXN_3205813;SUCO;3;3,00;9,00;DINHEIRO;PRESENCIAL;25/04/2023;False;True;[]
TXN_8436045;BOLO;;3,00;15,00;CARTÃO DE CRÉDITO;N/A;08/08/2023;True;True;[]
TXN_5751040;CHÁ;5;1,50;7,50;DINHEIRO;N/A;27/02/2023;False;True;[]
TXN_4657291;CAFÉ;;2,00;4,00;N/A;PARA VIAGEM;05/05/2023;True;True;[]
TXN_8018572;BISCOITO;5;1,00;5,00;N/A;PRESENCIAL;09/10/2023;False;True;[]
TXN_3454877;SANDUICHE;5;4,00;20,00;CARTÃO DE CRÉDITO;N/A;19/04/2023;False;True;[]
TXN_1837764;CHÁ;3;1,50;4,50;DINHEIRO;PRESENCIAL;30/07/2023;False;True;[]
TXN_4120124;CAFÉ;1;2,00;2,00;N/A;N/A;08/06/2023;False;True;[]
TXN_1661682;N/A;5;4,00;20,00;CARTEIRA DIGITAL;N/A;13/07/2023;False;True;[]
TXN_1927404;SUCO;1;3,00;3,00;CARTEIRA DIGITAL;N/A;22/12/2023;False;True;[]
TXN_9147596;CAFÉ;2;;4,00;CARTEIRA DIGITAL;PARA VIAGEM;08/10/2023;True;True;[]
TXN_5012988;SALADA;3;5,00;15,00;CARTÃO DE CRÉDITO;N/A;17/08/2023;False;True;[]
TXN_1534763;BISCOITO;2;1,00;2,00;DINHEIRO;PARA VIAGEM;17/09/2023;False;True;[]
TXN_4485458;SANDUICHE;4;4,00;16,00;DINHEIRO;PARA VIAGEM;08/12/2023;False;True;[]
TXN_9288882;SANDUICHE;3;4,00;12,00;N/A;PRESENCIAL;23/04/2023;False;True;[]
TXN_3964550;CHÁ;3;1,50;4,50;CARTÃO DE CRÉDITO;PARA VIAGEM;09/06/2023;False;True;[]
TXN_2509803;CAFÉ;1;;2,00;N/A;N/A;22/02/2023;True;True;[]
TXN_3769567;N/A;1;1,00;1,00;CARTEIRA DIGITAL;PRESENCIAL;10/02/2023;False;True;[]
TXN_4529101;BISCOITO;2;1,00;2,00;CARTEIRA DIGITAL;PRESENCIAL;17/09/2023;False;True;[]
TXN_2391534;BISCOITO;3;1,00;3,00;CARTÃO DE CRÉDITO;N/A;06/05/2023;False;True;[]
TXN_8379919;BISCOITO;3;1,00;3,00;CARTEIRA DIGITAL;N/A;04/12/2023;False;True;[]
TXN_6474636;N/A;3;1,50;4,50;N/A;PRESENCIAL;25/10/2023;False;True;[]
TXN_6219977;BISCOITO;2;1,00;2,00;CARTÃO DE CRÉDITO;N/A;17/12/2023;False;True;[]
TXN_5731238;BOLO;2;3,00;6,00;CARTÃO DE CRÉDITO;N/A;27/03/2023;False;True;[]
TXN_7825796;CHÁ;2;1,50;3,00;N/A;N/A;03/04/2023;False;True;[]
TXN_2375667;SALADA;1;5,00;5,00;DINHEIRO;N/A;28/12/2023;False;True;[]
TXN_5213761;CAFÉ;3;2,00;6,00;CARTEIRA DIGITAL;PARA VIAGEM;18/08/2023;False;True;[]
TXN_1427485;CAFÉ;3;2,00;6,00;CARTÃO DE CRÉDITO;N/A;19/07/2023;False;True;[]
TXN_5954991;SANDUICHE;3;4,00;12,00;N/A;PARA VIAGEM;07/08/2023;False;True;[]
TXN_8860270;N/A;1;4,00;4,00;DINHEIRO;PARA VIAGEM;06/11/2023;False;True;[]
TXN_6482416;CAFÉ;1;2,00;2,00;N/A;N/A;20/07/2023;False;True;[]
TXN_4916611;SUCO;5;3,00;15,00;N/A;PARA VIAGEM;21/05/2023;False;True;[]
TXN_4814244;VITAMINA;3;4,00;12,00;N/A;PRESENCIAL;01/06/2023;False;True;[]
TXN_7968892;CHÁ;2;1,50;3,00;N/A;PRESENCIAL;02/10/2023;False;True;[]
TXN_9535721;BOLO;5;3,00;15,00;CARTEIRA DIGITAL;PRESENCIAL;03/08/2023;False;True;[]
TXN_2161372;SUCO;1;3,00;3,00;CARTÃO DE CRÉDITO;PARA VIAGEM;17/12/2023;False;True;[]
TXN_8877714;SUCO;5;3,00;15,00;N/A;N/A;28/03/2023;False;True;[]
TXN_5478129;SUCO;4;3,00;12,00;CARTÃO DE CRÉDITO;N/A;22/01/2023;False;True;[]
TXN_7267366;SANDUICHE;3;4,00;12,00;CARTEIRA DIGITAL;PARA VIAGEM;02/06/2023;False;True;[]
TXN_4696403;N/A;3;1,00;3,00;DINHEIRO;N/A;19/08/2023;False;True;[]
TXN_2480808;N/A;1;;4,00;CARTÃO DE CRÉDITO;N/A;30/03/2023;True;True;[]
TXN_8688603;CAFÉ;2;2,00;4,00;DINHEIRO;N/A;05/05/2023;False;True;[]
TXN_6148811;CHÁ;5;1,50;7,50;CARTÃO DE CRÉDITO;PARA VIAGEM;18/06/2023;False;True;[]
TXN_4382406;CAFÉ;5;2,00;10,00;N/A;PARA VIAGEM;26/09/2023;False;True;[]
TXN_5426507;SUCO;2;3,00;6,00;DINHEIRO;PARA VIAGEM;13/06/2023;False;True;[]
TXN_3855408;BISCOITO;1;1,00;1,00;DINHEIRO;PARA VIAGEM;02/06/2023;False;True;[]
TXN_6992783;CHÁ;1;1,50;1,50;CARTEIRA DIGITAL;PARA VIAGEM;29/01/2023;False;True;[]
TXN_2638810;CHÁ;2;1,50;3,00;N/A;PARA VIAGEM;16/11/2023;False;True;[]
TXN_9158251;SALADA;2;5,00;10,00;CARTÃO DE CRÉDITO;N/A;24/03/2023;False;True;[]
TXN_3390610;SANDUICHE;2;4,00;8,00;N/A;N/A;01/02/2023;False;True;[]
TXN_6498876;SANDUICHE;3;4,00;12,00;N/A;PARA VIAGEM;20/08/2023;False;True;[]
TXN_1627038;SUCO;4;3,00;12,00;N/A;PARA VIAGEM;25/12/2023;False;True;[]
TXN_2785262;SALADA;3;5,00;15,00;DINHEIRO;PARA VIAGEM;30/08/2023;False;True;[]
TXN_9944730;CHÁ;1;1,50;1,50;CARTEIRA DIGITAL;N/A;10/04/2023;False;True;[]
TXN_7002929;BISCOITO;1;1,00;1,00;N/A;PRESENCIAL;30/01/2023;False;True;[]
TXN_7484886;VITAMINA;3;4,00;12,00;N/A;N/A;17/04/2023;False;True;[]
TXN_7316790;CAFÉ;1;2,00;2,00;CARTÃO DE CRÉDITO;PRESENCIAL;07/11/2023;False;True;[]
TXN_4663529;SANDUICHE;5;4,00;20,00;CARTEIRA DIGITAL;N/A;24/12/2023;False;True;[]
TXN_2675174;SALADA;2;5,00;10,00;N/A;PARA VIAGEM;04/12/2023;False;True;[]
TXN_4350798;N/A;1;5,00;5,00;CARTÃO DE CRÉDITO;PRESENCIAL;23/11/2023;False;True;[]
TXN_7229543;BOLO;1;3,00;3,00;CARTÃO DE CRÉDITO;N/A;10/07/2023;False;True;[]
TXN_4330643;BISCOITO;3;1,00;3,00;DINHEIRO;PARA VIAGEM;15/05/2023;False;True;[]
TXN_2003488;SUCO;3;3,00;9,00;N/A;PARA VIAGEM;25/09/2023;False;True;[]
TXN_2206884;N/A;5;5,00;25,00;CARTÃO DE CRÉDITO;N/A;22/06/2023;False;True;[]
TXN_3492393;CAFÉ;1;2,00;2,00;N/A;PRESENCIAL;29/05/2023;False;True;[]
TXN_3894660;SUCO;2;3,00;6,00;N/A;N/A;09/02/2023;False;True;[]
TXN_5766532;VITAMINA;5;4,00;20,00;DINHEIRO;PRESENCIAL;23/06/2023;False;True;[]
TXN_5476485;SUCO;2;3,00;6,00;DINHEIRO;PRESENCIAL;07/01/2023;False;True;[]
TXN_9335226;SANDUICHE;5;4,00;20,00;N/A;N/A;08/05/2023;False;True;[]
TXN_2581559;SANDUICHE;1;4,00;4,00;CARTÃO DE CRÉDITO;PARA VIAGEM;25/03/2023;False;True;[]
TXN_9146123;CAFÉ;2;2,00;4,00;CARTEIRA DIGITAL;N/A;12/12/2023;False;True;[]
TXN_1335256;CAFÉ;5;2,00;10,00;N/A;PARA VIAGEM;04/08/2023;False;True;[]
TXN_5968921;SALADA;5;5,00;25,00;CARTÃO DE CRÉDITO;PARA VIAGEM;10/10/2023;False;True;[]
TXN_6895558;CAFÉ;2;2,00;4,00;CARTÃO DE CRÉDITO;N/A;10/04/2023;False;True;[]
TXN_6428404;SALADA;2;5,00;10,00;CARTEIRA DIGITAL;PRESENCIAL;06/02/2023;False;True;[]
TXN_1190402;BOLO;1;3,00;3,00;CARTÃO DE CRÉDITO;PARA VIAGEM;01/12/2023;False;True;[]
TXN_9607633;N/A;2;1,00;2,00;CARTEIRA DIGITAL;N/A;25/08/2023;False;True;[]
TXN_6349424;SANDUICHE;5;4,00;20,00;DINHEIRO;PARA VIAGEM;24/02/2023;False;True;[]
TXN_1401771;SANDUICHE;2;4,00;8,00;DINHEIRO;N/A;08/12/2023;False;True;[]
TXN_9188733;SALADA;;5,00;15,00;N/A;PRESENCIAL;19/08/2023;True;True;[]
TXN_3334632;N/A;1;;2,00;CARTÃO DE CRÉDITO;PARA VIAGEM;20/11/2023;True;True;[]
TXN_3851928;SUCO;3;3,00;9,00;CARTÃO DE CRÉDITO;PRESENCIAL;07/02/2023;False;True;[]
TXN_8267915;SANDUICHE;2;4,00;8,00;N/A;PARA VIAGEM;22/03/2023;False;True;[]
TXN_3726397;SALADA;5;5,00;25,00;N/A;PARA VIAGEM;30/01/2023;False;True;[]
TXN_1210058;CHÁ;5;1,50;7,50;N/A;N/A;25/11/2023;False;True;[]
TXN_7791293;SALADA;3;5,00;15,00;CARTÃO DE CRÉDITO;PARA VIAGEM;08/04/2023;False;True;[]
TXN_6343367;SUCO;2;3,00;6,00;N/A;PRESENCIAL;17/09/2023;False;True;[]
TXN_2653224;SUCO;3;3,00;9,00;CARTEIRA DIGITAL;N/A;27/03/2023;False;True;[]
TXN_6300001;CHÁ;;1,50;1,50;CARTEIRA DIGITAL;N/A;07/06/2023;True;True;[]
TXN_4693942;SANDUICHE;4;4,00;16,00;DINHEIRO;PARA VIAGEM;16/12/2023;False;True;[]
TXN_3562418;N/A;2;4,00;8,00;CARTEIRA DIGITAL;N/A;13/08/2023;False;True;[]
TXN_7963324;CAFÉ;3;2,00;6,00;N/A;PARA VIAGEM;09/12/2023;False;True;[]
TXN_5563486;SUCO;5;3,00;15,00;CARTEIRA DIGITAL;PRESENCIAL;13/03/2023;False;True;[]
TXN_3679582;N/A;5;2,00;10,00;CARTÃO DE CRÉDITO;PRESENCIAL;11/04/2023;False;True;[]
TXN_6932752;VITAMINA;5;4,00;20,00;N/A;N/A;20/09/2023;False;True;[]
TXN_5697414;BOLO;5;3,00;15,00;CARTÃO DE CRÉDITO;PRESENCIAL;16/02/2023;False;True;[]
TXN_5434310;VITAMINA;3;4,00;12,00;DINHEIRO;N/A;21/11/2023;False;True;[]
TXN_8435360;N/A;3;1,50;4,50;CARTÃO DE CRÉDITO;PRESENCIAL;03/07/2023;False;True;[]
TXN_5422843;SANDUICHE;2;4,00;8,00;DINHEIRO;PRESENCIAL;21/07/2023;False;True;[]
TXN_1704041;CAFÉ;4;2,00;8,00;CARTÃO DE CRÉDITO;N/A;21/05/2023;False;True;[]
TXN_9729178;CAFÉ;3;2,00;6,00;CARTÃO DE CRÉDITO;N/A;28/05/2023;False;True;[]
TXN_4663964;BISCOITO;4;;4,00;CARTEIRA DIGITAL;PRESENCIAL;29/06/2023;True;True;[]
TXN_6805057;BISCOITO;4;1,00;4,00;CARTÃO DE CRÉDITO;N/A;15/10/2023;False;True;[]
TXN_8162690;SALADA;2;5,00;10,00;CARTEIRA DIGITAL;N/A;08/05/2023;False;True;[]
TXN_7089712;BOLO;5;3,00;15,00;DINHEIRO;N/A;13/08/2023;False;True;[]
TXN_8077812;SALADA;5;;25,00;DINHEIRO;PRESENCIAL;16/01/2023;True;True;[]
TXN_4834450;BOLO;2;3,00;6,00;DINHEIRO;N/A;26/06/2023;False;True;[]
TXN_9081686;BISCOITO;5;1,00;5,00;N/A;N/A;11/06/2023;False;True;[]
TXN_6650875;BISCOITO;5;1,00;5,00;CARTÃO DE CRÉDITO;PARA VIAGEM;29/01/2023;False;True;[]
TXN_2133223;BOLO;3;3,00;9,00;DINHEIRO;N/A;17/11/2023;False;True;[]
TXN_5879154;SALADA;2;5,00;10,00;N/A;PARA VIAGEM;28/06/2023;False;True;[]
TXN_9575926;SANDUICHE;3;4,00;12,00;CARTÃO DE CRÉDITO;N/A;12/12/2023;False;True;[]
TXN_5425911;VITAMINA;1;4,00;4,00;CARTEIRA DIGITAL;N/A;30/11/2023;False;True;[]
TXN_5604021;SANDUICHE;;4,00;4,00;DINHEIRO;PARA VIAGEM;10/09/2023;True;True;[]
TXN_9860308;VITAMINA;2;4,00;8,00;CARTEIRA DIGITAL;N/A;20/02/2023;False;True;[]
TXN_5908078;N/A;1;2,00;2,00;N/A;PRESENCIAL;23/03/2023;False;True;[]
TXN_3507013;SUCO;1;;3,00;CARTEIRA DIGITAL;PRESENCIAL;16/01/2023;True;True;[]
TXN_7896733;BOLO;4;3,00;12,00;CARTEIRA DIGITAL;N/A;03/06/2023;False;True;[]
TXN_3092390;SANDUICHE;3;;12,00;N/A;PRESENCIAL;24/07/2023;True;True;[]
TXN_8131570;SALADA;4;5,00;20,00;N/A;PRESENCIAL;02/12/2023;False;True;[]
TXN_3898445;SANDUICHE;3;4,00;12,00;DINHEIRO;PARA VIAGEM;17/06/2023;False;True;[]
TXN_7641606;CAFÉ;3;2,00;6,00;CARTÃO DE CRÉDITO;PARA VIAGEM;26/12/2023;False;True;[]
TXN_1414039;SUCO;4;3,00;12,00;N/A;N/A;13/02/2023;False;True;[]
TXN_2322162;N/A;5;3,00;15,00;CARTEIRA DIGITAL;N/A;12/11/2023;False;True;[]
TXN_6190857;CHÁ;1;1,50;1,50;N/A;PRESENCIAL;14/10/2023;False;True;[]
TXN_7652830;N/A;2;3,00;6,00;N/A;N/A;15/08/2023;False;True;[]
TXN_1805937;SUCO;3;3,00;9,00;CARTÃO DE CRÉDITO;N/A;12/06/2023;False;True;[]
TXN_4717715;SANDUICHE;3;4,00;12,00;CARTEIRA DIGITAL;N/A;27/07/2023;False;True;[]
TXN_1237674;N/A;3;1,50;4,50;CARTÃO DE CRÉDITO;N/A;04/10/2023;False;True;[]
TXN_2672972;SANDUICHE;1;4,00;4,00;CARTEIRA DIGITAL;PARA VIAGEM;15/06/2023;False;True;[]
TXN_9582818;N/A;1;4,00;4,00;DINHEIRO;PRESENCIAL;27/10/2023;False;True;[]
TXN_6970542;SANDUICHE;4;4,00;16,00;CARTÃO DE CRÉDITO;N/A;04/08/2023;False;True;[]
TXN_6091542;SUCO;5;3,00;15,00;CARTEIRA DIGITAL;PARA VIAGEM;17/01/2023;False;True;[]
TXN_4184461;SALADA;2;5,00;10,00;CARTEIRA DIGITAL;PRESENCIAL;22/02/2023;False;True;[]
TXN_3224397;BISCOITO;4;1,00;4,00;CARTEIRA DIGITAL;PARA VIAGEM;15/05/2023;False;True;[]
TXN_2772639;CHÁ;4;1,50;6,00;CARTÃO DE CRÉDITO;PRESENCIAL;30/08/2023;False;True;[]
TXN_4385826;N/A;2;1,50;3,00;CARTÃO DE CRÉDITO;PARA VIAGEM;02/08/2023;False;True;[]
TXN_5109348;BOLO;4;3,00;12,00;CARTEIRA DIGITAL;PRESENCIAL;10/02/2023;False;True;[]
TXN_6137985;CAFÉ;5;2,00;10,00;CARTÃO DE CRÉDITO;PRESENCIAL;15/03/2023;False;True;[]
TXN_3895871;N/A;1;1,00;1,00;N/A;PRESENCIAL;30/05/2023;False;True;[]
TXN_3526255;VITAMINA;4;4,00;16,00;N/A;PARA VIAGEM;23/06/2023;False;True;[]
TXN_7310356;SUCO;4;3,00;12,00;CARTEIRA DIGITAL;N/A;20/10/2023;False;True;[]
TXN_9054074;BOLO;1;3,00;3,00;CARTÃO DE CRÉDITO;PARA VIAGEM;15/10/2023;False;True;[]
TXN_7538724;SANDUICHE;1;4,00;4,00;N/A;PRESENCIAL;17/05/2023;False;True;[]
TXN_6715991;SUCO;1;3,00;3,00;DINHEIRO;N/A;18/06/2023;False;True;[]
TXN_2271725;VITAMINA;5;4,00;20,00;DINHEIRO;N/A;21/12/2023;False;True;[]
TXN_1488481;CAFÉ;4;2,00;8,00;CARTÃO DE CRÉDITO;PARA VIAGEM;28/07/2023;False;True;[]
TXN_4600894;N/A;5;5,00;25,00;CARTEIRA DIGITAL;N/A;17/09/2023;False;True;[]
TXN_3494652;CAFÉ;1;2,00;2,00;N/A;N/A;23/05/2023;False;True;[]
TXN_2860281;VITAMINA;4;4,00;16,00;DINHEIRO;N/A;19/09/2023;False;True;[]
TXN_1232346;SALADA;5;5,00;25,00;CARTEIRA DIGITAL;PRESENCIAL;04/01/2023;False;True;[]
TXN_1911093;CHÁ;2;1,50;3,00;CARTEIRA DIGITAL;PRESENCIAL;07/10/2023;False;True;[]
TXN_1672229;BISCOITO;2;1,00;2,00;DINHEIRO;N/A;12/11/2023;False;True;[]
TXN_7056162;VITAMINA;3;4,00;12,00;CARTEIRA DIGITAL;PRESENCIAL;04/03/2023;False;True;[]
TXN_2064049;SALADA;4;5,00;20,00;CARTÃO DE CRÉDITO;PARA VIAGEM;21/09/2023;False;True;[]
TXN_8191202;BISCOITO;2;;2,00;CARTEIRA DIGITAL;PRESENCIAL;14/01/2023;True;True;[]
TXN_4518505;CHÁ;;1,50;7,50;DINHEIRO;N/A;09/05/2023;True;True;[]
TXN_2823220;SALADA;4;5,00;20,00;N/A;PRESENCIAL;17/05/2023;False;True;[]
TXN_6826409;SANDUICHE;1;4,00;4,00;CARTÃO DE CRÉDITO;PARA VIAGEM;21/10/2023;False;True;[]
TXN_2954833;CAFÉ;1;2,00;2,00;N/A;N/A;29/01/2023;False;True;[]
TXN_5309677;CAFÉ;4;2,00;8,00;DINHEIRO;PRESENCIAL;09/08/2023;False;True;[]
TXN_6011106;SUCO;2;3,00;6,00;CARTEIRA DIGITAL;N/A;07/09/2023;False;True;[]
TXN_4714592;CHÁ;1;1,50;1,50;DINHEIRO;N/A;02/06/2023;False;True;[]
TXN_6704284;SALADA;2;5,00;10,00;CARTÃO DE CRÉDITO;PARA VIAGEM;31/08/2023;False;True;[]
TXN_9506076;SALADA;5;5,00;25,00;N/A;N/A;17/01/2023;False;True;[]
TXN_2354394;CHÁ;4;1,50;6,00;DINHEIRO;PRESENCIAL;17/04/2023;False;True;[]
TXN_3436344;VITAMINA;2;4,00;8,00;N/A;N/A;28/02/2023;False;True;[]
TXN_7826516;BOLO;4;3,00;12,00;CARTÃO DE CRÉDITO;N/A;21/06/2023;False;True;[]
TXN_2699745;CAFÉ;4;2,00;8,00;N/A;PRESENCIAL;30/12/2023;False;True;[]
TXN_6097664;SALADA;4;5,00;20,00;CARTEIRA DIGITAL;PRESENCIAL;27/11/2023;False;True;[]
TXN_3858288;CHÁ;2;1,50;3,00;N/A;N/A;12/04/2023;False;True;[]
TXN_1272815;SUCO;4;3,00;12,00;CARTÃO DE CRÉDITO;N/A;07/08/2023;False;True;[]
TXN_4755623;SUCO;3;3,00;9,00;DINHEIRO;N/A;23/11/2023;False;True;[]
TXN_8261045;CHÁ;3;1,50;4,50;DINHEIRO;N/A;21/01/2023;False;True;[]
TXN_2217015;CAFÉ;3;2,00;6,00;N/A;PARA VIAGEM;17/04/2023;False;True;[]
TXN_1660104;VITAMINA;2;4,00;8,00;CARTÃO DE CRÉDITO;PARA VIAGEM;04/02/2023;False;True;[]
TXN_6589078;CHÁ;3;1,50;4,50;CARTEIRA DIGITAL;N/A;03/08/2023;False;True;[]
TXN_6306555;VITAMINA;1;4,00;4,00;CARTEIRA DIGITAL;PARA VIAGEM;12/04/2023;False;True;[]
TXN_1208561;N/A;;;20,00;CARTÃO DE CRÉDITO;N/A;19/08/2023;True;True;[]
TXN_8751702;N/A;5;;15,00;DINHEIRO;N/A;13/02/2023;True;True;[]
TXN_2079029;BOLO;5;3,00;15,00;DINHEIRO;PRESENCIAL;11/05/2023;False;True;[]
TXN_5737641;BISCOITO;1;1,00;1,00;N/A;N/A;16/02/2023;False;True;[]
TXN_2845506;CHÁ;2;1,50;3,00;CARTEIRA DIGITAL;PARA VIAGEM;30/12/2023;False;True;[]
TXN_8565799;VITAMINA;4;4,00;16,00;CARTÃO DE CRÉDITO;PRESENCIAL;22/04/2023;False;True;[]
TXN_3052584;SALADA;1;5,00;5,00;DINHEIRO;PRESENCIAL;21/01/2023;False;True;[]
TXN_1530892;SUCO;2;3,00;6,00;CARTEIRA DIGITAL;N/A;09/09/2023;False;True;[]
TXN_3392953;CAFÉ;1;2,00;2,00;CARTEIRA DIGITAL;PARA VIAGEM;06/01/2023;False;True;[]
TXN_4606893;SUCO;5;3,00;15,00;CARTEIRA DIGITAL;PRESENCIAL;24/05/2023;False;True;[]
TXN_7300653;BISCOITO;5;1,00;5,00;N/A;N/A;24/04/2023;False;True;[]
TXN_1759063;BISCOITO;2;1,00;2,00;CARTEIRA DIGITAL;PARA VIAGEM;09/09/2023;False;True;[]
TXN_1706896;VITAMINA;3;4,00;12,00;DINHEIRO;N/A;15/07/2023;False;True;[]
TXN_3325234;CHÁ;;1,50;1,50;N/A;PRESENCIAL;26/08/2023;True;True;[]
TXN_1976619;CAFÉ;2;2,00;4,00;CARTEIRA DIGITAL;N/A;02/08/2023;False;True;[]
TXN_7953750;SANDUICHE;5;4,00;20,00;DINHEIRO;PRESENCIAL;16/06/2023;False;True;[]
TXN_9162296;N/A;3;4,00;12,00;DINHEIRO;PRESENCIAL;10/05/2023;False;True;[]
TXN_8367194;SUCO;1;3,00;3,00;CARTEIRA DIGITAL;PARA VIAGEM;04/02/2023;False;True;[]
TXN_4959078;BOLO;2;3,00;6,00;CARTEIRA DIGITAL;PARA VIAGEM;13/09/2023;False;True;[]
TXN_4552137;CHÁ;2;1,50;3,00;N/A;PRESENCIAL;05/04/2023;False;True;[]
TXN_1748121;BOLO;2;3,00;6,00;N/A;PRESENCIAL;07/12/2023;False;True;[]
TXN_7922350;CAFÉ;2;2,00;4,00;N/A;PARA VIAGEM;09/05/2023;False;True;[]
TXN_1944293;CAFÉ;3;2,00;6,00;N/A;PRESENCIAL;25/02/2023;False;True;[]
TXN_4528914;SALADA;;5,00;5,00;N/A;PRESENCIAL;06/08/2023;True;True;[]
TXN_1928401;SANDUICHE;5;4,00;20,00;CARTEIRA DIGITAL;PRESENCIAL;15/06/2023;False;True;[]
TXN_7621213;CAFÉ;;2,00;6,00;N/A;PRESENCIAL;07/03/2023;True;True;[]
TXN_7861799;BISCOITO;2;1,00;2,00;DINHEIRO;PARA VIAGEM;23/05/2023;False;True;[]
TXN_5244674;BOLO;5;3,00;15,00;N/A;N/A;27/04/2023;False;True;[]
TXN_9679675;CAFÉ;1;2,00;2,00;DINHEIRO;N/A;07/07/2023;False;True;[]
TXN_2562041;BOLO;5;3,00;15,00;DINHEIRO;PARA VIAGEM;24/12/2023;False;True;[]
TXN_2738904;VITAMINA;4;4,00;16,00;CARTEIRA DIGITAL;N/A;23/11/2023;False;True;[]
TXN_7359190;SALADA;;5,00;15,00;N/A;N/A;19/12/2023;True;True;[]
TXN_9266499;BOLO;1;3,00;3,00;CARTEIRA DIGITAL;N/A;16/02/2023;False;True;[]
TXN_9196229;SANDUICHE;5;4,00;20,00;CARTÃO DE CRÉDITO;N/A;08/12/2023;False;True;[]
TXN_3740505;N/A;2;1,50;3,00;N/A;N/A;21/11/2023;False;True;[]
TXN_4308634;CAFÉ;3;2,00;6,00;DINHEIRO;PRESENCIAL;14/02/2023;False;True;[]
TXN_3450880;CHÁ;3;1,50;4,50;N/A;PRESENCIAL;29/05/2023;False;True;[]
TXN_6838411;CAFÉ;1;2,00;2,00;DINHEIRO;N/A;04/07/2023;False;True;[]
TXN_7548396;CHÁ;2;1,50;3,00;CARTEIRA DIGITAL;N/A;06/04/2023;False;True;[]
TXN_8786286;SANDUICHE;5;4,00;20,00;CARTEIRA DIGITAL;N/A;28/05/2023;False;True;[]
TXN_7439400;SALADA;3;5,00;15,00;N/A;PARA VIAGEM;28/06/2023;False;True;[]
TXN_7461658;CAFÉ;3;2,00;6,00;CARTÃO DE CRÉDITO;N/A;13/08/2023;False;True;[]
TXN_6017034;BOLO;4;3,00;12,00;N/A;N/A;06/10/2023;False;True;[]
TXN_3649492;SALADA;4;5,00;20,00;CARTEIRA DIGITAL;N/A;01/12/2023;False;True;[]
TXN_4071743;N/A;5;2,00;10,00;N/A;PARA VIAGEM;06/07/2023;False;True;[]
TXN_8150967;VITAMINA;3;4,00;12,00;DINHEIRO;N/A;08/01/2023;False;True;[]
TXN_3792683;SALADA;4;5,00;20,00;CARTEIRA DIGITAL;PRESENCIAL;06/08/2023;False;True;[]
TXN_4006067;SUCO;4;3,00;12,00;DINHEIRO;PARA VIAGEM;30/01/2023;False;True;[]
TXN_1975184;CAFÉ;;2,00;;CARTEIRA DIGITAL;N/A;15/01/2023;True;True;[]
TXN_3456242;SANDUICHE;5;4,00;20,00;CARTÃO DE CRÉDITO;N/A;28/04/2023;False;True;[]
TXN_1928131;VITAMINA;1;4,00;4,00;CARTÃO DE CRÉDITO;PARA VIAGEM;17/04/2023;False;True;[]
TXN_8318388;BOLO;5;3,00;15,00;N/A;N/A;26/11/2023;False;True;[]
TXN_8270768;SUCO;5;3,00;15,00;CARTEIRA DIGITAL;PARA VIAGEM;28/02/2023;False;True;[]
TXN_4157300;CHÁ;4;1,50;6,00;DINHEIRO;PARA VIAGEM;23/09/2023;False;True;[]
TXN_3224156;BISCOITO;1;1,00;1,00;CARTÃO DE CRÉDITO;PRESENCIAL;16/03/2023;False;True;[]
TXN_3105633;N/A;1;2,00;2,00;N/A;PRESENCIAL;30/03/2023;False;True;[]
TXN_7936851;SANDUICHE;3;4,00;12,00;N/A;N/A;07/10/2023;False;True;[]
TXN_6393305;SALADA;5;5,00;25,00;CARTEIRA DIGITAL;PRESENCIAL;19/10/2023;False;True;[]
TXN_7326720;BOLO;2;3,00;6,00;N/A;PRESENCIAL;08/12/2023;False;True;[]
TXN_3069563;SANDUICHE;2;4,00;8,00;DINHEIRO;N/A;25/04/2023;False;True;[]
TXN_1728427;CAFÉ;5;2,00;10,00;DINHEIRO;N/A;11/02/2023;False;True;[]
TXN_9176288;CHÁ;2;1,50;3,00;CARTEIRA DIGITAL;PRESENCIAL;08/02/2023;False;True;[]
TXN_9071439;SUCO;3;3,00;9,00;CARTÃO DE CRÉDITO;N/A;05/02/2023;False;True;[]
TXN_1841204;SALADA;3;5,00;15,00;CARTEIRA DIGITAL;PRESENCIAL;18/04/2023;False;True;[]
TXN_8963470;SALADA;;5,00;10,00;N/A;PRESENCIAL;01/06/2023;True;True;[]
TXN_8330240;SANDUICHE;4;4,00;16,00;CARTEIRA DIGITAL;N/A;06/06/2023;False;True;[]
TXN_3534588;SALADA;1;5,00;5,00;DINHEIRO;N/A;05/07/2023;False;True;[]
TXN_2749289;VITAMINA;2;4,00;8,00;CARTEIRA DIGITAL;PARA VIAGEM;05/05/2023;False;True;[]
TXN_6587628;CAFÉ;5;2,00;10,00;N/A;PRESENCIAL;09/05/2023;False;True;[]
TXN_1711872;SUCO;1;3,00;3,00;N/A;PARA VIAGEM;27/01/2023;False;True;[]
TXN_3809533;SUCO;2;;;CARTEIRA DIGITAL;PARA VIAGEM;02/02/2023;True;True;[]
TXN_4339925;BISCOITO;1;1,00;1,00;DINHEIRO;PARA VIAGEM;23/11/2023;False;True;[]
TXN_1183208;VITAMINA;5;4,00;20,00;N/A;N/A;26/08/2023;False;True;[]
TXN_9089045;CAFÉ;;2,00;10,00;DINHEIRO;PRESENCIAL;12/03/2023;True;True;[]
TXN_9503145;SUCO;5;3,00;15,00;CARTEIRA DIGITAL;N/A;21/09/2023;False;True;[]
TXN_8999360;SUCO;3;3,00;9,00;DINHEIRO;PARA VIAGEM;27/09/2023;False;True;[]
TXN_6188262;SUCO;1;3,00;3,00;DINHEIRO;PARA VIAGEM;24/10/2023;False;True;[]
TXN_5967452;SUCO;5;3,00;15,00;CARTÃO DE CRÉDITO;N/A;07/03/2023;False;True;[]
TXN_9053365;BISCOITO;1;1,00;1,00;CARTEIRA DIGITAL;PRESENCIAL;15/07/2023;False;True;[]
TXN_3706457;CHÁ;5;1,50;7,50;CARTÃO DE CRÉDITO;PARA VIAGEM;18/07/2023;False;True;[]
TXN_9612533;BOLO;2;3,00;6,00;CARTEIRA DIGITAL;PRESENCIAL;26/01/2023;False;True;[]
TXN_4948026;CHÁ;4;1,50;6,00;CARTEIRA DIGITAL;PRESENCIAL;02/07/2023;False;True;[]
TXN_8741663;VITAMINA;1;4,00;4,00;CARTÃO DE CRÉDITO;PARA VIAGEM;21/01/2023;False;True;[]
TXN_7249396;BOLO;1;3,00;3,00;DINHEIRO;N/A;26/09/2023;False;True;[]
TXN_8922585;SALADA;5;5,00;25,00;CARTÃO DE CRÉDITO;N/A;22/06/2023;False;True;[]
TXN_2112522;SANDUICHE;5;4,00;20,00;CARTEIRA DIGITAL;PARA VIAGEM;30/04/2023;False;True;[]
TXN_2338617;N/A;2;3,00;6,00;CARTEIRA DIGITAL;N/A;12/01/2023;False;True;[]
TXN_2464054;CAFÉ;;2,00;10,00;N/A;PARA VIAGEM;18/08/2023;True;True;[]
TXN_6133115;VITAMINA;5;4,00;20,00;N/A;PRESENCIAL;08/12/2023;False;True;[]
TXN_8408353;CHÁ;1;1,50;1,50;CARTÃO DE CRÉDITO;N/A;13/12/2023;False;True;[]
TXN_6420902;BOLO;3;3,00;9,00;CARTÃO DE CRÉDITO;PARA VIAGEM;22/11/2023;False;True;[]
TXN_9400245;SALADA;1;5,00;5,00;N/A;PRESENCIAL;24/02/2023;False;True;[]
TXN_4767609;CAFÉ;3;2,00;6,00;CARTEIRA DIGITAL;PRESENCIAL;15/10/2023;False;True;[]
TXN_1425591;VITAMINA;1;4,00;4,00;DINHEIRO;N/A;10/09/2023;False;True;[]
TXN_2292088;N/A;1;4,00;4,00;CARTEIRA DIGITAL;PARA VIAGEM;04/03/2023;False;True;[]
TXN_6706599;BOLO;1;3,00;3,00;N/A;PARA VIAGEM;20/09/2023;False;True;[]
TXN_4365321;SALADA;4;5,00;20,00;DINHEIRO;PRESENCIAL;09/03/2023;False;True;[]
TXN_4457299;VITAMINA;3;4,00;12,00;CARTÃO DE CRÉDITO;PRESENCIAL;19/09/2023;False;True;[]
TXN_4671375;CHÁ;1;1,50;1,50;N/A;N/A;28/06/2023;False;True;[]
TXN_1184715;BOLO;2;3,00;6,00;N/A;N/A;10/09/2023;False;True;[]
TXN_5981429;SUCO;2;;6,00;CARTEIRA DIGITAL;N/A;24/12/2023;True;True;[]
TXN_9036527;VITAMINA;4;4,00;16,00;CARTEIRA DIGITAL;N/A;27/06/2023;False;True;[]
TXN_2464706;BOLO;4;;12,00;CARTEIRA DIGITAL;PARA VIAGEM;09/11/2023;True;True;[]
TXN_8844497;SANDUICHE;3;4,00;12,00;N/A;PARA VIAGEM;18/11/2023;False;True;[]
TXN_5171519;SALADA;3;5,00;15,00;N/A;PRESENCIAL;06/04/2023;False;True;[]
TXN_6049240;SUCO;1;3,00;3,00;DINHEIRO;N/A;31/05/2023;False;True;[]
TXN_4428252;SANDUICHE;3;4,00;12,00;N/A;PARA VIAGEM;31/10/2023;False;True;[]
TXN_8502079;CHÁ;;1,50;3,00;DINHEIRO;N/A;20/04/2023;True;True;[]
TXN_1169615;VITAMINA;5;4,00;20,00;CARTEIRA DIGITAL;PRESENCIAL;16/03/2023;False;True;[]
TXN_9778251;CHÁ;;1,50;6,00;N/A;PARA VIAGEM;09/11/2023;True;True;[]
TXN_1949093;VITAMINA;2;4,00;8,00;DINHEIRO;N/A;05/02/2023;False;True;[]
TXN_9357808;SANDUICHE;4;4,00;16,00;DINHEIRO;N/A;20/05/2023;False;True;[]
TXN_9026468;SANDUICHE;2;4,00;8,00;CARTÃO DE CRÉDITO;N/A;23/08/2023;False;True;[]
TXN_8273780;SALADA;2;5,00;10,00;CARTEIRA DIGITAL;PARA VIAGEM;15/10/2023;False;True;[]
TXN_4224427;SUCO;4;3,00;12,00;DINHEIRO;PARA VIAGEM;23/01/2023;False;True;[]
TXN_5344848;SALADA;1;5,00;5,00;CARTEIRA DIGITAL;PARA VIAGEM;27/09/2023;False;True;[]
TXN_6411708;CAFÉ;4;2,00;8,00;CARTÃO DE CRÉDITO;PRESENCIAL;20/05/2023;False;True;[]
TXN_7495283;BOLO;;3,00;15,00;CARTÃO DE CRÉDITO;PARA VIAGEM;14/04/2023;True;True;[]
TXN_8153550;BISCOITO;2;1,00;2,00;DINHEIRO;PARA VIAGEM;12/10/2023;False;True;[]
TXN_8807600;N/A;1;4,00;4,00;DINHEIRO;PARA VIAGEM;24/09/2023;False;True;[]
TXN_5921442;VITAMINA;4;4,00;16,00;DINHEIRO;PARA VIAGEM;04/02/2023;False;True;[]
TXN_9496697;CHÁ;1;1,50;1,50;N/A;PRESENCIAL;27/09/2023;False;True;[]
TXN_2818204;BOLO;1;3,00;3,00;CARTEIRA DIGITAL;N/A;09/03/2023;False;True;[]
TXN_4122925;N/A;4;1,00;4,00;N/A;PARA VIAGEM;20/10/2023;False;True;[]
TXN_9407169;SANDUICHE;1;4,00;4,00;CARTEIRA DIGITAL;N/A;28/01/2023;False;True;[]
TXN_8966400;BOLO;5;3,00;15,00;CARTÃO DE CRÉDITO;PARA VIAGEM;29/11/2023;False;True;[]
TXN_1191659;CAFÉ;4;2,00;8,00;CARTÃO DE CRÉDITO;PRESENCIAL;21/11/2023;False;True;[]
TXN_9187008;CHÁ;4;1,50;6,00;N/A;N/A;16/09/2023;False;True;[]
TXN_1958525;BISCOITO;3;1,00;3,00;N/A;PARA VIAGEM;08/10/2023;False;True;[]
TXN_6487003;CAFÉ;;2,00;8,00;CARTÃO DE CRÉDITO;PARA VIAGEM;15/11/2023;True;True;[]
TXN_4125474;N/A;2;5,00;10,00;CARTÃO DE CRÉDITO;PRESENCIAL;02/08/2023;False;True;[]
TXN_4556831;SUCO;2;3,00;6,00;CARTEIRA DIGITAL;PRESENCIAL;28/05/2023;False;True;[]
TXN_3546629;SUCO;5;3,00;15,00;N/A;PRESENCIAL;04/03/2023;False;True;[]
TXN_2153100;CHÁ;2;;3,00;DINHEIRO;N/A;29/12/2023;True;True;[]
TXN_4723089;SANDUICHE;4;4,00;16,00;DINHEIRO;PRESENCIAL;23/05/2023;False;True;[]
TXN_8545707;BOLO;5;3,00;15,00;N/A;PARA VIAGEM;14/02/2023;False;True;[]
TXN_8938445;BOLO;3;3,00;9,00;N/A;PRESENCIAL;07/11/2023;False;True;[]
TXN_5846013;CHÁ;2;1,50;3,00;CARTEIRA DIGITAL;N/A;20/12/2023;False;True;[]
TXN_6494265;CAFÉ;2;2,00;4,00;N/A;N/A;24/05/2023;False;True;[]
TXN_8563793;SUCO;4;3,00;12,00;N/A;PRESENCIAL;26/03/2023;False;True;[]
TXN_8866974;VITAMINA;3;4,00;12,00;CARTEIRA DIGITAL;PARA VIAGEM;14/03/2023;False;True;[]
TXN_9954652;CAFÉ;2;2,00;4,00;DINHEIRO;PRESENCIAL;12/09/2023;False;True;[]
TXN_5762440;SANDUICHE;5;4,00;20,00;DINHEIRO;PRESENCIAL;05/03/2023;False;True;[]
TXN_6120851;SALADA;5;5,00;25,00;DINHEIRO;PARA VIAGEM;04/02/2023;False;True;[]
TXN_3124078;BOLO;4;3,00;12,00;N/A;PRESENCIAL;06/08/2023;False;True;[]
TXN_7936002;SALADA;2;5,00;10,00;CARTEIRA DIGITAL;N/A;26/01/2023;False;True;[]
TXN_8076061;CHÁ;4;1,50;6,00;DINHEIRO;PRESENCIAL;01/04/2023;False;True;[]
TXN_9668108;BOLO;1;3,00;3,00;DINHEIRO;PRESENCIAL;20/01/2023;False;True;[]
TXN_3528020;BISCOITO;1;1,00;1,00;N/A;PARA VIAGEM;26/08/2023;False;True;[]
TXN_5548914;SUCO;2;3,00;6,00;CARTEIRA DIGITAL;PRESENCIAL;04/11/2023;False;True;[]
TXN_4302199;CHÁ;3;1,50;4,50;N/A;N/A;16/02/2023;False;True;[]
TXN_9933628;VITAMINA;5;4,00;20,00;DINHEIRO;PRESENCIAL;20/07/2023;False;True;[]
TXN_6796890;CHÁ;4;1,50;6,00;N/A;N/A;24/08/2023;False;True;[]
TXN_4583012;N/A;5;4,00;20,00;CARTEIRA DIGITAL;N/A;27/02/2023;False;True;[]
TXN_8567525;BISCOITO;2;1,00;2,00;N/A;PARA VIAGEM;30/12/2023;False;True;[]
TXN_3142496;VITAMINA;;4,00;4,00;DINHEIRO;PARA VIAGEM;27/07/2023;True;True;[]
TXN_3297457;BOLO;2;3,00;6,00;N/A;N/A;03/01/2023;False;True;[]
TXN_2858441;SANDUICHE;2;4,00;8,00;CARTÃO DE CRÉDITO;PRESENCIAL;14/12/2023;False;True;[]
TXN_1784478;SUCO;5;3,00;15,00;DINHEIRO;N/A;31/07/2023;False;True;[]
TXN_1741685;SUCO;5;3,00;15,00;DINHEIRO;N/A;18/08/2023;False;True;[]
TXN_1538510;CAFÉ;5;2,00;10,00;CARTEIRA DIGITAL;N/A;22/05/2023;False;True;[]
TXN_3897619;SANDUICHE;3;4,00;12,00;DINHEIRO;PARA VIAGEM;24/02/2023;False;True;[]
TXN_2739140;VITAMINA;4;4,00;16,00;N/A;PRESENCIAL;05/07/2023;False;True;[]
TXN_4766549;VITAMINA;2;4,00;8,00;DINHEIRO;N/A;20/10/2023;False;True;[]
TXN_7851634;N/A;4;4,00;16,00;N/A;N/A;08/01/2023;False;True;[]
TXN_7672686;CAFÉ;2;2,00;4,00;N/A;N/A;30/08/2023;False;True;[]
TXN_9659401;N/A;3;;3,00;CARTEIRA DIGITAL;N/A;02/06/2023;True;True;[]
TXN_5255387;CAFÉ;4;2,00;8,00;CARTEIRA DIGITAL;N/A;02/03/2023;False;True;[]
TXN_7695629;BISCOITO;3;;3,00;CARTEIRA DIGITAL;N/A;02/12/2023;True;True;[]
TXN_6170729;SANDUICHE;3;4,00;12,00;DINHEIRO;PRESENCIAL;07/11/2023;False;True;[]
TXN_1961373;CHÁ;3;1,50;4,50;DINHEIRO;PRESENCIAL;10/09/2023;False;True;[]
TXN_3160411;BAGEL;1;2,00;2,00;CARTEIRA DIGITAL;PARA VIAGEM;12/06/2023;False;True;[]
TXN_7034554;MUFFIN;2;3,50;7,00;DINHEIRO;PARA VIAGEM;28/04/2023;False;True;[]
TXN_4977031;BOLO;4;3,00;12,00;DINHEIRO;PRESENCIAL;16/05/2023;False;True;[]
TXN_6699534;SANDUICHE;4;4,00;16,00;DINHEIRO;N/A;28/10/2023;False;True;[]
TXN_9999001;EXPRESSO;1;2,50;2,50;CARTÃO DE CRÉDITO;PARA VIAGEM;01/01/2024;False;True;[]
TXN_9999001;MUFFIN;2;3,00;6,00;DINHEIRO;PRESENCIAL;02/01/2024;False;True;[]
TXN_9999002;LATTE;2;3,50;7,00;CARTÃO DE CRÉDITO;PARA VIAGEM;03/01/2024;False;True;[]
TXN_9999002;LATTE;2;3,50;7,00;CARTÃO DE CRÉDITO;PARA VIAGEM;03/01/2024;False;True;[]
