Cod_Transacao,Produto,Quantidade,Preço Unitário,Valor Total,Forma de Pagamento,Tipo de Consumo,Data da Transação
TXN_1961373,CAFÉ,2,2.0,4.0,CARTÃO DE CRÉDITO,PARA VIAGEM,08/09/2023
TXN_4977031,BOLO,4,3.0,12.0,DINHEIRO,PRESENCIAL,16/05/2023
TXN_4271903,BISCOITO,4,1.0,,CARTÃO DE CRÉDITO,PRESENCIAL,19/07/2023
TXN_7034554,SALADA,2,5.0,10.0,,,27/04/2023
TXN_3160411,CAFÉ,2,2.0,4.0,CARTEIRA DIGITAL,PRESENCIAL,11/06/2023
TXN_2602893,VITAMINA,5,4.0,20.0,CARTÃO DE CRÉDITO,,31/03/2023
TXN_4433211,,3,3.0,9.0,,PARA VIAGEM,06/10/2023
TXN_6699534,LANCHE,4,4.0,16.0,DINHEIRO,,28/10/2023
TXN_4717867,,5,3.0,15.0,,PARA VIAGEM,28/07/2023
TXN_2064365,LANCHE,5,4.0,20.0,,PRESENCIAL,31/12/2023
TXN_2548360,SALADA,5,5.0,25.0,DINHEIRO,PARA VIAGEM,07/11/2023
TXN_3051279,LANCHE,2,4.0,8.0,CARTÃO DE CRÉDITO,PARA VIAGEM,
TXN_7619095,LANCHE,2,4.0,8.0,DINHEIRO,PRESENCIAL,03/05/2023
TXN_9437049,BISCOITO,5,1.0,5.0,,PARA VIAGEM,01/06/2023
TXN_8915701,,2,1.5,3.0,,PRESENCIAL,21/03/2023
TXN_2847255,SALADA,3,5.0,15.0,CARTÃO DE CRÉDITO,PRESENCIAL,15/11/2023
TXN_3765707,LANCHE,1,4.0,4.0,,,10/06/2023
TXN_6769710,SUCO,2,3.0,6.0,DINHEIRO,PRESENCIAL,24/02/2023
TXN_8876618,BOLO,5,3.0,15.0,DINHEIRO,,25/03/2023
TXN_3709394,SUCO,4,3.0,12.0,DINHEIRO,PARA VIAGEM,15/01/2023
TXN_3522028,VITAMINA,,4.0,20.0,DINHEIRO,PRESENCIAL,04/04/2023
TXN_3567645,VITAMINA,4,4.0,16.0,CARTÃO DE CRÉDITO,PARA VIAGEM,30/03/2023
TXN_5132361,LANCHE,3,4.0,12.0,CARTEIRA DIGITAL,PARA VIAGEM,01/12/2023
TXN_2616390,LANCHE,2,4.0,8.0,,,18/09/2023
TXN_9400181,LANCHE,5,4.0,20.0,DINHEIRO,PRESENCIAL,03/06/2023
TXN_7958992,VITAMINA,3,4.0,,,,13/12/2023
TXN_5183041,BISCOITO,5,1.0,5.0,CARTÃO DE CRÉDITO,PRESENCIAL,20/04/2023
TXN_5695074,SUCO,4,3.0,12.0,CARTÃO DE CRÉDITO,PARA VIAGEM,10/04/2023
TXN_8467949,VITAMINA,5,4.0,20.0,CARTÃO DE CRÉDITO,,11/03/2023
TXN_7640952,BOLO,4,3.0,12.0,CARTEIRA DIGITAL,PARA VIAGEM,
TXN_1736287,,5,2.0,10.0,CARTEIRA DIGITAL,,02/06/2023
TXN_8927252,,2,1.0,,CARTÃO DE CRÉDITO,,06/11/2023
TXN_9677376,VITAMINA,4,4.0,16.0,,PRESENCIAL,15/08/2023
TXN_7710508,,5,1.0,5.0,DINHEIRO,,
TXN_8853997,VITAMINA,2,4.0,8.0,CARTEIRA DIGITAL,PARA VIAGEM,09/10/2023
TXN_9130559,LANCHE,1,4.0,4.0,CARTÃO DE CRÉDITO,,28/05/2023
TXN_6855453,,4,3.0,12.0,,PRESENCIAL,17/07/2023
TXN_1080432,SALADA,2,5.0,10.0,CARTÃO DE CRÉDITO,PRESENCIAL,29/04/2023
TXN_2655815,VITAMINA,4,4.0,16.0,,PARA VIAGEM,08/06/2023
TXN_6688524,CAFÉ,4,2.0,8.0,,,29/06/2023
TXN_2083138,VITAMINA,3,4.0,12.0,,PRESENCIAL,17/04/2023
TXN_2427584,LANCHE,4,4.0,16.0,,PARA VIAGEM,22/12/2023
TXN_6650263,CHÁ,2,1.5,,,PARA VIAGEM,10/01/2023
TXN_9620080,SUCO,4,3.0,12.0,,PARA VIAGEM,02/10/2023
TXN_1491578,BISCOITO,2,1.0,2.0,,,23/02/2023
TXN_5455792,SALADA,3,5.0,15.0,DINHEIRO,,22/03/2023
TXN_8078640,SUCO,4,3.0,12.0,CARTEIRA DIGITAL,PRESENCIAL,03/11/2023
TXN_9499313,SUCO,5,3.0,15.0,,,02/03/2023
TXN_8201146,SUCO,5,3.0,15.0,DINHEIRO,,26/06/2023
TXN_8230936,BOLO,3,3.0,9.0,,,02/05/2023
TXN_7742742,BOLO,5,3.0,15.0,,PARA VIAGEM,05/09/2023
TXN_6342161,SALADA,5,5.0,25.0,,PARA VIAGEM,08/01/2023
TXN_8914892,,5,5.0,25.0,CARTEIRA DIGITAL,,15/03/2023
TXN_3363746,VITAMINA,3,4.0,12.0,CARTÃO DE CRÉDITO,,25/11/2023
TXN_8614868,VITAMINA,5,4.0,20.0,CARTEIRA DIGITAL,PARA VIAGEM,05/12/2023
TXN_5522862,BISCOITO,,1.0,2.0,CARTÃO DE CRÉDITO,PARA VIAGEM,19/03/2023
TXN_3578141,BOLO,5,,15.0,,PARA VIAGEM,27/06/2023
TXN_2080895,BOLO,,3.0,3.0,CARTEIRA DIGITAL,PRESENCIAL,19/04/2023
TXN_6421134,LANCHE,4,4.0,16.0,DINHEIRO,PARA VIAGEM,03/11/2023
TXN_8813311,SUCO,5,3.0,15.0,,PRESENCIAL,07/10/2023
TXN_9023317,SALADA,1,5.0,5.0,,,30/09/2023
TXN_8051289,,1,3.0,3.0,,PRESENCIAL,09/10/2023
TXN_2537617,LANCHE,1,4.0,4.0,DINHEIRO,,27/05/2023
TXN_9099694,,3,5.0,15.0,,PARA VIAGEM,18/11/2023
TXN_9230615,VITAMINA,4,4.0,16.0,CARTEIRA DIGITAL,,01/06/2023
TXN_4987129,LANCHE,3,,,,PRESENCIAL,20/10/2023
TXN_8501819,SUCO,,3.0,6.0,DINHEIRO,,30/03/2023
TXN_3068204,BISCOITO,1,1.0,1.0,CARTÃO DE CRÉDITO,PARA VIAGEM,03/10/2023
TXN_8427104,SALADA,2,,10.0,,PRESENCIAL,27/10/2023
TXN_8471743,,5,3.0,15.0,CARTEIRA DIGITAL,PRESENCIAL,06/04/2023
TXN_2621580,CHÁ,2,1.5,3.0,DINHEIRO,PRESENCIAL,22/03/2023
TXN_4726376,BOLO,2,3.0,6.0,CARTÃO DE CRÉDITO,PRESENCIAL,31/01/2023
TXN_6044979,,1,1.0,1.0,DINHEIRO,PRESENCIAL,08/12/2023
TXN_4238417,SALADA,2,5.0,10.0,,,19/06/2023
TXN_1900620,VITAMINA,2,4.0,8.0,CARTÃO DE CRÉDITO,,14/12/2023
TXN_6420335,CAFÉ,1,2.0,2.0,DINHEIRO,PARA VIAGEM,16/07/2023
TXN_3858209,LANCHE,4,4.0,16.0,DINHEIRO,,22/02/2023
TXN_2091733,SALADA,1,5.0,5.0,,PRESENCIAL,
TXN_8735480,CHÁ,5,1.5,7.5,DINHEIRO,,02/06/2023
TXN_3829165,SUCO,4,3.0,12.0,DINHEIRO,PRESENCIAL,15/06/2023
TXN_3748616,CAFÉ,2,2.0,4.0,CARTÃO DE CRÉDITO,PRESENCIAL,09/12/2023
TXN_1993289,LANCHE,2,4.0,8.0,,PRESENCIAL,18/04/2023
TXN_2123367,BISCOITO,2,1.0,2.0,,,07/11/2023
TXN_5266394,BOLO,3,3.0,9.0,DINHEIRO,PRESENCIAL,28/10/2023
TXN_5107946,BOLO,4,3.0,12.0,CARTÃO DE CRÉDITO,,22/12/2023
TXN_8035512,CHÁ,3,,4.5,DINHEIRO,,29/10/2023
TXN_8718498,BOLO,5,3.0,15.0,CARTÃO DE CRÉDITO,,30/04/2023
TXN_3955361,BISCOITO,5,1.0,5.0,,PARA VIAGEM,02/04/2023
TXN_9487821,,1,5.0,5.0,CARTEIRA DIGITAL,PARA VIAGEM,24/05/2023
TXN_4132730,,5,1.0,5.0,,PRESENCIAL,12/03/2023
TXN_8976658,CHÁ,2,1.5,3.0,CARTÃO DE CRÉDITO,PRESENCIAL,16/08/2023
TXN_5455936,,5,3.0,15.0,,PRESENCIAL,28/10/2023
TXN_2725602,SUCO,5,3.0,15.0,CARTÃO DE CRÉDITO,,10/09/2023
TXN_3011323,CAFÉ,3,2.0,6.0,CARTÃO DE CRÉDITO,,07/03/2023
TXN_6289610,SUCO,3,3.0,,DINHEIRO,PARA VIAGEM,07/08/2023
TXN_8268061,SALADA,3,5.0,15.0,,PARA VIAGEM,20/08/2023
TXN_5220895,SALADA,5,5.0,25.0,DINHEIRO,PRESENCIAL,10/06/2023
TXN_3085509,CAFÉ,4,2.0,8.0,CARTEIRA DIGITAL,PRESENCIAL,15/04/2023
TXN_9999113,SUCO,4,3.0,12.0,DINHEIRO,PARA VIAGEM,27/05/2023
TXN_8779771,CAFÉ,4,2.0,8.0,DINHEIRO,PRESENCIAL,25/07/2023
TXN_9517146,,5,5.0,25.0,DINHEIRO,PARA VIAGEM,30/10/2023
TXN_1621920,SALADA,3,5.0,15.0,,PARA VIAGEM,28/10/2023
TXN_3808639,SUCO,2,3.0,6.0,CARTEIRA DIGITAL,PARA VIAGEM,15/12/2023
TXN_7028009,BOLO,4,3.0,12.0,,PARA VIAGEM,
TXN_7447872,SUCO,2,,6.0,,,
TXN_6955416,SALADA,4,5.0,20.0,,PRESENCIAL,25/02/2023
TXN_3775339,BISCOITO,3,1.0,3.0,CARTÃO DE CRÉDITO,,03/04/2023
TXN_9547091,BISCOITO,3,1.0,3.0,CARTÃO DE CRÉDITO,,08/10/2023
TXN_4358673,BISCOITO,5,1.0,5.0,CARTEIRA DIGITAL,PARA VIAGEM,28/12/2023
TXN_4174591,CHÁ,4,1.5,6.0,CARTEIRA DIGITAL,,30/08/2023
TXN_3398520,LANCHE,1,4.0,4.0,,PRESENCIAL,03/02/2023
TXN_6171384,VITAMINA,2,4.0,8.0,CARTÃO DE CRÉDITO,,12/09/2023
TXN_2530938,VITAMINA,5,4.0,20.0,,PARA VIAGEM,27/04/2023
TXN_3314971,SUCO,3,3.0,9.0,CARTEIRA DIGITAL,,04/05/2023
TXN_3092382,CAFÉ,5,2.0,10.0,CARTEIRA DIGITAL,,21/02/2023
TXN_1001832,SALADA,2,5.0,10.0,DINHEIRO,PARA VIAGEM,
TXN_1535311,SUCO,3,3.0,9.0,DINHEIRO,,16/03/2023
TXN_2148617,SUCO,,3.0,9.0,CARTEIRA DIGITAL,,10/01/2023
TXN_4633784,,5,,15.0,,PRESENCIAL,06/02/2023
TXN_4368416,SALADA,2,5.0,10.0,CARTÃO DE CRÉDITO,PARA VIAGEM,24/02/2023
TXN_9790731,BOLO,2,3.0,6.0,,,02/06/2023
TXN_9339456,CAFÉ,3,2.0,6.0,,PARA VIAGEM,29/03/2023
TXN_5179020,BOLO,2,3.0,6.0,,PARA VIAGEM,18/06/2023
TXN_6258471,CAFÉ,5,2.0,10.0,CARTEIRA DIGITAL,PRESENCIAL,23/09/2023
TXN_7945375,SUCO,3,3.0,9.0,,,14/01/2023
TXN_4685453,CHÁ,4,1.5,6.0,DINHEIRO,PRESENCIAL,14/09/2023
TXN_9646452,SUCO,5,3.0,15.0,CARTÃO DE CRÉDITO,,16/09/2023
TXN_9096052,VITAMINA,4,4.0,16.0,CARTÃO DE CRÉDITO,PARA VIAGEM,28/12/2023
TXN_5916991,SUCO,2,3.0,6.0,CARTEIRA DIGITAL,PARA VIAGEM,06/02/2023
TXN_3407169,LANCHE,2,4.0,8.0,DINHEIRO,PRESENCIAL,11/03/2023
TXN_2277042,CHÁ,1,1.5,1.5,DINHEIRO,,08/04/2023
TXN_9273729,CHÁ,1,1.5,1.5,,,19/12/2023
TXN_2181545,SUCO,4,3.0,12.0,CARTÃO DE CRÉDITO,PARA VIAGEM,14/07/2023
TXN_1150033,SUCO,5,3.0,15.0,DINHEIRO,PRESENCIAL,18/04/2023
TXN_1443912,SUCO,2,3.0,6.0,,,08/06/2023
TXN_8700451,CHÁ,5,1.5,7.5,CARTÃO DE CRÉDITO,PARA VIAGEM,12/12/2023
TXN_6380550,CAFÉ,5,2.0,10.0,DINHEIRO,PRESENCIAL,05/01/2023
TXN_4885518,SALADA,3,5.0,15.0,CARTÃO DE CRÉDITO,PRESENCIAL,10/06/2023
TXN_3972167,LANCHE,5,4.0,20.0,,PRESENCIAL,23/01/2023
TXN_4878378,CHÁ,1,1.5,1.5,CARTÃO DE CRÉDITO,,20/02/2023
TXN_2484241,BOLO,3,,9.0,CARTEIRA DIGITAL,,19/07/2023
TXN_2368126,BOLO,5,3.0,15.0,,PRESENCIAL,06/12/2023
TXN_7943008,CAFÉ,1,2.0,2.0,CARTÃO DE CRÉDITO,,
TXN_8495063,SUCO,1,3.0,,DINHEIRO,,31/05/2023
TXN_4811133,SALADA,2,5.0,10.0,DINHEIRO,,11/08/2023
TXN_8729570,CHÁ,5,1.5,7.5,,PRESENCIAL,03/09/2023
TXN_7623634,BOLO,2,3.0,,CARTÃO DE CRÉDITO,PRESENCIAL,11/07/2023
TXN_9336980,SALADA,4,,20.0,DINHEIRO,PRESENCIAL,06/06/2023
TXN_3424331,BOLO,4,3.0,12.0,,,18/01/2023
TXN_5072031,BOLO,2,3.0,6.0,DINHEIRO,PARA VIAGEM,23/03/2023
TXN_8687151,SALADA,5,5.0,25.0,DINHEIRO,,10/06/2023
TXN_4031509,,4,,16.0,CARTÃO DE CRÉDITO,PARA VIAGEM,04/01/2023
TXN_5265095,CAFÉ,1,2.0,2.0,,,23/06/2023
TXN_6541415,,,3.0,12.0,DINHEIRO,PRESENCIAL,25/11/2023
TXN_4108138,CAFÉ,5,2.0,10.0,DINHEIRO,,03/08/2023
TXN_1909796,VITAMINA,2,4.0,8.0,,PARA VIAGEM,12/07/2023
TXN_1928241,CAFÉ,3,2.0,6.0,DINHEIRO,PRESENCIAL,30/04/2023
TXN_4283157,SALADA,5,5.0,25.0,CARTEIRA DIGITAL,PRESENCIAL,25/11/2023
TXN_8013032,CAFÉ,2,2.0,4.0,CARTÃO DE CRÉDITO,,07/03/2023
TXN_8301424,SUCO,2,3.0,6.0,,,27/06/2023
TXN_1093800,LANCHE,3,4.0,12.0,DINHEIRO,PARA VIAGEM,
TXN_7965998,SUCO,1,,3.0,CARTÃO DE CRÉDITO,PRESENCIAL,02/11/2023
TXN_9238666,BISCOITO,1,,1.0,,PARA VIAGEM,31/07/2023
TXN_1631695,CHÁ,2,1.5,3.0,,PRESENCIAL,19/09/2023
TXN_1435086,BOLO,5,,15.0,,,09/02/2023
TXN_3226832,,5,4.0,20.0,DINHEIRO,,04/09/2023
TXN_1648671,LANCHE,3,4.0,12.0,DINHEIRO,PARA VIAGEM,21/05/2023
TXN_4062737,BOLO,3,3.0,9.0,DINHEIRO,PRESENCIAL,02/07/2023
TXN_3494565,,2,4.0,8.0,,,10/07/2023
TXN_9249507,BISCOITO,4,1.0,4.0,CARTÃO DE CRÉDITO,PRESENCIAL,21/11/2023
TXN_4689500,LANCHE,4,4.0,16.0,,,02/12/2023
TXN_8989148,CHÁ,2,1.5,,,,25/11/2023
TXN_8316826,CAFÉ,3,2.0,6.0,,PRESENCIAL,17/04/2023
TXN_9836934,BISCOITO,3,1.0,3.0,CARTEIRA DIGITAL,PRESENCIAL,13/03/2023
TXN_8005489,BOLO,3,3.0,9.0,,PRESENCIAL,12/08/2023
TXN_6463132,BISCOITO,5,1.0,5.0,CARTÃO DE CRÉDITO,PARA VIAGEM,
TXN_3925836,BISCOITO,3,1.0,3.0,CARTEIRA DIGITAL,PRESENCIAL,16/02/2023
TXN_1896955,SALADA,,5.0,25.0,,PRESENCIAL,23/09/2023
TXN_5075974,VITAMINA,,4.0,16.0,CARTEIRA DIGITAL,,11/04/2023
TXN_3978874,VITAMINA,5,4.0,20.0,CARTÃO DE CRÉDITO,PRESENCIAL,13/03/2023
TXN_8955912,LANCHE,1,4.0,4.0,,,07/11/2023
TXN_1136554,VITAMINA,3,4.0,12.0,,PARA VIAGEM,26/03/2023
TXN_8007337,BOLO,2,3.0,6.0,CARTEIRA DIGITAL,PARA VIAGEM,01/11/2023
TXN_8129834,SALADA,1,5.0,5.0,DINHEIRO,,22/07/2023
TXN_3831848,,1,4.0,4.0,CARTEIRA DIGITAL,PARA VIAGEM,03/11/2023
TXN_5365809,BOLO,3,3.0,9.0,DINHEIRO,PRESENCIAL,14/09/2023
TXN_8166407,VITAMINA,2,,8.0,,,26/07/2023
TXN_6629480,VITAMINA,5,4.0,20.0,CARTÃO DE CRÉDITO,PRESENCIAL,28/02/2023
TXN_3833797,CAFÉ,4,2.0,8.0,,PRESENCIAL,27/01/2023
TXN_2643815,BISCOITO,,1.0,3.0,,,06/12/2023
TXN_2996519,BOLO,5,3.0,15.0,DINHEIRO,,19/01/2023
TXN_8810894,VITAMINA,1,4.0,4.0,,,20/02/2023
TXN_7412722,SUCO,4,3.0,12.0,DINHEIRO,PRESENCIAL,07/04/2023
TXN_3937509,VITAMINA,2,4.0,8.0,,PRESENCIAL,20/03/2023
TXN_6000201,BISCOITO,3,1.0,3.0,DINHEIRO,PARA VIAGEM,16/02/2023
TXN_1714274,BISCOITO,4,1.0,4.0,,PRESENCIAL,27/12/2023
TXN_3800182,CHÁ,2,,3.0,DINHEIRO,PRESENCIAL,26/10/2023
TXN_5115080,,5,3.0,15.0,CARTÃO DE CRÉDITO,,18/02/2023
TXN_9788956,SUCO,,3.0,12.0,,,11/04/2023
TXN_6311602,SUCO,3,3.0,9.0,CARTÃO DE CRÉDITO,,15/05/2023
TXN_2950680,CAFÉ,2,2.0,4.0,CARTÃO DE CRÉDITO,PARA VIAGEM,10/12/2023
TXN_6749847,BOLO,2,3.0,6.0,CARTÃO DE CRÉDITO,,15/08/2023
TXN_2143187,VITAMINA,1,4.0,4.0,,PRESENCIAL,21/04/2023
TXN_8964522,,3,3.0,9.0,CARTÃO DE CRÉDITO,PARA VIAGEM,28/10/2023
TXN_4088917,CAFÉ,3,2.0,6.0,DINHEIRO,PARA VIAGEM,04/02/2023
TXN_3779366,BISCOITO,1,1.0,1.0,CARTEIRA DIGITAL,PRESENCIAL,15/04/2023
TXN_7724048,VITAMINA,1,4.0,4.0,,PRESENCIAL,12/11/2023
TXN_2698591,CHÁ,5,1.5,7.5,,,05/08/2023
TXN_3171373,VITAMINA,3,4.0,12.0,CARTÃO DE CRÉDITO,PRESENCIAL,10/05/2023
TXN_4129248,LANCHE,2,4.0,8.0,CARTÃO DE CRÉDITO,,
TXN_6498163,VITAMINA,5,4.0,20.0,,PRESENCIAL,15/07/2023
TXN_6717827,,3,5.0,15.0,CARTEIRA DIGITAL,,15/11/2023
TXN_9089898,SALADA,3,,15.0,CARTÃO DE CRÉDITO,,11/01/2023
TXN_8587583,BOLO,1,,3.0,,,01/10/2023
TXN_8693704,SALADA,,5.0,25.0,DINHEIRO,PRESENCIAL,04/05/2023
TXN_3857960,SALADA,4,5.0,20.0,DINHEIRO,PRESENCIAL,26/04/2023
TXN_3499124,,4,4.0,16.0,CARTÃO DE CRÉDITO,,25/08/2023
TXN_9250710,SALADA,1,5.0,5.0,DINHEIRO,PRESENCIAL,28/05/2023
TXN_7058377,SUCO,1,3.0,3.0,,PARA VIAGEM,30/04/2023
TXN_6766492,SALADA,1,5.0,5.0,,,14/01/2023
TXN_9879996,CAFÉ,4,2.0,8.0,CARTEIRA DIGITAL,PRESENCIAL,01/03/2023
TXN_4291940,BOLO,3,3.0,9.0,CARTÃO DE CRÉDITO,PRESENCIAL,13/11/2023
TXN_7433461,BISCOITO,2,1.0,2.0,CARTEIRA DIGITAL,,09/07/2023
TXN_4068262,SALADA,2,5.0,10.0,CARTÃO DE CRÉDITO,,13/05/2023
TXN_5761073,BISCOITO,1,1.0,1.0,DINHEIRO,PRESENCIAL,
TXN_5047447,SALADA,1,5.0,5.0,CARTEIRA DIGITAL,PARA VIAGEM,27/12/2023
TXN_6623508,BISCOITO,5,1.0,5.0,CARTEIRA DIGITAL,PARA VIAGEM,18/05/2023
TXN_2651216,,3,4.0,12.0,,,04/04/2023
TXN_9350833,BOLO,1,,3.0,DINHEIRO,PARA VIAGEM,17/01/2023
TXN_8377564,BOLO,5,3.0,15.0,,PRESENCIAL,14/07/2023
TXN_7031118,SALADA,1,5.0,5.0,CARTÃO DE CRÉDITO,,29/03/2023
TXN_2230167,BOLO,4,3.0,12.0,CARTEIRA DIGITAL,PARA VIAGEM,22/09/2023
TXN_6446616,CHÁ,3,1.5,4.5,,,30/09/2023
TXN_1721827,BOLO,4,3.0,12.0,CARTEIRA DIGITAL,,22/08/2023
TXN_6334895,VITAMINA,1,4.0,4.0,CARTÃO DE CRÉDITO,,27/07/2023
TXN_7077119,,1,4.0,4.0,CARTEIRA DIGITAL,PRESENCIAL,30/12/2023
TXN_8562645,SALADA,,5.0,,,PRESENCIAL,18/05/2023
TXN_4700144,CAFÉ,4,2.0,8.0,,PRESENCIAL,21/12/2023
TXN_5526852,LANCHE,5,4.0,,CARTEIRA DIGITAL,PRESENCIAL,28/09/2023
TXN_6846228,SALADA,3,,15.0,,PRESENCIAL,16/11/2023
TXN_8570890,SUCO,4,3.0,12.0,,,14/04/2023
TXN_3205009,,2,1.5,3.0,DINHEIRO,PRESENCIAL,03/01/2023
TXN_3786188,CHÁ,3,1.5,4.5,CARTÃO DE CRÉDITO,PRESENCIAL,20/10/2023
TXN_4530804,CAFÉ,4,2.0,8.0,,,12/01/2023
TXN_9642066,LANCHE,3,4.0,12.0,CARTÃO DE CRÉDITO,PRESENCIAL,31/08/2023
TXN_7328294,SUCO,2,3.0,6.0,DINHEIRO,,07/07/2023
TXN_1908636,CHÁ,2,1.5,3.0,,,
TXN_9238066,,5,1.5,7.5,CARTEIRA DIGITAL,PRESENCIAL,15/09/2023
TXN_5415901,BOLO,2,3.0,6.0,CARTEIRA DIGITAL,,21/10/2023
TXN_6714420,,2,3.0,6.0,CARTÃO DE CRÉDITO,PARA VIAGEM,30/03/2023
TXN_6616971,SUCO,2,3.0,6.0,CARTEIRA DIGITAL,PARA VIAGEM,02/09/2023
TXN_7803615,SALADA,3,5.0,15.0,DINHEIRO,PRESENCIAL,13/12/2023
TXN_7549542,BISCOITO,5,1.0,5.0,,PARA VIAGEM,
TXN_3544789,CHÁ,4,1.5,,,PRESENCIAL,14/07/2023
TXN_1583597,SALADA,1,5.0,5.0,DINHEIRO,PRESENCIAL,10/05/2023
TXN_8472308,BISCOITO,2,1.0,2.0,CARTEIRA DIGITAL,PARA VIAGEM,19/08/2023
TXN_1967565,VITAMINA,5,4.0,20.0,CARTÃO DE CRÉDITO,PARA VIAGEM,31/03/2023
TXN_2029497,LANCHE,2,4.0,8.0,DINHEIRO,PARA VIAGEM,06/01/2023
TXN_8929774,,3,3.0,9.0,DINHEIRO,,02/10/2023
TXN_5003018,BISCOITO,4,1.0,,CARTEIRA DIGITAL,,
TXN_7852990,LANCHE,5,4.0,20.0,CARTEIRA DIGITAL,PARA VIAGEM,10/07/2023
TXN_2534066,SALADA,2,5.0,10.0,DINHEIRO,,13/10/2023
TXN_2059647,CHÁ,1,1.5,1.5,CARTEIRA DIGITAL,PRESENCIAL,29/05/2023
TXN_2485183,VITAMINA,5,4.0,20.0,DINHEIRO,PRESENCIAL,07/07/2023
TXN_7374846,LANCHE,1,4.0,4.0,CARTÃO DE CRÉDITO,,29/05/2023
TXN_9401522,LANCHE,4,4.0,16.0,CARTEIRA DIGITAL,PRESENCIAL,16/11/2023
TXN_8250651,LANCHE,4,4.0,16.0,CARTEIRA DIGITAL,PRESENCIAL,13/03/2023
TXN_7191245,BOLO,4,3.0,12.0,,PARA VIAGEM,22/05/2023
TXN_8982764,BOLO,5,3.0,15.0,CARTEIRA DIGITAL,PARA VIAGEM,23/11/2023
TXN_8669422,,4,3.0,12.0,DINHEIRO,PARA VIAGEM,15/10/2023
TXN_1153869,VITAMINA,5,4.0,20.0,CARTÃO DE CRÉDITO,PARA VIAGEM,03/11/2023
TXN_5043774,LANCHE,3,4.0,12.0,DINHEIRO,,08/06/2023
TXN_1746320,SALADA,1,5.0,5.0,DINHEIRO,,14/11/2023
TXN_1077129,BISCOITO,1,1.0,1.0,,PRESENCIAL,12/09/2023
TXN_4865338,LANCHE,,4.0,16.0,,PRESENCIAL,26/11/2023
TXN_5616583,VITAMINA,1,4.0,4.0,,,13/10/2023
TXN_2078474,BISCOITO,2,1.0,2.0,,PARA VIAGEM,03/11/2023
TXN_2130245,VITAMINA,5,4.0,20.0,CARTÃO DE CRÉDITO,,13/11/2023
TXN_3229409,SUCO,,3.0,,DINHEIRO,PARA VIAGEM,15/04/2023
TXN_9076216,BOLO,1,3.0,3.0,DINHEIRO,,17/12/2023
TXN_6371987,CHÁ,5,1.5,,,PARA VIAGEM,13/03/2023
TXN_9913877,,2,2.0,4.0,CARTÃO DE CRÉDITO,,09/05/2023
TXN_2084377,VITAMINA,1,4.0,4.0,CARTÃO DE CRÉDITO,,22/10/2023
TXN_1842675,,4,1.0,4.0,CARTÃO DE CRÉDITO,PARA VIAGEM,23/06/2023
TXN_8605813,BISCOITO,1,1.0,1.0,,,30/06/2023
TXN_9755352,LANCHE,5,4.0,20.0,,PRESENCIAL,13/05/2023
TXN_7550498,SUCO,5,3.0,15.0,,PRESENCIAL,
TXN_2305908,CAFÉ,,2.0,8.0,DINHEIRO,,25/04/2023
TXN_6953697,,3,4.0,12.0,,PARA VIAGEM,27/05/2023
TXN_3495950,,4,,6.0,CARTÃO DE CRÉDITO,PRESENCIAL,19/02/2023
TXN_7557340,CHÁ,5,1.5,7.5,CARTÃO DE CRÉDITO,PRESENCIAL,11/12/2023
TXN_1157817,VITAMINA,1,4.0,4.0,CARTEIRA DIGITAL,PRESENCIAL,25/04/2023
TXN_2020318,CHÁ,3,1.5,4.5,CARTEIRA DIGITAL,PRESENCIAL,12/10/2023
TXN_8692094,CAFÉ,5,2.0,10.0,,PARA VIAGEM,30/08/2023
TXN_5307411,BOLO,3,3.0,,CARTEIRA DIGITAL,PARA VIAGEM,21/10/2023
TXN_9703120,CAFÉ,3,2.0,6.0,CARTÃO DE CRÉDITO,,02/11/2023
TXN_1289133,SUCO,1,3.0,3.0,DINHEIRO,,19/09/2023
TXN_2031459,BOLO,3,3.0,9.0,DINHEIRO,PARA VIAGEM,04/07/2023
TXN_1333682,VITAMINA,1,4.0,4.0,CARTEIRA DIGITAL,,28/01/2023
TXN_2256622,BISCOITO,2,,2.0,DINHEIRO,PRESENCIAL,04/10/2023
TXN_1623966,CHÁ,2,1.5,3.0,DINHEIRO,PARA VIAGEM,
TXN_4912930,VITAMINA,3,4.0,12.0,CARTÃO DE CRÉDITO,PRESENCIAL,26/02/2023
TXN_4942692,CAFÉ,2,2.0,4.0,,PARA VIAGEM,15/01/2023
TXN_3723007,CHÁ,3,1.5,4.5,CARTEIRA DIGITAL,PRESENCIAL,18/05/2023
TXN_7922392,LANCHE,3,4.0,12.0,,,03/05/2023
TXN_7498727,SALADA,3,5.0,15.0,DINHEIRO,,06/11/2023
TXN_1222338,BISCOITO,1,1.0,1.0,,PRESENCIAL,11/10/2023
TXN_6878866,VITAMINA,3,4.0,12.0,CARTÃO DE CRÉDITO,,25/02/2023
TXN_1260335,BISCOITO,4,1.0,4.0,CARTEIRA DIGITAL,PRESENCIAL,
TXN_9223242,VITAMINA,2,4.0,8.0,,,10/09/2023
TXN_6244211,VITAMINA,2,4.0,8.0,,,11/08/2023
TXN_5446858,,1,1.0,1.0,DINHEIRO,PRESENCIAL,07/11/2023
TXN_4612864,CHÁ,3,1.5,4.5,,,14/02/2023
TXN_5411381,BISCOITO,,1.0,1.0,,,28/04/2023
TXN_3047598,BISCOITO,1,1.0,1.0,,,06/09/2023
TXN_5754317,CAFÉ,2,,4.0,CARTÃO DE CRÉDITO,PARA VIAGEM,10/01/2023
TXN_7496926,LANCHE,3,4.0,12.0,,PRESENCIAL,23/04/2023
TXN_1726858,VITAMINA,3,4.0,12.0,DINHEIRO,PRESENCIAL,
TXN_7559388,SALADA,4,5.0,20.0,CARTEIRA DIGITAL,PARA VIAGEM,26/02/2023
TXN_8540499,BISCOITO,3,1.0,3.0,DINHEIRO,PRESENCIAL,22/01/2023
TXN_4225756,BISCOITO,3,1.0,3.0,,PRESENCIAL,10/03/2023
TXN_6795640,BISCOITO,4,1.0,4.0,CARTEIRA DIGITAL,PARA VIAGEM,28/01/2023
TXN_6702428,CAFÉ,5,2.0,10.0,DINHEIRO,PARA VIAGEM,11/08/2023
TXN_8955259,,2,4.0,8.0,CARTÃO DE CRÉDITO,,18/11/2023
TXN_4639319,CAFÉ,5,2.0,10.0,DINHEIRO,,09/01/2023
TXN_5997803,CAFÉ,5,2.0,10.0,,PRESENCIAL,03/12/2023
TXN_1340956,,4,2.0,8.0,,,26/10/2023
TXN_1259671,LANCHE,,4.0,12.0,CARTEIRA DIGITAL,PRESENCIAL,08/10/2023
TXN_8319993,SUCO,1,3.0,3.0,CARTEIRA DIGITAL,,06/08/2023
TXN_8894157,LANCHE,4,4.0,16.0,CARTÃO DE CRÉDITO,,
TXN_5523450,SALADA,5,5.0,25.0,CARTÃO DE CRÉDITO,PARA VIAGEM,02/07/2023
TXN_7838964,LANCHE,3,4.0,12.0,CARTÃO DE CRÉDITO,PRESENCIAL,15/06/2023
TXN_2773987,VITAMINA,5,4.0,20.0,,,11/01/2023
TXN_1158829,CHÁ,1,,1.5,CARTÃO DE CRÉDITO,,02/10/2023
TXN_2523298,,4,,6.0,,PRESENCIAL,25/03/2023
TXN_8685737,VITAMINA,2,4.0,8.0,,PRESENCIAL,02/11/2023
TXN_5634135,BISCOITO,2,,2.0,,,27/01/2023
TXN_1524626,VITAMINA,2,4.0,8.0,CARTEIRA DIGITAL,,29/12/2023
TXN_7275407,VITAMINA,2,4.0,8.0,CARTEIRA DIGITAL,PRESENCIAL,20/10/2023
TXN_2889622,SUCO,4,3.0,12.0,CARTÃO DE CRÉDITO,,01/11/2023
TXN_6849113,BISCOITO,,1.0,1.0,CARTÃO DE CRÉDITO,,14/07/2023
TXN_2265316,BISCOITO,,1.0,3.0,CARTÃO DE CRÉDITO,PRESENCIAL,29/12/2023
TXN_9472241,SALADA,3,5.0,15.0,DINHEIRO,PARA VIAGEM,30/06/2023
TXN_7345414,SALADA,1,,5.0,,,15/02/2023
TXN_4473352,BOLO,1,3.0,3.0,,PRESENCIAL,16/11/2023
TXN_2814363,CHÁ,2,1.5,3.0,,,02/07/2023
TXN_1846004,SUCO,3,3.0,9.0,DINHEIRO,PRESENCIAL,21/05/2023
TXN_7140471,BOLO,1,3.0,3.0,CARTÃO DE CRÉDITO,,25/05/2023
TXN_3119542,VITAMINA,1,4.0,4.0,CARTÃO DE CRÉDITO,,31/10/2023
TXN_7773968,LANCHE,5,4.0,20.0,CARTEIRA DIGITAL,PARA VIAGEM,24/02/2023
TXN_9081088,CHÁ,2,1.5,3.0,DINHEIRO,PARA VIAGEM,27/02/2023
TXN_8559167,LANCHE,5,4.0,,,PARA VIAGEM,09/12/2023
TXN_1130191,VITAMINA,2,4.0,8.0,DINHEIRO,PRESENCIAL,06/04/2023
TXN_5215451,LANCHE,5,4.0,20.0,CARTEIRA DIGITAL,,02/11/2023
TXN_1040764,CAFÉ,3,2.0,6.0,DINHEIRO,PARA VIAGEM,27/07/2023
TXN_5457133,SUCO,5,3.0,15.0,,PRESENCIAL,03/03/2023
TXN_8365478,,3,4.0,12.0,DINHEIRO,PARA VIAGEM,06/02/2023
TXN_2100697,CAFÉ,3,2.0,6.0,CARTEIRA DIGITAL,PARA VIAGEM,19/09/2023
TXN_7676968,VITAMINA,4,4.0,16.0,,PRESENCIAL,21/02/2023
TXN_5726998,BOLO,3,3.0,9.0,CARTÃO DE CRÉDITO,,12/08/2023
TXN_4134594,LANCHE,3,4.0,12.0,CARTEIRA DIGITAL,PRESENCIAL,27/09/2023
TXN_5079340,BISCOITO,4,1.0,4.0,DINHEIRO,PRESENCIAL,18/08/2023
TXN_8276635,,4,4.0,16.0,CARTEIRA DIGITAL,PARA VIAGEM,16/12/2023
TXN_1380601,CHÁ,4,1.5,6.0,CARTEIRA DIGITAL,PRESENCIAL,11/03/2023
TXN_3959152,SUCO,1,3.0,3.0,,PRESENCIAL,21/05/2023
TXN_7776739,CHÁ,2,1.5,3.0,,PARA VIAGEM,23/02/2023
TXN_7569615,,2,3.0,6.0,DINHEIRO,PARA VIAGEM,07/06/2023
TXN_8703771,BOLO,5,3.0,15.0,,PRESENCIAL,12/05/2023
TXN_2052395,VITAMINA,3,4.0,12.0,CARTÃO DE CRÉDITO,PRESENCIAL,06/07/2023
TXN_9421441,,2,4.0,8.0,DINHEIRO,,20/06/2023
TXN_9065402,,1,5.0,5.0,DINHEIRO,PARA VIAGEM,22/12/2023
TXN_3638955,BISCOITO,2,,2.0,DINHEIRO,PARA VIAGEM,02/09/2023
TXN_2635532,,4,4.0,16.0,DINHEIRO,PARA VIAGEM,14/01/2023
TXN_8256593,SALADA,2,5.0,10.0,CARTEIRA DIGITAL,PARA VIAGEM,09/08/2023
TXN_9271457,BOLO,3,3.0,9.0,CARTEIRA DIGITAL,PRESENCIAL,27/02/2023
TXN_5392603,CAFÉ,1,2.0,2.0,DINHEIRO,PRESENCIAL,14/05/2023
TXN_6319728,CAFÉ,,2.0,4.0,CARTÃO DE CRÉDITO,PRESENCIAL,18/07/2023
TXN_9263299,BISCOITO,2,1.0,2.0,CARTÃO DE CRÉDITO,PARA VIAGEM,08/10/2023
TXN_2301505,BOLO,5,3.0,15.0,CARTEIRA DIGITAL,,21/03/2023
TXN_5895177,BOLO,5,3.0,15.0,,,16/08/2023
TXN_8751516,CHÁ,3,1.5,4.5,DINHEIRO,PARA VIAGEM,
TXN_8147357,CHÁ,5,1.5,7.5,,PARA VIAGEM,20/04/2023
TXN_1436343,BISCOITO,1,1.0,1.0,CARTÃO DE CRÉDITO,PRESENCIAL,26/11/2023
TXN_2214698,SALADA,4,5.0,20.0,CARTÃO DE CRÉDITO,,10/10/2023
TXN_7480234,SALADA,1,5.0,5.0,DINHEIRO,PARA VIAGEM,10/05/2023
TXN_3283097,,5,2.0,10.0,DINHEIRO,PARA VIAGEM,28/02/2023
TXN_2633602,,2,3.0,6.0,CARTEIRA DIGITAL,PRESENCIAL,02/02/2023
TXN_3093219,SUCO,5,3.0,,DINHEIRO,,28/01/2023
TXN_3515730,,1,1.0,1.0,CARTÃO DE CRÉDITO,,14/08/2023
TXN_3665733,CAFÉ,5,2.0,10.0,DINHEIRO,PARA VIAGEM,
TXN_4010658,CHÁ,5,1.5,7.5,,,26/09/2023
TXN_1454467,SUCO,3,3.0,9.0,DINHEIRO,PRESENCIAL,15/03/2023
TXN_2598728,BOLO,2,3.0,6.0,CARTÃO DE CRÉDITO,,13/01/2023
TXN_3390285,CHÁ,2,1.5,3.0,,PARA VIAGEM,06/02/2023
TXN_8224079,BISCOITO,5,1.0,5.0,DINHEIRO,PRESENCIAL,16/10/2023
TXN_1916339,BOLO,1,3.0,3.0,DINHEIRO,PRESENCIAL,15/07/2023
TXN_8611035,LANCHE,5,4.0,20.0,CARTEIRA DIGITAL,PRESENCIAL,28/05/2023
TXN_3595735,CHÁ,4,1.5,6.0,CARTEIRA DIGITAL,PARA VIAGEM,26/03/2023
TXN_4884822,BISCOITO,1,1.0,1.0,CARTÃO DE CRÉDITO,,23/04/2023
TXN_3668051,BOLO,1,3.0,3.0,,,17/11/2023
TXN_6169633,SALADA,4,5.0,20.0,CARTÃO DE CRÉDITO,PARA VIAGEM,20/12/2023
TXN_3884811,CAFÉ,4,2.0,8.0,CARTÃO DE CRÉDITO,,10/06/2023
TXN_7050740,,1,3.0,3.0,DINHEIRO,PARA VIAGEM,12/07/2023
TXN_1234097,BISCOITO,4,,4.0,DINHEIRO,,04/12/2023
TXN_4518102,CHÁ,5,1.5,7.5,CARTÃO DE CRÉDITO,PRESENCIAL,08/02/2023
TXN_5939055,CAFÉ,3,2.0,,,PARA VIAGEM,21/10/2023
TXN_7809183,,4,1.0,4.0,CARTEIRA DIGITAL,PARA VIAGEM,08/09/2023
TXN_6071202,,1,1.0,1.0,DINHEIRO,PRESENCIAL,07/06/2023
TXN_8158496,CHÁ,4,1.5,6.0,DINHEIRO,,19/06/2023
TXN_2726848,BOLO,5,3.0,,CARTÃO DE CRÉDITO,,11/09/2023
TXN_3666858,BOLO,4,3.0,12.0,CARTÃO DE CRÉDITO,PRESENCIAL,27/12/2023
TXN_5499915,BISCOITO,2,1.0,2.0,CARTEIRA DIGITAL,PARA VIAGEM,01/02/2023
TXN_4660753,SUCO,,3.0,3.0,CARTÃO DE CRÉDITO,PARA VIAGEM,04/10/2023
TXN_8089522,LANCHE,4,,16.0,DINHEIRO,PARA VIAGEM,12/02/2023
TXN_1564754,SALADA,3,5.0,15.0,CARTEIRA DIGITAL,PRESENCIAL,14/03/2023
TXN_1824506,BOLO,1,3.0,3.0,DINHEIRO,PRESENCIAL,02/03/2023
TXN_3229758,CAFÉ,4,2.0,8.0,DINHEIRO,PARA VIAGEM,
TXN_3677592,LANCHE,2,4.0,8.0,DINHEIRO,,29/05/2023
TXN_1002457,BISCOITO,5,1.0,5.0,CARTEIRA DIGITAL,PARA VIAGEM,29/09/2023
TXN_8056263,VITAMINA,5,4.0,20.0,,PRESENCIAL,20/04/2023
TXN_4732351,LANCHE,1,4.0,4.0,CARTEIRA DIGITAL,PRESENCIAL,22/04/2023
TXN_8049191,BOLO,3,3.0,9.0,CARTÃO DE CRÉDITO,,31/07/2023
TXN_4980036,BOLO,2,3.0,6.0,DINHEIRO,PARA VIAGEM,05/01/2023
TXN_3022839,CAFÉ,5,2.0,10.0,CARTEIRA DIGITAL,PARA VIAGEM,25/08/2023
TXN_7701070,CAFÉ,5,2.0,10.0,CARTÃO DE CRÉDITO,PARA VIAGEM,28/07/2023
TXN_8048037,LANCHE,2,4.0,8.0,CARTEIRA DIGITAL,PARA VIAGEM,31/03/2023
TXN_4619029,LANCHE,3,4.0,12.0,CARTÃO DE CRÉDITO,PRESENCIAL,
TXN_4444463,BOLO,4,3.0,12.0,,,16/05/2023
TXN_1887522,LANCHE,4,4.0,16.0,DINHEIRO,PRESENCIAL,20/02/2023
TXN_6908953,CHÁ,1,1.5,1.5,,PRESENCIAL,08/12/2023
TXN_4759769,LANCHE,1,4.0,4.0,,PRESENCIAL,03/08/2023
TXN_2254479,CHÁ,2,1.5,3.0,,PARA VIAGEM,03/08/2023
TXN_7555408,SALADA,2,5.0,10.0,,PRESENCIAL,06/06/2023
TXN_6857943,BOLO,5,3.0,15.0,,PARA VIAGEM,08/01/2023
TXN_4796350,,,4.0,12.0,,PARA VIAGEM,
TXN_9552845,LANCHE,3,4.0,12.0,DINHEIRO,,18/02/2023
TXN_6769465,SUCO,5,3.0,15.0,CARTEIRA DIGITAL,PRESENCIAL,13/06/2023
TXN_7438831,CAFÉ,5,,10.0,,,24/12/2023
TXN_3871837,CHÁ,,1.5,4.5,CARTEIRA DIGITAL,PARA VIAGEM,15/12/2023
TXN_3656762,LANCHE,2,4.0,8.0,,PARA VIAGEM,31/07/2023
TXN_4980282,BOLO,1,3.0,3.0,CARTEIRA DIGITAL,PRESENCIAL,22/10/2023
TXN_3580786,CHÁ,1,,1.5,,PRESENCIAL,28/03/2023
TXN_4355728,,4,3.0,12.0,CARTÃO DE CRÉDITO,,06/03/2023
TXN_2508476,VITAMINA,5,4.0,20.0,DINHEIRO,,14/04/2023
TXN_1325631,BOLO,4,,12.0,CARTÃO DE CRÉDITO,PRESENCIAL,11/02/2023
TXN_8209125,BISCOITO,3,1.0,3.0,CARTÃO DE CRÉDITO,PARA VIAGEM,30/01/2023
TXN_1751164,SALADA,2,5.0,10.0,DINHEIRO,,11/09/2023
TXN_3730415,BOLO,4,3.0,12.0,CARTÃO DE CRÉDITO,PARA VIAGEM,09/04/2023
TXN_4134253,CHÁ,4,1.5,6.0,DINHEIRO,PRESENCIAL,07/10/2023
TXN_3256497,CAFÉ,2,2.0,4.0,DINHEIRO,,20/08/2023
TXN_8763180,VITAMINA,1,4.0,,,PARA VIAGEM,16/04/2023
TXN_3219175,LANCHE,5,4.0,20.0,,,23/02/2023
TXN_6234872,VITAMINA,1,4.0,,,,23/12/2023
TXN_7919440,CHÁ,4,1.5,6.0,DINHEIRO,,19/08/2023
TXN_7558641,CAFÉ,1,2.0,2.0,CARTEIRA DIGITAL,PRESENCIAL,22/12/2023
TXN_9940220,SUCO,2,3.0,6.0,,PARA VIAGEM,05/03/2023
TXN_8805984,SUCO,2,3.0,6.0,CARTÃO DE CRÉDITO,PARA VIAGEM,
TXN_2130483,CHÁ,4,1.5,6.0,DINHEIRO,,25/11/2023
TXN_1972584,LANCHE,5,4.0,20.0,CARTEIRA DIGITAL,,10/07/2023
TXN_3150792,CAFÉ,5,2.0,,DINHEIRO,,02/07/2023
TXN_2980008,BOLO,3,3.0,9.0,CARTEIRA DIGITAL,,17/11/2023
TXN_5511805,SUCO,1,3.0,,,PARA VIAGEM,03/06/2023
TXN_7292548,BISCOITO,4,1.0,4.0,CARTEIRA DIGITAL,,24/03/2023
TXN_2169664,VITAMINA,1,4.0,4.0,DINHEIRO,,23/07/2023
TXN_3234877,CAFÉ,4,2.0,8.0,DINHEIRO,PARA VIAGEM,29/07/2023
TXN_6368719,BOLO,4,3.0,12.0,CARTÃO DE CRÉDITO,PARA VIAGEM,03/01/2023
TXN_8852585,LANCHE,4,4.0,16.0,CARTÃO DE CRÉDITO,PARA VIAGEM,05/01/2023
TXN_9201010,SALADA,1,5.0,5.0,CARTÃO DE CRÉDITO,PARA VIAGEM,15/03/2023
TXN_7817014,BISCOITO,1,1.0,1.0,CARTEIRA DIGITAL,PARA VIAGEM,
TXN_2873990,LANCHE,2,4.0,8.0,,,12/03/2023
TXN_3088796,LANCHE,4,4.0,16.0,CARTÃO DE CRÉDITO,,16/08/2023
TXN_3414935,CAFÉ,4,2.0,8.0,,PRESENCIAL,03/08/2023
TXN_3607652,SALADA,4,5.0,20.0,CARTEIRA DIGITAL,PRESENCIAL,05/06/2023
TXN_8502094,SUCO,5,3.0,15.0,CARTÃO DE CRÉDITO,PRESENCIAL,21/03/2023
TXN_9068244,LANCHE,5,4.0,20.0,CARTEIRA DIGITAL,PARA VIAGEM,19/10/2023
TXN_2696664,BISCOITO,5,1.0,5.0,,PRESENCIAL,07/01/2023
TXN_7661609,,1,3.0,3.0,,PRESENCIAL,29/11/2023
TXN_7633490,BISCOITO,1,1.0,1.0,DINHEIRO,PARA VIAGEM,27/10/2023
TXN_9292230,CHÁ,4,1.5,6.0,CARTÃO DE CRÉDITO,PRESENCIAL,14/07/2023
TXN_1664665,,3,3.0,9.0,CARTÃO DE CRÉDITO,PRESENCIAL,21/05/2023
TXN_5081978,BOLO,1,3.0,3.0,,PRESENCIAL,19/10/2023
TXN_7314409,VITAMINA,5,4.0,20.0,CARTÃO DE CRÉDITO,,06/08/2023
TXN_4573576,,2,3.0,6.0,DINHEIRO,PRESENCIAL,05/07/2023
TXN_5645919,CAFÉ,3,,6.0,CARTÃO DE CRÉDITO,,17/01/2023
TXN_8006668,CHÁ,4,1.5,6.0,CARTÃO DE CRÉDITO,PRESENCIAL,22/12/2023
TXN_8818168,SUCO,4,,12.0,CARTEIRA DIGITAL,,20/07/2023
TXN_4369043,SUCO,2,3.0,6.0,DINHEIRO,,25/03/2023
TXN_3560062,BISCOITO,1,1.0,1.0,DINHEIRO,PRESENCIAL,20/03/2023
TXN_4769307,CHÁ,5,1.5,7.5,CARTEIRA DIGITAL,,24/12/2023
TXN_7270652,LANCHE,1,4.0,4.0,,PARA VIAGEM,14/05/2023
TXN_4991815,BOLO,5,3.0,15.0,DINHEIRO,,06/11/2023
TXN_6360132,LANCHE,4,4.0,16.0,DINHEIRO,PARA VIAGEM,16/09/2023
TXN_8199829,BOLO,2,3.0,6.0,CARTÃO DE CRÉDITO,,29/07/2023
TXN_9166449,,4,1.0,4.0,,PARA VIAGEM,31/07/2023
TXN_7864939,LANCHE,3,4.0,12.0,CARTEIRA DIGITAL,PRESENCIAL,19/08/2023
TXN_2640701,SALADA,3,5.0,15.0,,PARA VIAGEM,07/05/2023
TXN_3740963,SALADA,2,5.0,10.0,CARTEIRA DIGITAL,PARA VIAGEM,22/01/2023
TXN_8101633,LANCHE,2,4.0,8.0,,PRESENCIAL,10/08/2023
TXN_6063966,SUCO,2,3.0,6.0,CARTEIRA DIGITAL,PARA VIAGEM,24/10/2023
TXN_3779640,CHÁ,1,1.5,1.5,CARTEIRA DIGITAL,PRESENCIAL,16/05/2023
TXN_8278833,BOLO,3,3.0,9.0,,,26/02/2023
TXN_8778598,LANCHE,3,4.0,12.0,DINHEIRO,,02/09/2023
TXN_7550103,BOLO,5,3.0,15.0,,PARA VIAGEM,19/01/2023
TXN_3664656,BISCOITO,5,1.0,5.0,,PARA VIAGEM,13/08/2023
TXN_7296560,SUCO,2,3.0,6.0,,,20/10/2023
TXN_8136881,SALADA,3,5.0,15.0,DINHEIRO,PRESENCIAL,28/08/2023
TXN_3981449,VITAMINA,2,4.0,8.0,DINHEIRO,PRESENCIAL,21/06/2023
TXN_5427506,BOLO,,3.0,9.0,DINHEIRO,PARA VIAGEM,15/09/2023
TXN_2641386,LANCHE,3,4.0,12.0,,PARA VIAGEM,25/03/2023
TXN_1485417,BISCOITO,3,1.0,3.0,DINHEIRO,PRESENCIAL,
TXN_4033802,CHÁ,3,1.5,4.5,DINHEIRO,PARA VIAGEM,02/03/2023
TXN_7752124,,3,4.0,12.0,CARTÃO DE CRÉDITO,,09/12/2023
TXN_9762324,BOLO,2,3.0,6.0,DINHEIRO,PRESENCIAL,
TXN_1628509,VITAMINA,5,4.0,20.0,,PARA VIAGEM,
TXN_8259257,CHÁ,,1.5,3.0,,PRESENCIAL,13/12/2023
TXN_4183823,LANCHE,4,4.0,16.0,CARTÃO DE CRÉDITO,,28/03/2023
TXN_2239041,,4,1.5,6.0,,PRESENCIAL,24/10/2023
TXN_4696439,BISCOITO,1,1.0,1.0,DINHEIRO,PRESENCIAL,27/05/2023
TXN_8826983,VITAMINA,5,4.0,20.0,DINHEIRO,PRESENCIAL,14/01/2023
TXN_8267034,SUCO,2,3.0,6.0,,PARA VIAGEM,20/06/2023
TXN_1959334,CAFÉ,3,2.0,6.0,,,29/06/2023
TXN_6842808,CHÁ,2,1.5,3.0,,,22/10/2023
TXN_2947822,BOLO,4,3.0,12.0,CARTEIRA DIGITAL,PRESENCIAL,27/10/2023
TXN_5531712,,2,1.5,3.0,DINHEIRO,,09/01/2023
TXN_2148838,LANCHE,2,4.0,8.0,CARTÃO DE CRÉDITO,,05/08/2023
TXN_1330506,BISCOITO,3,1.0,3.0,CARTEIRA DIGITAL,,10/11/2023
TXN_5898743,SUCO,4,3.0,,,PARA VIAGEM,
TXN_8957369,SALADA,4,5.0,20.0,CARTEIRA DIGITAL,,18/10/2023
TXN_9340653,VITAMINA,1,4.0,4.0,CARTEIRA DIGITAL,,19/10/2023
TXN_2493446,LANCHE,1,4.0,4.0,DINHEIRO,PARA VIAGEM,19/05/2023
TXN_4538354,SUCO,3,3.0,9.0,DINHEIRO,PARA VIAGEM,21/04/2023
TXN_7098730,BOLO,2,3.0,6.0,CARTEIRA DIGITAL,,10/11/2023
TXN_7533411,BISCOITO,,1.0,1.0,CARTEIRA DIGITAL,PRESENCIAL,09/11/2023
TXN_2690314,CHÁ,5,1.5,7.5,DINHEIRO,PRESENCIAL,10/08/2023
TXN_8171171,CAFÉ,1,2.0,2.0,,PARA VIAGEM,13/05/2023
TXN_3791639,,4,3.0,12.0,CARTEIRA DIGITAL,,
TXN_2968827,SALADA,5,5.0,25.0,CARTEIRA DIGITAL,PARA VIAGEM,14/09/2023
TXN_4546375,,1,5.0,5.0,CARTÃO DE CRÉDITO,,20/02/2023
TXN_1387401,BISCOITO,4,1.0,4.0,DINHEIRO,PRESENCIAL,19/10/2023
TXN_6727029,CHÁ,2,1.5,3.0,,PARA VIAGEM,07/07/2023
TXN_3917193,SUCO,5,3.0,15.0,CARTÃO DE CRÉDITO,PARA VIAGEM,17/11/2023
TXN_8518516,LANCHE,4,4.0,16.0,,,16/08/2023
TXN_2062854,LANCHE,4,4.0,16.0,CARTEIRA DIGITAL,PARA VIAGEM,01/12/2023
TXN_4075863,VITAMINA,3,4.0,,DINHEIRO,PARA VIAGEM,21/05/2023
TXN_5624860,CHÁ,3,1.5,4.5,CARTÃO DE CRÉDITO,PARA VIAGEM,22/08/2023
TXN_4621665,VITAMINA,5,,20.0,,,17/01/2023
TXN_6669417,SALADA,5,5.0,25.0,,PARA VIAGEM,03/01/2023
TXN_7837381,LANCHE,5,4.0,20.0,,PARA VIAGEM,17/07/2023
TXN_1725926,SUCO,5,3.0,15.0,CARTÃO DE CRÉDITO,,23/12/2023
TXN_3403173,SALADA,1,5.0,5.0,,,24/06/2023
TXN_4186681,,4,,6.0,CARTEIRA DIGITAL,,24/05/2023
TXN_4152036,,,3.0,6.0,DINHEIRO,,
TXN_4059912,,3,4.0,12.0,,,21/04/2023
TXN_3381656,BOLO,5,3.0,15.0,DINHEIRO,PARA VIAGEM,26/10/2023
TXN_9956154,BOLO,4,3.0,12.0,,PRESENCIAL,11/05/2023
TXN_7110444,,4,5.0,20.0,DINHEIRO,,07/12/2023
TXN_6250692,LANCHE,1,4.0,4.0,,,01/09/2023
TXN_1183995,SALADA,5,5.0,25.0,CARTEIRA DIGITAL,PARA VIAGEM,28/03/2023
TXN_9452225,CHÁ,1,1.5,1.5,,PRESENCIAL,26/02/2023
TXN_9113574,CAFÉ,4,2.0,8.0,,PRESENCIAL,04/01/2023
TXN_5813015,BISCOITO,5,1.0,5.0,CARTEIRA DIGITAL,,07/10/2023
TXN_3213035,VITAMINA,4,4.0,16.0,,PRESENCIAL,21/05/2023
TXN_3789752,SUCO,3,,9.0,CARTEIRA DIGITAL,PARA VIAGEM,16/12/2023
TXN_7578769,LANCHE,5,4.0,20.0,CARTEIRA DIGITAL,PARA VIAGEM,30/01/2023
TXN_3515664,CAFÉ,2,2.0,4.0,DINHEIRO,PARA VIAGEM,25/09/2023
TXN_6209258,SUCO,1,3.0,3.0,CARTÃO DE CRÉDITO,,06/03/2023
TXN_8594004,BISCOITO,4,1.0,4.0,CARTÃO DE CRÉDITO,,25/02/2023
TXN_6422433,LANCHE,5,4.0,20.0,CARTEIRA DIGITAL,PARA VIAGEM,09/05/2023
TXN_2865033,CAFÉ,2,2.0,,DINHEIRO,,03/08/2023
TXN_5547519,SALADA,4,5.0,20.0,,PRESENCIAL,13/05/2023
TXN_2392263,SALADA,5,5.0,25.0,,PARA VIAGEM,08/02/2023
TXN_3810451,SUCO,4,3.0,12.0,,,
TXN_4669664,BISCOITO,1,1.0,1.0,CARTEIRA DIGITAL,PRESENCIAL,21/12/2023
TXN_9470612,BOLO,3,3.0,9.0,,PARA VIAGEM,30/04/2023
TXN_7507962,VITAMINA,4,,16.0,,,22/06/2023
TXN_1109715,BOLO,1,,3.0,,PRESENCIAL,15/07/2023
TXN_8320245,CHÁ,3,1.5,4.5,,PARA VIAGEM,09/04/2023
TXN_5904646,VITAMINA,1,4.0,4.0,,,26/03/2023
TXN_4498526,VITAMINA,3,4.0,12.0,CARTÃO DE CRÉDITO,,20/06/2023
TXN_2744907,SALADA,2,5.0,10.0,CARTEIRA DIGITAL,,
TXN_5209585,CHÁ,2,1.5,3.0,,PARA VIAGEM,12/08/2023
TXN_2213556,CAFÉ,1,2.0,2.0,DINHEIRO,PRESENCIAL,30/05/2023
TXN_3826038,SALADA,1,5.0,5.0,DINHEIRO,PARA VIAGEM,20/10/2023
TXN_7596587,CHÁ,3,1.5,4.5,CARTÃO DE CRÉDITO,,08/02/2023
TXN_7380277,LANCHE,4,4.0,16.0,CARTEIRA DIGITAL,PARA VIAGEM,24/04/2023
TXN_1353479,VITAMINA,4,4.0,16.0,DINHEIRO,,20/09/2023
TXN_6054137,SUCO,3,3.0,9.0,,PRESENCIAL,09/05/2023
TXN_7609853,LANCHE,,4.0,4.0,CARTEIRA DIGITAL,PRESENCIAL,22/04/2023
TXN_9266394,BISCOITO,2,1.0,2.0,CARTÃO DE CRÉDITO,PRESENCIAL,12/07/2023
TXN_5448157,,3,1.0,3.0,CARTÃO DE CRÉDITO,,11/01/2023
TXN_8298311,CHÁ,2,1.5,3.0,CARTEIRA DIGITAL,PRESENCIAL,
TXN_6744866,CHÁ,4,1.5,6.0,,PARA VIAGEM,
TXN_6152588,CAFÉ,3,2.0,6.0,DINHEIRO,PARA VIAGEM,21/11/2023
TXN_6569656,,5,1.0,5.0,DINHEIRO,,28/02/2023
TXN_2156206,VITAMINA,2,4.0,8.0,,,04/02/2023
TXN_3142258,SALADA,4,5.0,,,PARA VIAGEM,03/11/2023
TXN_5739806,VITAMINA,3,4.0,12.0,CARTÃO DE CRÉDITO,PRESENCIAL,18/09/2023
TXN_9228978,CAFÉ,5,2.0,10.0,CARTEIRA DIGITAL,PRESENCIAL,09/02/2023
TXN_5897205,BISCOITO,1,1.0,1.0,,PRESENCIAL,10/06/2023
TXN_1556652,BOLO,5,3.0,15.0,CARTEIRA DIGITAL,,06/04/2023
TXN_8608765,SALADA,4,5.0,20.0,CARTÃO DE CRÉDITO,,02/09/2023
TXN_8764825,VITAMINA,3,4.0,12.0,DINHEIRO,,
TXN_7353972,,4,3.0,12.0,DINHEIRO,PRESENCIAL,02/02/2023
TXN_1124753,SALADA,4,5.0,20.0,CARTEIRA DIGITAL,PRESENCIAL,19/10/2023
TXN_9410981,BISCOITO,2,1.0,2.0,,PARA VIAGEM,07/02/2023
TXN_9349962,,4,4.0,16.0,,PRESENCIAL,
TXN_7611120,SUCO,2,3.0,6.0,DINHEIRO,PARA VIAGEM,30/03/2023
TXN_2106959,LANCHE,5,4.0,20.0,CARTEIRA DIGITAL,,05/09/2023
TXN_2237115,CAFÉ,1,2.0,2.0,,PARA VIAGEM,13/01/2023
TXN_6836137,BOLO,4,3.0,12.0,,PRESENCIAL,30/08/2023
TXN_6316959,CHÁ,2,1.5,3.0,DINHEIRO,PRESENCIAL,10/11/2023
TXN_2265984,BISCOITO,5,1.0,5.0,CARTÃO DE CRÉDITO,PARA VIAGEM,18/10/2023
TXN_6352917,SALADA,5,5.0,,DINHEIRO,,05/05/2023
TXN_9564123,BOLO,4,3.0,12.0,CARTÃO DE CRÉDITO,,23/03/2023
TXN_3946544,BOLO,5,3.0,15.0,CARTÃO DE CRÉDITO,,
TXN_1123138,SALADA,1,5.0,5.0,DINHEIRO,PRESENCIAL,10/02/2023
TXN_9212503,SALADA,2,5.0,10.0,CARTEIRA DIGITAL,PARA VIAGEM,08/10/2023
TXN_1921262,LANCHE,,4.0,8.0,,,24/11/2023
TXN_1259824,BISCOITO,,1.0,5.0,CARTEIRA DIGITAL,PARA VIAGEM,29/04/2023
TXN_6868049,SUCO,5,3.0,15.0,CARTEIRA DIGITAL,,
TXN_2806243,SALADA,4,5.0,20.0,CARTEIRA DIGITAL,PARA VIAGEM,14/01/2023
TXN_9759896,CHÁ,4,1.5,6.0,,,02/12/2023
TXN_7560807,SALADA,2,5.0,10.0,CARTÃO DE CRÉDITO,,16/04/2023
TXN_3286932,BISCOITO,1,1.0,1.0,CARTEIRA DIGITAL,PARA VIAGEM,11/07/2023
TXN_3481470,SALADA,4,5.0,20.0,CARTÃO DE CRÉDITO,PRESENCIAL,24/12/2023
TXN_9907327,SALADA,,5.0,10.0,CARTÃO DE CRÉDITO,,07/10/2023
TXN_3469469,BISCOITO,1,1.0,1.0,CARTEIRA DIGITAL,PRESENCIAL,25/10/2023
TXN_2681833,,3,1.0,3.0,CARTEIRA DIGITAL,PRESENCIAL,05/10/2023
TXN_3179966,CHÁ,2,1.5,3.0,CARTEIRA DIGITAL,,27/05/2023
TXN_9289174,BOLO,,,12.0,CARTEIRA DIGITAL,PRESENCIAL,30/12/2023
TXN_3629351,BOLO,1,3.0,3.0,CARTEIRA DIGITAL,,21/07/2023
TXN_3142836,BOLO,2,3.0,6.0,DINHEIRO,,01/11/2023
TXN_4998786,BOLO,5,3.0,15.0,CARTÃO DE CRÉDITO,PARA VIAGEM,25/10/2023
TXN_7228816,SALADA,1,,5.0,,PRESENCIAL,21/04/2023
TXN_6904590,CAFÉ,4,2.0,8.0,CARTÃO DE CRÉDITO,,19/02/2023
TXN_2126408,BISCOITO,3,1.0,3.0,DINHEIRO,PARA VIAGEM,19/10/2023
TXN_8664315,SALADA,2,5.0,10.0,DINHEIRO,,14/08/2023
TXN_8958593,SUCO,5,3.0,15.0,CARTEIRA DIGITAL,PRESENCIAL,08/07/2023
TXN_2383598,LANCHE,2,4.0,8.0,CARTEIRA DIGITAL,PRESENCIAL,19/09/2023
TXN_2211685,VITAMINA,1,4.0,4.0,CARTÃO DE CRÉDITO,PRESENCIAL,06/06/2023
TXN_1503602,CHÁ,5,1.5,7.5,CARTEIRA DIGITAL,,16/12/2023
TXN_2962976,SUCO,,3.0,,,,17/03/2023
TXN_8716752,SUCO,1,3.0,3.0,,PRESENCIAL,05/12/2023
TXN_4266787,SUCO,4,,12.0,CARTÃO DE CRÉDITO,PARA VIAGEM,12/01/2023
TXN_5933480,LANCHE,3,4.0,12.0,CARTEIRA DIGITAL,PRESENCIAL,04/09/2023
TXN_8255965,SUCO,,3.0,6.0,,PRESENCIAL,16/11/2023
TXN_4364091,VITAMINA,1,4.0,4.0,,PARA VIAGEM,14/04/2023
TXN_9203920,,4,3.0,12.0,,PARA VIAGEM,01/11/2023
TXN_8964812,SALADA,4,,20.0,CARTEIRA DIGITAL,,14/10/2023
TXN_6721531,CHÁ,4,1.5,6.0,,PRESENCIAL,06/03/2023
TXN_5447508,LANCHE,3,4.0,12.0,CARTEIRA DIGITAL,PARA VIAGEM,28/06/2023
TXN_5686113,LANCHE,5,4.0,20.0,CARTEIRA DIGITAL,PRESENCIAL,09/09/2023
TXN_9239779,SALADA,1,5.0,5.0,DINHEIRO,,09/01/2023
TXN_9265319,SALADA,3,5.0,15.0,DINHEIRO,,15/11/2023
TXN_9265313,BOLO,3,3.0,9.0,,PRESENCIAL,01/10/2023
TXN_3397609,VITAMINA,2,4.0,8.0,CARTEIRA DIGITAL,PRESENCIAL,22/07/2023
TXN_9347203,LANCHE,5,4.0,20.0,DINHEIRO,PRESENCIAL,15/04/2023
TXN_2132186,SALADA,1,5.0,5.0,CARTÃO DE CRÉDITO,,01/02/2023
TXN_3383926,BOLO,3,3.0,9.0,DINHEIRO,PARA VIAGEM,08/07/2023
TXN_6905718,SALADA,5,5.0,25.0,CARTÃO DE CRÉDITO,PRESENCIAL,20/02/2023
TXN_3130548,BISCOITO,4,1.0,4.0,,PARA VIAGEM,21/08/2023
TXN_9356512,SALADA,,5.0,15.0,CARTÃO DE CRÉDITO,,06/06/2023
TXN_7993951,CHÁ,2,1.5,3.0,CARTEIRA DIGITAL,PARA VIAGEM,14/12/2023
TXN_6362093,,3,2.0,6.0,,,19/03/2023
TXN_4876440,BISCOITO,3,1.0,3.0,,PARA VIAGEM,01/07/2023
TXN_9323513,BOLO,3,3.0,9.0,,PARA VIAGEM,04/05/2023
TXN_9097641,BOLO,4,3.0,12.0,DINHEIRO,PARA VIAGEM,16/12/2023
TXN_1775884,SUCO,4,3.0,12.0,DINHEIRO,,08/10/2023
TXN_8536115,BOLO,1,3.0,3.0,CARTÃO DE CRÉDITO,PARA VIAGEM,11/07/2023
TXN_8032010,CHÁ,1,1.5,1.5,DINHEIRO,,14/06/2023
TXN_2915281,BISCOITO,1,1.0,1.0,CARTEIRA DIGITAL,PRESENCIAL,01/07/2023
TXN_3468006,VITAMINA,3,4.0,12.0,CARTÃO DE CRÉDITO,PARA VIAGEM,28/07/2023
TXN_7604541,SUCO,4,3.0,12.0,CARTÃO DE CRÉDITO,PRESENCIAL,16/04/2023
TXN_7806146,BOLO,3,,9.0,CARTEIRA DIGITAL,PRESENCIAL,30/01/2023
TXN_9238689,BOLO,1,3.0,3.0,CARTEIRA DIGITAL,PRESENCIAL,09/03/2023
TXN_2601689,SALADA,4,5.0,20.0,CARTEIRA DIGITAL,PARA VIAGEM,14/01/2023
TXN_6428182,BOLO,5,3.0,15.0,DINHEIRO,PRESENCIAL,10/11/2023
TXN_6830557,CAFÉ,3,2.0,6.0,CARTEIRA DIGITAL,PARA VIAGEM,08/11/2023
TXN_6371264,VITAMINA,5,4.0,20.0,DINHEIRO,PARA VIAGEM,27/02/2023
TXN_4663299,,4,4.0,16.0,CARTEIRA DIGITAL,PRESENCIAL,26/12/2023
TXN_9236713,BISCOITO,5,1.0,5.0,DINHEIRO,PRESENCIAL,13/09/2023
TXN_1079239,VITAMINA,1,,4.0,,PARA VIAGEM,08/02/2023
TXN_4690833,BOLO,1,3.0,3.0,DINHEIRO,PARA VIAGEM,23/05/2023
TXN_7946489,SUCO,1,3.0,3.0,DINHEIRO,PARA VIAGEM,11/09/2023
TXN_8661288,SALADA,2,5.0,10.0,CARTEIRA DIGITAL,PARA VIAGEM,27/01/2023
TXN_7187207,CAFÉ,5,2.0,10.0,DINHEIRO,,18/02/2023
TXN_4679409,,,2.0,2.0,,PRESENCIAL,25/03/2023
TXN_2866147,SUCO,2,3.0,6.0,,PARA VIAGEM,28/08/2023
TXN_5637677,,2,3.0,6.0,CARTEIRA DIGITAL,PARA VIAGEM,24/08/2023
TXN_7444541,SALADA,2,5.0,10.0,DINHEIRO,,29/11/2023
TXN_6046604,BISCOITO,5,1.0,5.0,CARTÃO DE CRÉDITO,,29/06/2023
TXN_6111710,SALADA,3,5.0,15.0,CARTÃO DE CRÉDITO,PRESENCIAL,18/06/2023
TXN_5476465,BOLO,,3.0,12.0,DINHEIRO,PRESENCIAL,23/06/2023
TXN_1773873,SALADA,5,5.0,25.0,CARTÃO DE CRÉDITO,PARA VIAGEM,10/06/2023
TXN_7688650,CHÁ,2,1.5,3.0,,,26/10/2023
TXN_4570711,LANCHE,4,4.0,16.0,CARTÃO DE CRÉDITO,PRESENCIAL,11/12/2023
TXN_5242469,CAFÉ,4,2.0,8.0,CARTÃO DE CRÉDITO,PARA VIAGEM,01/04/2023
TXN_2977414,BOLO,4,3.0,,,,09/06/2023
TXN_8938144,CAFÉ,2,2.0,4.0,CARTÃO DE CRÉDITO,,27/01/2023
TXN_6434414,,1,2.0,,CARTEIRA DIGITAL,PARA VIAGEM,10/03/2023
TXN_1655100,BOLO,4,3.0,12.0,CARTÃO DE CRÉDITO,PARA VIAGEM,20/12/2023
TXN_1526864,VITAMINA,3,4.0,12.0,CARTEIRA DIGITAL,PRESENCIAL,27/01/2023
TXN_1279428,SALADA,1,5.0,5.0,CARTEIRA DIGITAL,,02/03/2023
TXN_9866728,SUCO,1,3.0,3.0,DINHEIRO,PRESENCIAL,26/10/2023
TXN_1706201,CAFÉ,3,2.0,6.0,CARTÃO DE CRÉDITO,PRESENCIAL,23/08/2023
TXN_2498488,VITAMINA,2,4.0,8.0,CARTEIRA DIGITAL,PARA VIAGEM,06/12/2023
TXN_5387067,SALADA,3,5.0,15.0,CARTÃO DE CRÉDITO,,11/06/2023
TXN_4431179,LANCHE,3,4.0,12.0,CARTEIRA DIGITAL,PARA VIAGEM,13/08/2023
TXN_5051924,CHÁ,5,1.5,7.5,,,23/05/2023
TXN_9033890,SALADA,1,5.0,5.0,,PARA VIAGEM,05/08/2023
TXN_1777959,CHÁ,5,1.5,7.5,,PARA VIAGEM,18/10/2023
TXN_3574059,BOLO,1,3.0,3.0,,,18/01/2023
TXN_8386792,CAFÉ,,2.0,6.0,,PRESENCIAL,05/10/2023
TXN_2108894,LANCHE,4,4.0,16.0,CARTÃO DE CRÉDITO,PRESENCIAL,30/10/2023
TXN_6347472,CHÁ,1,1.5,1.5,CARTEIRA DIGITAL,PRESENCIAL,22/03/2023
TXN_8699110,SALADA,3,5.0,15.0,,PARA VIAGEM,11/10/2023
TXN_7188412,LANCHE,1,4.0,4.0,,PARA VIAGEM,08/08/2023
TXN_6178152,,5,1.5,7.5,,,26/12/2023
TXN_3477767,BISCOITO,3,,3.0,CARTEIRA DIGITAL,,
TXN_8345723,LANCHE,1,4.0,4.0,CARTEIRA DIGITAL,PARA VIAGEM,27/08/2023
TXN_9989415,VITAMINA,5,,20.0,CARTÃO DE CRÉDITO,PARA VIAGEM,26/05/2023
TXN_4476634,CHÁ,2,1.5,3.0,CARTÃO DE CRÉDITO,,16/06/2023
TXN_1932897,BISCOITO,1,1.0,1.0,,PARA VIAGEM,
TXN_2178964,CHÁ,4,1.5,6.0,DINHEIRO,PARA VIAGEM,25/12/2023
TXN_5213542,,,2.0,6.0,CARTÃO DE CRÉDITO,PRESENCIAL,21/08/2023
TXN_7889745,LANCHE,4,4.0,16.0,,,25/01/2023
TXN_7020671,CAFÉ,1,2.0,2.0,,,01/09/2023
TXN_8297135,,2,4.0,,,,16/09/2023
TXN_6581437,CAFÉ,5,2.0,10.0,CARTEIRA DIGITAL,PARA VIAGEM,23/10/2023
TXN_1347965,BISCOITO,5,1.0,5.0,,PRESENCIAL,19/02/2023
TXN_6128621,SALADA,3,5.0,15.0,CARTEIRA DIGITAL,PRESENCIAL,10/11/2023
TXN_5758199,CAFÉ,4,2.0,8.0,CARTÃO DE CRÉDITO,,11/06/2023
TXN_3145041,CHÁ,5,1.5,7.5,,,23/09/2023
TXN_9960577,LANCHE,1,4.0,4.0,DINHEIRO,,24/06/2023
TXN_1349738,LANCHE,3,4.0,,DINHEIRO,,26/03/2023
TXN_4512118,CAFÉ,2,2.0,4.0,CARTEIRA DIGITAL,PARA VIAGEM,20/04/2023
TXN_5763254,CAFÉ,3,,6.0,CARTEIRA DIGITAL,PARA VIAGEM,15/09/2023
TXN_8167279,SALADA,5,5.0,25.0,,PRESENCIAL,
TXN_8696094,LANCHE,,4.0,,,PARA VIAGEM,14/05/2023
TXN_8114990,SUCO,1,3.0,3.0,,,27/02/2023
TXN_4961655,SUCO,5,3.0,15.0,DINHEIRO,PARA VIAGEM,06/05/2023
TXN_5595352,SUCO,1,3.0,3.0,DINHEIRO,PRESENCIAL,20/02/2023
TXN_2070818,VITAMINA,5,4.0,20.0,,PARA VIAGEM,05/06/2023
TXN_1090854,BISCOITO,,1.0,3.0,CARTÃO DE CRÉDITO,PRESENCIAL,07/01/2023
TXN_2004851,SALADA,5,5.0,25.0,CARTÃO DE CRÉDITO,,
TXN_1869814,CHÁ,1,1.5,1.5,CARTEIRA DIGITAL,PARA VIAGEM,24/05/2023
TXN_8296518,,2,4.0,8.0,CARTÃO DE CRÉDITO,PRESENCIAL,08/02/2023
TXN_6910915,CHÁ,4,1.5,6.0,CARTEIRA DIGITAL,PARA VIAGEM,06/05/2023
TXN_3183527,CAFÉ,3,2.0,6.0,CARTEIRA DIGITAL,,26/10/2023
TXN_6916047,CAFÉ,2,2.0,,CARTEIRA DIGITAL,PRESENCIAL,
TXN_5787508,,3,,9.0,CARTÃO DE CRÉDITO,PARA VIAGEM,23/07/2023
TXN_2611960,LANCHE,3,4.0,12.0,CARTÃO DE CRÉDITO,,11/09/2023
TXN_7923140,CAFÉ,2,2.0,4.0,CARTEIRA DIGITAL,,02/04/2023
TXN_5229169,SUCO,2,3.0,6.0,CARTÃO DE CRÉDITO,PARA VIAGEM,08/09/2023
TXN_1018880,VITAMINA,5,4.0,20.0,CARTEIRA DIGITAL,,15/07/2023
TXN_4074732,SALADA,3,,15.0,CARTÃO DE CRÉDITO,,09/04/2023
TXN_9409728,CHÁ,2,1.5,3.0,,PRESENCIAL,06/03/2023
TXN_5840223,CHÁ,4,,6.0,DINHEIRO,,20/12/2023
TXN_5576265,VITAMINA,4,4.0,16.0,CARTÃO DE CRÉDITO,PARA VIAGEM,08/04/2023
TXN_7399897,,4,3.0,12.0,,PARA VIAGEM,14/11/2023
TXN_5098938,CHÁ,5,1.5,7.5,,,06/05/2023
TXN_6119823,CHÁ,2,1.5,3.0,,PARA VIAGEM,13/06/2023
TXN_7308222,SALADA,2,,10.0,,PARA VIAGEM,09/03/2023
TXN_5408625,BISCOITO,5,1.0,5.0,DINHEIRO,,14/08/2023
TXN_5969754,CHÁ,4,1.5,6.0,,PARA VIAGEM,29/01/2023
TXN_5740553,SALADA,5,5.0,25.0,,PRESENCIAL,29/08/2023
TXN_4809497,CHÁ,4,1.5,6.0,DINHEIRO,PRESENCIAL,
TXN_2392934,,2,2.0,4.0,,PRESENCIAL,25/11/2023
TXN_5728991,SALADA,,5.0,10.0,,,01/01/2023
TXN_7608816,,3,3.0,9.0,CARTEIRA DIGITAL,PRESENCIAL,07/11/2023
TXN_1046394,VITAMINA,1,4.0,4.0,DINHEIRO,PRESENCIAL,29/04/2023
TXN_3228823,,5,1.5,7.5,,,06/01/2023
TXN_2269396,CAFÉ,3,2.0,6.0,CARTEIRA DIGITAL,PRESENCIAL,26/10/2023
TXN_9263967,BISCOITO,3,1.0,3.0,CARTÃO DE CRÉDITO,PRESENCIAL,14/09/2023
TXN_6540946,SUCO,4,3.0,12.0,CARTEIRA DIGITAL,,08/10/2023
TXN_2914088,SALADA,5,5.0,25.0,DINHEIRO,PRESENCIAL,22/03/2023
TXN_6571898,SUCO,3,3.0,9.0,CARTEIRA DIGITAL,PARA VIAGEM,02/02/2023
TXN_7109358,SALADA,,5.0,25.0,CARTEIRA DIGITAL,,02/05/2023
TXN_4498370,VITAMINA,4,4.0,16.0,,,24/07/2023
TXN_4015710,SUCO,4,,12.0,DINHEIRO,,18/05/2023
TXN_4600048,BISCOITO,,1.0,2.0,DINHEIRO,,30/10/2023
TXN_2108486,SUCO,4,3.0,12.0,CARTEIRA DIGITAL,PARA VIAGEM,28/12/2023
TXN_7019782,VITAMINA,,4.0,20.0,,,16/10/2023
TXN_5228270,SUCO,3,3.0,9.0,,PARA VIAGEM,12/04/2023
TXN_4387303,BISCOITO,1,1.0,1.0,,,27/06/2023
TXN_4637016,SALADA,3,5.0,15.0,CARTÃO DE CRÉDITO,PRESENCIAL,
TXN_7786214,VITAMINA,1,,4.0,CARTÃO DE CRÉDITO,,25/11/2023
TXN_9587884,CHÁ,2,1.5,3.0,,,05/01/2023
TXN_4625910,SUCO,1,3.0,3.0,,,17/01/2023
TXN_8250731,BISCOITO,2,1.0,2.0,DINHEIRO,,24/08/2023
TXN_3605929,VITAMINA,2,4.0,8.0,CARTÃO DE CRÉDITO,,26/04/2023
TXN_4953450,BISCOITO,4,1.0,,,PRESENCIAL,10/03/2023
TXN_5315441,VITAMINA,5,4.0,20.0,CARTEIRA DIGITAL,PRESENCIAL,31/10/2023
TXN_9196322,BISCOITO,4,1.0,4.0,CARTEIRA DIGITAL,PRESENCIAL,12/08/2023
TXN_4009547,SUCO,4,3.0,12.0,CARTÃO DE CRÉDITO,,13/05/2023
TXN_3394710,LANCHE,,4.0,4.0,CARTEIRA DIGITAL,PRESENCIAL,22/10/2023
TXN_8354174,,3,2.0,,CARTÃO DE CRÉDITO,,29/12/2023
TXN_5931292,,2,4.0,8.0,CARTÃO DE CRÉDITO,PRESENCIAL,18/12/2023
TXN_2109416,LANCHE,1,4.0,4.0,,PRESENCIAL,21/09/2023
TXN_8776606,,4,5.0,20.0,CARTEIRA DIGITAL,PARA VIAGEM,24/07/2023
TXN_1063366,SUCO,3,3.0,9.0,,,20/03/2023
TXN_2393500,SUCO,1,,3.0,CARTÃO DE CRÉDITO,PRESENCIAL,15/12/2023
TXN_9738758,CAFÉ,1,2.0,,DINHEIRO,PRESENCIAL,31/12/2023
TXN_7838465,LANCHE,3,4.0,12.0,CARTÃO DE CRÉDITO,PARA VIAGEM,15/06/2023
TXN_2447261,BISCOITO,3,1.0,3.0,CARTÃO DE CRÉDITO,PARA VIAGEM,15/10/2023
TXN_6609947,,3,3.0,9.0,CARTEIRA DIGITAL,PRESENCIAL,29/05/2023
TXN_9036453,,1,4.0,4.0,CARTEIRA DIGITAL,PARA VIAGEM,08/02/2023
TXN_2611990,BISCOITO,,1.0,3.0,CARTEIRA DIGITAL,PARA VIAGEM,25/10/2023
TXN_1460963,CAFÉ,3,2.0,6.0,DINHEIRO,PRESENCIAL,10/02/2023
TXN_1713128,VITAMINA,3,4.0,12.0,CARTÃO DE CRÉDITO,,01/05/2023
TXN_4501168,,1,1.5,1.5,,PRESENCIAL,28/06/2023
TXN_2840323,CHÁ,4,1.5,6.0,CARTÃO DE CRÉDITO,,07/05/2023
TXN_6691767,SALADA,2,5.0,10.0,DINHEIRO,PARA VIAGEM,05/02/2023
TXN_7280191,CAFÉ,3,2.0,6.0,,PARA VIAGEM,23/08/2023
TXN_6932070,CHÁ,4,1.5,6.0,CARTÃO DE CRÉDITO,PRESENCIAL,10/06/2023
TXN_3502743,,5,4.0,20.0,,,28/02/2023
TXN_2815335,SUCO,5,3.0,15.0,DINHEIRO,,30/03/2023
TXN_4916272,CHÁ,3,1.5,4.5,,,03/03/2023
TXN_7940202,,1,,4.0,CARTEIRA DIGITAL,,23/07/2023
TXN_5489408,BISCOITO,1,1.0,1.0,,PRESENCIAL,02/05/2023
TXN_4640977,BISCOITO,3,1.0,3.0,CARTÃO DE CRÉDITO,PRESENCIAL,11/02/2023
TXN_8563346,,3,2.0,6.0,CARTÃO DE CRÉDITO,,24/10/2023
TXN_3172751,SUCO,5,3.0,15.0,CARTÃO DE CRÉDITO,,
TXN_7896721,BOLO,3,3.0,9.0,CARTÃO DE CRÉDITO,PARA VIAGEM,22/04/2023
TXN_8973563,CAFÉ,1,2.0,2.0,,,08/10/2023
TXN_4827371,SALADA,2,5.0,10.0,,PARA VIAGEM,20/06/2023
TXN_1559313,VITAMINA,2,4.0,8.0,CARTÃO DE CRÉDITO,,02/12/2023
TXN_7384923,LANCHE,2,4.0,,,PARA VIAGEM,24/01/2023
TXN_7906197,LANCHE,5,4.0,20.0,CARTÃO DE CRÉDITO,PRESENCIAL,02/01/2023
TXN_9018535,BISCOITO,2,,2.0,CARTEIRA DIGITAL,PARA VIAGEM,05/05/2023
TXN_9103318,LANCHE,2,4.0,8.0,,,13/11/2023
TXN_8066743,CHÁ,3,1.5,4.5,DINHEIRO,PARA VIAGEM,13/11/2023
TXN_9658677,BOLO,,3.0,12.0,DINHEIRO,PARA VIAGEM,
TXN_8647575,CHÁ,,1.5,3.0,DINHEIRO,,08/02/2023
TXN_6376175,SUCO,4,,12.0,CARTEIRA DIGITAL,PARA VIAGEM,24/02/2023
TXN_9840274,LANCHE,5,4.0,20.0,,PARA VIAGEM,25/02/2023
TXN_4912458,BOLO,4,3.0,12.0,,PARA VIAGEM,12/06/2023
TXN_7982985,BISCOITO,1,1.0,1.0,CARTÃO DE CRÉDITO,,27/01/2023
TXN_2855581,CAFÉ,4,2.0,8.0,CARTÃO DE CRÉDITO,,23/10/2023
TXN_7585348,BOLO,3,3.0,9.0,CARTÃO DE CRÉDITO,PARA VIAGEM,16/03/2023
TXN_8249251,BOLO,,3.0,9.0,,PRESENCIAL,01/01/2023
TXN_4005014,LANCHE,1,4.0,4.0,CARTEIRA DIGITAL,PARA VIAGEM,10/07/2023
TXN_3106215,VITAMINA,3,4.0,,,PARA VIAGEM,15/04/2023
TXN_4478185,BOLO,2,3.0,6.0,DINHEIRO,PRESENCIAL,25/08/2023
TXN_7815651,SALADA,1,,5.0,DINHEIRO,PRESENCIAL,16/01/2023
TXN_3461209,SUCO,4,3.0,12.0,CARTÃO DE CRÉDITO,PRESENCIAL,26/04/2023
TXN_9498325,SALADA,1,5.0,5.0,,,04/04/2023
TXN_1026827,BISCOITO,4,1.0,4.0,CARTEIRA DIGITAL,PRESENCIAL,02/01/2023
TXN_4479052,SALADA,,5.0,20.0,CARTEIRA DIGITAL,PRESENCIAL,05/12/2023
TXN_7269513,SALADA,3,5.0,15.0,DINHEIRO,,12/05/2023
TXN_5134545,CHÁ,5,1.5,7.5,CARTEIRA DIGITAL,,17/10/2023
TXN_7997144,SUCO,4,3.0,12.0,CARTÃO DE CRÉDITO,,25/02/2023
TXN_7315198,SALADA,2,,10.0,,,23/09/2023
TXN_4339682,SALADA,5,5.0,25.0,,PRESENCIAL,04/03/2023
TXN_3363831,SUCO,3,3.0,9.0,CARTEIRA DIGITAL,,10/05/2023
TXN_5369555,SUCO,4,3.0,12.0,DINHEIRO,PARA VIAGEM,24/02/2023
TXN_6208034,BOLO,1,3.0,3.0,CARTEIRA DIGITAL,,29/08/2023
TXN_8187656,CHÁ,4,1.5,6.0,CARTÃO DE CRÉDITO,PARA VIAGEM,01/05/2023
TXN_6463415,CAFÉ,3,2.0,6.0,CARTEIRA DIGITAL,PRESENCIAL,12/04/2023
TXN_1461895,SUCO,5,3.0,15.0,,,17/06/2023
TXN_3197752,VITAMINA,2,4.0,8.0,,,10/03/2023
TXN_3112175,CAFÉ,4,2.0,8.0,DINHEIRO,,16/03/2023
TXN_6439579,CHÁ,5,1.5,7.5,CARTÃO DE CRÉDITO,,23/03/2023
TXN_4944121,,2,2.0,4.0,,,29/05/2023
TXN_5590805,BOLO,1,3.0,3.0,,PARA VIAGEM,25/01/2023
TXN_4634772,SUCO,3,3.0,9.0,CARTÃO DE CRÉDITO,PRESENCIAL,12/01/2023
TXN_3519066,BOLO,1,3.0,3.0,,PARA VIAGEM,08/11/2023
TXN_8034156,LANCHE,1,4.0,4.0,DINHEIRO,PRESENCIAL,22/07/2023
TXN_2163229,BISCOITO,4,1.0,4.0,DINHEIRO,PARA VIAGEM,21/12/2023
TXN_4109764,SUCO,3,3.0,,CARTÃO DE CRÉDITO,,12/07/2023
TXN_1343750,BISCOITO,2,1.0,2.0,CARTEIRA DIGITAL,PARA VIAGEM,15/02/2023
TXN_6387964,CHÁ,5,1.5,7.5,CARTEIRA DIGITAL,,07/08/2023
TXN_2743397,BOLO,2,3.0,6.0,CARTEIRA DIGITAL,,03/10/2023
TXN_8022689,CHÁ,1,1.5,1.5,DINHEIRO,PARA VIAGEM,15/06/2023
TXN_9392028,SALADA,5,,25.0,CARTÃO DE CRÉDITO,PRESENCIAL,13/01/2023
TXN_3547825,BISCOITO,3,1.0,3.0,,PARA VIAGEM,04/09/2023
TXN_9101792,CAFÉ,5,2.0,10.0,DINHEIRO,,13/06/2023
TXN_3463928,,4,1.5,6.0,CARTÃO DE CRÉDITO,PRESENCIAL,07/06/2023
TXN_8503406,VITAMINA,2,4.0,8.0,CARTEIRA DIGITAL,,15/02/2023
TXN_1992966,VITAMINA,5,4.0,20.0,,PRESENCIAL,09/08/2023
TXN_2179458,,1,3.0,3.0,DINHEIRO,PRESENCIAL,23/10/2023
TXN_5648512,,4,3.0,12.0,,PARA VIAGEM,30/01/2023
TXN_8689416,SUCO,5,3.0,15.0,,,19/03/2023
TXN_1964555,VITAMINA,2,4.0,8.0,CARTEIRA DIGITAL,,11/04/2023
TXN_9402247,SALADA,3,,15.0,CARTEIRA DIGITAL,,
TXN_8868960,SALADA,5,5.0,25.0,,,
TXN_1794862,BOLO,2,3.0,6.0,DINHEIRO,,16/07/2023
TXN_5780615,VITAMINA,3,4.0,,DINHEIRO,,24/12/2023
TXN_2416816,VITAMINA,5,4.0,20.0,CARTEIRA DIGITAL,PRESENCIAL,19/10/2023
TXN_8005682,CAFÉ,2,2.0,4.0,CARTÃO DE CRÉDITO,,16/03/2023
TXN_1778707,SALADA,5,5.0,25.0,CARTÃO DE CRÉDITO,PARA VIAGEM,26/03/2023
TXN_9959813,LANCHE,4,4.0,16.0,CARTEIRA DIGITAL,,05/09/2023
TXN_7675823,CHÁ,5,1.5,7.5,,,
TXN_3110343,CHÁ,,1.5,7.5,CARTEIRA DIGITAL,PARA VIAGEM,24/06/2023
TXN_7913451,LANCHE,5,4.0,20.0,CARTÃO DE CRÉDITO,,05/12/2023
TXN_1901729,BOLO,2,3.0,6.0,,PARA VIAGEM,18/03/2023
TXN_5934059,SUCO,,3.0,12.0,,,26/09/2023
TXN_8717428,SALADA,3,5.0,15.0,CARTEIRA DIGITAL,,
TXN_2098878,SUCO,2,3.0,6.0,,PARA VIAGEM,19/08/2023
TXN_9536472,SUCO,5,3.0,15.0,,,12/11/2023
TXN_6696913,BOLO,4,3.0,12.0,,,22/10/2023
TXN_9561832,,3,4.0,12.0,CARTEIRA DIGITAL,,29/10/2023
TXN_8888153,CAFÉ,5,2.0,10.0,,,16/12/2023
TXN_3790025,,1,4.0,4.0,DINHEIRO,,07/10/2023
TXN_2820693,SALADA,3,,15.0,DINHEIRO,PARA VIAGEM,05/05/2023
TXN_5661147,BOLO,1,3.0,3.0,,PARA VIAGEM,06/11/2023
TXN_3746260,VITAMINA,5,4.0,20.0,CARTEIRA DIGITAL,PARA VIAGEM,26/08/2023
TXN_7805035,VITAMINA,3,4.0,12.0,,PRESENCIAL,18/05/2023
TXN_2058243,VITAMINA,5,4.0,20.0,,PARA VIAGEM,19/03/2023
TXN_5710748,SALADA,1,5.0,5.0,,,31/10/2023
TXN_3725837,CAFÉ,5,2.0,10.0,DINHEIRO,PRESENCIAL,22/10/2023
TXN_5132327,VITAMINA,,4.0,20.0,DINHEIRO,,25/01/2023
TXN_1575608,LANCHE,,,20.0,,PARA VIAGEM,05/01/2023
TXN_4594922,SALADA,2,5.0,10.0,CARTÃO DE CRÉDITO,PARA VIAGEM,19/06/2023
TXN_5163686,SALADA,5,5.0,25.0,CARTÃO DE CRÉDITO,PRESENCIAL,29/05/2023
TXN_5445318,BISCOITO,1,1.0,1.0,CARTEIRA DIGITAL,,16/02/2023
TXN_2391446,LANCHE,3,4.0,12.0,,PRESENCIAL,06/12/2023
TXN_2826603,SALADA,2,5.0,10.0,CARTEIRA DIGITAL,PARA VIAGEM,22/06/2023
TXN_3489940,,3,1.0,3.0,CARTÃO DE CRÉDITO,,15/12/2023
TXN_2526667,,3,3.0,9.0,CARTEIRA DIGITAL,PRESENCIAL,10/06/2023
TXN_3760598,BOLO,3,3.0,9.0,CARTEIRA DIGITAL,PRESENCIAL,24/10/2023
TXN_7679707,CHÁ,1,1.5,1.5,CARTÃO DE CRÉDITO,PRESENCIAL,22/07/2023
TXN_3831364,CHÁ,1,1.5,1.5,CARTEIRA DIGITAL,,03/03/2023
TXN_5038513,BISCOITO,2,,2.0,CARTEIRA DIGITAL,PARA VIAGEM,24/10/2023
TXN_5007619,BOLO,5,3.0,15.0,CARTÃO DE CRÉDITO,PRESENCIAL,05/07/2023
TXN_5124870,CHÁ,1,1.5,1.5,CARTEIRA DIGITAL,,11/08/2023
TXN_8229546,VITAMINA,2,4.0,8.0,DINHEIRO,,16/10/2023
TXN_3173923,BISCOITO,2,1.0,2.0,CARTEIRA DIGITAL,,29/06/2023
TXN_8460786,CAFÉ,1,2.0,2.0,DINHEIRO,,17/05/2023
TXN_7078232,,5,3.0,15.0,CARTEIRA DIGITAL,PARA VIAGEM,21/11/2023
TXN_7833800,CAFÉ,2,2.0,4.0,,PARA VIAGEM,
TXN_9625287,SUCO,2,3.0,6.0,DINHEIRO,PRESENCIAL,08/07/2023
TXN_3135132,LANCHE,4,4.0,16.0,CARTÃO DE CRÉDITO,PARA VIAGEM,
TXN_4779440,BISCOITO,1,1.0,1.0,,,12/07/2023
TXN_7337979,CAFÉ,1,2.0,2.0,CARTEIRA DIGITAL,PRESENCIAL,27/05/2023
TXN_1713098,VITAMINA,4,4.0,16.0,,,22/11/2023
TXN_5325729,CAFÉ,5,2.0,10.0,CARTEIRA DIGITAL,,04/05/2023
TXN_5630457,VITAMINA,1,4.0,4.0,CARTÃO DE CRÉDITO,PARA VIAGEM,01/03/2023
TXN_4167859,CAFÉ,5,2.0,10.0,,PARA VIAGEM,17/08/2023
TXN_4487966,SUCO,3,3.0,9.0,DINHEIRO,PRESENCIAL,10/08/2023
TXN_1122140,LANCHE,4,4.0,16.0,DINHEIRO,,19/06/2023
TXN_7484682,SUCO,1,3.0,3.0,DINHEIRO,,28/12/2023
TXN_5182042,LANCHE,4,4.0,16.0,,PARA VIAGEM,25/02/2023
TXN_4040989,LANCHE,1,4.0,4.0,,,02/03/2023
TXN_2190793,,4,1.0,4.0,CARTÃO DE CRÉDITO,PARA VIAGEM,29/07/2023
TXN_3663712,CHÁ,4,1.5,6.0,CARTEIRA DIGITAL,PARA VIAGEM,22/09/2023
TXN_9140598,SUCO,1,3.0,3.0,CARTEIRA DIGITAL,PARA VIAGEM,10/07/2023
TXN_5657259,,2,1.5,3.0,,PRESENCIAL,03/03/2023
TXN_4316299,CHÁ,2,1.5,3.0,CARTÃO DE CRÉDITO,PRESENCIAL,
TXN_5601300,CAFÉ,2,2.0,4.0,CARTEIRA DIGITAL,,24/02/2023
TXN_9904662,VITAMINA,1,4.0,4.0,,PRESENCIAL,19/11/2023
TXN_3696194,SALADA,2,5.0,10.0,CARTÃO DE CRÉDITO,PRESENCIAL,27/11/2023
TXN_2964638,SALADA,2,5.0,10.0,CARTEIRA DIGITAL,PRESENCIAL,28/09/2023
TXN_8336656,SALADA,5,5.0,25.0,DINHEIRO,PARA VIAGEM,02/12/2023
TXN_2024121,SUCO,5,3.0,,CARTEIRA DIGITAL,PRESENCIAL,06/11/2023
TXN_6287890,CHÁ,5,1.5,7.5,CARTÃO DE CRÉDITO,PARA VIAGEM,07/02/2023
TXN_4712887,CHÁ,5,1.5,7.5,CARTÃO DE CRÉDITO,,04/01/2023
TXN_4336892,BISCOITO,2,1.0,2.0,,PRESENCIAL,04/06/2023
TXN_5447694,VITAMINA,1,4.0,,CARTEIRA DIGITAL,PRESENCIAL,18/11/2023
TXN_2492058,VITAMINA,5,4.0,20.0,DINHEIRO,,22/09/2023
TXN_3439712,SUCO,4,3.0,12.0,,PRESENCIAL,04/04/2023
TXN_5350401,LANCHE,2,4.0,8.0,CARTEIRA DIGITAL,PRESENCIAL,28/10/2023
TXN_8999006,VITAMINA,1,4.0,,DINHEIRO,,07/02/2023
TXN_8514689,SUCO,5,3.0,15.0,,,15/04/2023
TXN_1866028,CHÁ,5,1.5,7.5,CARTÃO DE CRÉDITO,PARA VIAGEM,12/06/2023
TXN_8379141,SALADA,1,5.0,5.0,,PRESENCIAL,01/10/2023
TXN_9152264,BOLO,1,3.0,3.0,CARTEIRA DIGITAL,PARA VIAGEM,15/03/2023
TXN_2287941,,1,1.0,1.0,,,22/09/2023
TXN_3794585,LANCHE,1,4.0,4.0,CARTÃO DE CRÉDITO,PRESENCIAL,10/02/2023
TXN_3856427,SUCO,4,3.0,,,PRESENCIAL,25/03/2023
TXN_9890874,LANCHE,5,4.0,20.0,DINHEIRO,PRESENCIAL,02/09/2023
TXN_3945716,CHÁ,2,1.5,3.0,,,17/09/2023
TXN_6254003,,2,5.0,10.0,,,02/11/2023
TXN_3101575,CAFÉ,,2.0,4.0,,PARA VIAGEM,03/12/2023
TXN_4874685,VITAMINA,,4.0,4.0,CARTÃO DE CRÉDITO,PRESENCIAL,
TXN_6269119,,2,3.0,6.0,CARTEIRA DIGITAL,PARA VIAGEM,19/07/2023
TXN_6024625,CAFÉ,5,2.0,10.0,CARTEIRA DIGITAL,PARA VIAGEM,13/09/2023
TXN_7470910,SALADA,2,5.0,10.0,DINHEIRO,PRESENCIAL,22/11/2023
TXN_9911345,BISCOITO,,1.0,1.0,CARTEIRA DIGITAL,,14/04/2023
TXN_1116119,VITAMINA,4,4.0,16.0,CARTEIRA DIGITAL,PRESENCIAL,07/08/2023
TXN_3471223,CAFÉ,1,2.0,2.0,CARTEIRA DIGITAL,PRESENCIAL,08/10/2023
TXN_4491072,VITAMINA,4,4.0,16.0,CARTÃO DE CRÉDITO,,03/12/2023
TXN_2053993,CHÁ,2,1.5,3.0,,PARA VIAGEM,21/09/2023
TXN_9086709,BOLO,1,,3.0,,PRESENCIAL,04/05/2023
TXN_1646009,,4,5.0,20.0,CARTÃO DE CRÉDITO,,11/10/2023
TXN_8692653,SUCO,,3.0,6.0,DINHEIRO,PARA VIAGEM,01/11/2023
TXN_5021925,CHÁ,4,1.5,6.0,DINHEIRO,PRESENCIAL,07/05/2023
TXN_1104849,,4,4.0,16.0,CARTEIRA DIGITAL,PARA VIAGEM,05/07/2023
TXN_6358073,LANCHE,3,4.0,12.0,,,
TXN_7764154,SALADA,2,5.0,10.0,CARTÃO DE CRÉDITO,PARA VIAGEM,09/12/2023
TXN_5410185,,3,3.0,9.0,,PRESENCIAL,22/02/2023
TXN_5651348,,3,5.0,,DINHEIRO,PARA VIAGEM,04/11/2023
TXN_2178735,SUCO,3,3.0,9.0,CARTÃO DE CRÉDITO,PARA VIAGEM,24/07/2023
TXN_4125165,CAFÉ,5,2.0,10.0,DINHEIRO,,16/04/2023
TXN_5014959,BISCOITO,2,1.0,2.0,CARTÃO DE CRÉDITO,PRESENCIAL,28/11/2023
TXN_8811565,SUCO,5,3.0,15.0,CARTÃO DE CRÉDITO,,01/10/2023
TXN_9868382,CAFÉ,2,2.0,4.0,CARTEIRA DIGITAL,,02/06/2023
TXN_2924611,SUCO,3,3.0,9.0,DINHEIRO,,19/04/2023
TXN_7063124,BOLO,1,,3.0,,PARA VIAGEM,10/04/2023
TXN_2291079,CAFÉ,,2.0,2.0,DINHEIRO,,07/10/2023
TXN_5348445,SALADA,5,5.0,25.0,CARTEIRA DIGITAL,PRESENCIAL,15/11/2023
TXN_8920751,CHÁ,2,1.5,3.0,,,20/04/2023
TXN_7215985,CHÁ,4,1.5,6.0,CARTÃO DE CRÉDITO,PRESENCIAL,07/08/2023
TXN_7448296,BISCOITO,1,1.0,1.0,CARTÃO DE CRÉDITO,PRESENCIAL,15/11/2023
TXN_2625324,CAFÉ,1,2.0,2.0,,,02/09/2023
TXN_3542902,VITAMINA,1,4.0,4.0,,PRESENCIAL,10/06/2023
TXN_1494608,CHÁ,3,1.5,4.5,CARTÃO DE CRÉDITO,PRESENCIAL,07/05/2023
TXN_7615147,LANCHE,4,4.0,16.0,DINHEIRO,PRESENCIAL,19/05/2023
TXN_7225428,CHÁ,,,3.0,CARTÃO DE CRÉDITO,PARA VIAGEM,07/03/2023
TXN_3426892,SALADA,4,5.0,20.0,CARTÃO DE CRÉDITO,,23/05/2023
TXN_5892508,VITAMINA,1,4.0,4.0,CARTÃO DE CRÉDITO,PARA VIAGEM,21/03/2023
TXN_5546684,CAFÉ,1,2.0,2.0,CARTÃO DE CRÉDITO,PRESENCIAL,02/10/2023
TXN_6846047,SALADA,,5.0,5.0,CARTEIRA DIGITAL,,02/04/2023
TXN_5373527,LANCHE,2,4.0,8.0,,,26/06/2023
TXN_6402128,LANCHE,4,4.0,16.0,CARTEIRA DIGITAL,PRESENCIAL,09/11/2023
TXN_5009706,LANCHE,2,4.0,8.0,CARTEIRA DIGITAL,PRESENCIAL,20/09/2023
TXN_7223120,SUCO,1,3.0,3.0,,,13/03/2023
TXN_1991104,SUCO,2,,6.0,CARTEIRA DIGITAL,PARA VIAGEM,29/11/2023
TXN_3380698,CAFÉ,3,2.0,6.0,CARTÃO DE CRÉDITO,PARA VIAGEM,15/12/2023
TXN_9084554,,4,4.0,16.0,CARTÃO DE CRÉDITO,PRESENCIAL,08/06/2023
TXN_2996948,VITAMINA,3,4.0,,,,25/06/2023
TXN_1148945,CAFÉ,1,2.0,2.0,,,05/09/2023
TXN_2078577,CHÁ,4,1.5,6.0,CARTÃO DE CRÉDITO,,31/01/2023
TXN_4007285,LANCHE,5,4.0,20.0,CARTEIRA DIGITAL,,16/01/2023
TXN_2336708,,2,3.0,6.0,DINHEIRO,PRESENCIAL,16/06/2023
TXN_1512118,SALADA,4,5.0,20.0,DINHEIRO,PRESENCIAL,01/03/2023
TXN_6077816,BOLO,3,3.0,9.0,CARTÃO DE CRÉDITO,,26/09/2023
TXN_5136936,BOLO,3,3.0,9.0,DINHEIRO,,24/08/2023
TXN_8623443,,3,5.0,15.0,CARTÃO DE CRÉDITO,PRESENCIAL,04/09/2023
TXN_5654490,CHÁ,4,1.5,6.0,CARTÃO DE CRÉDITO,,22/05/2023
TXN_4033888,LANCHE,2,4.0,8.0,DINHEIRO,PRESENCIAL,04/02/2023
TXN_4591512,CHÁ,2,1.5,3.0,,,11/08/2023
TXN_6886495,BISCOITO,4,1.0,4.0,DINHEIRO,,07/08/2023
TXN_9218683,BOLO,2,3.0,6.0,CARTEIRA DIGITAL,PRESENCIAL,
TXN_2153529,BISCOITO,1,1.0,1.0,CARTÃO DE CRÉDITO,,11/09/2023
TXN_7880148,BOLO,3,3.0,9.0,CARTÃO DE CRÉDITO,PARA VIAGEM,12/12/2023
TXN_3688181,BOLO,1,3.0,3.0,,PARA VIAGEM,23/08/2023
TXN_2482129,SUCO,1,3.0,3.0,DINHEIRO,,12/12/2023
TXN_4187420,BOLO,3,3.0,9.0,CARTEIRA DIGITAL,PRESENCIAL,31/01/2023
TXN_4146452,VITAMINA,1,4.0,4.0,,PARA VIAGEM,31/05/2023
TXN_9553579,BOLO,2,3.0,6.0,CARTÃO DE CRÉDITO,PRESENCIAL,03/10/2023
TXN_3854285,SALADA,3,5.0,15.0,DINHEIRO,PARA VIAGEM,18/07/2023
TXN_5614488,LANCHE,1,4.0,4.0,CARTÃO DE CRÉDITO,PARA VIAGEM,22/07/2023
TXN_6187083,BOLO,5,3.0,15.0,,PRESENCIAL,02/06/2023
TXN_1521486,SALADA,4,5.0,20.0,,,28/01/2023
TXN_6868182,,5,4.0,20.0,CARTÃO DE CRÉDITO,,02/01/2023
TXN_6035534,SALADA,4,5.0,20.0,CARTÃO DE CRÉDITO,PRESENCIAL,18/12/2023
TXN_8781128,LANCHE,5,4.0,20.0,CARTEIRA DIGITAL,PARA VIAGEM,
TXN_7670743,SALADA,4,5.0,20.0,,PRESENCIAL,28/04/2023
TXN_7201724,SALADA,1,5.0,5.0,DINHEIRO,PARA VIAGEM,20/03/2023
TXN_2881199,VITAMINA,,4.0,4.0,CARTEIRA DIGITAL,,05/03/2023
TXN_3616362,VITAMINA,5,4.0,,CARTEIRA DIGITAL,PRESENCIAL,02/12/2023
TXN_6113876,BOLO,3,3.0,9.0,DINHEIRO,PRESENCIAL,01/03/2023
TXN_6007079,,2,1.0,2.0,CARTÃO DE CRÉDITO,PRESENCIAL,09/10/2023
TXN_3163383,CHÁ,2,1.5,3.0,,PRESENCIAL,24/10/2023
TXN_1413304,,5,5.0,25.0,,PARA VIAGEM,17/03/2023
TXN_4907812,LANCHE,,4.0,8.0,CARTEIRA DIGITAL,PRESENCIAL,11/08/2023
TXN_7894514,BOLO,1,3.0,3.0,,,25/09/2023
TXN_6450138,BOLO,1,3.0,3.0,CARTÃO DE CRÉDITO,PARA VIAGEM,13/04/2023
TXN_9874588,LANCHE,2,4.0,8.0,,PARA VIAGEM,04/06/2023
TXN_6732989,SALADA,2,5.0,10.0,CARTÃO DE CRÉDITO,,29/04/2023
TXN_5442610,SUCO,2,3.0,6.0,,PARA VIAGEM,10/12/2023
TXN_2155368,,2,1.0,2.0,CARTEIRA DIGITAL,PARA VIAGEM,06/02/2023
TXN_5236892,,1,3.0,3.0,CARTEIRA DIGITAL,PARA VIAGEM,09/03/2023
TXN_9328595,CHÁ,2,1.5,3.0,DINHEIRO,,24/10/2023
TXN_1324930,LANCHE,5,4.0,,CARTÃO DE CRÉDITO,PARA VIAGEM,11/01/2023
TXN_6148397,CHÁ,4,1.5,6.0,,PRESENCIAL,20/03/2023
TXN_8298711,CAFÉ,3,2.0,6.0,,PARA VIAGEM,26/01/2023
TXN_7085875,SUCO,3,3.0,9.0,CARTEIRA DIGITAL,PRESENCIAL,23/08/2023
TXN_3857768,CAFÉ,2,2.0,4.0,CARTÃO DE CRÉDITO,,04/01/2023
TXN_5474440,BOLO,2,3.0,6.0,CARTÃO DE CRÉDITO,,08/11/2023
TXN_6057379,SALADA,5,5.0,25.0,CARTÃO DE CRÉDITO,PARA VIAGEM,18/03/2023
TXN_4637070,CHÁ,3,1.5,4.5,CARTÃO DE CRÉDITO,,13/06/2023
TXN_9313535,BISCOITO,1,1.0,1.0,CARTEIRA DIGITAL,PARA VIAGEM,04/06/2023
TXN_8161873,,1,1.5,1.5,CARTEIRA DIGITAL,,08/02/2023
TXN_5441196,CHÁ,,1.5,1.5,DINHEIRO,,24/05/2023
TXN_9626053,SALADA,1,5.0,5.0,DINHEIRO,PARA VIAGEM,11/08/2023
TXN_7026504,,5,4.0,20.0,,,29/03/2023
TXN_4114843,LANCHE,,4.0,8.0,DINHEIRO,,17/05/2023
TXN_6622954,VITAMINA,2,4.0,8.0,,PRESENCIAL,13/01/2023
TXN_5509088,LANCHE,3,4.0,12.0,CARTEIRA DIGITAL,,28/08/2023
TXN_5583534,BISCOITO,2,1.0,2.0,DINHEIRO,PARA VIAGEM,31/10/2023
TXN_1438257,SALADA,4,5.0,20.0,CARTÃO DE CRÉDITO,PARA VIAGEM,13/06/2023
TXN_6428593,CHÁ,5,1.5,,,,06/09/2023
TXN_4257830,BISCOITO,5,1.0,5.0,,PRESENCIAL,04/08/2023
TXN_8780340,BOLO,5,3.0,15.0,CARTÃO DE CRÉDITO,,29/08/2023
TXN_5801294,SALADA,1,5.0,5.0,,,20/10/2023
TXN_4315988,,2,5.0,10.0,DINHEIRO,PARA VIAGEM,12/04/2023
TXN_3963927,LANCHE,4,4.0,16.0,CARTÃO DE CRÉDITO,PRESENCIAL,03/01/2023
TXN_2906443,BOLO,4,3.0,12.0,,,14/08/2023
TXN_2660295,BISCOITO,3,1.0,3.0,,,06/12/2023
TXN_7023528,CHÁ,5,1.5,7.5,DINHEIRO,PRESENCIAL,28/10/2023
TXN_5419862,SUCO,5,3.0,15.0,CARTEIRA DIGITAL,,29/05/2023
TXN_9124680,BISCOITO,2,1.0,2.0,DINHEIRO,PARA VIAGEM,03/10/2023
TXN_7853635,SALADA,3,5.0,15.0,CARTEIRA DIGITAL,PARA VIAGEM,16/02/2023
TXN_2009893,VITAMINA,3,4.0,12.0,,,06/12/2023
TXN_3516263,BOLO,2,3.0,6.0,CARTEIRA DIGITAL,PRESENCIAL,23/09/2023
TXN_1591640,BOLO,2,3.0,6.0,DINHEIRO,PRESENCIAL,26/05/2023
TXN_9358958,VITAMINA,1,4.0,4.0,,PARA VIAGEM,08/05/2023
TXN_3008336,,5,4.0,20.0,CARTÃO DE CRÉDITO,,27/07/2023
TXN_7401710,LANCHE,5,4.0,20.0,DINHEIRO,,24/10/2023
TXN_2176727,CHÁ,1,1.5,1.5,,PARA VIAGEM,26/07/2023
TXN_5595717,SUCO,2,3.0,6.0,,,16/06/2023
TXN_1697018,SUCO,4,3.0,12.0,CARTEIRA DIGITAL,PRESENCIAL,02/07/2023
TXN_1910957,CHÁ,5,1.5,7.5,,PARA VIAGEM,25/07/2023
TXN_2667225,SALADA,2,5.0,10.0,DINHEIRO,PRESENCIAL,21/11/2023
TXN_3152531,CAFÉ,3,2.0,6.0,CARTÃO DE CRÉDITO,,24/11/2023
TXN_8605958,LANCHE,,4.0,20.0,DINHEIRO,,09/06/2023
TXN_5033045,SALADA,3,5.0,15.0,CARTEIRA DIGITAL,,21/04/2023
TXN_7527249,CHÁ,3,1.5,4.5,,PARA VIAGEM,29/03/2023
TXN_9159212,VITAMINA,3,4.0,12.0,CARTEIRA DIGITAL,PARA VIAGEM,12/01/2023
TXN_6881523,SUCO,5,3.0,15.0,,PARA VIAGEM,24/02/2023
TXN_9725369,CAFÉ,,2.0,6.0,,PARA VIAGEM,10/02/2023
TXN_3282436,SALADA,5,5.0,25.0,CARTÃO DE CRÉDITO,PRESENCIAL,14/12/2023
TXN_4206256,VITAMINA,3,4.0,12.0,,,10/10/2023
TXN_8465274,BOLO,3,3.0,9.0,CARTEIRA DIGITAL,PARA VIAGEM,01/02/2023
TXN_1286779,VITAMINA,,4.0,16.0,CARTÃO DE CRÉDITO,,13/04/2023
TXN_7216922,SUCO,5,3.0,15.0,,,26/06/2023
TXN_8330446,VITAMINA,3,4.0,12.0,CARTÃO DE CRÉDITO,PRESENCIAL,06/08/2023
TXN_1282260,LANCHE,5,4.0,20.0,CARTEIRA DIGITAL,,21/07/2023
TXN_9582716,BOLO,2,3.0,6.0,,,
TXN_9769410,SALADA,1,5.0,5.0,DINHEIRO,PRESENCIAL,22/07/2023
TXN_7482583,CHÁ,5,1.5,7.5,CARTÃO DE CRÉDITO,,
TXN_3865224,CAFÉ,3,2.0,6.0,,,25/07/2023
TXN_8135614,SUCO,2,,6.0,CARTEIRA DIGITAL,,28/01/2023
TXN_9603131,VITAMINA,5,4.0,20.0,,,19/08/2023
TXN_1437083,VITAMINA,2,4.0,8.0,CARTÃO DE CRÉDITO,PRESENCIAL,15/03/2023
TXN_2955040,,5,3.0,15.0,,,21/03/2023
TXN_2413626,BOLO,1,3.0,3.0,CARTÃO DE CRÉDITO,PARA VIAGEM,06/11/2023
TXN_1568657,CAFÉ,2,,4.0,DINHEIRO,,
TXN_3392848,BOLO,2,3.0,6.0,DINHEIRO,PRESENCIAL,03/04/2023
TXN_7027905,LANCHE,1,4.0,4.0,CARTÃO DE CRÉDITO,PRESENCIAL,17/07/2023
TXN_8808034,VITAMINA,2,4.0,8.0,DINHEIRO,PRESENCIAL,09/08/2023
TXN_1663113,VITAMINA,4,4.0,16.0,CARTÃO DE CRÉDITO,PARA VIAGEM,24/12/2023
TXN_1544070,CAFÉ,5,2.0,10.0,,PARA VIAGEM,05/09/2023
TXN_6189334,LANCHE,1,4.0,4.0,DINHEIRO,PRESENCIAL,12/01/2023
TXN_3412490,BOLO,2,3.0,6.0,DINHEIRO,PRESENCIAL,
TXN_1852586,BOLO,5,3.0,15.0,,PRESENCIAL,
TXN_3803732,SALADA,4,,20.0,CARTEIRA DIGITAL,,08/01/2023
TXN_3410971,VITAMINA,1,4.0,4.0,,PARA VIAGEM,02/01/2023
TXN_6467618,CHÁ,3,1.5,4.5,,PARA VIAGEM,12/10/2023
TXN_6908287,BISCOITO,1,1.0,1.0,DINHEIRO,PRESENCIAL,04/08/2023
TXN_2726700,,,1.5,3.0,CARTEIRA DIGITAL,,10/04/2023
TXN_1803889,SALADA,4,5.0,20.0,,,23/06/2023
TXN_6829707,LANCHE,1,4.0,4.0,DINHEIRO,PARA VIAGEM,17/08/2023
TXN_7303706,CAFÉ,2,2.0,4.0,DINHEIRO,PRESENCIAL,14/12/2023
TXN_1730647,SUCO,5,3.0,15.0,CARTEIRA DIGITAL,PRESENCIAL,18/01/2023
TXN_9691018,LANCHE,2,4.0,8.0,CARTEIRA DIGITAL,,21/07/2023
TXN_5480564,SALADA,3,,15.0,CARTEIRA DIGITAL,,28/05/2023
TXN_4090904,,,1.5,7.5,CARTEIRA DIGITAL,PRESENCIAL,04/08/2023
TXN_9138791,BOLO,1,3.0,,CARTEIRA DIGITAL,PRESENCIAL,22/03/2023
TXN_2367947,VITAMINA,5,4.0,20.0,,PARA VIAGEM,13/05/2023
TXN_4936135,CAFÉ,4,2.0,8.0,DINHEIRO,PRESENCIAL,08/12/2023
TXN_5311015,VITAMINA,3,4.0,12.0,,,11/05/2023
TXN_2473090,,2,,3.0,CARTÃO DE CRÉDITO,PRESENCIAL,03/03/2023
TXN_8808631,LANCHE,5,,20.0,,PARA VIAGEM,26/03/2023
TXN_8703212,,2,2.0,4.0,CARTÃO DE CRÉDITO,PARA VIAGEM,17/04/2023
TXN_7732920,LANCHE,5,4.0,20.0,DINHEIRO,,11/02/2023
TXN_4496665,LANCHE,2,4.0,8.0,CARTEIRA DIGITAL,PARA VIAGEM,10/12/2023
TXN_5041555,,4,1.5,6.0,CARTEIRA DIGITAL,,26/08/2023
TXN_6816094,CHÁ,4,1.5,6.0,,PRESENCIAL,30/12/2023
TXN_8209794,CAFÉ,5,2.0,10.0,CARTÃO DE CRÉDITO,PARA VIAGEM,25/10/2023
TXN_4135454,LANCHE,4,4.0,16.0,,PRESENCIAL,23/07/2023
TXN_3942164,CAFÉ,4,2.0,8.0,CARTÃO DE CRÉDITO,,
TXN_2761542,BISCOITO,4,1.0,4.0,,,15/10/2023
TXN_7948095,SALADA,5,5.0,,,PARA VIAGEM,18/07/2023
TXN_3330687,BOLO,5,3.0,15.0,DINHEIRO,PRESENCIAL,26/12/2023
TXN_9822317,,3,1.5,4.5,DINHEIRO,PRESENCIAL,25/09/2023
TXN_6243479,LANCHE,5,4.0,20.0,,,18/09/2023
TXN_9296807,CAFÉ,3,2.0,6.0,CARTÃO DE CRÉDITO,,20/12/2023
TXN_7626939,CAFÉ,,2.0,10.0,,,
TXN_5354746,CAFÉ,4,2.0,8.0,CARTEIRA DIGITAL,PARA VIAGEM,06/03/2023
TXN_1235969,BISCOITO,1,1.0,1.0,CARTEIRA DIGITAL,,08/07/2023
TXN_4240796,SUCO,4,3.0,12.0,,,28/03/2023
TXN_3736798,CAFÉ,4,2.0,8.0,CARTEIRA DIGITAL,PRESENCIAL,01/07/2023
TXN_9102030,VITAMINA,4,4.0,16.0,CARTEIRA DIGITAL,PRESENCIAL,
TXN_8118419,BOLO,3,3.0,9.0,,,03/12/2023
TXN_3089814,BOLO,5,3.0,15.0,CARTEIRA DIGITAL,,25/03/2023
TXN_6719521,SALADA,5,5.0,25.0,DINHEIRO,PRESENCIAL,03/08/2023
TXN_6530795,BISCOITO,1,1.0,1.0,CARTÃO DE CRÉDITO,,30/04/2023
TXN_4176373,BISCOITO,3,1.0,3.0,DINHEIRO,,28/03/2023
TXN_7230500,SUCO,3,3.0,9.0,CARTÃO DE CRÉDITO,,12/12/2023
TXN_7094898,SALADA,4,5.0,20.0,,PARA VIAGEM,20/06/2023
TXN_2400518,SUCO,3,3.0,9.0,CARTÃO DE CRÉDITO,,04/02/2023
TXN_5349288,CAFÉ,4,2.0,8.0,CARTEIRA DIGITAL,,20/11/2023
TXN_6806290,SALADA,3,5.0,15.0,,,02/05/2023
TXN_6191123,,2,1.0,,CARTEIRA DIGITAL,PARA VIAGEM,01/03/2023
TXN_5386752,SALADA,4,5.0,20.0,CARTEIRA DIGITAL,PRESENCIAL,07/12/2023
TXN_1022523,SALADA,4,5.0,20.0,DINHEIRO,PRESENCIAL,25/11/2023
TXN_3125997,SUCO,4,3.0,12.0,,,19/10/2023
TXN_9906002,VITAMINA,,4.0,12.0,CARTEIRA DIGITAL,PRESENCIAL,13/07/2023
TXN_6202015,BISCOITO,2,1.0,2.0,CARTÃO DE CRÉDITO,PARA VIAGEM,22/08/2023
TXN_6928137,BOLO,3,3.0,9.0,CARTEIRA DIGITAL,PRESENCIAL,11/10/2023
TXN_3003809,CAFÉ,4,2.0,8.0,DINHEIRO,,21/04/2023
TXN_5913013,BISCOITO,2,1.0,2.0,CARTÃO DE CRÉDITO,PARA VIAGEM,29/11/2023
TXN_7433269,CHÁ,1,1.5,1.5,DINHEIRO,PRESENCIAL,18/05/2023
TXN_3103972,BOLO,1,3.0,3.0,,,01/03/2023
TXN_9081115,SUCO,3,3.0,,,,04/12/2023
TXN_1054915,,5,1.0,5.0,,PRESENCIAL,22/01/2023
TXN_2633600,SALADA,5,5.0,,DINHEIRO,PARA VIAGEM,28/11/2023
TXN_4631695,BISCOITO,5,1.0,5.0,,PRESENCIAL,18/11/2023
TXN_3121271,VITAMINA,2,4.0,8.0,CARTÃO DE CRÉDITO,,13/08/2023
TXN_4613883,CHÁ,1,1.5,1.5,DINHEIRO,,21/05/2023
TXN_2766651,BOLO,,3.0,9.0,,,11/05/2023
TXN_2166064,CAFÉ,4,2.0,8.0,,PRESENCIAL,08/02/2023
TXN_4617771,VITAMINA,4,4.0,16.0,CARTEIRA DIGITAL,PARA VIAGEM,10/09/2023
TXN_9444461,LANCHE,2,4.0,8.0,,,28/05/2023
TXN_4723978,,2,1.0,2.0,,,20/04/2023
TXN_1741325,CHÁ,2,1.5,3.0,CARTÃO DE CRÉDITO,PRESENCIAL,31/03/2023
TXN_9370294,BOLO,2,3.0,6.0,CARTÃO DE CRÉDITO,,23/04/2023
TXN_9983356,LANCHE,2,4.0,8.0,CARTEIRA DIGITAL,PARA VIAGEM,20/09/2023
TXN_8964527,LANCHE,4,4.0,16.0,CARTEIRA DIGITAL,PARA VIAGEM,22/02/2023
TXN_7696120,BISCOITO,1,,1.0,,PRESENCIAL,
TXN_3331437,,1,2.0,2.0,DINHEIRO,PARA VIAGEM,26/02/2023
TXN_6313325,BISCOITO,5,1.0,5.0,,,07/07/2023
TXN_9497634,SUCO,3,3.0,9.0,DINHEIRO,,20/07/2023
TXN_9408993,LANCHE,1,4.0,4.0,CARTEIRA DIGITAL,PRESENCIAL,19/08/2023
TXN_7810285,BOLO,4,3.0,12.0,DINHEIRO,PARA VIAGEM,25/10/2023
TXN_5322809,BOLO,2,3.0,6.0,,,30/04/2023
TXN_1961595,VITAMINA,5,4.0,20.0,CARTEIRA DIGITAL,PRESENCIAL,02/07/2023
TXN_1200795,LANCHE,1,4.0,4.0,,PRESENCIAL,18/08/2023
TXN_8958073,VITAMINA,1,4.0,4.0,,,31/03/2023
TXN_4114503,SALADA,5,5.0,25.0,,PARA VIAGEM,07/11/2023
TXN_4179561,BISCOITO,2,1.0,2.0,CARTEIRA DIGITAL,PRESENCIAL,12/11/2023
TXN_5669113,LANCHE,2,4.0,,,PARA VIAGEM,19/03/2023
TXN_7574828,CAFÉ,2,2.0,4.0,,PRESENCIAL,24/09/2023
TXN_9056301,BISCOITO,2,1.0,2.0,CARTÃO DE CRÉDITO,PARA VIAGEM,02/03/2023
TXN_8530924,LANCHE,2,4.0,8.0,CARTÃO DE CRÉDITO,,05/08/2023
TXN_1505947,,3,1.0,3.0,DINHEIRO,,21/11/2023
TXN_2114258,,1,1.0,1.0,CARTEIRA DIGITAL,PRESENCIAL,04/12/2023
TXN_5965422,CAFÉ,2,2.0,4.0,CARTÃO DE CRÉDITO,,20/06/2023
TXN_6910030,CAFÉ,4,2.0,8.0,CARTEIRA DIGITAL,PARA VIAGEM,09/07/2023
TXN_3713626,LANCHE,2,4.0,8.0,DINHEIRO,,24/12/2023
TXN_5753095,LANCHE,4,4.0,16.0,,,25/06/2023
TXN_5538503,VITAMINA,2,4.0,8.0,,PRESENCIAL,05/09/2023
TXN_7609781,VITAMINA,3,4.0,12.0,DINHEIRO,PRESENCIAL,13/03/2023
TXN_8398059,BOLO,1,3.0,3.0,DINHEIRO,PARA VIAGEM,15/10/2023
TXN_3755379,BISCOITO,2,,2.0,CARTEIRA DIGITAL,PRESENCIAL,19/11/2023
TXN_6565955,,3,2.0,6.0,CARTEIRA DIGITAL,PRESENCIAL,29/12/2023
TXN_1792573,VITAMINA,5,4.0,20.0,DINHEIRO,PARA VIAGEM,07/12/2023
TXN_4812472,BOLO,2,3.0,6.0,DINHEIRO,,16/09/2023
TXN_2923987,,4,2.0,8.0,DINHEIRO,PARA VIAGEM,28/03/2023
TXN_1789644,CAFÉ,4,2.0,8.0,CARTÃO DE CRÉDITO,PRESENCIAL,
TXN_5050993,BISCOITO,4,1.0,4.0,,,06/02/2023
TXN_9991225,BOLO,5,3.0,15.0,CARTÃO DE CRÉDITO,PARA VIAGEM,03/02/2023
TXN_8734476,CHÁ,1,1.5,1.5,DINHEIRO,PARA VIAGEM,12/09/2023
TXN_6471962,LANCHE,4,4.0,16.0,DINHEIRO,PARA VIAGEM,21/09/2023
TXN_1981602,LANCHE,4,4.0,16.0,DINHEIRO,,04/09/2023
TXN_4792702,LANCHE,1,4.0,4.0,DINHEIRO,PARA VIAGEM,28/06/2023
TXN_3572190,CAFÉ,5,2.0,10.0,CARTÃO DE CRÉDITO,PARA VIAGEM,05/03/2023
TXN_6791398,CAFÉ,1,2.0,2.0,CARTÃO DE CRÉDITO,PARA VIAGEM,17/12/2023
TXN_8361255,BOLO,3,3.0,9.0,DINHEIRO,PARA VIAGEM,29/07/2023
TXN_1096690,VITAMINA,5,4.0,,CARTÃO DE CRÉDITO,,09/10/2023
TXN_1371554,LANCHE,2,4.0,,,,19/05/2023
TXN_5080213,,1,2.0,,CARTEIRA DIGITAL,,18/07/2023
TXN_5102956,BOLO,5,3.0,15.0,,,
TXN_5858988,SUCO,1,,3.0,CARTÃO DE CRÉDITO,PARA VIAGEM,24/06/2023
TXN_1476066,VITAMINA,2,4.0,8.0,,PARA VIAGEM,19/10/2023
TXN_6078834,VITAMINA,1,4.0,4.0,CARTEIRA DIGITAL,PARA VIAGEM,28/04/2023
TXN_7812601,CHÁ,2,1.5,3.0,CARTÃO DE CRÉDITO,,15/11/2023
TXN_8186625,BISCOITO,1,1.0,1.0,CARTEIRA DIGITAL,PARA VIAGEM,21/07/2023
TXN_3713976,SUCO,2,3.0,6.0,,PARA VIAGEM,06/11/2023
TXN_2946829,BISCOITO,2,1.0,2.0,CARTEIRA DIGITAL,PARA VIAGEM,08/02/2023
TXN_8645889,SALADA,4,,20.0,DINHEIRO,,
TXN_8750849,BOLO,2,3.0,6.0,CARTÃO DE CRÉDITO,PARA VIAGEM,03/03/2023
TXN_2889344,LANCHE,3,4.0,12.0,,PRESENCIAL,21/05/2023
TXN_4067814,CHÁ,5,1.5,7.5,DINHEIRO,,20/12/2023
TXN_2018654,SALADA,1,,5.0,,,23/10/2023
TXN_1973716,SALADA,4,5.0,20.0,CARTÃO DE CRÉDITO,PRESENCIAL,21/01/2023
TXN_1105589,CAFÉ,5,2.0,10.0,DINHEIRO,PARA VIAGEM,04/07/2023
TXN_3727374,BOLO,2,3.0,6.0,,PRESENCIAL,10/04/2023
TXN_9155299,SUCO,3,3.0,9.0,,PARA VIAGEM,09/02/2023
TXN_1346936,BISCOITO,5,1.0,5.0,,,10/10/2023
TXN_2089778,BOLO,1,3.0,3.0,,PRESENCIAL,12/06/2023
TXN_4896948,BOLO,,3.0,12.0,,,11/10/2023
TXN_5375349,CAFÉ,1,2.0,2.0,,PARA VIAGEM,13/11/2023
TXN_6206171,BOLO,1,3.0,3.0,CARTEIRA DIGITAL,,19/03/2023
TXN_9256387,CHÁ,5,1.5,7.5,,,31/05/2023
TXN_6915192,CAFÉ,4,2.0,8.0,,PRESENCIAL,09/12/2023
TXN_8908224,CAFÉ,4,2.0,8.0,,,21/08/2023
TXN_4988665,BOLO,1,3.0,3.0,CARTEIRA DIGITAL,PARA VIAGEM,16/12/2023
TXN_7740907,VITAMINA,5,4.0,,,PRESENCIAL,11/02/2023
TXN_9596100,,4,3.0,12.0,DINHEIRO,PARA VIAGEM,04/05/2023
TXN_5019407,SUCO,4,3.0,12.0,CARTÃO DE CRÉDITO,,17/04/2023
TXN_2482363,CHÁ,3,1.5,4.5,DINHEIRO,,06/08/2023
TXN_5412834,VITAMINA,4,4.0,16.0,DINHEIRO,PARA VIAGEM,13/07/2023
TXN_1389258,SALADA,1,5.0,5.0,DINHEIRO,PARA VIAGEM,31/12/2023
TXN_3223187,CAFÉ,2,2.0,4.0,CARTÃO DE CRÉDITO,,21/08/2023
TXN_9288207,BOLO,4,3.0,12.0,,PARA VIAGEM,16/05/2023
TXN_8300706,SALADA,2,5.0,10.0,CARTEIRA DIGITAL,,23/12/2023
TXN_8076559,BOLO,5,3.0,15.0,DINHEIRO,PARA VIAGEM,02/11/2023
TXN_2749266,LANCHE,,4.0,12.0,,PARA VIAGEM,06/02/2023
TXN_4310310,BOLO,3,3.0,9.0,DINHEIRO,PARA VIAGEM,08/03/2023
TXN_5301689,BOLO,5,3.0,15.0,,PRESENCIAL,11/04/2023
TXN_9971927,VITAMINA,3,4.0,12.0,,PARA VIAGEM,07/08/2023
TXN_9143440,CAFÉ,4,2.0,8.0,CARTEIRA DIGITAL,,31/03/2023
TXN_6359777,,5,4.0,20.0,,,13/01/2023
TXN_2916209,BOLO,2,3.0,6.0,,PRESENCIAL,15/04/2023
TXN_6411716,BOLO,4,3.0,12.0,CARTÃO DE CRÉDITO,PRESENCIAL,25/02/2023
TXN_7759607,LANCHE,1,4.0,4.0,CARTEIRA DIGITAL,,11/08/2023
TXN_8441057,BOLO,4,3.0,12.0,CARTÃO DE CRÉDITO,,04/11/2023
TXN_8283691,SUCO,3,3.0,9.0,,,25/01/2023
TXN_1154979,CAFÉ,3,2.0,6.0,CARTÃO DE CRÉDITO,PRESENCIAL,11/12/2023
TXN_4258949,BOLO,2,3.0,6.0,,,07/03/2023
TXN_6129205,LANCHE,5,4.0,20.0,DINHEIRO,PRESENCIAL,20/07/2023
TXN_3444519,BISCOITO,4,1.0,4.0,,PARA VIAGEM,10/03/2023
TXN_6813508,SALADA,1,5.0,5.0,DINHEIRO,,26/10/2023
TXN_5540986,BOLO,3,3.0,9.0,,,12/05/2023
TXN_4832513,BISCOITO,5,1.0,5.0,CARTÃO DE CRÉDITO,PRESENCIAL,05/06/2023
TXN_6202035,CHÁ,2,1.5,3.0,,PRESENCIAL,06/09/2023
TXN_4108120,CAFÉ,2,2.0,4.0,,PRESENCIAL,14/06/2023
TXN_8466519,,1,1.0,1.0,,PARA VIAGEM,31/08/2023
TXN_5379385,CAFÉ,5,2.0,10.0,CARTÃO DE CRÉDITO,,21/02/2023
TXN_6782228,CAFÉ,4,2.0,8.0,CARTÃO DE CRÉDITO,,18/08/2023
TXN_7268366,SUCO,5,3.0,15.0,,PRESENCIAL,14/12/2023
TXN_1180969,BISCOITO,1,1.0,,CARTEIRA DIGITAL,PRESENCIAL,06/01/2023
TXN_3815345,,5,1.0,5.0,DINHEIRO,PRESENCIAL,16/09/2023
TXN_7453213,CAFÉ,,2.0,6.0,,PRESENCIAL,27/10/2023
TXN_9469533,BISCOITO,4,,4.0,DINHEIRO,,22/05/2023
TXN_6492919,SUCO,3,3.0,9.0,CARTEIRA DIGITAL,,24/09/2023
TXN_4356223,SALADA,3,5.0,15.0,CARTEIRA DIGITAL,PARA VIAGEM,23/11/2023
TXN_7515082,CAFÉ,2,2.0,4.0,,PRESENCIAL,21/10/2023
TXN_7216161,CHÁ,4,1.5,6.0,CARTÃO DE CRÉDITO,,06/07/2023
TXN_2426782,CAFÉ,2,,4.0,CARTÃO DE CRÉDITO,PRESENCIAL,04/11/2023
TXN_3484520,SUCO,3,3.0,9.0,CARTÃO DE CRÉDITO,,15/08/2023
TXN_2806515,VITAMINA,4,4.0,,,PRESENCIAL,31/12/2023
TXN_7198128,BOLO,2,3.0,,,PRESENCIAL,07/09/2023
TXN_6717061,SALADA,3,5.0,15.0,CARTÃO DE CRÉDITO,,07/08/2023
TXN_3562350,CAFÉ,2,2.0,4.0,,,04/02/2023
TXN_1987977,,2,4.0,8.0,,,16/11/2023
TXN_4250492,SALADA,5,,25.0,,PARA VIAGEM,29/09/2023
TXN_2471972,BISCOITO,1,1.0,1.0,DINHEIRO,PARA VIAGEM,08/04/2023
TXN_3060152,SUCO,5,3.0,15.0,CARTEIRA DIGITAL,,07/02/2023
TXN_4651514,CHÁ,2,1.5,,CARTEIRA DIGITAL,PRESENCIAL,28/03/2023
TXN_6555617,SALADA,2,5.0,10.0,CARTEIRA DIGITAL,PARA VIAGEM,27/12/2023
TXN_7033977,LANCHE,4,4.0,16.0,,PARA VIAGEM,04/05/2023
TXN_6899834,BOLO,3,3.0,9.0,CARTÃO DE CRÉDITO,PARA VIAGEM,27/01/2023
TXN_5031214,,5,,5.0,,PARA VIAGEM,29/07/2023
TXN_3427950,VITAMINA,5,4.0,20.0,,PRESENCIAL,23/02/2023
TXN_8817239,,5,4.0,20.0,DINHEIRO,PRESENCIAL,29/01/2023
TXN_8543211,SUCO,3,3.0,9.0,,PARA VIAGEM,30/11/2023
TXN_7538570,VITAMINA,4,4.0,16.0,CARTÃO DE CRÉDITO,PARA VIAGEM,18/04/2023
TXN_8789116,SALADA,5,5.0,25.0,CARTEIRA DIGITAL,PARA VIAGEM,13/01/2023
TXN_8930109,BISCOITO,5,1.0,5.0,CARTEIRA DIGITAL,PARA VIAGEM,17/05/2023
TXN_9799798,CAFÉ,5,2.0,10.0,CARTÃO DE CRÉDITO,PARA VIAGEM,23/05/2023
TXN_8551432,,,1.5,6.0,,PARA VIAGEM,12/01/2023
TXN_8831813,VITAMINA,5,4.0,20.0,,,23/11/2023
TXN_5067373,BISCOITO,3,1.0,3.0,DINHEIRO,,18/10/2023
TXN_5755839,LANCHE,3,4.0,12.0,CARTÃO DE CRÉDITO,,19/12/2023
TXN_1681153,SUCO,3,3.0,9.0,DINHEIRO,PARA VIAGEM,09/02/2023
TXN_4255503,CAFÉ,3,2.0,6.0,CARTEIRA DIGITAL,PARA VIAGEM,19/11/2023
TXN_6086709,,5,3.0,15.0,,,07/07/2023
TXN_2385697,CAFÉ,1,2.0,2.0,DINHEIRO,PARA VIAGEM,10/09/2023
TXN_9151321,LANCHE,4,4.0,16.0,DINHEIRO,PRESENCIAL,05/01/2023
TXN_7369807,CAFÉ,4,2.0,8.0,,PRESENCIAL,22/02/2023
TXN_1602799,BOLO,4,3.0,12.0,CARTEIRA DIGITAL,PARA VIAGEM,23/03/2023
TXN_3336502,LANCHE,3,4.0,12.0,CARTÃO DE CRÉDITO,,04/05/2023
TXN_9579181,LANCHE,1,4.0,4.0,CARTEIRA DIGITAL,PRESENCIAL,24/05/2023
TXN_7391267,BOLO,3,,9.0,CARTEIRA DIGITAL,PRESENCIAL,07/12/2023
TXN_1388606,BOLO,3,3.0,9.0,CARTEIRA DIGITAL,PARA VIAGEM,31/08/2023
TXN_2336857,BOLO,3,3.0,9.0,DINHEIRO,PRESENCIAL,02/08/2023
TXN_9526867,BISCOITO,2,1.0,2.0,CARTEIRA DIGITAL,PARA VIAGEM,21/10/2023
TXN_4427348,BOLO,5,3.0,15.0,DINHEIRO,,22/12/2023
TXN_5901180,BISCOITO,3,1.0,3.0,CARTEIRA DIGITAL,,20/12/2023
TXN_4932018,,4,4.0,16.0,CARTEIRA DIGITAL,PARA VIAGEM,23/08/2023
TXN_3224921,LANCHE,5,4.0,20.0,,PRESENCIAL,06/04/2023
TXN_5792655,SUCO,1,3.0,3.0,CARTEIRA DIGITAL,PARA VIAGEM,21/12/2023
TXN_5566652,SUCO,5,3.0,15.0,CARTÃO DE CRÉDITO,,16/09/2023
TXN_7782538,SUCO,2,3.0,6.0,CARTEIRA DIGITAL,PARA VIAGEM,15/08/2023
TXN_7478389,BISCOITO,5,1.0,5.0,CARTEIRA DIGITAL,,13/10/2023
TXN_6108428,BOLO,3,3.0,9.0,CARTEIRA DIGITAL,,08/05/2023
TXN_3615483,LANCHE,2,4.0,8.0,CARTEIRA DIGITAL,,08/09/2023
TXN_6404763,LANCHE,5,4.0,20.0,CARTEIRA DIGITAL,PARA VIAGEM,13/11/2023
TXN_6060764,VITAMINA,3,,12.0,,PRESENCIAL,
TXN_2269497,CAFÉ,5,2.0,10.0,,,14/08/2023
TXN_8205107,,4,4.0,16.0,,PARA VIAGEM,19/04/2023
TXN_5290522,,2,2.0,4.0,CARTÃO DE CRÉDITO,PARA VIAGEM,16/02/2023
TXN_8396271,,2,,2.0,,,12/09/2023
TXN_5153686,CAFÉ,5,2.0,10.0,,PARA VIAGEM,05/04/2023
TXN_5237569,CHÁ,3,,4.5,,,
TXN_4915908,LANCHE,5,4.0,20.0,CARTÃO DE CRÉDITO,PRESENCIAL,06/06/2023
TXN_7146613,VITAMINA,1,4.0,4.0,DINHEIRO,,01/08/2023
TXN_8219519,CHÁ,5,1.5,7.5,,,29/11/2023
TXN_7867311,VITAMINA,2,4.0,8.0,,,17/07/2023
TXN_4798534,,5,5.0,25.0,CARTEIRA DIGITAL,PARA VIAGEM,23/07/2023
TXN_9844703,,2,1.5,3.0,,,18/05/2023
TXN_4147073,,4,3.0,12.0,DINHEIRO,PARA VIAGEM,16/06/2023
TXN_4203585,BOLO,2,3.0,6.0,,,03/09/2023
TXN_7222483,LANCHE,5,4.0,20.0,,PARA VIAGEM,02/05/2023
TXN_9996968,LANCHE,1,,4.0,DINHEIRO,PRESENCIAL,14/10/2023
TXN_4472156,BISCOITO,1,1.0,1.0,,PRESENCIAL,03/11/2023
TXN_9121852,BISCOITO,1,1.0,1.0,CARTÃO DE CRÉDITO,,
TXN_7043825,SUCO,2,3.0,6.0,DINHEIRO,PARA VIAGEM,07/02/2023
TXN_2195630,LANCHE,5,,20.0,CARTÃO DE CRÉDITO,PARA VIAGEM,09/03/2023
TXN_2539318,LANCHE,4,4.0,16.0,CARTEIRA DIGITAL,,15/01/2023
TXN_5788769,SUCO,1,3.0,3.0,DINHEIRO,PRESENCIAL,19/07/2023
TXN_3628056,BOLO,4,,12.0,DINHEIRO,PRESENCIAL,09/07/2023
TXN_5735731,VITAMINA,2,,8.0,CARTÃO DE CRÉDITO,,22/01/2023
TXN_2424930,CHÁ,5,1.5,7.5,CARTEIRA DIGITAL,,20/01/2023
TXN_5856820,CHÁ,2,1.5,3.0,CARTÃO DE CRÉDITO,PARA VIAGEM,18/07/2023
TXN_3753993,LANCHE,5,4.0,20.0,CARTÃO DE CRÉDITO,,01/04/2023
TXN_3001647,,1,5.0,5.0,,,01/07/2023
TXN_9354616,CHÁ,4,1.5,6.0,CARTEIRA DIGITAL,PARA VIAGEM,27/01/2023
TXN_3749365,BISCOITO,3,1.0,3.0,DINHEIRO,,19/01/2023
TXN_6900785,SUCO,1,3.0,3.0,,PARA VIAGEM,25/09/2023
TXN_5775113,SALADA,1,5.0,5.0,CARTEIRA DIGITAL,,23/10/2023
TXN_5268203,BOLO,1,3.0,3.0,CARTÃO DE CRÉDITO,PARA VIAGEM,04/03/2023
TXN_3483570,LANCHE,2,4.0,8.0,,PARA VIAGEM,21/03/2023
TXN_7406393,,5,1.5,7.5,CARTÃO DE CRÉDITO,PARA VIAGEM,18/06/2023
TXN_5226635,BISCOITO,4,1.0,4.0,CARTÃO DE CRÉDITO,PARA VIAGEM,01/02/2023
TXN_5469063,CAFÉ,2,2.0,4.0,,PARA VIAGEM,24/02/2023
TXN_9278992,VITAMINA,4,4.0,16.0,DINHEIRO,PARA VIAGEM,15/12/2023
TXN_4369292,BOLO,1,3.0,3.0,CARTÃO DE CRÉDITO,PARA VIAGEM,09/10/2023
TXN_6011884,CHÁ,5,1.5,7.5,,,25/12/2023
TXN_2952715,VITAMINA,3,4.0,12.0,DINHEIRO,PRESENCIAL,
TXN_3912727,CHÁ,5,1.5,7.5,CARTEIRA DIGITAL,PARA VIAGEM,13/04/2023
TXN_1951569,SALADA,2,5.0,10.0,CARTEIRA DIGITAL,,27/02/2023
TXN_6983139,SALADA,2,5.0,10.0,CARTÃO DE CRÉDITO,PARA VIAGEM,18/12/2023
TXN_6787560,BOLO,3,3.0,9.0,,,13/07/2023
TXN_5977414,BOLO,2,3.0,6.0,CARTÃO DE CRÉDITO,PRESENCIAL,06/08/2023
TXN_8517379,,4,3.0,12.0,CARTEIRA DIGITAL,PARA VIAGEM,23/09/2023
TXN_5485384,LANCHE,5,4.0,20.0,,,04/03/2023
TXN_9285663,BISCOITO,4,1.0,4.0,,,18/11/2023
TXN_9074075,SUCO,5,3.0,15.0,CARTÃO DE CRÉDITO,,14/08/2023
TXN_8050034,BISCOITO,4,1.0,4.0,,PRESENCIAL,29/07/2023
TXN_8842223,LANCHE,5,,20.0,CARTEIRA DIGITAL,PRESENCIAL,01/01/2023
TXN_5121322,LANCHE,3,4.0,12.0,,PRESENCIAL,17/12/2023
TXN_3091582,LANCHE,5,4.0,20.0,,,28/11/2023
TXN_8550184,SUCO,3,3.0,9.0,CARTEIRA DIGITAL,PARA VIAGEM,05/04/2023
TXN_7604352,CAFÉ,,2.0,6.0,,PARA VIAGEM,19/12/2023
TXN_6899248,,5,3.0,15.0,,,13/12/2023
TXN_2773491,SALADA,5,5.0,25.0,DINHEIRO,,14/11/2023
TXN_3071617,,4,1.0,4.0,CARTÃO DE CRÉDITO,,15/12/2023
TXN_3712466,BOLO,5,3.0,,CARTEIRA DIGITAL,,10/04/2023
TXN_3670298,,4,1.0,4.0,CARTÃO DE CRÉDITO,PARA VIAGEM,04/02/2023
TXN_4901854,BISCOITO,5,1.0,5.0,,,23/04/2023
TXN_7590801,CHÁ,,,6.0,DINHEIRO,PARA VIAGEM,
TXN_6962242,SUCO,1,3.0,3.0,CARTEIRA DIGITAL,PARA VIAGEM,30/06/2023
TXN_5780931,CHÁ,4,1.5,6.0,CARTEIRA DIGITAL,,06/10/2023
TXN_4563679,CAFÉ,4,2.0,8.0,,PRESENCIAL,11/09/2023
TXN_6290642,CAFÉ,4,2.0,,,PARA VIAGEM,23/12/2023
TXN_6177865,SUCO,5,3.0,15.0,CARTEIRA DIGITAL,,30/01/2023
TXN_8115752,VITAMINA,2,4.0,8.0,CARTEIRA DIGITAL,,27/06/2023
TXN_9253398,LANCHE,2,4.0,8.0,,PARA VIAGEM,14/12/2023
TXN_3116227,BOLO,1,3.0,3.0,CARTEIRA DIGITAL,,30/05/2023
TXN_2494138,BISCOITO,3,1.0,3.0,DINHEIRO,,10/01/2023
TXN_4889269,BOLO,2,3.0,,DINHEIRO,,19/02/2023
TXN_9503369,BISCOITO,,1.0,1.0,,PARA VIAGEM,
TXN_6105240,SUCO,5,3.0,,,PRESENCIAL,27/11/2023
TXN_8808162,VITAMINA,4,4.0,16.0,CARTEIRA DIGITAL,,07/05/2023
TXN_4548466,CHÁ,4,1.5,6.0,CARTÃO DE CRÉDITO,PARA VIAGEM,30/11/2023
TXN_3195257,,,5.0,5.0,DINHEIRO,,09/10/2023
TXN_9835676,BISCOITO,2,1.0,2.0,CARTEIRA DIGITAL,,30/03/2023
TXN_9728454,SUCO,4,3.0,,CARTEIRA DIGITAL,PARA VIAGEM,03/01/2023
TXN_5907854,SUCO,3,3.0,9.0,,PRESENCIAL,11/11/2023
TXN_8685846,CHÁ,5,1.5,7.5,CARTÃO DE CRÉDITO,,27/12/2023
TXN_1726774,SALADA,3,5.0,15.0,,,16/11/2023
TXN_2594430,CAFÉ,1,2.0,2.0,,,18/05/2023
TXN_5750278,SALADA,,5.0,15.0,DINHEIRO,PARA VIAGEM,08/06/2023
TXN_6714931,SUCO,3,3.0,9.0,,,02/07/2023
TXN_5537740,BOLO,,3.0,9.0,CARTÃO DE CRÉDITO,PARA VIAGEM,30/04/2023
TXN_9433769,BOLO,4,,12.0,CARTEIRA DIGITAL,,13/08/2023
TXN_5944206,BISCOITO,5,1.0,5.0,CARTEIRA DIGITAL,PARA VIAGEM,12/05/2023
TXN_9212178,SUCO,1,3.0,3.0,CARTÃO DE CRÉDITO,PARA VIAGEM,18/11/2023
TXN_2915856,CHÁ,1,1.5,1.5,,PRESENCIAL,19/06/2023
TXN_4376214,SALADA,5,5.0,25.0,,,26/04/2023
TXN_9201212,VITAMINA,4,4.0,16.0,CARTEIRA DIGITAL,PARA VIAGEM,08/06/2023
TXN_7752454,BOLO,3,3.0,9.0,,,
TXN_7055260,LANCHE,4,4.0,16.0,CARTEIRA DIGITAL,PRESENCIAL,20/06/2023
TXN_4773465,CAFÉ,5,2.0,,CARTEIRA DIGITAL,PARA VIAGEM,28/11/2023
TXN_9087344,CHÁ,5,1.5,,DINHEIRO,,29/07/2023
TXN_1757340,BOLO,2,3.0,6.0,CARTÃO DE CRÉDITO,PRESENCIAL,29/12/2023
TXN_9975321,SALADA,2,5.0,10.0,CARTEIRA DIGITAL,,25/03/2023
TXN_8148137,CHÁ,1,1.5,1.5,,PRESENCIAL,
TXN_1681216,BOLO,3,3.0,9.0,,,23/03/2023
TXN_3835043,SUCO,2,3.0,6.0,DINHEIRO,,29/12/2023
TXN_8366002,LANCHE,2,4.0,8.0,CARTÃO DE CRÉDITO,,26/12/2023
TXN_9390740,BOLO,2,3.0,6.0,DINHEIRO,PRESENCIAL,06/12/2023
TXN_4928254,BOLO,1,3.0,3.0,CARTÃO DE CRÉDITO,,22/12/2023
TXN_5191642,SALADA,,5.0,25.0,DINHEIRO,,15/04/2023
TXN_9117434,BOLO,1,3.0,3.0,,PRESENCIAL,18/07/2023
TXN_2820788,,5,1.0,5.0,,,25/09/2023
TXN_3593060,VITAMINA,,,16.0,DINHEIRO,,05/03/2023
TXN_7531745,BOLO,2,3.0,6.0,DINHEIRO,,23/06/2023
TXN_1082421,SALADA,1,5.0,5.0,CARTEIRA DIGITAL,PRESENCIAL,19/12/2023
TXN_2148444,SUCO,2,3.0,6.0,DINHEIRO,,27/11/2023
TXN_5402385,,2,3.0,6.0,DINHEIRO,PRESENCIAL,18/06/2023
TXN_1494502,SALADA,5,5.0,25.0,CARTEIRA DIGITAL,,
TXN_9277146,BOLO,5,3.0,15.0,CARTÃO DE CRÉDITO,,11/07/2023
TXN_9333347,VITAMINA,5,4.0,20.0,DINHEIRO,,10/09/2023
TXN_9127105,SUCO,3,3.0,9.0,DINHEIRO,,04/03/2023
TXN_1417724,LANCHE,2,4.0,8.0,CARTEIRA DIGITAL,,07/06/2023
TXN_6451377,SALADA,5,5.0,25.0,CARTÃO DE CRÉDITO,PARA VIAGEM,19/03/2023
TXN_2142961,CAFÉ,5,2.0,10.0,CARTÃO DE CRÉDITO,PARA VIAGEM,21/09/2023
TXN_5927884,CAFÉ,4,2.0,8.0,,,21/12/2023
TXN_8588335,SALADA,4,5.0,20.0,CARTÃO DE CRÉDITO,,04/09/2023
TXN_6738350,SUCO,2,3.0,6.0,CARTEIRA DIGITAL,,02/11/2023
TXN_5575561,CHÁ,4,1.5,6.0,CARTEIRA DIGITAL,PARA VIAGEM,13/02/2023
TXN_1007347,SALADA,4,5.0,20.0,CARTEIRA DIGITAL,PRESENCIAL,28/08/2023
TXN_8933459,SUCO,1,3.0,3.0,,,31/12/2023
TXN_3678091,SUCO,,3.0,9.0,DINHEIRO,,07/09/2023
TXN_7692628,CHÁ,2,1.5,3.0,DINHEIRO,,01/05/2023
TXN_6731518,BISCOITO,1,1.0,1.0,CARTEIRA DIGITAL,PARA VIAGEM,04/12/2023
TXN_3455702,SALADA,1,5.0,5.0,DINHEIRO,PARA VIAGEM,23/03/2023
TXN_7794561,SUCO,4,3.0,12.0,CARTÃO DE CRÉDITO,PRESENCIAL,18/05/2023
TXN_8908193,VITAMINA,5,4.0,20.0,DINHEIRO,,02/04/2023
TXN_7688625,CAFÉ,1,2.0,2.0,CARTÃO DE CRÉDITO,PRESENCIAL,15/12/2023
TXN_7012065,CAFÉ,3,2.0,6.0,,,05/08/2023
TXN_4323570,,1,1.0,1.0,DINHEIRO,,04/03/2023
TXN_8831924,CAFÉ,3,2.0,6.0,CARTEIRA DIGITAL,PRESENCIAL,12/07/2023
TXN_2865104,BOLO,5,3.0,15.0,,PRESENCIAL,12/03/2023
TXN_1360998,BISCOITO,2,1.0,2.0,DINHEIRO,PARA VIAGEM,30/07/2023
TXN_4125921,SUCO,5,3.0,15.0,CARTÃO DE CRÉDITO,,26/01/2023
TXN_4657842,,,1.0,5.0,DINHEIRO,PARA VIAGEM,29/09/2023
TXN_8149585,SUCO,1,3.0,3.0,CARTÃO DE CRÉDITO,,21/02/2023
TXN_9047278,CHÁ,4,1.5,6.0,CARTÃO DE CRÉDITO,PARA VIAGEM,20/06/2023
TXN_8666003,VITAMINA,4,4.0,16.0,,PARA VIAGEM,09/06/2023
TXN_7606512,BISCOITO,5,1.0,5.0,DINHEIRO,,03/12/2023
TXN_1819615,CAFÉ,4,2.0,8.0,,,03/06/2023
TXN_1931404,BOLO,5,3.0,15.0,,PRESENCIAL,01/10/2023
TXN_4516901,CHÁ,2,1.5,3.0,CARTÃO DE CRÉDITO,PRESENCIAL,05/09/2023
TXN_6817795,CHÁ,1,1.5,1.5,DINHEIRO,PARA VIAGEM,12/09/2023
TXN_4643515,,1,4.0,4.0,CARTEIRA DIGITAL,PRESENCIAL,03/10/2023
TXN_9762385,CHÁ,3,1.5,4.5,,,19/05/2023
TXN_6809170,VITAMINA,4,4.0,16.0,DINHEIRO,PARA VIAGEM,10/08/2023
TXN_7365744,BISCOITO,4,1.0,4.0,DINHEIRO,PRESENCIAL,20/08/2023
TXN_9847116,SALADA,3,5.0,15.0,DINHEIRO,PARA VIAGEM,28/07/2023
TXN_8356338,SALADA,5,5.0,25.0,CARTÃO DE CRÉDITO,PRESENCIAL,06/08/2023
TXN_4413506,SUCO,4,3.0,12.0,CARTEIRA DIGITAL,PRESENCIAL,29/10/2023
TXN_1057209,,5,1.0,5.0,CARTÃO DE CRÉDITO,PRESENCIAL,17/09/2023
TXN_9534685,SALADA,1,5.0,5.0,,PARA VIAGEM,27/04/2023
TXN_4893692,SALADA,2,5.0,10.0,,,02/01/2023
TXN_5680629,BOLO,2,3.0,6.0,,PARA VIAGEM,30/04/2023
TXN_2494194,SALADA,5,5.0,25.0,CARTEIRA DIGITAL,,11/02/2023
TXN_4549825,SALADA,2,5.0,10.0,CARTEIRA DIGITAL,,
TXN_4737392,LANCHE,2,4.0,8.0,DINHEIRO,PRESENCIAL,17/02/2023
TXN_9538738,CAFÉ,4,2.0,8.0,DINHEIRO,PRESENCIAL,25/09/2023
TXN_1854102,CAFÉ,2,2.0,4.0,CARTEIRA DIGITAL,PARA VIAGEM,18/07/2023
TXN_3109692,SUCO,4,3.0,,CARTÃO DE CRÉDITO,PRESENCIAL,21/06/2023
TXN_5395229,CAFÉ,5,2.0,10.0,DINHEIRO,,29/11/2023
TXN_8918902,CAFÉ,5,2.0,10.0,,,22/05/2023
TXN_8837375,LANCHE,2,4.0,8.0,CARTEIRA DIGITAL,PARA VIAGEM,21/11/2023
TXN_3952218,SALADA,5,5.0,,,,07/04/2023
TXN_3225552,SALADA,1,5.0,5.0,,PRESENCIAL,16/05/2023
TXN_7950226,CHÁ,1,1.5,1.5,CARTEIRA DIGITAL,PRESENCIAL,13/10/2023
TXN_9086541,SALADA,3,5.0,15.0,DINHEIRO,PRESENCIAL,15/02/2023
TXN_1817596,CHÁ,2,1.5,3.0,,PRESENCIAL,04/11/2023
TXN_7644786,BISCOITO,3,1.0,,CARTÃO DE CRÉDITO,PARA VIAGEM,20/01/2023
TXN_8017969,SUCO,1,3.0,3.0,DINHEIRO,PARA VIAGEM,26/03/2023
TXN_6667388,BOLO,3,3.0,9.0,DINHEIRO,PRESENCIAL,14/08/2023
TXN_3488611,CHÁ,1,1.5,,DINHEIRO,,13/02/2023
TXN_3165950,,1,2.0,2.0,CARTEIRA DIGITAL,,
TXN_3109334,VITAMINA,3,4.0,12.0,,PRESENCIAL,06/04/2023
TXN_9425645,BOLO,3,3.0,9.0,CARTÃO DE CRÉDITO,PARA VIAGEM,19/03/2023
TXN_2461238,CAFÉ,1,2.0,2.0,,PARA VIAGEM,29/01/2023
TXN_4692976,SUCO,1,3.0,3.0,CARTEIRA DIGITAL,,06/11/2023
TXN_6747376,VITAMINA,3,4.0,12.0,CARTEIRA DIGITAL,PRESENCIAL,20/11/2023
TXN_3689335,SUCO,1,3.0,3.0,,PARA VIAGEM,11/12/2023
TXN_9662568,CHÁ,5,1.5,7.5,DINHEIRO,,30/10/2023
TXN_9817681,,4,1.5,6.0,,PARA VIAGEM,
TXN_5470087,SALADA,2,5.0,10.0,,PARA VIAGEM,11/10/2023
TXN_3717372,SUCO,2,3.0,6.0,CARTÃO DE CRÉDITO,,15/02/2023
TXN_6727985,SALADA,5,5.0,,CARTÃO DE CRÉDITO,PRESENCIAL,16/06/2023
TXN_1755661,SALADA,5,5.0,25.0,,PRESENCIAL,14/07/2023
TXN_9899571,,2,5.0,10.0,CARTÃO DE CRÉDITO,PARA VIAGEM,18/02/2023
TXN_5692316,VITAMINA,1,4.0,4.0,CARTEIRA DIGITAL,,22/06/2023
TXN_2062269,SUCO,4,3.0,12.0,CARTEIRA DIGITAL,PARA VIAGEM,08/09/2023
TXN_2160316,LANCHE,1,4.0,4.0,,PRESENCIAL,24/10/2023
TXN_4220743,LANCHE,4,4.0,16.0,,PRESENCIAL,22/10/2023
TXN_2726843,LANCHE,1,4.0,4.0,,PRESENCIAL,31/05/2023
TXN_9969283,LANCHE,3,4.0,12.0,CARTEIRA DIGITAL,,26/10/2023
TXN_8540115,,2,1.5,3.0,,,26/06/2023
TXN_8313892,SALADA,3,5.0,15.0,CARTÃO DE CRÉDITO,PARA VIAGEM,29/11/2023
TXN_3131761,VITAMINA,1,4.0,4.0,,PARA VIAGEM,18/10/2023
TXN_1243964,,3,1.5,4.5,,PARA VIAGEM,01/12/2023
TXN_1856112,SALADA,3,5.0,15.0,CARTÃO DE CRÉDITO,,08/06/2023
TXN_4532651,CAFÉ,2,2.0,4.0,,PRESENCIAL,13/09/2023
TXN_4083736,CAFÉ,1,2.0,2.0,,PRESENCIAL,21/08/2023
TXN_4493176,CHÁ,3,1.5,4.5,,,14/10/2023
TXN_6712994,CAFÉ,3,2.0,6.0,DINHEIRO,PARA VIAGEM,02/10/2023
TXN_1840566,CAFÉ,4,2.0,8.0,,,05/01/2023
TXN_6257776,SUCO,5,3.0,15.0,DINHEIRO,PRESENCIAL,28/10/2023
TXN_9039165,LANCHE,4,4.0,16.0,,PARA VIAGEM,10/03/2023
TXN_7056051,BOLO,2,3.0,6.0,,,
TXN_3869150,BISCOITO,3,1.0,3.0,DINHEIRO,,26/03/2023
TXN_3604156,CAFÉ,,2.0,10.0,CARTÃO DE CRÉDITO,PARA VIAGEM,08/11/2023
TXN_2018236,CAFÉ,5,2.0,10.0,DINHEIRO,,19/04/2023
TXN_4430176,LANCHE,4,,16.0,CARTÃO DE CRÉDITO,PARA VIAGEM,27/08/2023
TXN_6073195,LANCHE,3,4.0,12.0,CARTÃO DE CRÉDITO,PARA VIAGEM,13/09/2023
TXN_5245399,,5,,10.0,,,25/12/2023
TXN_4178872,CHÁ,1,1.5,1.5,CARTÃO DE CRÉDITO,,25/01/2023
TXN_8836650,VITAMINA,5,4.0,20.0,,,22/05/2023
TXN_5882584,BOLO,5,3.0,15.0,,PRESENCIAL,16/09/2023
TXN_4291132,BOLO,2,3.0,6.0,CARTÃO DE CRÉDITO,PARA VIAGEM,07/08/2023
TXN_1622123,BISCOITO,2,1.0,2.0,DINHEIRO,PARA VIAGEM,05/01/2023
TXN_2878078,BOLO,2,3.0,6.0,CARTEIRA DIGITAL,PARA VIAGEM,15/12/2023
TXN_7134579,BISCOITO,5,1.0,5.0,CARTEIRA DIGITAL,PARA VIAGEM,06/06/2023
TXN_6921057,LANCHE,4,4.0,16.0,CARTEIRA DIGITAL,PARA VIAGEM,10/07/2023
TXN_2335088,SALADA,4,5.0,20.0,DINHEIRO,PRESENCIAL,27/10/2023
TXN_9778859,BISCOITO,3,1.0,3.0,DINHEIRO,PARA VIAGEM,05/06/2023
TXN_3850274,SUCO,5,3.0,15.0,,,08/09/2023
TXN_4428448,BISCOITO,4,1.0,4.0,,,04/02/2023
TXN_1062822,SUCO,,3.0,6.0,CARTÃO DE CRÉDITO,,28/06/2023
TXN_6386662,SALADA,5,5.0,25.0,CARTÃO DE CRÉDITO,PARA VIAGEM,04/12/2023
TXN_5491825,BOLO,4,3.0,12.0,DINHEIRO,PRESENCIAL,09/06/2023
TXN_5330930,BOLO,1,3.0,3.0,,PRESENCIAL,12/07/2023
TXN_5580933,VITAMINA,3,4.0,,DINHEIRO,PARA VIAGEM,19/10/2023
TXN_3326110,CAFÉ,2,2.0,4.0,CARTÃO DE CRÉDITO,PARA VIAGEM,13/08/2023
TXN_5455079,SALADA,2,5.0,10.0,DINHEIRO,PRESENCIAL,30/11/2023
TXN_5526475,CHÁ,4,1.5,6.0,DINHEIRO,PRESENCIAL,06/05/2023
TXN_3800253,BOLO,2,3.0,6.0,DINHEIRO,PARA VIAGEM,15/01/2023
TXN_2091128,BOLO,1,3.0,3.0,CARTÃO DE CRÉDITO,,
TXN_9169782,SUCO,5,3.0,15.0,CARTÃO DE CRÉDITO,,18/09/2023
TXN_4639621,CAFÉ,2,,4.0,,PRESENCIAL,12/10/2023
TXN_4432823,,5,4.0,20.0,,PRESENCIAL,10/02/2023
TXN_8138157,,2,4.0,8.0,DINHEIRO,PARA VIAGEM,07/05/2023
TXN_4134478,SUCO,2,3.0,6.0,CARTÃO DE CRÉDITO,PARA VIAGEM,25/06/2023
TXN_6298532,VITAMINA,4,4.0,16.0,CARTEIRA DIGITAL,,
TXN_4997327,CAFÉ,2,2.0,4.0,,PRESENCIAL,19/03/2023
TXN_9522899,VITAMINA,5,4.0,,CARTÃO DE CRÉDITO,PARA VIAGEM,
TXN_4049949,BISCOITO,1,1.0,1.0,,PARA VIAGEM,06/11/2023
TXN_7296498,SALADA,5,5.0,25.0,CARTÃO DE CRÉDITO,PARA VIAGEM,19/05/2023
TXN_4706042,SALADA,5,5.0,25.0,,PRESENCIAL,01/12/2023
TXN_2488987,CHÁ,5,1.5,7.5,DINHEIRO,PRESENCIAL,12/06/2023
TXN_6708156,CHÁ,5,1.5,7.5,CARTÃO DE CRÉDITO,,26/11/2023
TXN_7616002,CHÁ,2,1.5,3.0,,PRESENCIAL,08/11/2023
TXN_1865735,VITAMINA,2,4.0,8.0,CARTEIRA DIGITAL,PRESENCIAL,22/09/2023
TXN_5396450,SUCO,3,3.0,9.0,CARTEIRA DIGITAL,,09/12/2023
TXN_5881757,LANCHE,3,4.0,12.0,CARTÃO DE CRÉDITO,,15/08/2023
TXN_3404479,,4,4.0,16.0,CARTÃO DE CRÉDITO,,23/08/2023
TXN_5342589,CHÁ,2,1.5,3.0,CARTEIRA DIGITAL,,06/04/2023
TXN_1987212,VITAMINA,5,4.0,,CARTÃO DE CRÉDITO,PARA VIAGEM,07/04/2023
TXN_5303275,BISCOITO,4,1.0,4.0,DINHEIRO,PARA VIAGEM,18/09/2023
TXN_9193760,SALADA,5,5.0,25.0,,,20/01/2023
TXN_8541074,SALADA,4,5.0,20.0,,PRESENCIAL,08/11/2023
TXN_1075183,CHÁ,2,1.5,3.0,CARTÃO DE CRÉDITO,,09/01/2023
TXN_9316158,LANCHE,5,4.0,20.0,DINHEIRO,PRESENCIAL,31/10/2023
TXN_8207244,CHÁ,5,1.5,7.5,DINHEIRO,PARA VIAGEM,04/05/2023
TXN_2346001,,2,5.0,10.0,CARTEIRA DIGITAL,PARA VIAGEM,21/08/2023
TXN_2814866,VITAMINA,1,4.0,4.0,CARTEIRA DIGITAL,PRESENCIAL,29/07/2023
TXN_8454044,CAFÉ,5,2.0,10.0,CARTÃO DE CRÉDITO,,27/05/2023
TXN_8321092,,2,3.0,6.0,CARTÃO DE CRÉDITO,,28/09/2023
TXN_2560137,BOLO,1,3.0,3.0,DINHEIRO,PARA VIAGEM,13/10/2023
TXN_7350571,VITAMINA,1,4.0,4.0,CARTÃO DE CRÉDITO,PRESENCIAL,19/02/2023
TXN_3915802,CAFÉ,3,2.0,6.0,DINHEIRO,PARA VIAGEM,16/12/2023
TXN_5019143,CAFÉ,5,2.0,10.0,DINHEIRO,,21/02/2023
TXN_1785371,CAFÉ,1,2.0,2.0,,PARA VIAGEM,16/01/2023
TXN_6441650,BOLO,5,3.0,15.0,,PARA VIAGEM,06/09/2023
TXN_2493262,BISCOITO,2,1.0,2.0,CARTÃO DE CRÉDITO,PARA VIAGEM,03/01/2023
TXN_3257591,LANCHE,1,4.0,4.0,CARTÃO DE CRÉDITO,PRESENCIAL,
TXN_6038791,SUCO,2,3.0,6.0,CARTEIRA DIGITAL,PRESENCIAL,06/03/2023
TXN_1335337,CHÁ,3,1.5,4.5,CARTÃO DE CRÉDITO,PRESENCIAL,06/09/2023
TXN_2275914,LANCHE,2,4.0,8.0,,PARA VIAGEM,24/10/2023
TXN_6258276,LANCHE,5,4.0,20.0,CARTÃO DE CRÉDITO,,29/01/2023
TXN_2340312,BOLO,4,3.0,12.0,,PARA VIAGEM,30/07/2023
TXN_6066433,CHÁ,2,1.5,,DINHEIRO,,17/06/2023
TXN_1872922,LANCHE,5,4.0,20.0,,PRESENCIAL,16/07/2023
TXN_7730388,BISCOITO,5,1.0,5.0,CARTEIRA DIGITAL,PRESENCIAL,09/09/2023
TXN_3330377,,5,2.0,10.0,,,08/05/2023
TXN_3147198,VITAMINA,2,4.0,8.0,CARTEIRA DIGITAL,,04/02/2023
TXN_6363897,SALADA,5,5.0,25.0,CARTÃO DE CRÉDITO,PARA VIAGEM,26/11/2023
TXN_1893222,VITAMINA,5,4.0,20.0,CARTÃO DE CRÉDITO,PRESENCIAL,20/12/2023
TXN_9262803,SUCO,5,3.0,15.0,CARTEIRA DIGITAL,,04/10/2023
TXN_9491912,CHÁ,4,1.5,6.0,DINHEIRO,PRESENCIAL,
TXN_6992164,LANCHE,2,4.0,8.0,DINHEIRO,PARA VIAGEM,
TXN_6577035,VITAMINA,2,4.0,8.0,,PRESENCIAL,20/05/2023
TXN_9970966,CAFÉ,5,2.0,10.0,,PRESENCIAL,09/09/2023
TXN_5624179,BISCOITO,1,1.0,1.0,DINHEIRO,PARA VIAGEM,26/10/2023
TXN_3450160,BOLO,4,3.0,12.0,CARTÃO DE CRÉDITO,PRESENCIAL,23/10/2023
TXN_4075432,LANCHE,5,4.0,20.0,DINHEIRO,PRESENCIAL,12/09/2023
TXN_2023802,BOLO,2,3.0,6.0,DINHEIRO,PRESENCIAL,28/02/2023
TXN_5130399,BISCOITO,3,1.0,,,,21/10/2023
TXN_6745832,CAFÉ,2,2.0,4.0,CARTÃO DE CRÉDITO,,02/10/2023
TXN_7560989,LANCHE,3,4.0,12.0,CARTEIRA DIGITAL,,16/06/2023
TXN_9367492,CHÁ,2,,,DINHEIRO,PRESENCIAL,19/06/2023
TXN_3115258,SALADA,1,5.0,5.0,,PARA VIAGEM,06/12/2023
TXN_8182245,LANCHE,5,4.0,20.0,CARTEIRA DIGITAL,PARA VIAGEM,24/10/2023
TXN_3970335,SUCO,5,3.0,15.0,CARTEIRA DIGITAL,PARA VIAGEM,01/09/2023
TXN_6376630,,2,3.0,6.0,DINHEIRO,PRESENCIAL,24/01/2023
TXN_7100596,VITAMINA,5,4.0,20.0,CARTÃO DE CRÉDITO,PRESENCIAL,14/09/2023
TXN_1481116,CHÁ,2,1.5,3.0,CARTEIRA DIGITAL,PRESENCIAL,26/02/2023
TXN_9454212,SUCO,5,3.0,15.0,DINHEIRO,PRESENCIAL,19/11/2023
TXN_3648327,BOLO,1,3.0,3.0,CARTEIRA DIGITAL,PARA VIAGEM,17/08/2023
TXN_6188394,SUCO,5,3.0,15.0,CARTÃO DE CRÉDITO,PRESENCIAL,05/10/2023
TXN_2553803,SUCO,1,3.0,3.0,DINHEIRO,PRESENCIAL,29/12/2023
TXN_5700545,SALADA,2,5.0,10.0,CARTÃO DE CRÉDITO,,25/05/2023
TXN_8018479,CHÁ,1,1.5,1.5,CARTEIRA DIGITAL,PARA VIAGEM,15/09/2023
TXN_9465300,CHÁ,2,1.5,3.0,CARTÃO DE CRÉDITO,,01/09/2023
TXN_3046108,CHÁ,5,1.5,7.5,CARTEIRA DIGITAL,PARA VIAGEM,15/01/2023
TXN_5998419,SUCO,4,3.0,12.0,,PARA VIAGEM,26/09/2023
TXN_4454198,CHÁ,1,1.5,1.5,CARTEIRA DIGITAL,PRESENCIAL,22/08/2023
TXN_5855756,LANCHE,1,4.0,4.0,CARTÃO DE CRÉDITO,PRESENCIAL,29/08/2023
TXN_5182399,,3,2.0,,CARTEIRA DIGITAL,PARA VIAGEM,08/09/2023
TXN_6758675,SUCO,1,3.0,3.0,CARTÃO DE CRÉDITO,PRESENCIAL,05/11/2023
TXN_1962275,CAFÉ,5,,10.0,CARTÃO DE CRÉDITO,PARA VIAGEM,26/05/2023
TXN_9530003,SALADA,1,5.0,5.0,CARTEIRA DIGITAL,,24/08/2023
TXN_2347596,SUCO,4,3.0,12.0,CARTÃO DE CRÉDITO,,27/12/2023
TXN_6215303,SALADA,4,5.0,20.0,,PARA VIAGEM,20/08/2023
TXN_5524352,LANCHE,1,4.0,4.0,,,05/01/2023
TXN_6668414,BOLO,1,3.0,,,PRESENCIAL,29/12/2023
TXN_8715122,BOLO,2,3.0,6.0,DINHEIRO,PARA VIAGEM,
TXN_1525046,VITAMINA,2,4.0,8.0,DINHEIRO,,02/12/2023
TXN_9867948,VITAMINA,2,4.0,8.0,CARTEIRA DIGITAL,,07/10/2023
TXN_8512466,,5,3.0,15.0,,,10/02/2023
TXN_9663990,SUCO,1,3.0,3.0,,,06/01/2023
TXN_7681072,BISCOITO,1,1.0,1.0,CARTÃO DE CRÉDITO,PARA VIAGEM,07/07/2023
TXN_3099191,SALADA,,5.0,10.0,,,19/05/2023
TXN_8789986,BOLO,2,3.0,6.0,DINHEIRO,PARA VIAGEM,21/09/2023
TXN_8382825,CAFÉ,5,2.0,10.0,DINHEIRO,PRESENCIAL,20/01/2023
TXN_4486700,BOLO,2,3.0,6.0,CARTEIRA DIGITAL,PARA VIAGEM,08/02/2023
TXN_2668108,BISCOITO,5,1.0,5.0,DINHEIRO,,23/09/2023
TXN_5085328,CAFÉ,4,2.0,8.0,CARTEIRA DIGITAL,PARA VIAGEM,03/02/2023
TXN_6023823,BISCOITO,2,1.0,2.0,CARTEIRA DIGITAL,,20/04/2023
TXN_6541659,LANCHE,3,4.0,12.0,,PARA VIAGEM,29/01/2023
TXN_3203928,CAFÉ,3,2.0,6.0,,PRESENCIAL,04/12/2023
TXN_3443235,LANCHE,5,4.0,20.0,,,11/10/2023
TXN_6191769,SALADA,1,5.0,5.0,CARTÃO DE CRÉDITO,PARA VIAGEM,17/05/2023
TXN_6110386,VITAMINA,1,4.0,4.0,DINHEIRO,PRESENCIAL,17/03/2023
TXN_7355635,SUCO,3,3.0,9.0,,PRESENCIAL,21/12/2023
TXN_2944518,,3,3.0,9.0,,PARA VIAGEM,14/09/2023
TXN_9169536,BOLO,5,3.0,,DINHEIRO,PRESENCIAL,10/06/2023
TXN_8257774,BISCOITO,5,1.0,5.0,DINHEIRO,PARA VIAGEM,04/03/2023
TXN_3873718,,1,5.0,5.0,DINHEIRO,PRESENCIAL,07/03/2023
TXN_8767676,VITAMINA,1,4.0,4.0,,,30/11/2023
TXN_1225638,BOLO,4,3.0,12.0,DINHEIRO,PARA VIAGEM,28/05/2023
TXN_5050111,,3,5.0,15.0,DINHEIRO,PRESENCIAL,13/06/2023
TXN_5508620,LANCHE,2,4.0,8.0,DINHEIRO,PRESENCIAL,26/08/2023
TXN_7864080,CHÁ,5,1.5,7.5,CARTÃO DE CRÉDITO,PARA VIAGEM,12/11/2023
TXN_6066883,BOLO,2,3.0,6.0,CARTÃO DE CRÉDITO,,21/12/2023
TXN_6034785,CAFÉ,3,2.0,6.0,CARTEIRA DIGITAL,,17/06/2023
TXN_7818024,BOLO,3,3.0,9.0,,,16/08/2023
TXN_2463115,LANCHE,5,4.0,20.0,CARTÃO DE CRÉDITO,PARA VIAGEM,12/09/2023
TXN_9948425,BOLO,3,3.0,9.0,,PARA VIAGEM,21/11/2023
TXN_2540440,,2,1.5,3.0,CARTEIRA DIGITAL,,30/12/2023
TXN_2006923,SALADA,5,5.0,25.0,CARTEIRA DIGITAL,,31/05/2023
TXN_6762172,CAFÉ,5,2.0,10.0,DINHEIRO,PARA VIAGEM,19/01/2023
TXN_6638051,VITAMINA,2,4.0,8.0,DINHEIRO,,05/11/2023
TXN_9834329,VITAMINA,,4.0,4.0,DINHEIRO,,17/09/2023
TXN_9172616,,4,2.0,8.0,,PARA VIAGEM,21/11/2023
TXN_8867300,VITAMINA,4,4.0,16.0,,PRESENCIAL,06/05/2023
TXN_6987950,BOLO,4,3.0,12.0,CARTÃO DE CRÉDITO,,04/05/2023
TXN_9967728,CAFÉ,4,2.0,8.0,,,30/01/2023
TXN_5591967,LANCHE,1,4.0,4.0,CARTÃO DE CRÉDITO,PARA VIAGEM,08/04/2023
TXN_5861158,LANCHE,3,4.0,12.0,CARTÃO DE CRÉDITO,PARA VIAGEM,21/11/2023
TXN_7501002,CAFÉ,1,2.0,2.0,CARTEIRA DIGITAL,,23/08/2023
TXN_2848654,VITAMINA,5,4.0,20.0,CARTEIRA DIGITAL,PRESENCIAL,15/03/2023
TXN_2406254,,5,3.0,15.0,,PARA VIAGEM,12/11/2023
TXN_3034652,SUCO,5,3.0,15.0,CARTÃO DE CRÉDITO,PRESENCIAL,04/11/2023
TXN_2710779,LANCHE,5,4.0,,CARTEIRA DIGITAL,PRESENCIAL,30/09/2023
TXN_2333576,CHÁ,2,,3.0,CARTEIRA DIGITAL,PARA VIAGEM,22/11/2023
TXN_6330369,SUCO,1,3.0,3.0,,,25/01/2023
TXN_7852032,LANCHE,1,4.0,4.0,DINHEIRO,,19/03/2023
TXN_7189368,LANCHE,2,4.0,8.0,CARTÃO DE CRÉDITO,,22/01/2023
TXN_6306655,,4,1.0,,CARTEIRA DIGITAL,PARA VIAGEM,22/01/2023
TXN_7169320,CAFÉ,3,2.0,6.0,CARTÃO DE CRÉDITO,,
TXN_6607568,CAFÉ,2,2.0,4.0,DINHEIRO,PRESENCIAL,24/03/2023
TXN_8245906,BOLO,1,,3.0,CARTEIRA DIGITAL,,08/02/2023
TXN_9837568,SALADA,5,5.0,25.0,DINHEIRO,PRESENCIAL,17/04/2023
TXN_9603263,BISCOITO,5,1.0,5.0,DINHEIRO,,02/05/2023
TXN_9425610,LANCHE,3,4.0,12.0,DINHEIRO,PRESENCIAL,08/01/2023
TXN_8092496,SUCO,4,3.0,12.0,,PRESENCIAL,11/03/2023
TXN_3611851,,4,,,CARTÃO DE CRÉDITO,,09/02/2023
TXN_9749333,BISCOITO,5,1.0,5.0,DINHEIRO,PRESENCIAL,27/02/2023
TXN_2771364,CAFÉ,1,2.0,2.0,CARTEIRA DIGITAL,,23/01/2023
TXN_5180326,SUCO,,3.0,12.0,,,26/04/2023
TXN_7376092,BISCOITO,4,1.0,4.0,DINHEIRO,PRESENCIAL,07/11/2023
TXN_9279347,LANCHE,,4.0,20.0,CARTÃO DE CRÉDITO,,27/02/2023
TXN_8278982,VITAMINA,5,4.0,20.0,CARTÃO DE CRÉDITO,PARA VIAGEM,06/09/2023
TXN_7686476,CAFÉ,3,2.0,6.0,CARTEIRA DIGITAL,PARA VIAGEM,03/01/2023
TXN_4283563,,2,1.5,3.0,DINHEIRO,,04/05/2023
TXN_1926278,BISCOITO,1,1.0,1.0,CARTÃO DE CRÉDITO,,29/07/2023
TXN_3981000,CHÁ,1,1.5,1.5,CARTEIRA DIGITAL,PRESENCIAL,24/05/2023
TXN_6167259,SUCO,2,3.0,6.0,CARTEIRA DIGITAL,,14/04/2023
TXN_7068653,BISCOITO,2,,2.0,DINHEIRO,PRESENCIAL,05/06/2023
TXN_1572930,CAFÉ,3,2.0,6.0,,PRESENCIAL,17/07/2023
TXN_2788797,CHÁ,2,1.5,3.0,,,23/03/2023
TXN_4255767,SUCO,1,3.0,3.0,,,25/05/2023
TXN_7367474,SUCO,5,3.0,15.0,CARTEIRA DIGITAL,PARA VIAGEM,01/01/2023
TXN_7551097,BOLO,2,3.0,6.0,CARTEIRA DIGITAL,,12/06/2023
TXN_1546695,CAFÉ,5,2.0,,,PARA VIAGEM,06/03/2023
TXN_4030010,LANCHE,5,4.0,20.0,,PARA VIAGEM,
TXN_4567455,CAFÉ,3,2.0,6.0,,PRESENCIAL,01/02/2023
TXN_7958487,BISCOITO,5,1.0,5.0,,,20/01/2023
TXN_2864420,LANCHE,1,4.0,4.0,,,12/07/2023
TXN_1498343,SALADA,2,5.0,10.0,CARTÃO DE CRÉDITO,PARA VIAGEM,31/03/2023
TXN_3107619,BISCOITO,2,1.0,2.0,CARTEIRA DIGITAL,PARA VIAGEM,31/05/2023
TXN_1923349,,4,,6.0,,,06/07/2023
TXN_7380217,CHÁ,1,1.5,1.5,CARTEIRA DIGITAL,,10/09/2023
TXN_3195132,SALADA,4,5.0,,CARTÃO DE CRÉDITO,,26/08/2023
TXN_9001088,CAFÉ,2,,4.0,CARTÃO DE CRÉDITO,,19/08/2023
TXN_2101437,,2,4.0,8.0,DINHEIRO,PRESENCIAL,27/08/2023
TXN_7411993,BOLO,2,3.0,6.0,CARTEIRA DIGITAL,PRESENCIAL,11/02/2023
TXN_2879092,,3,1.5,4.5,DINHEIRO,,22/05/2023
TXN_8791641,CHÁ,5,1.5,7.5,,PRESENCIAL,25/01/2023
TXN_4679593,SUCO,1,3.0,3.0,DINHEIRO,PRESENCIAL,10/01/2023
TXN_1907250,BISCOITO,1,1.0,1.0,CARTÃO DE CRÉDITO,,15/11/2023
TXN_8504764,,2,4.0,8.0,CARTEIRA DIGITAL,PARA VIAGEM,19/02/2023
TXN_1630051,VITAMINA,5,4.0,20.0,CARTEIRA DIGITAL,PARA VIAGEM,17/03/2023
TXN_2566258,BISCOITO,4,1.0,4.0,DINHEIRO,PARA VIAGEM,08/06/2023
TXN_5785600,SALADA,5,5.0,,DINHEIRO,PRESENCIAL,10/12/2023
TXN_4864206,BISCOITO,5,1.0,5.0,DINHEIRO,PRESENCIAL,18/03/2023
TXN_4360040,SALADA,1,5.0,5.0,CARTÃO DE CRÉDITO,,15/11/2023
TXN_9490163,SALADA,4,5.0,20.0,CARTÃO DE CRÉDITO,,23/02/2023
TXN_2640727,,3,3.0,9.0,CARTEIRA DIGITAL,PARA VIAGEM,05/03/2023
TXN_9927061,BISCOITO,2,1.0,2.0,,,17/10/2023
TXN_5113993,CAFÉ,1,2.0,2.0,CARTÃO DE CRÉDITO,PARA VIAGEM,10/02/2023
TXN_2192787,LANCHE,5,4.0,20.0,DINHEIRO,PRESENCIAL,01/01/2023
TXN_2127588,BOLO,4,3.0,12.0,DINHEIRO,PRESENCIAL,17/07/2023
TXN_5284338,,4,2.0,8.0,DINHEIRO,PARA VIAGEM,30/03/2023
TXN_8108748,LANCHE,1,4.0,4.0,DINHEIRO,,19/06/2023
TXN_5538713,BISCOITO,2,1.0,2.0,CARTEIRA DIGITAL,PARA VIAGEM,20/09/2023
TXN_5949811,CHÁ,,1.5,3.0,CARTEIRA DIGITAL,PRESENCIAL,21/02/2023
TXN_2565449,VITAMINA,3,4.0,12.0,CARTÃO DE CRÉDITO,PRESENCIAL,04/10/2023
TXN_7264039,BOLO,5,3.0,15.0,DINHEIRO,,19/09/2023
TXN_9224501,SALADA,5,5.0,25.0,CARTÃO DE CRÉDITO,PRESENCIAL,08/12/2023
TXN_5767393,VITAMINA,3,4.0,12.0,CARTEIRA DIGITAL,PRESENCIAL,11/09/2023
TXN_2628024,VITAMINA,1,4.0,4.0,,PRESENCIAL,02/05/2023
TXN_4638629,VITAMINA,4,4.0,,CARTÃO DE CRÉDITO,,10/02/2023
TXN_9287133,BOLO,5,3.0,15.0,CARTEIRA DIGITAL,PRESENCIAL,20/04/2023
TXN_6223786,BOLO,5,3.0,15.0,DINHEIRO,,05/07/2023
TXN_5460750,SUCO,3,3.0,9.0,CARTÃO DE CRÉDITO,,31/07/2023
TXN_6792445,BOLO,,3.0,9.0,DINHEIRO,,03/12/2023
TXN_2543138,LANCHE,1,4.0,4.0,CARTÃO DE CRÉDITO,,20/05/2023
TXN_7134064,VITAMINA,5,4.0,20.0,CARTÃO DE CRÉDITO,PARA VIAGEM,04/04/2023
TXN_8616163,VITAMINA,,4.0,8.0,,PARA VIAGEM,
TXN_9201988,CAFÉ,3,2.0,6.0,,,14/05/2023
TXN_5486063,VITAMINA,3,4.0,12.0,DINHEIRO,PRESENCIAL,21/05/2023
TXN_2285849,CHÁ,2,1.5,3.0,CARTÃO DE CRÉDITO,PARA VIAGEM,10/09/2023
TXN_9577271,LANCHE,5,4.0,20.0,DINHEIRO,PRESENCIAL,30/09/2023
TXN_6568536,BOLO,1,3.0,3.0,DINHEIRO,,29/12/2023
TXN_6802372,SUCO,3,3.0,9.0,,PRESENCIAL,20/07/2023
TXN_2624121,CHÁ,5,1.5,7.5,CARTEIRA DIGITAL,PRESENCIAL,28/01/2023
TXN_8994477,CAFÉ,3,,6.0,,PRESENCIAL,19/04/2023
TXN_7868879,LANCHE,4,4.0,16.0,DINHEIRO,PARA VIAGEM,02/05/2023
TXN_8321225,,4,1.5,6.0,CARTÃO DE CRÉDITO,PARA VIAGEM,20/08/2023
TXN_1439390,SUCO,4,3.0,12.0,,PRESENCIAL,14/02/2023
TXN_9373436,SALADA,4,5.0,20.0,CARTEIRA DIGITAL,,06/04/2023
TXN_6243519,CAFÉ,3,2.0,6.0,DINHEIRO,PARA VIAGEM,03/03/2023
TXN_8668901,SUCO,2,3.0,6.0,CARTÃO DE CRÉDITO,PARA VIAGEM,30/06/2023
TXN_4903004,CHÁ,4,1.5,6.0,CARTEIRA DIGITAL,PRESENCIAL,03/12/2023
TXN_2195218,BOLO,4,3.0,12.0,CARTEIRA DIGITAL,PRESENCIAL,10/09/2023
TXN_9678108,SALADA,3,5.0,15.0,,PARA VIAGEM,10/10/2023
TXN_3206876,SALADA,4,5.0,20.0,,PRESENCIAL,07/11/2023
TXN_3064922,,,5.0,10.0,DINHEIRO,,12/11/2023
TXN_7362525,BOLO,5,3.0,15.0,DINHEIRO,PARA VIAGEM,09/06/2023
TXN_2161341,SALADA,5,5.0,25.0,CARTEIRA DIGITAL,,12/03/2023
TXN_8753888,BISCOITO,4,1.0,4.0,CARTÃO DE CRÉDITO,PARA VIAGEM,25/12/2023
TXN_3265596,CHÁ,1,1.5,1.5,DINHEIRO,,28/12/2023
TXN_2815691,SUCO,5,3.0,15.0,CARTEIRA DIGITAL,,06/02/2023
TXN_8956534,CAFÉ,5,2.0,10.0,DINHEIRO,PARA VIAGEM,05/06/2023
TXN_7957208,CHÁ,1,1.5,1.5,CARTEIRA DIGITAL,PARA VIAGEM,14/04/2023
TXN_6851213,SUCO,1,3.0,3.0,CARTEIRA DIGITAL,,19/05/2023
TXN_7127903,CAFÉ,5,2.0,10.0,,PRESENCIAL,27/11/2023
TXN_7543722,BISCOITO,3,1.0,3.0,CARTEIRA DIGITAL,,26/08/2023
TXN_7952680,,1,5.0,5.0,,,09/06/2023
TXN_8556062,LANCHE,5,4.0,20.0,,,07/08/2023
TXN_8429412,VITAMINA,4,4.0,16.0,,,23/06/2023
TXN_3817784,SALADA,,5.0,5.0,,,25/11/2023
TXN_1749105,LANCHE,5,4.0,20.0,DINHEIRO,PRESENCIAL,17/10/2023
TXN_9731530,CHÁ,,1.5,6.0,CARTÃO DE CRÉDITO,,23/06/2023
TXN_1248266,SALADA,3,5.0,15.0,CARTÃO DE CRÉDITO,PRESENCIAL,14/10/2023
TXN_5400273,VITAMINA,4,4.0,16.0,CARTÃO DE CRÉDITO,,24/05/2023
TXN_2255634,SALADA,4,5.0,20.0,,,09/04/2023
TXN_3312002,VITAMINA,4,4.0,16.0,CARTEIRA DIGITAL,,30/04/2023
TXN_5331122,SALADA,4,5.0,20.0,CARTÃO DE CRÉDITO,PRESENCIAL,26/09/2023
TXN_1227800,SUCO,3,3.0,9.0,DINHEIRO,PARA VIAGEM,19/02/2023
TXN_1867836,SUCO,1,3.0,3.0,CARTÃO DE CRÉDITO,,21/03/2023
TXN_3051509,BISCOITO,,1.0,5.0,,PRESENCIAL,07/03/2023
TXN_5108804,SUCO,1,,3.0,CARTEIRA DIGITAL,PRESENCIAL,26/09/2023
TXN_2699583,LANCHE,5,4.0,20.0,CARTEIRA DIGITAL,PRESENCIAL,26/07/2023
TXN_1622577,SUCO,1,3.0,3.0,DINHEIRO,,14/03/2023
TXN_9508880,CAFÉ,4,2.0,8.0,,PRESENCIAL,26/10/2023
TXN_2156218,VITAMINA,2,4.0,8.0,CARTEIRA DIGITAL,PRESENCIAL,24/07/2023
TXN_8271025,SUCO,5,3.0,15.0,CARTÃO DE CRÉDITO,,09/03/2023
TXN_4894699,BISCOITO,2,1.0,2.0,CARTEIRA DIGITAL,PRESENCIAL,20/02/2023
TXN_5427338,BOLO,,3.0,6.0,CARTEIRA DIGITAL,PRESENCIAL,27/04/2023
TXN_8631468,BOLO,1,3.0,3.0,CARTÃO DE CRÉDITO,PRESENCIAL,10/10/2023
TXN_6315590,CHÁ,5,1.5,7.5,,PRESENCIAL,04/10/2023
TXN_7825457,BOLO,5,3.0,15.0,DINHEIRO,,15/09/2023
TXN_7468777,SALADA,1,5.0,5.0,CARTEIRA DIGITAL,PRESENCIAL,
TXN_2378096,CHÁ,3,1.5,4.5,DINHEIRO,PARA VIAGEM,22/09/2023
TXN_2627056,LANCHE,4,4.0,16.0,CARTEIRA DIGITAL,,22/04/2023
TXN_5062280,VITAMINA,4,4.0,16.0,CARTÃO DE CRÉDITO,,05/07/2023
TXN_3620110,CAFÉ,1,2.0,2.0,CARTEIRA DIGITAL,PARA VIAGEM,01/06/2023
TXN_7290923,SALADA,3,5.0,15.0,,,09/02/2023
TXN_7844687,BOLO,1,3.0,3.0,,PRESENCIAL,
TXN_1005331,CAFÉ,1,2.0,2.0,CARTEIRA DIGITAL,PARA VIAGEM,04/11/2023
TXN_1579182,SUCO,5,3.0,15.0,DINHEIRO,PRESENCIAL,20/02/2023
TXN_7311097,CAFÉ,5,2.0,10.0,,PRESENCIAL,05/08/2023
TXN_1185118,,5,3.0,,,,
TXN_4836614,,4,1.5,6.0,CARTEIRA DIGITAL,,03/04/2023
TXN_7477271,CHÁ,5,1.5,7.5,,PARA VIAGEM,12/07/2023
TXN_6503052,SUCO,4,3.0,12.0,,,21/04/2023
TXN_6471268,VITAMINA,5,4.0,20.0,CARTEIRA DIGITAL,,10/02/2023
TXN_3985301,VITAMINA,2,4.0,8.0,,PRESENCIAL,
TXN_6843517,LANCHE,5,4.0,,CARTÃO DE CRÉDITO,PRESENCIAL,02/01/2023
TXN_9370304,VITAMINA,4,,16.0,,PARA VIAGEM,01/09/2023
TXN_9298053,SUCO,5,3.0,15.0,DINHEIRO,PRESENCIAL,29/06/2023
TXN_1446862,BOLO,3,3.0,9.0,,PARA VIAGEM,26/09/2023
TXN_4987246,BISCOITO,3,1.0,,CARTEIRA DIGITAL,PARA VIAGEM,24/11/2023
TXN_6271219,LANCHE,3,4.0,12.0,DINHEIRO,,07/06/2023
TXN_2614545,CHÁ,1,1.5,1.5,,PRESENCIAL,10/08/2023
TXN_4917580,,3,2.0,6.0,,PRESENCIAL,08/03/2023
TXN_6236864,CHÁ,2,1.5,3.0,CARTEIRA DIGITAL,PRESENCIAL,17/08/2023
TXN_7825648,CAFÉ,1,2.0,2.0,,PARA VIAGEM,18/05/2023
TXN_1853196,LANCHE,1,4.0,4.0,CARTÃO DE CRÉDITO,,28/08/2023
TXN_7201361,VITAMINA,3,4.0,12.0,DINHEIRO,PRESENCIAL,26/05/2023
TXN_6902481,SUCO,3,3.0,9.0,DINHEIRO,,03/09/2023
TXN_4041845,SUCO,5,3.0,15.0,,,01/12/2023
TXN_8861272,CAFÉ,1,2.0,2.0,CARTEIRA DIGITAL,,27/03/2023
TXN_7527954,BOLO,4,3.0,12.0,,,09/12/2023
TXN_2229365,LANCHE,2,4.0,8.0,DINHEIRO,PRESENCIAL,07/09/2023
TXN_5563675,CHÁ,3,1.5,4.5,CARTEIRA DIGITAL,PRESENCIAL,01/01/2023
TXN_7416770,,3,3.0,9.0,,PARA VIAGEM,08/04/2023
TXN_6594187,CHÁ,5,1.5,7.5,,,
TXN_8632098,SALADA,2,,10.0,,,06/01/2023
TXN_3520908,LANCHE,3,,12.0,CARTEIRA DIGITAL,,01/08/2023
TXN_7907499,SUCO,3,3.0,9.0,CARTEIRA DIGITAL,PARA VIAGEM,18/04/2023
TXN_8360073,BOLO,4,3.0,12.0,CARTEIRA DIGITAL,PRESENCIAL,15/06/2023
TXN_4840295,,4,4.0,16.0,CARTEIRA DIGITAL,PARA VIAGEM,02/02/2023
TXN_4140167,CAFÉ,2,2.0,4.0,DINHEIRO,,29/06/2023
TXN_2690515,LANCHE,2,4.0,8.0,DINHEIRO,PARA VIAGEM,06/09/2023
TXN_2080682,CAFÉ,3,2.0,6.0,CARTÃO DE CRÉDITO,PRESENCIAL,02/05/2023
TXN_8399341,CHÁ,5,1.5,7.5,DINHEIRO,,22/03/2023
TXN_5661891,SALADA,1,5.0,5.0,CARTEIRA DIGITAL,PARA VIAGEM,28/10/2023
TXN_3164212,VITAMINA,4,4.0,16.0,,PRESENCIAL,14/11/2023
TXN_1834831,,5,5.0,25.0,CARTEIRA DIGITAL,PRESENCIAL,16/02/2023
TXN_3360401,,2,1.5,3.0,,PARA VIAGEM,05/02/2023
TXN_6036520,CAFÉ,5,2.0,10.0,DINHEIRO,,15/09/2023
TXN_1582958,CAFÉ,2,2.0,4.0,DINHEIRO,,08/12/2023
TXN_9834415,BISCOITO,2,1.0,2.0,CARTÃO DE CRÉDITO,PRESENCIAL,28/12/2023
TXN_7325430,CAFÉ,2,2.0,4.0,DINHEIRO,,17/04/2023
TXN_6440365,VITAMINA,2,4.0,8.0,DINHEIRO,,14/05/2023
TXN_4002629,BOLO,5,3.0,15.0,CARTÃO DE CRÉDITO,PRESENCIAL,15/06/2023
TXN_4244830,CAFÉ,5,2.0,10.0,,PRESENCIAL,24/04/2023
TXN_2217038,CHÁ,5,1.5,7.5,,,12/06/2023
TXN_6259827,BOLO,2,,6.0,CARTÃO DE CRÉDITO,PARA VIAGEM,14/06/2023
TXN_6551087,VITAMINA,1,4.0,4.0,CARTÃO DE CRÉDITO,,02/05/2023
TXN_1643039,BISCOITO,3,1.0,3.0,,,17/02/2023
TXN_3683787,CHÁ,5,,7.5,CARTÃO DE CRÉDITO,,16/09/2023
TXN_5765576,LANCHE,5,4.0,20.0,,PRESENCIAL,22/11/2023
TXN_4155134,BISCOITO,1,1.0,1.0,,PARA VIAGEM,07/05/2023
TXN_1795044,CAFÉ,2,2.0,4.0,CARTEIRA DIGITAL,,15/08/2023
TXN_3328393,,3,3.0,9.0,,,16/04/2023
TXN_2399870,SALADA,4,5.0,20.0,,,08/04/2023
TXN_8898121,CHÁ,4,1.5,6.0,CARTEIRA DIGITAL,,26/03/2023
TXN_4735392,VITAMINA,3,4.0,12.0,CARTÃO DE CRÉDITO,PARA VIAGEM,04/04/2023
TXN_3244935,SALADA,5,5.0,25.0,,PARA VIAGEM,24/11/2023
TXN_8410712,SUCO,5,3.0,15.0,CARTEIRA DIGITAL,PARA VIAGEM,23/10/2023
TXN_8997048,SUCO,1,3.0,3.0,,PRESENCIAL,05/12/2023
TXN_6009395,LANCHE,4,4.0,16.0,DINHEIRO,PRESENCIAL,20/07/2023
TXN_3733753,LANCHE,1,4.0,4.0,CARTEIRA DIGITAL,PARA VIAGEM,10/03/2023
TXN_4084548,SALADA,2,5.0,10.0,DINHEIRO,PRESENCIAL,21/07/2023
TXN_7125945,BOLO,3,3.0,9.0,CARTÃO DE CRÉDITO,PRESENCIAL,30/01/2023
TXN_6746140,BISCOITO,5,1.0,5.0,CARTEIRA DIGITAL,PARA VIAGEM,
TXN_8103439,VITAMINA,1,4.0,4.0,,PARA VIAGEM,30/11/2023
TXN_9474082,,3,5.0,15.0,CARTEIRA DIGITAL,PRESENCIAL,22/03/2023
TXN_2623927,LANCHE,2,4.0,8.0,,,27/01/2023
TXN_8707598,SUCO,4,,12.0,CARTÃO DE CRÉDITO,,22/10/2023
TXN_2810554,,1,3.0,3.0,CARTÃO DE CRÉDITO,PARA VIAGEM,18/02/2023
TXN_5435751,LANCHE,1,4.0,4.0,CARTÃO DE CRÉDITO,PARA VIAGEM,24/05/2023
TXN_9991468,SUCO,4,3.0,12.0,CARTÃO DE CRÉDITO,,30/11/2023
TXN_1339457,,3,4.0,,CARTEIRA DIGITAL,PRESENCIAL,23/05/2023
TXN_5186460,SUCO,3,3.0,9.0,CARTÃO DE CRÉDITO,,07/11/2023
TXN_8936782,SUCO,5,3.0,,,PRESENCIAL,01/04/2023
TXN_6885561,VITAMINA,3,4.0,12.0,CARTEIRA DIGITAL,PARA VIAGEM,24/06/2023
TXN_4089089,VITAMINA,5,4.0,20.0,,,26/10/2023
TXN_6304285,BOLO,5,3.0,15.0,CARTEIRA DIGITAL,PARA VIAGEM,16/11/2023
TXN_7792996,SALADA,4,5.0,20.0,DINHEIRO,,20/12/2023
TXN_3653328,BISCOITO,4,1.0,4.0,CARTEIRA DIGITAL,PRESENCIAL,27/06/2023
TXN_3003876,BISCOITO,3,1.0,3.0,DINHEIRO,,27/08/2023
TXN_4015634,CHÁ,2,1.5,3.0,,,28/06/2023
TXN_8166394,SUCO,4,3.0,12.0,CARTÃO DE CRÉDITO,,22/12/2023
TXN_1270603,SUCO,4,3.0,12.0,CARTÃO DE CRÉDITO,PARA VIAGEM,03/12/2023
TXN_8837886,VITAMINA,3,4.0,,,,20/04/2023
TXN_1437275,CAFÉ,3,2.0,6.0,CARTÃO DE CRÉDITO,,22/07/2023
TXN_5791605,VITAMINA,3,4.0,12.0,,PARA VIAGEM,17/05/2023
TXN_5836079,CAFÉ,1,2.0,2.0,CARTEIRA DIGITAL,,14/07/2023
TXN_2897115,,3,2.0,6.0,CARTEIRA DIGITAL,PRESENCIAL,23/06/2023
TXN_8916613,SALADA,4,5.0,20.0,,PARA VIAGEM,19/06/2023
TXN_9251292,CHÁ,2,1.5,3.0,DINHEIRO,,20/01/2023
TXN_9639025,CAFÉ,5,2.0,10.0,,,06/12/2023
TXN_7770253,CAFÉ,5,2.0,10.0,CARTEIRA DIGITAL,PARA VIAGEM,06/01/2023
TXN_9196116,BOLO,2,,6.0,,PRESENCIAL,06/07/2023
TXN_5405799,CAFÉ,3,2.0,6.0,DINHEIRO,,13/08/2023
TXN_1701500,VITAMINA,1,4.0,4.0,,PARA VIAGEM,05/01/2023
TXN_6669163,BISCOITO,,1.0,1.0,CARTÃO DE CRÉDITO,PARA VIAGEM,26/07/2023
TXN_9695128,BOLO,1,3.0,3.0,DINHEIRO,PRESENCIAL,21/12/2023
TXN_8700156,CHÁ,4,,6.0,CARTÃO DE CRÉDITO,PRESENCIAL,25/12/2023
TXN_7192920,VITAMINA,4,4.0,16.0,CARTEIRA DIGITAL,,28/02/2023
TXN_1866816,SUCO,3,3.0,9.0,,PRESENCIAL,21/08/2023
TXN_2423762,CAFÉ,1,2.0,2.0,,,12/08/2023
TXN_4007506,SALADA,1,5.0,5.0,,,19/01/2023
TXN_4371760,VITAMINA,2,4.0,8.0,DINHEIRO,PRESENCIAL,12/01/2023
TXN_4468830,VITAMINA,4,4.0,,CARTEIRA DIGITAL,PRESENCIAL,10/11/2023
TXN_1908100,SUCO,2,3.0,6.0,,PRESENCIAL,17/04/2023
TXN_3892344,BISCOITO,2,1.0,2.0,,,28/07/2023
TXN_3023841,CHÁ,3,1.5,4.5,CARTEIRA DIGITAL,PARA VIAGEM,29/04/2023
TXN_8793244,BOLO,4,3.0,12.0,CARTÃO DE CRÉDITO,PARA VIAGEM,08/05/2023
TXN_5764993,SALADA,3,5.0,,,PARA VIAGEM,26/04/2023
TXN_2376525,LANCHE,5,4.0,20.0,,,
TXN_2628941,VITAMINA,1,4.0,4.0,,PRESENCIAL,27/12/2023
TXN_5206049,,3,,3.0,CARTEIRA DIGITAL,,24/06/2023
TXN_5448602,SUCO,3,3.0,9.0,CARTÃO DE CRÉDITO,PRESENCIAL,17/01/2023
TXN_1346517,CAFÉ,1,2.0,2.0,CARTEIRA DIGITAL,PARA VIAGEM,20/03/2023
TXN_9277534,VITAMINA,2,4.0,8.0,CARTÃO DE CRÉDITO,PRESENCIAL,25/04/2023
TXN_4946991,BOLO,1,,3.0,,,17/04/2023
TXN_9663098,SUCO,2,3.0,6.0,DINHEIRO,,10/06/2023
TXN_2492586,SALADA,3,,15.0,DINHEIRO,,17/05/2023
TXN_2450799,CHÁ,5,,7.5,,,26/11/2023
TXN_6145837,BOLO,5,3.0,15.0,CARTEIRA DIGITAL,PARA VIAGEM,27/08/2023
TXN_3665727,BISCOITO,1,1.0,1.0,,PRESENCIAL,13/10/2023
TXN_5067056,LANCHE,1,4.0,4.0,DINHEIRO,PRESENCIAL,13/08/2023
TXN_8453110,VITAMINA,3,4.0,12.0,CARTEIRA DIGITAL,,24/06/2023
TXN_4954887,BISCOITO,3,1.0,3.0,,PRESENCIAL,11/06/2023
TXN_4449173,,,2.0,2.0,CARTEIRA DIGITAL,PARA VIAGEM,05/04/2023
TXN_6641409,,5,4.0,20.0,CARTEIRA DIGITAL,,21/11/2023
TXN_6132959,SALADA,5,5.0,25.0,CARTEIRA DIGITAL,,01/07/2023
TXN_8626161,VITAMINA,3,4.0,12.0,CARTEIRA DIGITAL,PRESENCIAL,23/11/2023
TXN_7099050,SALADA,3,5.0,15.0,CARTÃO DE CRÉDITO,PARA VIAGEM,18/01/2023
TXN_8938663,CAFÉ,1,2.0,2.0,CARTEIRA DIGITAL,,09/09/2023
TXN_5039624,BISCOITO,4,1.0,4.0,,PARA VIAGEM,27/04/2023
TXN_9565465,CHÁ,3,1.5,4.5,CARTÃO DE CRÉDITO,PRESENCIAL,26/12/2023
TXN_6301600,SUCO,4,3.0,12.0,CARTEIRA DIGITAL,PRESENCIAL,28/02/2023
TXN_1529904,CAFÉ,1,2.0,2.0,CARTÃO DE CRÉDITO,PRESENCIAL,
TXN_4784128,LANCHE,3,4.0,12.0,DINHEIRO,PARA VIAGEM,27/08/2023
TXN_5807634,LANCHE,5,4.0,20.0,CARTEIRA DIGITAL,,23/05/2023
TXN_5560205,CAFÉ,3,2.0,6.0,DINHEIRO,PRESENCIAL,22/12/2023
TXN_2193092,SUCO,4,,12.0,,PARA VIAGEM,30/10/2023
TXN_8191921,SALADA,3,5.0,15.0,CARTEIRA DIGITAL,,
TXN_1833277,CHÁ,2,1.5,3.0,,PARA VIAGEM,19/10/2023
TXN_6346774,SUCO,3,3.0,9.0,DINHEIRO,PRESENCIAL,
TXN_6119798,SALADA,1,5.0,5.0,CARTÃO DE CRÉDITO,PRESENCIAL,19/09/2023
TXN_9793353,CAFÉ,3,2.0,6.0,CARTÃO DE CRÉDITO,PARA VIAGEM,21/08/2023
TXN_5017895,SALADA,4,5.0,20.0,DINHEIRO,,25/09/2023
TXN_4547995,BOLO,3,3.0,9.0,CARTEIRA DIGITAL,,30/11/2023
TXN_7032256,LANCHE,5,4.0,20.0,CARTÃO DE CRÉDITO,,13/03/2023
TXN_2578309,VITAMINA,3,4.0,12.0,,,05/05/2023
TXN_2064360,CAFÉ,4,2.0,8.0,CARTEIRA DIGITAL,PRESENCIAL,30/08/2023
TXN_5508573,BOLO,1,3.0,3.0,,PARA VIAGEM,17/12/2023
TXN_7125392,BISCOITO,4,,4.0,CARTEIRA DIGITAL,PARA VIAGEM,05/07/2023
TXN_2564219,SALADA,1,5.0,5.0,CARTEIRA DIGITAL,PARA VIAGEM,18/07/2023
TXN_1203954,LANCHE,1,4.0,4.0,CARTEIRA DIGITAL,,12/08/2023
TXN_4671054,,,5.0,20.0,DINHEIRO,,20/06/2023
TXN_4488222,CHÁ,3,1.5,4.5,CARTEIRA DIGITAL,PARA VIAGEM,13/03/2023
TXN_3103967,SUCO,2,3.0,6.0,CARTÃO DE CRÉDITO,,12/11/2023
TXN_9853577,LANCHE,2,4.0,8.0,CARTÃO DE CRÉDITO,PRESENCIAL,30/04/2023
TXN_4349597,SUCO,4,3.0,12.0,CARTÃO DE CRÉDITO,,21/08/2023
TXN_3353214,VITAMINA,5,4.0,20.0,CARTÃO DE CRÉDITO,,12/08/2023
TXN_7122708,LANCHE,5,,20.0,,PARA VIAGEM,23/06/2023
TXN_8788437,CAFÉ,1,2.0,2.0,,,19/11/2023
TXN_1672443,CAFÉ,1,2.0,2.0,CARTÃO DE CRÉDITO,PARA VIAGEM,03/10/2023
TXN_6277500,CAFÉ,4,2.0,8.0,CARTÃO DE CRÉDITO,PARA VIAGEM,09/01/2023
TXN_6671827,SALADA,1,5.0,5.0,CARTÃO DE CRÉDITO,PARA VIAGEM,09/08/2023
TXN_4647042,LANCHE,5,4.0,20.0,,PARA VIAGEM,25/04/2023
TXN_1183212,SUCO,4,3.0,12.0,,PRESENCIAL,30/06/2023
TXN_8426712,BISCOITO,3,1.0,3.0,,PRESENCIAL,22/05/2023
TXN_5894676,VITAMINA,5,4.0,20.0,CARTÃO DE CRÉDITO,PARA VIAGEM,17/06/2023
TXN_1411744,VITAMINA,4,4.0,16.0,CARTÃO DE CRÉDITO,PARA VIAGEM,17/09/2023
TXN_6610554,CAFÉ,5,2.0,10.0,CARTEIRA DIGITAL,,28/10/2023
TXN_6169248,SUCO,5,3.0,15.0,CARTÃO DE CRÉDITO,,12/08/2023
TXN_1581997,SALADA,4,5.0,20.0,CARTEIRA DIGITAL,,26/08/2023
TXN_4868913,BOLO,4,3.0,12.0,DINHEIRO,,30/06/2023
TXN_8277553,CHÁ,3,1.5,4.5,DINHEIRO,,26/09/2023
TXN_4030197,SALADA,3,5.0,15.0,CARTÃO DE CRÉDITO,PARA VIAGEM,05/03/2023
TXN_7276927,CAFÉ,5,,10.0,DINHEIRO,PARA VIAGEM,06/07/2023
TXN_3912836,SALADA,1,5.0,5.0,CARTÃO DE CRÉDITO,PRESENCIAL,23/11/2023
TXN_3833729,VITAMINA,4,4.0,16.0,CARTEIRA DIGITAL,PRESENCIAL,13/11/2023
TXN_7054393,CAFÉ,2,2.0,4.0,CARTEIRA DIGITAL,PRESENCIAL,30/05/2023
TXN_1395083,SUCO,1,3.0,3.0,DINHEIRO,PRESENCIAL,08/07/2023
TXN_8784653,VITAMINA,1,4.0,4.0,DINHEIRO,PRESENCIAL,12/09/2023
TXN_3943666,SUCO,4,3.0,12.0,,PARA VIAGEM,15/03/2023
TXN_8308672,SALADA,2,5.0,10.0,CARTEIRA DIGITAL,PARA VIAGEM,01/01/2023
TXN_3190959,CHÁ,2,1.5,3.0,CARTÃO DE CRÉDITO,PARA VIAGEM,16/12/2023
TXN_6199016,SUCO,1,3.0,3.0,CARTEIRA DIGITAL,,14/02/2023
TXN_9301279,VITAMINA,1,,4.0,CARTÃO DE CRÉDITO,,27/05/2023
TXN_8900751,LANCHE,1,4.0,,,PARA VIAGEM,30/01/2023
TXN_6542877,SUCO,1,3.0,3.0,,PRESENCIAL,06/12/2023
TXN_5516804,LANCHE,,4.0,20.0,CARTÃO DE CRÉDITO,PARA VIAGEM,26/09/2023
TXN_6345733,CAFÉ,1,2.0,2.0,,PRESENCIAL,26/11/2023
TXN_5834491,CHÁ,3,1.5,4.5,,,13/08/2023
TXN_1667192,BOLO,4,3.0,12.0,,PARA VIAGEM,17/07/2023
TXN_1454730,CAFÉ,5,2.0,10.0,,PARA VIAGEM,21/07/2023
TXN_3243832,BOLO,2,3.0,6.0,,,10/08/2023
TXN_7501717,LANCHE,1,4.0,4.0,CARTÃO DE CRÉDITO,,03/08/2023
TXN_1351151,VITAMINA,,4.0,4.0,CARTÃO DE CRÉDITO,,03/10/2023
TXN_6117497,CAFÉ,2,2.0,4.0,CARTEIRA DIGITAL,PRESENCIAL,13/02/2023
TXN_6018740,VITAMINA,2,4.0,8.0,CARTEIRA DIGITAL,PARA VIAGEM,
TXN_3818464,BOLO,2,3.0,6.0,DINHEIRO,PRESENCIAL,02/03/2023
TXN_2093816,LANCHE,,4.0,12.0,DINHEIRO,PARA VIAGEM,06/04/2023
TXN_7694020,BISCOITO,2,,2.0,CARTEIRA DIGITAL,PARA VIAGEM,06/08/2023
TXN_4215488,SALADA,5,5.0,25.0,,PRESENCIAL,07/10/2023
TXN_5167425,SUCO,,3.0,15.0,CARTEIRA DIGITAL,,04/08/2023
TXN_7075261,SUCO,1,3.0,3.0,,,29/07/2023
TXN_2694724,LANCHE,2,4.0,8.0,CARTEIRA DIGITAL,,26/06/2023
TXN_8285304,BISCOITO,1,1.0,1.0,DINHEIRO,,09/07/2023
TXN_7415686,LANCHE,3,4.0,12.0,CARTÃO DE CRÉDITO,PRESENCIAL,13/04/2023
TXN_8877644,BISCOITO,2,1.0,2.0,,PARA VIAGEM,01/09/2023
TXN_7231548,VITAMINA,3,4.0,12.0,CARTÃO DE CRÉDITO,PRESENCIAL,06/11/2023
TXN_2879361,SUCO,3,3.0,9.0,,PARA VIAGEM,22/11/2023
TXN_5956755,LANCHE,5,4.0,20.0,CARTEIRA DIGITAL,PARA VIAGEM,05/03/2023
TXN_6124342,BOLO,3,3.0,9.0,,PARA VIAGEM,14/09/2023
TXN_3824443,VITAMINA,3,4.0,12.0,,PRESENCIAL,08/10/2023
TXN_6778177,BISCOITO,4,1.0,4.0,,PARA VIAGEM,12/10/2023
TXN_2634410,VITAMINA,3,4.0,12.0,,,15/07/2023
TXN_6975750,SUCO,5,3.0,15.0,,,08/01/2023
TXN_9293417,CHÁ,3,1.5,,CARTEIRA DIGITAL,PARA VIAGEM,
TXN_7741256,,5,3.0,15.0,CARTEIRA DIGITAL,PARA VIAGEM,24/04/2023
TXN_3484190,CAFÉ,5,2.0,10.0,CARTEIRA DIGITAL,,27/12/2023
TXN_2621008,,2,1.0,2.0,CARTEIRA DIGITAL,PARA VIAGEM,21/10/2023
TXN_5429861,BOLO,1,3.0,3.0,CARTEIRA DIGITAL,,20/03/2023
TXN_2828596,CAFÉ,,2.0,4.0,,,25/11/2023
TXN_6348290,,4,2.0,8.0,,PRESENCIAL,24/01/2023
TXN_9813943,SALADA,2,5.0,10.0,DINHEIRO,,06/04/2023
TXN_2364171,SUCO,4,3.0,12.0,DINHEIRO,,18/05/2023
TXN_8002886,CAFÉ,5,2.0,10.0,CARTEIRA DIGITAL,PARA VIAGEM,28/05/2023
TXN_9956671,BOLO,3,,9.0,CARTÃO DE CRÉDITO,,05/05/2023
TXN_7694491,SALADA,3,5.0,15.0,DINHEIRO,PRESENCIAL,01/09/2023
TXN_7517996,BOLO,2,3.0,6.0,DINHEIRO,,22/10/2023
TXN_1655827,BOLO,1,3.0,3.0,,PRESENCIAL,06/09/2023
TXN_6047026,VITAMINA,2,4.0,8.0,,,24/03/2023
TXN_4225300,LANCHE,1,4.0,4.0,DINHEIRO,PARA VIAGEM,
TXN_2764962,CHÁ,2,1.5,3.0,CARTÃO DE CRÉDITO,PARA VIAGEM,13/08/2023
TXN_5396727,SUCO,2,,6.0,CARTÃO DE CRÉDITO,PARA VIAGEM,13/10/2023
TXN_5198827,CHÁ,5,1.5,7.5,,,15/02/2023
TXN_8023817,SUCO,4,3.0,12.0,,PARA VIAGEM,08/05/2023
TXN_3413185,BOLO,,3.0,12.0,CARTÃO DE CRÉDITO,PRESENCIAL,03/03/2023
TXN_9783452,SUCO,3,3.0,9.0,DINHEIRO,,11/04/2023
TXN_4171507,CHÁ,1,1.5,1.5,,PRESENCIAL,26/10/2023
TXN_1491299,SUCO,2,3.0,6.0,CARTÃO DE CRÉDITO,PRESENCIAL,27/02/2023
TXN_4187327,CHÁ,2,1.5,3.0,,PARA VIAGEM,01/04/2023
TXN_3277379,SALADA,2,5.0,10.0,CARTÃO DE CRÉDITO,PARA VIAGEM,06/01/2023
TXN_2568101,SALADA,5,5.0,25.0,DINHEIRO,PARA VIAGEM,03/08/2023
TXN_3247340,CHÁ,3,1.5,4.5,DINHEIRO,PARA VIAGEM,25/12/2023
TXN_7797321,LANCHE,5,4.0,20.0,,,26/11/2023
TXN_7512574,CHÁ,1,1.5,1.5,,PARA VIAGEM,
TXN_3044825,,1,1.5,1.5,CARTÃO DE CRÉDITO,PRESENCIAL,14/08/2023
TXN_9019429,VITAMINA,2,4.0,8.0,CARTEIRA DIGITAL,,11/05/2023
TXN_9744862,SUCO,4,3.0,,DINHEIRO,PRESENCIAL,19/09/2023
TXN_6365371,,2,4.0,,CARTÃO DE CRÉDITO,,16/06/2023
TXN_4543880,SALADA,3,5.0,15.0,DINHEIRO,,18/07/2023
TXN_4064245,SUCO,3,3.0,9.0,CARTÃO DE CRÉDITO,PARA VIAGEM,20/02/2023
TXN_8777692,CAFÉ,4,2.0,8.0,CARTÃO DE CRÉDITO,PRESENCIAL,06/12/2023
TXN_9126502,VITAMINA,5,4.0,20.0,CARTÃO DE CRÉDITO,,22/09/2023
TXN_6626427,BISCOITO,4,1.0,4.0,CARTEIRA DIGITAL,PRESENCIAL,13/02/2023
TXN_4507755,BOLO,2,3.0,6.0,CARTEIRA DIGITAL,,10/05/2023
TXN_3928766,SUCO,5,3.0,15.0,,PARA VIAGEM,14/01/2023
TXN_9104535,BOLO,4,3.0,,,,13/04/2023
TXN_4914535,,2,1.0,2.0,DINHEIRO,,
TXN_4824773,SALADA,5,5.0,25.0,DINHEIRO,PARA VIAGEM,06/06/2023
TXN_9981953,,3,4.0,12.0,,,03/02/2023
TXN_6627338,SUCO,5,3.0,15.0,,PARA VIAGEM,03/12/2023
TXN_3555821,LANCHE,3,4.0,12.0,,PRESENCIAL,12/07/2023
TXN_1372991,CAFÉ,4,2.0,8.0,,PRESENCIAL,17/11/2023
TXN_6364938,CAFÉ,3,,6.0,CARTEIRA DIGITAL,PRESENCIAL,16/07/2023
TXN_3040823,VITAMINA,1,4.0,4.0,,PRESENCIAL,06/10/2023
TXN_6755757,,4,4.0,16.0,CARTÃO DE CRÉDITO,PRESENCIAL,05/04/2023
TXN_4563646,SUCO,5,3.0,15.0,DINHEIRO,PARA VIAGEM,10/10/2023
TXN_3596456,CAFÉ,3,2.0,6.0,CARTEIRA DIGITAL,PARA VIAGEM,
TXN_2130415,,,2.0,2.0,CARTEIRA DIGITAL,PARA VIAGEM,08/12/2023
TXN_9617421,CHÁ,1,1.5,,,PRESENCIAL,21/08/2023
TXN_1738607,SUCO,2,3.0,6.0,CARTÃO DE CRÉDITO,PRESENCIAL,17/01/2023
TXN_3832513,SALADA,1,5.0,5.0,,PARA VIAGEM,13/02/2023
TXN_4128086,CHÁ,4,1.5,6.0,,,29/05/2023
TXN_3927733,SALADA,5,5.0,25.0,CARTÃO DE CRÉDITO,PARA VIAGEM,20/01/2023
TXN_2518917,BISCOITO,1,1.0,1.0,,PRESENCIAL,21/05/2023
TXN_9489176,SUCO,5,3.0,15.0,CARTEIRA DIGITAL,PRESENCIAL,10/01/2023
TXN_2004781,LANCHE,5,,20.0,,PARA VIAGEM,20/04/2023
TXN_3061266,BISCOITO,4,1.0,4.0,CARTÃO DE CRÉDITO,PRESENCIAL,06/12/2023
TXN_2036482,BOLO,1,3.0,3.0,DINHEIRO,,04/06/2023
TXN_7217284,SALADA,3,5.0,15.0,DINHEIRO,PRESENCIAL,29/12/2023
TXN_5055872,LANCHE,,4.0,12.0,CARTÃO DE CRÉDITO,,05/02/2023
TXN_1386024,BOLO,4,3.0,12.0,CARTÃO DE CRÉDITO,,21/05/2023
TXN_8397155,SALADA,4,5.0,20.0,CARTÃO DE CRÉDITO,PARA VIAGEM,16/08/2023
TXN_9491244,,5,3.0,15.0,,,19/04/2023
TXN_4301188,VITAMINA,4,4.0,16.0,CARTÃO DE CRÉDITO,PRESENCIAL,23/12/2023
TXN_4522012,CAFÉ,2,2.0,,,PRESENCIAL,13/04/2023
TXN_4650044,BISCOITO,4,1.0,4.0,DINHEIRO,,21/06/2023
TXN_5721215,CHÁ,2,1.5,3.0,,PARA VIAGEM,17/05/2023
TXN_7865220,VITAMINA,1,4.0,4.0,CARTÃO DE CRÉDITO,PARA VIAGEM,28/06/2023
TXN_1869147,VITAMINA,4,4.0,16.0,CARTEIRA DIGITAL,,21/11/2023
TXN_3377885,LANCHE,3,4.0,12.0,DINHEIRO,,08/05/2023
TXN_9270865,VITAMINA,2,4.0,8.0,CARTÃO DE CRÉDITO,PARA VIAGEM,06/11/2023
TXN_7373126,VITAMINA,2,4.0,8.0,CARTÃO DE CRÉDITO,,18/11/2023
TXN_8097899,CAFÉ,4,2.0,8.0,CARTEIRA DIGITAL,,05/09/2023
TXN_6131415,,5,1.5,7.5,CARTEIRA DIGITAL,,24/11/2023
TXN_1248436,BOLO,4,3.0,12.0,CARTÃO DE CRÉDITO,PARA VIAGEM,14/08/2023
TXN_1718733,,3,2.0,6.0,DINHEIRO,,31/05/2023
TXN_9063887,BOLO,5,3.0,15.0,,PARA VIAGEM,15/07/2023
TXN_5932169,SALADA,5,,25.0,CARTÃO DE CRÉDITO,,06/11/2023
TXN_6064282,VITAMINA,4,4.0,16.0,CARTÃO DE CRÉDITO,,18/10/2023
TXN_9309509,CHÁ,5,,7.5,,,15/11/2023
TXN_5413274,VITAMINA,5,4.0,20.0,CARTÃO DE CRÉDITO,PRESENCIAL,10/02/2023
TXN_5902629,BISCOITO,3,1.0,3.0,DINHEIRO,PARA VIAGEM,26/01/2023
TXN_2461859,LANCHE,2,4.0,8.0,CARTEIRA DIGITAL,,23/09/2023
TXN_6629689,LANCHE,2,4.0,8.0,CARTÃO DE CRÉDITO,PRESENCIAL,29/05/2023
TXN_2806206,LANCHE,3,4.0,12.0,DINHEIRO,,25/01/2023
TXN_8900579,LANCHE,3,4.0,12.0,CARTÃO DE CRÉDITO,,01/11/2023
TXN_5406758,,5,5.0,25.0,,PARA VIAGEM,06/07/2023
TXN_2982163,CAFÉ,4,2.0,,,,22/03/2023
TXN_3225132,LANCHE,3,4.0,12.0,CARTÃO DE CRÉDITO,,26/06/2023
TXN_6522252,CHÁ,2,1.5,3.0,CARTEIRA DIGITAL,,14/01/2023
TXN_5855981,SUCO,2,3.0,6.0,DINHEIRO,,09/11/2023
TXN_4802389,BOLO,2,3.0,6.0,,,14/12/2023
TXN_7516790,BOLO,2,3.0,6.0,,,08/01/2023
TXN_2631671,BISCOITO,1,1.0,,CARTÃO DE CRÉDITO,,
TXN_2345373,CHÁ,3,1.5,4.5,CARTÃO DE CRÉDITO,PARA VIAGEM,20/02/2023
TXN_9372046,,3,2.0,6.0,CARTÃO DE CRÉDITO,PRESENCIAL,10/04/2023
TXN_9402270,CAFÉ,3,2.0,6.0,,PRESENCIAL,09/02/2023
TXN_9306229,VITAMINA,2,4.0,8.0,,,08/09/2023
TXN_5379179,BISCOITO,2,1.0,2.0,CARTEIRA DIGITAL,,08/07/2023
TXN_1996318,BOLO,5,3.0,,CARTEIRA DIGITAL,,04/09/2023
TXN_2135613,VITAMINA,3,4.0,12.0,CARTEIRA DIGITAL,,06/04/2023
TXN_1461246,VITAMINA,1,4.0,4.0,,,01/06/2023
TXN_2452624,SUCO,1,3.0,3.0,DINHEIRO,,10/11/2023
TXN_1108663,SUCO,3,3.0,9.0,DINHEIRO,PARA VIAGEM,16/08/2023
TXN_5319247,LANCHE,5,4.0,20.0,,PRESENCIAL,02/03/2023
TXN_3599473,CAFÉ,2,2.0,,DINHEIRO,,29/08/2023
TXN_4959129,,2,3.0,6.0,CARTÃO DE CRÉDITO,PRESENCIAL,24/06/2023
TXN_5591145,LANCHE,3,4.0,12.0,,PARA VIAGEM,22/08/2023
TXN_9587015,SALADA,3,5.0,15.0,CARTEIRA DIGITAL,PRESENCIAL,25/06/2023
TXN_7997641,VITAMINA,2,4.0,8.0,,PRESENCIAL,20/12/2023
TXN_7943598,,4,4.0,16.0,CARTÃO DE CRÉDITO,,
TXN_6845472,VITAMINA,5,4.0,20.0,CARTEIRA DIGITAL,,11/12/2023
TXN_2861396,SALADA,5,5.0,25.0,CARTÃO DE CRÉDITO,,04/01/2023
TXN_6915899,SALADA,3,5.0,15.0,CARTÃO DE CRÉDITO,PRESENCIAL,29/05/2023
TXN_6211466,,2,1.5,3.0,DINHEIRO,PRESENCIAL,12/09/2023
TXN_3200203,,2,,8.0,,,04/12/2023
TXN_5198524,BOLO,1,3.0,3.0,CARTÃO DE CRÉDITO,PRESENCIAL,14/06/2023
TXN_8498613,LANCHE,2,,,,,08/11/2023
TXN_3432879,BOLO,5,3.0,15.0,CARTÃO DE CRÉDITO,,05/02/2023
TXN_6786340,CAFÉ,5,2.0,10.0,CARTEIRA DIGITAL,PARA VIAGEM,18/04/2023
TXN_8689246,LANCHE,5,4.0,20.0,CARTÃO DE CRÉDITO,PRESENCIAL,16/05/2023
TXN_4536553,CHÁ,2,1.5,3.0,DINHEIRO,,17/08/2023
TXN_9036067,BISCOITO,5,1.0,5.0,CARTÃO DE CRÉDITO,,06/10/2023
TXN_4201578,SALADA,5,5.0,25.0,,PRESENCIAL,23/01/2023
TXN_1249069,CAFÉ,2,2.0,4.0,,,22/01/2023
TXN_4068183,VITAMINA,4,4.0,16.0,CARTEIRA DIGITAL,,01/08/2023
TXN_7206160,LANCHE,,4.0,8.0,,,07/09/2023
TXN_7903841,,2,3.0,6.0,CARTEIRA DIGITAL,,24/06/2023
TXN_8936663,BISCOITO,4,1.0,4.0,CARTÃO DE CRÉDITO,,12/11/2023
TXN_7771434,CAFÉ,4,2.0,8.0,CARTÃO DE CRÉDITO,,26/03/2023
TXN_6087494,SUCO,5,3.0,15.0,CARTÃO DE CRÉDITO,,05/07/2023
TXN_2252121,VITAMINA,3,4.0,12.0,,,01/02/2023
TXN_5358805,CAFÉ,5,2.0,10.0,CARTEIRA DIGITAL,,01/01/2023
TXN_2490759,VITAMINA,3,4.0,12.0,DINHEIRO,,19/11/2023
TXN_2605566,BOLO,2,,6.0,,,01/12/2023
TXN_6691781,CAFÉ,4,2.0,8.0,CARTÃO DE CRÉDITO,,07/09/2023
TXN_1730850,SUCO,2,3.0,6.0,DINHEIRO,PARA VIAGEM,15/12/2023
TXN_7051359,CAFÉ,5,2.0,10.0,,,30/10/2023
TXN_2202863,SALADA,5,5.0,25.0,,,28/07/2023
TXN_7145672,LANCHE,1,4.0,4.0,CARTÃO DE CRÉDITO,,11/10/2023
TXN_5974123,LANCHE,2,4.0,8.0,CARTEIRA DIGITAL,,25/06/2023
TXN_9833245,BISCOITO,1,1.0,1.0,CARTEIRA DIGITAL,PARA VIAGEM,30/04/2023
TXN_1515059,,4,3.0,12.0,,PRESENCIAL,25/10/2023
TXN_9690114,CAFÉ,,2.0,4.0,CARTÃO DE CRÉDITO,PARA VIAGEM,01/12/2023
TXN_7944534,CHÁ,2,,3.0,CARTEIRA DIGITAL,PRESENCIAL,13/10/2023
TXN_6337312,SALADA,1,5.0,5.0,,PRESENCIAL,11/01/2023
TXN_5239202,BOLO,1,3.0,3.0,,,14/09/2023
TXN_1512184,CAFÉ,3,2.0,6.0,,PARA VIAGEM,28/01/2023
TXN_9864212,VITAMINA,5,4.0,20.0,,,
TXN_6811368,CAFÉ,4,2.0,8.0,,PARA VIAGEM,18/02/2023
TXN_3854036,SUCO,3,,9.0,DINHEIRO,,07/11/2023
TXN_3873656,CAFÉ,3,2.0,6.0,,PARA VIAGEM,30/09/2023
TXN_8792638,CHÁ,3,1.5,4.5,CARTÃO DE CRÉDITO,PARA VIAGEM,02/07/2023
TXN_7397665,SALADA,5,,25.0,CARTÃO DE CRÉDITO,PARA VIAGEM,11/11/2023
TXN_3493951,VITAMINA,5,4.0,20.0,DINHEIRO,PARA VIAGEM,20/08/2023
TXN_1480967,CHÁ,2,1.5,3.0,DINHEIRO,PARA VIAGEM,
TXN_1510315,,3,2.0,6.0,DINHEIRO,,28/02/2023
TXN_7763592,VITAMINA,1,4.0,4.0,,PRESENCIAL,17/02/2023
TXN_9710307,,,1.5,3.0,,PARA VIAGEM,24/01/2023
TXN_1860406,CAFÉ,2,2.0,4.0,,PARA VIAGEM,17/06/2023
TXN_1663257,SUCO,3,3.0,9.0,CARTÃO DE CRÉDITO,,23/04/2023
TXN_2743696,BISCOITO,1,1.0,1.0,,,28/04/2023
TXN_7640700,SUCO,2,3.0,6.0,,,15/01/2023
TXN_3227186,SALADA,2,5.0,10.0,CARTEIRA DIGITAL,,05/05/2023
TXN_7917193,BISCOITO,3,1.0,3.0,DINHEIRO,,18/05/2023
TXN_2490435,BISCOITO,1,1.0,1.0,,,13/03/2023
TXN_4698656,VITAMINA,4,4.0,16.0,,,07/12/2023
TXN_3507334,SUCO,4,3.0,12.0,,,05/05/2023
TXN_5255023,,2,4.0,8.0,CARTÃO DE CRÉDITO,PRESENCIAL,15/11/2023
TXN_8669012,,3,1.5,,CARTEIRA DIGITAL,,26/07/2023
TXN_1299959,VITAMINA,5,4.0,20.0,DINHEIRO,,23/06/2023
TXN_3680047,SALADA,5,5.0,25.0,,,16/07/2023
TXN_8379880,SUCO,,3.0,9.0,,PARA VIAGEM,24/05/2023
TXN_4801832,SALADA,2,5.0,10.0,,PARA VIAGEM,05/08/2023
TXN_3425783,SUCO,2,3.0,6.0,,,15/06/2023
TXN_4099487,,5,4.0,20.0,CARTEIRA DIGITAL,,25/01/2023
TXN_8878830,CAFÉ,4,2.0,8.0,CARTÃO DE CRÉDITO,PARA VIAGEM,11/10/2023
TXN_7524977,,4,,,,,09/12/2023
TXN_8295101,CHÁ,4,1.5,6.0,,,23/10/2023
TXN_3303114,SALADA,4,5.0,20.0,CARTÃO DE CRÉDITO,PRESENCIAL,18/06/2023
TXN_2106437,CHÁ,1,1.5,1.5,DINHEIRO,PARA VIAGEM,01/08/2023
TXN_2291713,SALADA,4,5.0,20.0,DINHEIRO,PRESENCIAL,06/08/2023
TXN_7552449,BOLO,3,3.0,9.0,DINHEIRO,,26/05/2023
TXN_9021000,CAFÉ,3,2.0,6.0,,,20/01/2023
TXN_4205369,SALADA,5,5.0,25.0,,PARA VIAGEM,16/07/2023
TXN_4551806,CHÁ,1,1.5,1.5,,,09/01/2023
TXN_5313211,VITAMINA,5,4.0,20.0,CARTÃO DE CRÉDITO,,04/05/2023
TXN_2282283,BISCOITO,2,1.0,2.0,CARTEIRA DIGITAL,,23/02/2023
TXN_3193321,VITAMINA,3,4.0,12.0,,PARA VIAGEM,15/08/2023
TXN_7211769,SUCO,1,3.0,3.0,CARTÃO DE CRÉDITO,,11/09/2023
TXN_6643951,,1,4.0,4.0,CARTÃO DE CRÉDITO,PRESENCIAL,07/01/2023
TXN_1653570,CAFÉ,5,2.0,10.0,,PARA VIAGEM,10/10/2023
TXN_3722720,SALADA,2,5.0,10.0,,PRESENCIAL,27/06/2023
TXN_7624646,VITAMINA,2,4.0,8.0,,,24/03/2023
TXN_6725579,CHÁ,2,1.5,3.0,CARTÃO DE CRÉDITO,PARA VIAGEM,21/02/2023
TXN_4015101,LANCHE,1,4.0,4.0,CARTÃO DE CRÉDITO,,18/01/2023
TXN_6037712,SALADA,,5.0,15.0,CARTÃO DE CRÉDITO,PRESENCIAL,10/08/2023
TXN_6845225,CHÁ,4,1.5,6.0,CARTÃO DE CRÉDITO,PARA VIAGEM,21/02/2023
TXN_5214219,SALADA,4,5.0,20.0,CARTÃO DE CRÉDITO,,22/03/2023
TXN_3388054,CAFÉ,5,2.0,10.0,DINHEIRO,,13/11/2023
TXN_5817991,VITAMINA,4,4.0,16.0,DINHEIRO,,24/05/2023
TXN_2916247,SALADA,3,,15.0,,PRESENCIAL,03/09/2023
TXN_9798525,CAFÉ,2,2.0,4.0,CARTEIRA DIGITAL,PARA VIAGEM,05/11/2023
TXN_4974012,LANCHE,5,,20.0,DINHEIRO,PARA VIAGEM,17/05/2023
TXN_7644000,BOLO,2,3.0,6.0,,PARA VIAGEM,07/02/2023
TXN_1482123,CAFÉ,1,2.0,2.0,DINHEIRO,PRESENCIAL,17/06/2023
TXN_5622313,SALADA,2,5.0,10.0,CARTÃO DE CRÉDITO,PRESENCIAL,07/01/2023
TXN_5737831,SUCO,4,,12.0,,PARA VIAGEM,15/05/2023
TXN_3446033,BISCOITO,3,1.0,3.0,CARTÃO DE CRÉDITO,,15/02/2023
TXN_6249754,VITAMINA,1,4.0,4.0,CARTÃO DE CRÉDITO,PARA VIAGEM,21/10/2023
TXN_9729280,CHÁ,3,1.5,4.5,CARTÃO DE CRÉDITO,PRESENCIAL,06/11/2023
TXN_9551638,SALADA,3,5.0,15.0,DINHEIRO,,25/06/2023
TXN_5158607,VITAMINA,4,,16.0,CARTÃO DE CRÉDITO,,24/03/2023
TXN_1045022,LANCHE,4,4.0,16.0,CARTÃO DE CRÉDITO,PARA VIAGEM,13/10/2023
TXN_5818032,,1,1.0,1.0,,,19/04/2023
TXN_5404249,,1,4.0,4.0,,,04/10/2023
TXN_5484423,,2,2.0,4.0,,,26/08/2023
TXN_4598397,CAFÉ,4,2.0,8.0,DINHEIRO,PARA VIAGEM,13/09/2023
TXN_3849488,SALADA,,,5.0,,PRESENCIAL,01/03/2023
TXN_9186913,BISCOITO,2,1.0,2.0,CARTÃO DE CRÉDITO,PARA VIAGEM,16/10/2023
TXN_9507002,VITAMINA,1,4.0,4.0,DINHEIRO,PARA VIAGEM,08/05/2023
TXN_4423218,BISCOITO,3,1.0,3.0,DINHEIRO,PRESENCIAL,29/05/2023
TXN_4851339,LANCHE,1,4.0,4.0,CARTEIRA DIGITAL,PARA VIAGEM,01/02/2023
TXN_3274105,BISCOITO,5,1.0,5.0,CARTÃO DE CRÉDITO,PARA VIAGEM,28/07/2023
TXN_2810280,VITAMINA,1,4.0,4.0,CARTEIRA DIGITAL,PARA VIAGEM,25/06/2023
TXN_9901424,BISCOITO,3,1.0,3.0,CARTEIRA DIGITAL,,30/05/2023
TXN_3880417,BISCOITO,1,1.0,1.0,,PRESENCIAL,27/06/2023
TXN_3756680,CHÁ,2,1.5,3.0,CARTÃO DE CRÉDITO,,30/08/2023
TXN_2334523,CAFÉ,,2.0,10.0,CARTEIRA DIGITAL,PARA VIAGEM,17/08/2023
TXN_8611913,CHÁ,5,1.5,7.5,CARTEIRA DIGITAL,PRESENCIAL,16/07/2023
TXN_7387701,CAFÉ,1,2.0,2.0,DINHEIRO,PARA VIAGEM,
TXN_9904091,SALADA,4,5.0,20.0,,,20/05/2023
TXN_4953063,CHÁ,5,,7.5,CARTÃO DE CRÉDITO,,
TXN_5908857,VITAMINA,5,4.0,20.0,,PRESENCIAL,04/06/2023
TXN_4411172,VITAMINA,4,4.0,16.0,DINHEIRO,,09/07/2023
TXN_6841805,BOLO,2,3.0,6.0,,,14/02/2023
TXN_7800236,SALADA,3,5.0,15.0,CARTEIRA DIGITAL,,19/07/2023
TXN_2413026,CAFÉ,1,,2.0,,PARA VIAGEM,26/04/2023
TXN_9947479,VITAMINA,5,4.0,20.0,DINHEIRO,PARA VIAGEM,27/09/2023
TXN_6403859,LANCHE,5,4.0,20.0,CARTÃO DE CRÉDITO,PRESENCIAL,06/03/2023
TXN_6828371,VITAMINA,4,4.0,16.0,,,20/10/2023
TXN_8335965,CHÁ,5,1.5,7.5,CARTÃO DE CRÉDITO,,21/03/2023
TXN_9747008,CHÁ,4,1.5,6.0,DINHEIRO,PARA VIAGEM,
TXN_9703722,LANCHE,5,4.0,20.0,CARTEIRA DIGITAL,PARA VIAGEM,11/01/2023
TXN_6259001,CHÁ,4,1.5,,CARTEIRA DIGITAL,PRESENCIAL,30/01/2023
TXN_6119081,CAFÉ,2,2.0,4.0,DINHEIRO,PRESENCIAL,27/09/2023
TXN_4811887,BOLO,2,3.0,6.0,DINHEIRO,PRESENCIAL,11/02/2023
TXN_9587814,SUCO,3,3.0,9.0,DINHEIRO,PRESENCIAL,25/01/2023
TXN_7682605,CHÁ,5,1.5,7.5,CARTEIRA DIGITAL,,19/10/2023
TXN_4690415,LANCHE,2,,8.0,CARTEIRA DIGITAL,,
TXN_7946450,VITAMINA,1,,4.0,CARTÃO DE CRÉDITO,PRESENCIAL,15/07/2023
TXN_2611393,VITAMINA,3,4.0,12.0,,,25/04/2023
TXN_2122597,BOLO,3,3.0,9.0,CARTÃO DE CRÉDITO,,11/05/2023
TXN_7510217,CHÁ,,1.5,7.5,CARTÃO DE CRÉDITO,PRESENCIAL,24/10/2023
TXN_3267783,BOLO,3,3.0,9.0,,PRESENCIAL,30/10/2023
TXN_7852397,CHÁ,3,1.5,4.5,DINHEIRO,PRESENCIAL,10/08/2023
TXN_8459594,LANCHE,1,4.0,4.0,CARTÃO DE CRÉDITO,,07/11/2023
TXN_9190969,CAFÉ,1,2.0,2.0,,PRESENCIAL,06/10/2023
TXN_2982995,SALADA,1,5.0,5.0,CARTÃO DE CRÉDITO,PARA VIAGEM,06/04/2023
TXN_9181144,,3,3.0,,,PARA VIAGEM,25/10/2023
TXN_6490609,SALADA,4,5.0,,,PRESENCIAL,03/03/2023
TXN_9938260,VITAMINA,4,4.0,16.0,,PRESENCIAL,03/03/2023
TXN_5486398,BISCOITO,4,1.0,4.0,DINHEIRO,,13/05/2023
TXN_5875661,LANCHE,3,4.0,,CARTÃO DE CRÉDITO,,12/08/2023
TXN_2555823,BOLO,4,3.0,12.0,CARTEIRA DIGITAL,,21/06/2023
TXN_4223265,BOLO,5,3.0,15.0,CARTEIRA DIGITAL,PRESENCIAL,06/06/2023
TXN_3390072,CHÁ,1,1.5,1.5,CARTÃO DE CRÉDITO,,03/05/2023
TXN_6491662,CAFÉ,2,2.0,4.0,CARTEIRA DIGITAL,PARA VIAGEM,06/10/2023
TXN_1248167,,1,4.0,4.0,DINHEIRO,,05/03/2023
TXN_9500986,BISCOITO,2,1.0,2.0,CARTEIRA DIGITAL,PARA VIAGEM,10/05/2023
TXN_2147453,,4,1.0,4.0,CARTÃO DE CRÉDITO,,27/04/2023
TXN_9137801,,5,4.0,20.0,CARTÃO DE CRÉDITO,PRESENCIAL,10/06/2023
TXN_4892303,LANCHE,4,4.0,16.0,,,16/07/2023
TXN_5985451,LANCHE,2,4.0,8.0,,,24/07/2023
TXN_6092344,BISCOITO,5,1.0,5.0,CARTÃO DE CRÉDITO,PARA VIAGEM,04/12/2023
TXN_1218016,CHÁ,3,1.5,4.5,CARTEIRA DIGITAL,,26/11/2023
TXN_8110646,,2,3.0,6.0,CARTÃO DE CRÉDITO,PARA VIAGEM,07/06/2023
TXN_1221777,CAFÉ,3,2.0,6.0,,PRESENCIAL,29/01/2023
TXN_3691087,BISCOITO,4,1.0,4.0,,,11/07/2023
TXN_5571026,,1,5.0,5.0,DINHEIRO,PARA VIAGEM,08/09/2023
TXN_6336973,CAFÉ,4,2.0,8.0,CARTEIRA DIGITAL,PARA VIAGEM,21/03/2023
TXN_5609260,BISCOITO,5,1.0,5.0,CARTEIRA DIGITAL,PRESENCIAL,02/05/2023
TXN_4242676,CAFÉ,5,2.0,,CARTÃO DE CRÉDITO,PARA VIAGEM,26/11/2023
TXN_6835777,SUCO,5,3.0,15.0,CARTEIRA DIGITAL,,11/05/2023
TXN_6097706,LANCHE,4,,16.0,DINHEIRO,PARA VIAGEM,15/02/2023
TXN_5496581,SUCO,1,3.0,3.0,CARTÃO DE CRÉDITO,,11/08/2023
TXN_2897468,SALADA,2,5.0,10.0,DINHEIRO,,10/10/2023
TXN_3260087,SALADA,5,5.0,25.0,,,20/04/2023
TXN_2047672,LANCHE,1,4.0,4.0,CARTÃO DE CRÉDITO,PRESENCIAL,25/01/2023
TXN_6893490,CAFÉ,3,2.0,6.0,CARTÃO DE CRÉDITO,PARA VIAGEM,17/03/2023
TXN_3743336,SALADA,2,5.0,10.0,CARTEIRA DIGITAL,,21/02/2023
TXN_6851654,SALADA,1,5.0,5.0,CARTEIRA DIGITAL,PARA VIAGEM,25/01/2023
TXN_8510511,CAFÉ,4,2.0,8.0,,,06/10/2023
TXN_2092306,SUCO,4,3.0,,,PRESENCIAL,01/04/2023
TXN_7345190,VITAMINA,4,4.0,16.0,CARTEIRA DIGITAL,,20/02/2023
TXN_6647319,SUCO,5,3.0,15.0,CARTÃO DE CRÉDITO,,23/10/2023
TXN_5889912,SALADA,1,5.0,5.0,DINHEIRO,PRESENCIAL,26/09/2023
TXN_4483304,VITAMINA,4,4.0,,CARTÃO DE CRÉDITO,PARA VIAGEM,08/11/2023
TXN_3720223,BOLO,4,3.0,12.0,DINHEIRO,PARA VIAGEM,22/10/2023
TXN_4506778,BOLO,3,3.0,9.0,CARTEIRA DIGITAL,,21/04/2023
TXN_8226226,LANCHE,1,4.0,4.0,,PRESENCIAL,30/07/2023
TXN_9723120,CHÁ,5,1.5,7.5,CARTÃO DE CRÉDITO,,26/01/2023
TXN_2726676,CAFÉ,3,2.0,6.0,CARTEIRA DIGITAL,PRESENCIAL,10/08/2023
TXN_4011694,,1,2.0,2.0,CARTÃO DE CRÉDITO,PRESENCIAL,02/09/2023
TXN_3327212,CHÁ,2,1.5,3.0,CARTÃO DE CRÉDITO,,20/12/2023
TXN_3558795,VITAMINA,1,4.0,4.0,DINHEIRO,PRESENCIAL,30/05/2023
TXN_9989242,LANCHE,4,4.0,16.0,,,12/09/2023
TXN_2035772,BISCOITO,2,,2.0,DINHEIRO,,17/01/2023
TXN_2711627,VITAMINA,5,4.0,20.0,DINHEIRO,,09/11/2023
TXN_2804828,BOLO,3,3.0,9.0,DINHEIRO,,25/02/2023
TXN_3869958,BOLO,1,3.0,3.0,CARTEIRA DIGITAL,,11/01/2023
TXN_9684465,BOLO,5,3.0,15.0,,PARA VIAGEM,15/02/2023
TXN_7570308,CHÁ,4,1.5,6.0,DINHEIRO,,
TXN_6476304,LANCHE,2,4.0,8.0,CARTÃO DE CRÉDITO,,17/03/2023
TXN_3893927,SALADA,4,5.0,20.0,,PRESENCIAL,14/09/2023
TXN_5947976,CAFÉ,3,2.0,6.0,,PRESENCIAL,21/05/2023
TXN_4139983,CHÁ,5,1.5,7.5,DINHEIRO,PARA VIAGEM,16/10/2023
TXN_4571222,BISCOITO,2,1.0,2.0,CARTÃO DE CRÉDITO,,21/03/2023
TXN_6484542,SALADA,5,5.0,25.0,CARTÃO DE CRÉDITO,,18/05/2023
TXN_5183630,CAFÉ,4,2.0,8.0,,PRESENCIAL,15/02/2023
TXN_5562799,BISCOITO,5,1.0,5.0,,,25/10/2023
TXN_9601220,,3,1.0,,CARTEIRA DIGITAL,PARA VIAGEM,20/04/2023
TXN_6404625,BOLO,5,3.0,15.0,CARTÃO DE CRÉDITO,,24/04/2023
TXN_5327102,BISCOITO,2,1.0,2.0,,,16/07/2023
TXN_5741619,VITAMINA,,4.0,20.0,DINHEIRO,,02/01/2023
TXN_4452589,CHÁ,,1.5,1.5,,PARA VIAGEM,22/08/2023
TXN_6540284,SUCO,1,3.0,3.0,,,24/04/2023
TXN_9657957,VITAMINA,,4.0,8.0,,,27/11/2023
TXN_3670939,CHÁ,3,1.5,4.5,DINHEIRO,,13/07/2023
TXN_2935871,BISCOITO,4,1.0,4.0,DINHEIRO,PARA VIAGEM,07/07/2023
TXN_1610204,BOLO,1,3.0,3.0,,PARA VIAGEM,19/02/2023
TXN_8372268,SALADA,2,,10.0,,PARA VIAGEM,15/06/2023
TXN_1239021,LANCHE,5,,20.0,CARTÃO DE CRÉDITO,,15/09/2023
TXN_1863866,VITAMINA,1,4.0,4.0,DINHEIRO,,03/10/2023
TXN_4630854,CHÁ,1,1.5,1.5,CARTEIRA DIGITAL,,10/02/2023
TXN_6183842,CHÁ,3,1.5,4.5,,,15/09/2023
TXN_5355693,VITAMINA,1,4.0,4.0,,,03/12/2023
TXN_8284910,VITAMINA,1,4.0,4.0,DINHEIRO,PRESENCIAL,19/07/2023
TXN_4408913,SALADA,2,5.0,10.0,DINHEIRO,,24/08/2023
TXN_2123573,CAFÉ,5,2.0,10.0,CARTEIRA DIGITAL,PARA VIAGEM,09/01/2023
TXN_8036176,BISCOITO,4,1.0,4.0,CARTÃO DE CRÉDITO,PARA VIAGEM,20/06/2023
TXN_9107676,LANCHE,,4.0,8.0,DINHEIRO,,12/02/2023
TXN_2490185,SALADA,4,5.0,20.0,CARTÃO DE CRÉDITO,PRESENCIAL,18/12/2023
TXN_6295420,SUCO,1,3.0,3.0,CARTEIRA DIGITAL,PARA VIAGEM,27/09/2023
TXN_1542042,BOLO,4,3.0,12.0,CARTÃO DE CRÉDITO,PARA VIAGEM,26/07/2023
TXN_7716125,BISCOITO,2,1.0,2.0,CARTEIRA DIGITAL,,17/05/2023
TXN_6579109,SUCO,1,3.0,3.0,CARTÃO DE CRÉDITO,PARA VIAGEM,22/02/2023
TXN_5577030,BISCOITO,4,1.0,4.0,CARTEIRA DIGITAL,PARA VIAGEM,15/02/2023
TXN_3910230,LANCHE,5,4.0,20.0,DINHEIRO,PARA VIAGEM,05/01/2023
TXN_8031804,CAFÉ,4,2.0,8.0,CARTÃO DE CRÉDITO,,01/07/2023
TXN_6928775,,2,1.0,2.0,DINHEIRO,PRESENCIAL,25/03/2023
TXN_6755107,VITAMINA,2,4.0,8.0,CARTEIRA DIGITAL,,14/11/2023
TXN_5153899,CHÁ,3,1.5,4.5,,PARA VIAGEM,01/03/2023
TXN_5632156,LANCHE,4,4.0,16.0,CARTEIRA DIGITAL,,02/08/2023
TXN_9861782,LANCHE,4,4.0,16.0,CARTÃO DE CRÉDITO,PRESENCIAL,15/07/2023
TXN_8861275,VITAMINA,2,4.0,8.0,,PRESENCIAL,31/10/2023
TXN_8961155,BOLO,5,3.0,,DINHEIRO,PARA VIAGEM,06/09/2023
TXN_6112765,CAFÉ,2,2.0,4.0,CARTÃO DE CRÉDITO,PARA VIAGEM,21/07/2023
TXN_7090563,VITAMINA,3,4.0,12.0,,PRESENCIAL,17/08/2023
TXN_9737090,LANCHE,3,4.0,12.0,,PRESENCIAL,01/06/2023
TXN_2847831,CAFÉ,1,2.0,2.0,DINHEIRO,PRESENCIAL,19/02/2023
TXN_3385167,CHÁ,3,1.5,4.5,DINHEIRO,PRESENCIAL,26/04/2023
TXN_1938071,LANCHE,4,4.0,16.0,CARTÃO DE CRÉDITO,PRESENCIAL,25/12/2023
TXN_8774692,CHÁ,5,1.5,7.5,CARTEIRA DIGITAL,,12/07/2023
TXN_4887268,SALADA,1,5.0,5.0,CARTÃO DE CRÉDITO,PRESENCIAL,16/10/2023
TXN_9506372,BOLO,4,3.0,12.0,,,06/11/2023
TXN_6651961,SALADA,4,5.0,20.0,CARTÃO DE CRÉDITO,PRESENCIAL,08/02/2023
TXN_2537138,BOLO,3,3.0,9.0,,,24/10/2023
TXN_2015313,SALADA,5,5.0,25.0,DINHEIRO,,18/10/2023
TXN_5604797,CAFÉ,1,2.0,2.0,DINHEIRO,PRESENCIAL,13/10/2023
TXN_6303383,BOLO,4,3.0,12.0,CARTEIRA DIGITAL,PRESENCIAL,22/09/2023
TXN_5203710,,,5.0,20.0,CARTEIRA DIGITAL,,22/04/2023
TXN_7059722,LANCHE,5,4.0,20.0,CARTEIRA DIGITAL,PRESENCIAL,
TXN_5403707,VITAMINA,3,4.0,12.0,DINHEIRO,PRESENCIAL,20/03/2023
TXN_4084052,SUCO,2,3.0,6.0,CARTEIRA DIGITAL,PRESENCIAL,30/06/2023
TXN_3843541,,3,5.0,15.0,CARTÃO DE CRÉDITO,PRESENCIAL,06/03/2023
TXN_4000025,CHÁ,5,,7.5,,PARA VIAGEM,12/06/2023
TXN_7113656,SUCO,2,3.0,6.0,CARTÃO DE CRÉDITO,PARA VIAGEM,22/01/2023
TXN_6039235,SUCO,2,3.0,6.0,CARTEIRA DIGITAL,,25/06/2023
TXN_6621756,BISCOITO,1,1.0,1.0,,,14/11/2023
TXN_3923847,BOLO,2,3.0,6.0,CARTÃO DE CRÉDITO,,12/09/2023
TXN_3226989,SALADA,1,5.0,5.0,CARTÃO DE CRÉDITO,PARA VIAGEM,17/04/2023
TXN_1523567,SALADA,3,5.0,,CARTEIRA DIGITAL,PARA VIAGEM,22/11/2023
TXN_8751289,CHÁ,2,1.5,3.0,DINHEIRO,PRESENCIAL,10/09/2023
TXN_9996195,SUCO,5,3.0,15.0,CARTEIRA DIGITAL,PRESENCIAL,16/03/2023
TXN_2151688,BOLO,5,3.0,15.0,,,29/09/2023
TXN_4243591,BOLO,4,3.0,12.0,CARTÃO DE CRÉDITO,PRESENCIAL,11/10/2023
TXN_4138399,BISCOITO,5,1.0,5.0,CARTÃO DE CRÉDITO,PARA VIAGEM,03/07/2023
TXN_1724233,BISCOITO,5,1.0,5.0,CARTEIRA DIGITAL,PARA VIAGEM,01/02/2023
TXN_1564506,VITAMINA,5,4.0,20.0,CARTEIRA DIGITAL,PRESENCIAL,01/02/2023
TXN_3520982,SALADA,5,5.0,25.0,,,26/10/2023
TXN_6130455,CHÁ,2,1.5,3.0,CARTEIRA DIGITAL,,
TXN_8936591,BISCOITO,5,1.0,5.0,,PRESENCIAL,22/03/2023
TXN_7622389,CHÁ,4,1.5,6.0,CARTEIRA DIGITAL,PRESENCIAL,26/02/2023
TXN_2896048,CHÁ,4,,6.0,DINHEIRO,,17/05/2023
TXN_2204457,CAFÉ,4,2.0,8.0,DINHEIRO,PARA VIAGEM,06/01/2023
TXN_1319834,BISCOITO,1,1.0,1.0,,,31/03/2023
TXN_9042043,BISCOITO,4,1.0,4.0,DINHEIRO,PARA VIAGEM,
TXN_7503593,BISCOITO,5,1.0,5.0,CARTEIRA DIGITAL,PARA VIAGEM,19/04/2023
TXN_4076463,BISCOITO,3,1.0,3.0,CARTEIRA DIGITAL,,25/06/2023
TXN_1901704,SALADA,5,5.0,25.0,DINHEIRO,,17/11/2023
TXN_5589433,BOLO,2,3.0,6.0,DINHEIRO,PRESENCIAL,13/03/2023
TXN_4386732,VITAMINA,4,4.0,16.0,DINHEIRO,,01/08/2023
TXN_3174336,BISCOITO,,1.0,1.0,,,17/07/2023
TXN_4983903,,5,4.0,20.0,,,18/09/2023
TXN_8043642,SALADA,4,5.0,20.0,DINHEIRO,PRESENCIAL,12/06/2023
TXN_1223805,SUCO,3,3.0,9.0,,PRESENCIAL,04/07/2023
TXN_3879110,,4,1.0,,CARTÃO DE CRÉDITO,PARA VIAGEM,18/03/2023
TXN_9551491,SALADA,1,5.0,5.0,,,13/07/2023
TXN_3033987,BOLO,4,3.0,12.0,DINHEIRO,,13/03/2023
TXN_2732570,BISCOITO,3,1.0,3.0,CARTEIRA DIGITAL,,23/06/2023
TXN_9104781,LANCHE,2,4.0,8.0,,,03/07/2023
TXN_7876775,CAFÉ,5,2.0,10.0,,PARA VIAGEM,09/02/2023
TXN_7566250,SALADA,3,5.0,15.0,,PARA VIAGEM,04/06/2023
TXN_3365018,SUCO,5,3.0,15.0,DINHEIRO,PARA VIAGEM,06/02/2023
TXN_1487762,CHÁ,3,1.5,4.5,,,07/02/2023
TXN_4592205,BISCOITO,3,1.0,3.0,CARTÃO DE CRÉDITO,PRESENCIAL,30/12/2023
TXN_6660755,BISCOITO,2,1.0,2.0,CARTÃO DE CRÉDITO,PRESENCIAL,16/05/2023
TXN_3750900,CHÁ,2,,3.0,CARTÃO DE CRÉDITO,PRESENCIAL,03/04/2023
TXN_3290872,BOLO,2,3.0,6.0,CARTÃO DE CRÉDITO,PRESENCIAL,13/06/2023
TXN_6378158,SALADA,5,,25.0,CARTÃO DE CRÉDITO,PRESENCIAL,17/06/2023
TXN_8800818,BOLO,2,3.0,,CARTEIRA DIGITAL,,28/09/2023
TXN_5707386,CHÁ,5,1.5,7.5,,PARA VIAGEM,28/06/2023
TXN_1145592,SUCO,1,3.0,3.0,CARTÃO DE CRÉDITO,PARA VIAGEM,11/09/2023
TXN_2670487,CAFÉ,3,2.0,6.0,CARTEIRA DIGITAL,,20/10/2023
TXN_9485101,BISCOITO,2,1.0,2.0,DINHEIRO,PARA VIAGEM,01/11/2023
TXN_9667219,SUCO,4,3.0,12.0,DINHEIRO,PRESENCIAL,09/10/2023
TXN_3119835,CHÁ,2,1.5,3.0,CARTEIRA DIGITAL,PRESENCIAL,01/03/2023
TXN_2454046,SUCO,2,3.0,6.0,,PARA VIAGEM,
TXN_7014091,CAFÉ,5,2.0,10.0,DINHEIRO,PRESENCIAL,26/11/2023
TXN_7107807,BISCOITO,1,1.0,1.0,CARTEIRA DIGITAL,,01/11/2023
TXN_5698925,SUCO,2,3.0,6.0,,PRESENCIAL,08/04/2023
TXN_6662213,LANCHE,4,4.0,16.0,CARTEIRA DIGITAL,,18/01/2023
TXN_1336900,CAFÉ,5,2.0,10.0,CARTÃO DE CRÉDITO,,16/01/2023
TXN_2250785,BOLO,1,3.0,3.0,DINHEIRO,,19/03/2023
TXN_8122340,CAFÉ,4,2.0,,CARTÃO DE CRÉDITO,,09/06/2023
TXN_9911498,CAFÉ,4,2.0,8.0,DINHEIRO,PRESENCIAL,27/03/2023
TXN_4130861,SALADA,2,5.0,10.0,CARTÃO DE CRÉDITO,,
TXN_3741325,LANCHE,5,4.0,20.0,CARTEIRA DIGITAL,,04/07/2023
TXN_8658970,SALADA,3,5.0,15.0,CARTÃO DE CRÉDITO,,03/09/2023
TXN_2887971,VITAMINA,2,4.0,8.0,CARTEIRA DIGITAL,,26/06/2023
TXN_9865855,CAFÉ,3,2.0,6.0,CARTEIRA DIGITAL,PARA VIAGEM,18/04/2023
TXN_2217295,SUCO,4,,12.0,CARTÃO DE CRÉDITO,PRESENCIAL,22/11/2023
TXN_8913492,LANCHE,4,4.0,16.0,CARTÃO DE CRÉDITO,PRESENCIAL,25/12/2023
TXN_5625086,LANCHE,1,4.0,4.0,CARTÃO DE CRÉDITO,PRESENCIAL,17/06/2023
TXN_2690222,,4,3.0,12.0,,,01/01/2023
TXN_5767429,BOLO,2,3.0,6.0,,,19/03/2023
TXN_5910541,BOLO,,3.0,15.0,DINHEIRO,PRESENCIAL,08/09/2023
TXN_4435352,SALADA,2,5.0,10.0,CARTÃO DE CRÉDITO,,03/05/2023
TXN_1009421,BISCOITO,4,1.0,4.0,DINHEIRO,PARA VIAGEM,21/02/2023
TXN_5369243,VITAMINA,4,4.0,16.0,DINHEIRO,PARA VIAGEM,16/11/2023
TXN_2939667,,1,3.0,3.0,,PRESENCIAL,21/12/2023
TXN_5734395,LANCHE,,4.0,20.0,DINHEIRO,PARA VIAGEM,17/05/2023
TXN_2966262,CHÁ,,1.5,4.5,DINHEIRO,,19/11/2023
TXN_7293241,,1,2.0,2.0,CARTEIRA DIGITAL,,27/08/2023
TXN_1827212,LANCHE,5,4.0,20.0,,,22/12/2023
TXN_4809548,VITAMINA,3,4.0,12.0,,PARA VIAGEM,04/11/2023
TXN_2224935,CAFÉ,1,2.0,2.0,CARTEIRA DIGITAL,,15/04/2023
TXN_7580441,CAFÉ,1,,2.0,DINHEIRO,,09/08/2023
TXN_4897993,LANCHE,4,,16.0,,PRESENCIAL,07/12/2023
TXN_9522045,CAFÉ,3,2.0,6.0,,,30/05/2023
TXN_6128966,LANCHE,3,4.0,12.0,,,18/12/2023
TXN_5475746,BOLO,3,3.0,9.0,CARTÃO DE CRÉDITO,PRESENCIAL,20/08/2023
TXN_6071339,CAFÉ,5,2.0,10.0,DINHEIRO,PARA VIAGEM,17/10/2023
TXN_9540864,BISCOITO,2,1.0,2.0,CARTEIRA DIGITAL,PARA VIAGEM,07/08/2023
TXN_6389404,SUCO,5,3.0,15.0,CARTEIRA DIGITAL,PRESENCIAL,20/11/2023
TXN_8724474,,5,5.0,25.0,DINHEIRO,,04/08/2023
TXN_8199524,BOLO,5,3.0,15.0,DINHEIRO,,01/12/2023
TXN_1212652,SUCO,3,3.0,9.0,CARTÃO DE CRÉDITO,,30/01/2023
TXN_1799247,CAFÉ,3,2.0,6.0,,,25/01/2023
TXN_5745054,VITAMINA,1,4.0,4.0,CARTÃO DE CRÉDITO,,26/01/2023
TXN_4328090,,,4.0,4.0,CARTEIRA DIGITAL,PRESENCIAL,18/04/2023
TXN_3499226,SUCO,1,3.0,3.0,CARTÃO DE CRÉDITO,PARA VIAGEM,08/09/2023
TXN_1259340,CHÁ,3,,,CARTEIRA DIGITAL,,24/02/2023
TXN_3893480,BISCOITO,3,1.0,3.0,,,24/12/2023
TXN_2614271,,2,4.0,8.0,CARTEIRA DIGITAL,,03/08/2023
TXN_8295765,BOLO,4,3.0,12.0,,PARA VIAGEM,05/04/2023
TXN_1324760,CHÁ,4,1.5,6.0,DINHEIRO,PRESENCIAL,18/01/2023
TXN_8292441,SALADA,1,5.0,5.0,DINHEIRO,PARA VIAGEM,15/09/2023
TXN_6663486,CAFÉ,3,2.0,6.0,,,02/11/2023
TXN_9423451,CAFÉ,1,,2.0,,,22/10/2023
TXN_3792125,SALADA,5,5.0,25.0,CARTÃO DE CRÉDITO,PRESENCIAL,25/08/2023
TXN_7021504,BISCOITO,2,1.0,2.0,,PRESENCIAL,31/05/2023
TXN_8608811,BOLO,5,3.0,15.0,CARTÃO DE CRÉDITO,PARA VIAGEM,05/01/2023
TXN_4844386,,5,,15.0,CARTÃO DE CRÉDITO,PRESENCIAL,28/10/2023
TXN_4368729,CAFÉ,3,2.0,6.0,CARTEIRA DIGITAL,PRESENCIAL,11/06/2023
TXN_5072156,CHÁ,3,1.5,4.5,CARTEIRA DIGITAL,PARA VIAGEM,24/07/2023
TXN_5763520,,1,5.0,5.0,,,17/01/2023
TXN_4877933,SUCO,5,3.0,15.0,CARTEIRA DIGITAL,PRESENCIAL,12/01/2023
TXN_8854384,SUCO,5,3.0,15.0,DINHEIRO,PARA VIAGEM,12/08/2023
TXN_3308378,BISCOITO,4,1.0,4.0,CARTEIRA DIGITAL,,28/04/2023
TXN_4355766,BISCOITO,5,1.0,,CARTEIRA DIGITAL,,07/11/2023
TXN_5644235,SALADA,4,5.0,20.0,DINHEIRO,PRESENCIAL,25/03/2023
TXN_5331285,LANCHE,3,4.0,12.0,CARTEIRA DIGITAL,,12/03/2023
TXN_7620397,BISCOITO,4,1.0,4.0,,,24/12/2023
TXN_1214868,SUCO,4,,12.0,DINHEIRO,PRESENCIAL,30/07/2023
TXN_5117595,VITAMINA,4,4.0,16.0,DINHEIRO,PRESENCIAL,05/02/2023
TXN_9708144,VITAMINA,3,4.0,12.0,DINHEIRO,,18/04/2023
TXN_8266689,,5,,15.0,DINHEIRO,PRESENCIAL,03/12/2023
TXN_3589166,CHÁ,1,1.5,1.5,,,02/02/2023
TXN_3943672,LANCHE,4,4.0,16.0,CARTÃO DE CRÉDITO,,21/10/2023
TXN_8988279,VITAMINA,2,4.0,8.0,,PRESENCIAL,08/08/2023
TXN_4269933,VITAMINA,2,4.0,8.0,,PARA VIAGEM,28/03/2023
TXN_2234460,CHÁ,2,1.5,3.0,,PARA VIAGEM,15/08/2023
TXN_4356564,CAFÉ,2,2.0,4.0,CARTÃO DE CRÉDITO,PARA VIAGEM,05/10/2023
TXN_2223047,,2,2.0,4.0,,PARA VIAGEM,14/06/2023
TXN_9469735,BOLO,1,3.0,3.0,,PRESENCIAL,31/12/2023
TXN_6762250,BISCOITO,2,1.0,2.0,CARTEIRA DIGITAL,PARA VIAGEM,17/06/2023
TXN_8553273,SUCO,5,3.0,15.0,DINHEIRO,PRESENCIAL,15/01/2023
TXN_8713971,CHÁ,1,1.5,1.5,DINHEIRO,,26/08/2023
TXN_4076575,VITAMINA,3,4.0,12.0,,PARA VIAGEM,18/01/2023
TXN_2432379,CAFÉ,1,2.0,2.0,CARTÃO DE CRÉDITO,PRESENCIAL,24/10/2023
TXN_3187634,,5,2.0,10.0,CARTEIRA DIGITAL,PARA VIAGEM,01/09/2023
TXN_1961943,VITAMINA,,4.0,12.0,CARTEIRA DIGITAL,PRESENCIAL,05/11/2023
TXN_5908104,LANCHE,2,4.0,8.0,CARTÃO DE CRÉDITO,,12/05/2023
TXN_1355212,CAFÉ,2,2.0,4.0,,,25/05/2023
TXN_2155393,SUCO,2,3.0,6.0,CARTEIRA DIGITAL,PRESENCIAL,12/07/2023
TXN_3485938,,4,5.0,20.0,DINHEIRO,PARA VIAGEM,28/05/2023
TXN_9449037,CAFÉ,4,2.0,8.0,,PARA VIAGEM,30/04/2023
TXN_3114654,SUCO,3,3.0,9.0,,PRESENCIAL,01/12/2023
TXN_5837801,SALADA,1,5.0,,CARTÃO DE CRÉDITO,PRESENCIAL,25/01/2023
TXN_1336470,CHÁ,1,1.5,1.5,DINHEIRO,,22/12/2023
TXN_2544724,BOLO,5,3.0,15.0,CARTEIRA DIGITAL,PARA VIAGEM,28/12/2023
TXN_1035504,VITAMINA,2,4.0,8.0,CARTEIRA DIGITAL,PARA VIAGEM,30/03/2023
TXN_2576799,SUCO,1,3.0,3.0,DINHEIRO,,12/03/2023
TXN_4659155,SUCO,1,3.0,3.0,,,13/04/2023
TXN_9781961,CAFÉ,1,2.0,2.0,CARTÃO DE CRÉDITO,PRESENCIAL,01/12/2023
TXN_5313347,BISCOITO,2,1.0,2.0,CARTEIRA DIGITAL,PARA VIAGEM,10/12/2023
TXN_7926510,SALADA,4,5.0,20.0,DINHEIRO,,03/10/2023
TXN_3477975,LANCHE,,4.0,16.0,,,26/02/2023
TXN_6736084,SUCO,1,3.0,3.0,,PARA VIAGEM,19/04/2023
TXN_5573731,LANCHE,4,4.0,16.0,DINHEIRO,,15/01/2023
TXN_2760327,SALADA,1,5.0,5.0,,PARA VIAGEM,16/02/2023
TXN_5540067,CHÁ,4,1.5,6.0,,,24/08/2023
TXN_7585599,BOLO,1,3.0,3.0,CARTÃO DE CRÉDITO,,12/01/2023
TXN_6333241,CAFÉ,,2.0,4.0,CARTEIRA DIGITAL,,15/09/2023
TXN_1635631,BISCOITO,4,1.0,4.0,CARTÃO DE CRÉDITO,,04/07/2023
TXN_8907996,LANCHE,4,4.0,16.0,DINHEIRO,PRESENCIAL,19/02/2023
TXN_3206049,CAFÉ,4,2.0,8.0,,,27/03/2023
TXN_4620647,CAFÉ,1,2.0,2.0,CARTEIRA DIGITAL,,15/07/2023
TXN_5348915,SUCO,1,3.0,3.0,CARTEIRA DIGITAL,PARA VIAGEM,09/07/2023
TXN_4036214,BOLO,2,,6.0,CARTÃO DE CRÉDITO,,17/10/2023
TXN_6323914,SUCO,1,3.0,3.0,CARTÃO DE CRÉDITO,PRESENCIAL,19/03/2023
TXN_7804128,LANCHE,5,4.0,20.0,CARTEIRA DIGITAL,PRESENCIAL,12/02/2023
TXN_6228313,,4,3.0,12.0,,,24/01/2023
TXN_2930752,BOLO,2,3.0,6.0,CARTÃO DE CRÉDITO,,04/03/2023
TXN_3477101,BISCOITO,4,1.0,4.0,,PARA VIAGEM,02/05/2023
TXN_2210265,SUCO,2,3.0,6.0,CARTÃO DE CRÉDITO,PARA VIAGEM,14/06/2023
TXN_5534515,VITAMINA,1,4.0,4.0,CARTÃO DE CRÉDITO,PARA VIAGEM,09/02/2023
TXN_9561380,LANCHE,1,4.0,4.0,CARTEIRA DIGITAL,PARA VIAGEM,11/08/2023
TXN_3038078,BISCOITO,1,1.0,1.0,CARTÃO DE CRÉDITO,PARA VIAGEM,06/04/2023
TXN_5652473,VITAMINA,4,4.0,16.0,,,19/03/2023
TXN_5222822,SALADA,1,5.0,5.0,,PRESENCIAL,20/11/2023
TXN_6238191,VITAMINA,4,4.0,16.0,,PRESENCIAL,27/10/2023
TXN_1244593,SALADA,5,5.0,25.0,,PRESENCIAL,11/04/2023
TXN_9749175,BOLO,1,3.0,3.0,CARTÃO DE CRÉDITO,PRESENCIAL,07/09/2023
TXN_4502314,BISCOITO,3,1.0,3.0,CARTÃO DE CRÉDITO,,02/06/2023
TXN_5476846,CHÁ,4,1.5,6.0,CARTÃO DE CRÉDITO,PARA VIAGEM,
TXN_3703964,LANCHE,2,4.0,8.0,CARTÃO DE CRÉDITO,PARA VIAGEM,23/09/2023
TXN_1554195,VITAMINA,2,4.0,8.0,CARTEIRA DIGITAL,,22/10/2023
TXN_1025152,BISCOITO,4,1.0,4.0,,,19/08/2023
TXN_3429942,VITAMINA,3,4.0,,CARTEIRA DIGITAL,PRESENCIAL,24/04/2023
TXN_2134660,,5,3.0,15.0,CARTÃO DE CRÉDITO,PRESENCIAL,08/11/2023
TXN_8944175,SALADA,3,5.0,15.0,CARTEIRA DIGITAL,,30/11/2023
TXN_4680399,SUCO,5,3.0,15.0,CARTEIRA DIGITAL,,07/04/2023
TXN_5328065,BOLO,5,3.0,15.0,DINHEIRO,,18/09/2023
TXN_9202496,BOLO,5,3.0,15.0,CARTÃO DE CRÉDITO,PRESENCIAL,19/07/2023
TXN_2914953,BOLO,2,3.0,6.0,DINHEIRO,PRESENCIAL,25/07/2023
TXN_6068148,BOLO,3,3.0,9.0,,PRESENCIAL,11/08/2023
TXN_1216051,BOLO,4,3.0,12.0,CARTEIRA DIGITAL,PARA VIAGEM,28/10/2023
TXN_3943327,SUCO,1,3.0,3.0,,,20/05/2023
TXN_5268025,BISCOITO,5,1.0,,CARTEIRA DIGITAL,PRESENCIAL,19/05/2023
TXN_9952441,VITAMINA,1,4.0,,DINHEIRO,PRESENCIAL,05/09/2023
TXN_7354271,BISCOITO,4,1.0,4.0,,PRESENCIAL,12/04/2023
TXN_3358494,CAFÉ,5,2.0,10.0,CARTEIRA DIGITAL,PARA VIAGEM,22/06/2023
TXN_2966507,BISCOITO,3,1.0,3.0,,PRESENCIAL,25/04/2023
TXN_9752586,CHÁ,2,1.5,3.0,CARTEIRA DIGITAL,,14/06/2023
TXN_1324968,BISCOITO,3,1.0,3.0,CARTÃO DE CRÉDITO,PRESENCIAL,05/01/2023
TXN_8424417,VITAMINA,2,,8.0,,PARA VIAGEM,21/10/2023
TXN_3985920,SALADA,5,5.0,25.0,CARTEIRA DIGITAL,PRESENCIAL,29/03/2023
TXN_7335526,LANCHE,4,4.0,16.0,DINHEIRO,PRESENCIAL,03/06/2023
TXN_5989987,VITAMINA,4,4.0,16.0,DINHEIRO,,02/08/2023
TXN_8132632,CHÁ,3,1.5,4.5,,,26/07/2023
TXN_2408294,LANCHE,4,4.0,16.0,CARTEIRA DIGITAL,PRESENCIAL,26/12/2023
TXN_7380756,SALADA,1,5.0,5.0,CARTEIRA DIGITAL,PARA VIAGEM,16/10/2023
TXN_1145888,CAFÉ,4,2.0,8.0,,,26/01/2023
TXN_3845754,CHÁ,4,1.5,6.0,,PARA VIAGEM,25/11/2023
TXN_1315214,CHÁ,2,1.5,3.0,CARTEIRA DIGITAL,PRESENCIAL,03/11/2023
TXN_7602467,BISCOITO,1,1.0,1.0,CARTÃO DE CRÉDITO,PARA VIAGEM,17/10/2023
TXN_1672708,SALADA,4,5.0,20.0,,,04/04/2023
TXN_4979250,CHÁ,3,1.5,4.5,DINHEIRO,PRESENCIAL,01/11/2023
TXN_2809397,SALADA,2,5.0,10.0,CARTEIRA DIGITAL,PARA VIAGEM,13/09/2023
TXN_8752130,SUCO,2,3.0,6.0,CARTÃO DE CRÉDITO,PARA VIAGEM,23/10/2023
TXN_7326075,BISCOITO,1,,1.0,DINHEIRO,,12/06/2023
TXN_9134257,CAFÉ,,2.0,6.0,CARTEIRA DIGITAL,PARA VIAGEM,19/05/2023
TXN_9944832,CAFÉ,3,2.0,6.0,,,25/12/2023
TXN_8329302,SUCO,,3.0,9.0,,PARA VIAGEM,
TXN_9639317,BOLO,3,3.0,9.0,DINHEIRO,,28/12/2023
TXN_7707761,CHÁ,3,1.5,4.5,CARTÃO DE CRÉDITO,,08/03/2023
TXN_3177517,,1,1.5,1.5,CARTÃO DE CRÉDITO,PRESENCIAL,22/02/2023
TXN_5353855,,3,4.0,12.0,CARTÃO DE CRÉDITO,PARA VIAGEM,24/12/2023
TXN_3106811,SUCO,3,3.0,9.0,DINHEIRO,PARA VIAGEM,27/09/2023
TXN_3475342,SUCO,3,3.0,9.0,,PRESENCIAL,24/04/2023
TXN_8017663,CAFÉ,2,2.0,4.0,,,18/05/2023
TXN_6309965,BOLO,5,3.0,15.0,CARTEIRA DIGITAL,PARA VIAGEM,14/06/2023
TXN_7146871,CAFÉ,,2.0,4.0,,,20/09/2023
TXN_2661443,SUCO,2,3.0,6.0,CARTÃO DE CRÉDITO,,30/06/2023
TXN_6954434,SUCO,3,,9.0,DINHEIRO,PARA VIAGEM,23/02/2023
TXN_3578712,CHÁ,5,,7.5,CARTÃO DE CRÉDITO,,15/08/2023
TXN_6131350,LANCHE,2,,8.0,CARTÃO DE CRÉDITO,,28/09/2023
TXN_9207050,BISCOITO,5,1.0,5.0,CARTEIRA DIGITAL,PRESENCIAL,21/07/2023
TXN_5351656,CHÁ,1,1.5,1.5,,PARA VIAGEM,02/03/2023
TXN_8905718,CHÁ,5,1.5,7.5,,PRESENCIAL,07/09/2023
TXN_1938148,BOLO,2,3.0,6.0,CARTÃO DE CRÉDITO,PARA VIAGEM,07/06/2023
TXN_2024598,LANCHE,1,4.0,4.0,CARTEIRA DIGITAL,PRESENCIAL,01/01/2023
TXN_7145872,SALADA,5,5.0,25.0,CARTEIRA DIGITAL,PARA VIAGEM,15/04/2023
TXN_8140560,BOLO,5,3.0,15.0,,PARA VIAGEM,29/06/2023
TXN_6591756,BISCOITO,5,1.0,5.0,,,09/03/2023
TXN_9004306,CAFÉ,4,2.0,8.0,CARTÃO DE CRÉDITO,PRESENCIAL,26/05/2023
TXN_7899686,,1,4.0,4.0,CARTEIRA DIGITAL,PARA VIAGEM,09/09/2023
TXN_7092761,SALADA,4,5.0,20.0,,,11/05/2023
TXN_6360436,BOLO,2,3.0,6.0,CARTEIRA DIGITAL,PARA VIAGEM,13/09/2023
TXN_3295247,CAFÉ,5,2.0,10.0,CARTEIRA DIGITAL,,25/08/2023
TXN_5822344,LANCHE,5,4.0,20.0,DINHEIRO,PRESENCIAL,27/09/2023
TXN_4266069,CAFÉ,1,2.0,2.0,,,25/12/2023
TXN_9470768,VITAMINA,5,4.0,20.0,CARTÃO DE CRÉDITO,,27/09/2023
TXN_1540181,CHÁ,3,1.5,4.5,,PARA VIAGEM,17/08/2023
TXN_6688020,SALADA,5,5.0,25.0,,,05/09/2023
TXN_4181147,CAFÉ,4,2.0,8.0,,PARA VIAGEM,18/02/2023
TXN_7211792,CHÁ,3,1.5,4.5,,PARA VIAGEM,27/11/2023
TXN_6568978,BOLO,3,3.0,9.0,CARTEIRA DIGITAL,,12/03/2023
TXN_6670607,SUCO,5,3.0,,,PARA VIAGEM,06/01/2023
TXN_9773606,CHÁ,2,1.5,3.0,DINHEIRO,PARA VIAGEM,04/12/2023
TXN_9762035,VITAMINA,1,4.0,4.0,DINHEIRO,PARA VIAGEM,21/08/2023
TXN_4493661,LANCHE,1,4.0,4.0,DINHEIRO,,08/07/2023
TXN_4617139,SUCO,4,,12.0,,,12/04/2023
TXN_5339625,VITAMINA,5,4.0,20.0,CARTEIRA DIGITAL,,29/06/2023
TXN_9657636,BOLO,1,3.0,3.0,DINHEIRO,PARA VIAGEM,08/07/2023
TXN_1375992,CAFÉ,5,2.0,10.0,CARTÃO DE CRÉDITO,PRESENCIAL,23/03/2023
TXN_2077318,SUCO,2,3.0,6.0,CARTEIRA DIGITAL,PRESENCIAL,24/08/2023
TXN_8232653,SALADA,5,5.0,25.0,DINHEIRO,,21/04/2023
TXN_4624436,LANCHE,1,4.0,4.0,,,22/05/2023
TXN_6158865,BISCOITO,1,1.0,1.0,CARTEIRA DIGITAL,,27/11/2023
TXN_6148337,BISCOITO,2,1.0,2.0,,PRESENCIAL,27/09/2023
TXN_9096951,VITAMINA,3,4.0,12.0,DINHEIRO,PARA VIAGEM,28/06/2023
TXN_7080148,BOLO,3,3.0,9.0,,,30/12/2023
TXN_4275169,SALADA,1,5.0,5.0,,PARA VIAGEM,27/06/2023
TXN_9005396,SUCO,4,3.0,12.0,DINHEIRO,,10/08/2023
TXN_2466036,CAFÉ,5,2.0,10.0,,PARA VIAGEM,31/08/2023
TXN_1533790,BOLO,,3.0,12.0,CARTEIRA DIGITAL,PARA VIAGEM,21/07/2023
TXN_7090165,LANCHE,5,4.0,20.0,CARTEIRA DIGITAL,PRESENCIAL,30/08/2023
TXN_9533792,BISCOITO,3,1.0,3.0,CARTEIRA DIGITAL,PRESENCIAL,01/09/2023
TXN_4995910,BOLO,5,3.0,,,,10/03/2023
TXN_9174916,CAFÉ,3,2.0,6.0,CARTÃO DE CRÉDITO,,21/06/2023
TXN_8121601,SUCO,4,3.0,,,PRESENCIAL,02/07/2023
TXN_5882077,LANCHE,3,4.0,12.0,,PARA VIAGEM,10/03/2023
TXN_3163681,LANCHE,2,4.0,8.0,,,11/05/2023
TXN_2849719,CAFÉ,5,2.0,10.0,CARTEIRA DIGITAL,PARA VIAGEM,23/06/2023
TXN_9623460,LANCHE,3,4.0,12.0,CARTEIRA DIGITAL,PRESENCIAL,17/01/2023
TXN_3359704,SALADA,3,5.0,15.0,CARTEIRA DIGITAL,PRESENCIAL,23/07/2023
TXN_7093219,VITAMINA,4,4.0,16.0,CARTÃO DE CRÉDITO,,06/06/2023
TXN_2444408,LANCHE,2,4.0,8.0,CARTEIRA DIGITAL,PRESENCIAL,11/05/2023
TXN_2475111,BISCOITO,3,1.0,3.0,,PARA VIAGEM,31/03/2023
TXN_3296152,SALADA,3,5.0,15.0,CARTÃO DE CRÉDITO,PRESENCIAL,20/10/2023
TXN_5157855,SALADA,1,5.0,5.0,CARTEIRA DIGITAL,,18/08/2023
TXN_2887411,VITAMINA,2,4.0,8.0,DINHEIRO,PRESENCIAL,16/01/2023
TXN_7543369,CHÁ,5,1.5,7.5,CARTEIRA DIGITAL,PARA VIAGEM,18/11/2023
TXN_9561441,CHÁ,5,1.5,7.5,DINHEIRO,PRESENCIAL,11/11/2023
TXN_5595584,VITAMINA,2,4.0,8.0,,PRESENCIAL,19/10/2023
TXN_1158197,CAFÉ,2,2.0,4.0,,PARA VIAGEM,21/05/2023
TXN_3633955,LANCHE,4,4.0,16.0,DINHEIRO,PRESENCIAL,20/09/2023
TXN_2761949,SALADA,3,5.0,15.0,CARTÃO DE CRÉDITO,PRESENCIAL,01/10/2023
TXN_4967355,LANCHE,2,4.0,8.0,,PRESENCIAL,25/04/2023
TXN_8062897,VITAMINA,2,4.0,8.0,CARTEIRA DIGITAL,PARA VIAGEM,02/10/2023
TXN_4831426,SUCO,4,3.0,12.0,CARTÃO DE CRÉDITO,,27/02/2023
TXN_3995843,,3,4.0,,,PRESENCIAL,31/12/2023
TXN_4284492,SUCO,3,3.0,9.0,,PARA VIAGEM,30/05/2023
TXN_9942634,CHÁ,5,1.5,7.5,,PARA VIAGEM,17/01/2023
TXN_7104682,BISCOITO,5,1.0,5.0,,PARA VIAGEM,31/08/2023
TXN_5745955,VITAMINA,4,4.0,16.0,CARTÃO DE CRÉDITO,,
TXN_6866209,VITAMINA,5,4.0,20.0,CARTEIRA DIGITAL,PRESENCIAL,20/05/2023
TXN_7573801,BOLO,2,3.0,6.0,,PRESENCIAL,14/12/2023
TXN_9681880,CAFÉ,3,2.0,6.0,DINHEIRO,PRESENCIAL,21/03/2023
TXN_2559288,SALADA,4,5.0,20.0,CARTÃO DE CRÉDITO,,27/12/2023
TXN_9188692,BOLO,,3.0,,CARTÃO DE CRÉDITO,,01/12/2023
TXN_2936975,CHÁ,1,1.5,1.5,CARTEIRA DIGITAL,PARA VIAGEM,05/10/2023
TXN_5027125,SALADA,3,5.0,15.0,DINHEIRO,PRESENCIAL,06/07/2023
TXN_7433758,BISCOITO,1,1.0,1.0,DINHEIRO,,09/06/2023
TXN_2092288,CAFÉ,1,2.0,2.0,CARTÃO DE CRÉDITO,PARA VIAGEM,30/03/2023
TXN_5701303,CAFÉ,1,2.0,2.0,CARTEIRA DIGITAL,PARA VIAGEM,08/09/2023
TXN_7323833,,3,4.0,,CARTÃO DE CRÉDITO,,09/04/2023
TXN_5161371,BOLO,2,3.0,6.0,CARTÃO DE CRÉDITO,PRESENCIAL,17/01/2023
TXN_6228918,BOLO,1,3.0,3.0,CARTEIRA DIGITAL,PRESENCIAL,
TXN_1132566,BOLO,3,3.0,9.0,DINHEIRO,,27/02/2023
TXN_3713527,BISCOITO,4,1.0,4.0,,PARA VIAGEM,08/03/2023
TXN_1719440,BISCOITO,5,1.0,5.0,CARTEIRA DIGITAL,PARA VIAGEM,13/07/2023
TXN_6273703,CHÁ,2,1.5,3.0,CARTÃO DE CRÉDITO,,24/12/2023
TXN_2050017,LANCHE,4,4.0,16.0,,PARA VIAGEM,24/03/2023
TXN_6797827,LANCHE,1,4.0,4.0,CARTÃO DE CRÉDITO,,16/06/2023
TXN_6885626,BOLO,5,3.0,15.0,,PRESENCIAL,06/08/2023
TXN_3729074,SALADA,3,5.0,15.0,CARTÃO DE CRÉDITO,PRESENCIAL,15/04/2023
TXN_7418962,VITAMINA,4,4.0,16.0,DINHEIRO,,07/03/2023
TXN_7217537,SALADA,3,5.0,15.0,DINHEIRO,PRESENCIAL,19/12/2023
TXN_7904970,CHÁ,,1.5,3.0,CARTÃO DE CRÉDITO,PARA VIAGEM,23/05/2023
TXN_8845592,LANCHE,5,4.0,20.0,CARTÃO DE CRÉDITO,PRESENCIAL,12/11/2023
TXN_2402637,,2,4.0,8.0,,PARA VIAGEM,18/06/2023
TXN_2081985,CAFÉ,2,2.0,4.0,CARTEIRA DIGITAL,,24/03/2023
TXN_5664467,CHÁ,4,1.5,6.0,CARTEIRA DIGITAL,PARA VIAGEM,06/11/2023
TXN_2275523,CHÁ,4,1.5,6.0,CARTEIRA DIGITAL,,02/09/2023
TXN_7230977,,5,3.0,15.0,,PARA VIAGEM,24/08/2023
TXN_6451747,SALADA,4,5.0,20.0,DINHEIRO,,23/05/2023
TXN_2680626,BOLO,3,3.0,9.0,DINHEIRO,PRESENCIAL,08/01/2023
TXN_8668840,BOLO,5,3.0,15.0,CARTEIRA DIGITAL,,03/10/2023
TXN_5390428,SUCO,2,3.0,6.0,,PRESENCIAL,25/11/2023
TXN_5009367,SUCO,3,3.0,9.0,CARTÃO DE CRÉDITO,PRESENCIAL,19/04/2023
TXN_5930921,BISCOITO,2,1.0,2.0,CARTEIRA DIGITAL,PARA VIAGEM,
TXN_3067854,BOLO,1,3.0,3.0,CARTÃO DE CRÉDITO,,08/07/2023
TXN_6401072,VITAMINA,4,4.0,16.0,DINHEIRO,PARA VIAGEM,28/07/2023
TXN_6377597,BISCOITO,1,1.0,1.0,,PRESENCIAL,
TXN_6799966,CHÁ,4,1.5,6.0,CARTEIRA DIGITAL,,03/03/2023
TXN_5080934,SUCO,,3.0,9.0,DINHEIRO,PARA VIAGEM,10/12/2023
TXN_8684125,SALADA,2,5.0,10.0,CARTÃO DE CRÉDITO,PRESENCIAL,08/03/2023
TXN_1647077,VITAMINA,2,4.0,8.0,,,19/08/2023
TXN_9769782,VITAMINA,5,4.0,20.0,DINHEIRO,PARA VIAGEM,
TXN_8167808,BOLO,3,3.0,9.0,DINHEIRO,PRESENCIAL,03/02/2023
TXN_4541998,LANCHE,,4.0,4.0,,PARA VIAGEM,13/01/2023
TXN_3369789,LANCHE,5,4.0,20.0,,,15/04/2023
TXN_7973461,CHÁ,3,1.5,4.5,,PRESENCIAL,11/04/2023
TXN_7753587,BOLO,1,3.0,3.0,CARTÃO DE CRÉDITO,PARA VIAGEM,28/03/2023
TXN_4490958,CAFÉ,2,2.0,4.0,,,30/03/2023
TXN_8715515,,5,3.0,15.0,CARTÃO DE CRÉDITO,PARA VIAGEM,23/07/2023
TXN_8242126,SALADA,4,5.0,20.0,CARTEIRA DIGITAL,PRESENCIAL,20/11/2023
TXN_2972659,CHÁ,3,1.5,4.5,,,16/12/2023
TXN_5685028,BOLO,5,3.0,15.0,CARTEIRA DIGITAL,PARA VIAGEM,12/08/2023
TXN_9835620,SUCO,2,3.0,,,,09/06/2023
TXN_9245124,CHÁ,4,1.5,6.0,CARTEIRA DIGITAL,PRESENCIAL,19/04/2023
TXN_8619762,VITAMINA,4,4.0,16.0,DINHEIRO,PARA VIAGEM,05/08/2023
TXN_5983031,SUCO,3,3.0,9.0,CARTEIRA DIGITAL,PRESENCIAL,09/03/2023
TXN_8730549,VITAMINA,4,4.0,16.0,,PARA VIAGEM,04/02/2023
TXN_6889867,LANCHE,5,4.0,20.0,DINHEIRO,,07/03/2023
TXN_9035484,CAFÉ,2,2.0,4.0,DINHEIRO,,29/06/2023
TXN_2505327,SUCO,2,3.0,,,,
TXN_9972525,CAFÉ,4,2.0,8.0,,,31/07/2023
TXN_3315026,SUCO,5,3.0,15.0,DINHEIRO,,06/11/2023
TXN_3613385,BISCOITO,3,1.0,3.0,,PARA VIAGEM,26/05/2023
TXN_9629541,LANCHE,5,4.0,20.0,CARTEIRA DIGITAL,,18/12/2023
TXN_7503640,SALADA,3,5.0,15.0,CARTEIRA DIGITAL,,04/11/2023
TXN_1135761,,3,3.0,9.0,CARTEIRA DIGITAL,,30/01/2023
TXN_8558404,SALADA,,5.0,20.0,CARTEIRA DIGITAL,PRESENCIAL,15/07/2023
TXN_8430735,SUCO,2,3.0,6.0,,,25/10/2023
TXN_8279865,SUCO,1,,3.0,DINHEIRO,,18/07/2023
TXN_5906520,SALADA,2,5.0,10.0,,,31/01/2023
TXN_8250427,CAFÉ,4,2.0,8.0,CARTÃO DE CRÉDITO,,15/09/2023
TXN_9928337,SUCO,1,3.0,3.0,,PARA VIAGEM,05/11/2023
TXN_7008306,SALADA,2,5.0,,,,11/04/2023
TXN_5603538,SUCO,3,3.0,9.0,DINHEIRO,,15/02/2023
TXN_7368648,CHÁ,1,1.5,1.5,CARTEIRA DIGITAL,PRESENCIAL,09/03/2023
TXN_6220542,SUCO,3,3.0,9.0,,PARA VIAGEM,24/03/2023
TXN_3299535,CAFÉ,3,2.0,6.0,,PARA VIAGEM,16/11/2023
TXN_1217959,SUCO,2,3.0,6.0,CARTEIRA DIGITAL,PARA VIAGEM,28/07/2023
TXN_4390633,CHÁ,2,1.5,3.0,,,17/10/2023
TXN_5052998,SUCO,3,3.0,9.0,CARTÃO DE CRÉDITO,,07/10/2023
TXN_5171332,CHÁ,5,1.5,7.5,DINHEIRO,PARA VIAGEM,05/02/2023
TXN_4798484,SUCO,3,3.0,9.0,,PRESENCIAL,09/08/2023
TXN_7905741,BISCOITO,5,1.0,5.0,CARTÃO DE CRÉDITO,,08/02/2023
TXN_6369875,CHÁ,5,1.5,7.5,DINHEIRO,,04/10/2023
TXN_7840162,BISCOITO,5,,5.0,DINHEIRO,PARA VIAGEM,27/02/2023
TXN_9069297,BISCOITO,4,1.0,4.0,CARTÃO DE CRÉDITO,PRESENCIAL,27/01/2023
TXN_5017038,LANCHE,3,4.0,12.0,,,25/05/2023
TXN_6748453,LANCHE,5,4.0,20.0,,PRESENCIAL,08/05/2023
TXN_1678985,SUCO,2,3.0,6.0,DINHEIRO,PRESENCIAL,16/07/2023
TXN_6697669,BOLO,5,3.0,15.0,DINHEIRO,,03/01/2023
TXN_3131555,LANCHE,2,4.0,8.0,DINHEIRO,PARA VIAGEM,04/12/2023
TXN_1617029,,4,5.0,20.0,DINHEIRO,PARA VIAGEM,15/05/2023
TXN_7785297,BISCOITO,3,1.0,3.0,DINHEIRO,,06/12/2023
TXN_9432588,CAFÉ,5,2.0,10.0,,,26/07/2023
TXN_3313000,CAFÉ,5,2.0,10.0,CARTÃO DE CRÉDITO,PRESENCIAL,08/01/2023
TXN_3120023,BISCOITO,3,1.0,3.0,DINHEIRO,PRESENCIAL,30/09/2023
TXN_7483257,LANCHE,2,4.0,8.0,CARTEIRA DIGITAL,PARA VIAGEM,05/06/2023
TXN_3430842,BISCOITO,2,1.0,2.0,DINHEIRO,PARA VIAGEM,02/08/2023
TXN_9622300,SALADA,,5.0,5.0,DINHEIRO,PARA VIAGEM,23/06/2023
TXN_8822610,BOLO,4,3.0,12.0,,PARA VIAGEM,05/08/2023
TXN_8005089,SALADA,4,5.0,20.0,,,10/06/2023
TXN_7009420,LANCHE,5,4.0,20.0,,PARA VIAGEM,07/07/2023
TXN_5118667,CAFÉ,4,2.0,8.0,DINHEIRO,PRESENCIAL,12/12/2023
TXN_6533180,CAFÉ,5,2.0,10.0,,PARA VIAGEM,03/05/2023
TXN_6989438,LANCHE,4,4.0,16.0,DINHEIRO,PARA VIAGEM,17/12/2023
TXN_3894820,LANCHE,5,4.0,20.0,CARTEIRA DIGITAL,PARA VIAGEM,
TXN_7003185,CHÁ,2,1.5,3.0,,,03/06/2023
TXN_1139495,SALADA,3,5.0,15.0,CARTEIRA DIGITAL,,19/02/2023
TXN_1256536,SALADA,1,5.0,5.0,,PARA VIAGEM,16/12/2023
TXN_6437055,BOLO,1,3.0,3.0,,,22/10/2023
TXN_6212975,,1,4.0,4.0,CARTÃO DE CRÉDITO,PARA VIAGEM,08/06/2023
TXN_4223466,SUCO,4,3.0,12.0,CARTEIRA DIGITAL,PARA VIAGEM,31/05/2023
TXN_6684202,LANCHE,1,4.0,4.0,,,31/07/2023
TXN_7279066,,5,3.0,15.0,CARTEIRA DIGITAL,PARA VIAGEM,09/09/2023
TXN_5032114,LANCHE,2,4.0,8.0,,,31/05/2023
TXN_3411281,BOLO,2,3.0,6.0,,,29/09/2023
TXN_6608817,LANCHE,5,4.0,20.0,CARTÃO DE CRÉDITO,PARA VIAGEM,17/07/2023
TXN_4258943,LANCHE,2,4.0,,CARTÃO DE CRÉDITO,PRESENCIAL,02/01/2023
TXN_1897660,CHÁ,3,1.5,4.5,CARTEIRA DIGITAL,PRESENCIAL,
TXN_9774691,BOLO,3,3.0,9.0,CARTÃO DE CRÉDITO,PARA VIAGEM,11/04/2023
TXN_8556230,,5,1.0,5.0,DINHEIRO,PRESENCIAL,21/05/2023
TXN_1522430,VITAMINA,3,4.0,12.0,CARTÃO DE CRÉDITO,,06/12/2023
TXN_2797077,,2,5.0,10.0,,PARA VIAGEM,04/07/2023
TXN_7666909,SUCO,4,3.0,12.0,CARTÃO DE CRÉDITO,PARA VIAGEM,29/08/2023
TXN_9365558,SALADA,4,5.0,20.0,CARTÃO DE CRÉDITO,PARA VIAGEM,12/02/2023
TXN_6837601,SALADA,1,5.0,5.0,CARTEIRA DIGITAL,PARA VIAGEM,05/02/2023
TXN_1713983,SALADA,2,5.0,10.0,DINHEIRO,PRESENCIAL,11/05/2023
TXN_4674417,BISCOITO,5,1.0,,CARTEIRA DIGITAL,PARA VIAGEM,03/07/2023
TXN_4641838,BISCOITO,5,1.0,5.0,CARTÃO DE CRÉDITO,,30/04/2023
TXN_9315119,SALADA,2,5.0,10.0,,PARA VIAGEM,16/06/2023
TXN_2552405,SUCO,5,3.0,15.0,CARTÃO DE CRÉDITO,,22/06/2023
TXN_3465980,BISCOITO,4,1.0,4.0,DINHEIRO,PARA VIAGEM,08/07/2023
TXN_4220189,CHÁ,1,1.5,1.5,,PARA VIAGEM,16/08/2023
TXN_7343905,BOLO,1,3.0,3.0,CARTEIRA DIGITAL,PRESENCIAL,17/01/2023
TXN_9813938,LANCHE,5,4.0,20.0,DINHEIRO,,30/06/2023
TXN_6129460,SUCO,5,3.0,15.0,DINHEIRO,,19/11/2023
TXN_9470590,SALADA,1,5.0,5.0,CARTÃO DE CRÉDITO,PARA VIAGEM,11/04/2023
TXN_7212607,CAFÉ,3,2.0,6.0,CARTEIRA DIGITAL,PRESENCIAL,06/08/2023
TXN_8384628,SALADA,3,5.0,15.0,CARTÃO DE CRÉDITO,PARA VIAGEM,22/08/2023
TXN_4200340,BOLO,5,3.0,15.0,DINHEIRO,PARA VIAGEM,06/07/2023
TXN_9349052,,4,3.0,12.0,DINHEIRO,,31/10/2023
TXN_9749434,BOLO,5,3.0,15.0,CARTÃO DE CRÉDITO,PARA VIAGEM,
TXN_2693584,BISCOITO,,1.0,3.0,,,28/10/2023
TXN_4778105,SUCO,4,3.0,12.0,CARTEIRA DIGITAL,PRESENCIAL,08/10/2023
TXN_7804488,BISCOITO,2,1.0,2.0,CARTEIRA DIGITAL,,28/11/2023
TXN_4674667,CAFÉ,2,2.0,4.0,,PARA VIAGEM,24/05/2023
TXN_8832852,LANCHE,5,4.0,20.0,,PARA VIAGEM,
TXN_4278785,SALADA,3,5.0,15.0,DINHEIRO,PRESENCIAL,29/04/2023
TXN_4462052,BISCOITO,1,1.0,1.0,DINHEIRO,PRESENCIAL,12/10/2023
TXN_3379368,BOLO,5,3.0,15.0,CARTÃO DE CRÉDITO,,26/05/2023
TXN_7651864,VITAMINA,4,4.0,16.0,CARTEIRA DIGITAL,,29/04/2023
TXN_7089173,SUCO,1,3.0,3.0,CARTEIRA DIGITAL,,14/01/2023
TXN_1906642,BISCOITO,4,1.0,4.0,,PARA VIAGEM,06/06/2023
TXN_5410349,,5,3.0,15.0,CARTÃO DE CRÉDITO,PARA VIAGEM,05/03/2023
TXN_5234368,CAFÉ,3,2.0,6.0,CARTEIRA DIGITAL,,10/06/2023
TXN_5544904,SALADA,5,5.0,25.0,,,19/04/2023
TXN_3376958,SALADA,4,5.0,20.0,,PRESENCIAL,31/10/2023
TXN_5446085,CAFÉ,3,2.0,6.0,CARTEIRA DIGITAL,,16/09/2023
TXN_9676940,SUCO,2,3.0,6.0,CARTÃO DE CRÉDITO,PARA VIAGEM,16/08/2023
TXN_2371941,SUCO,2,3.0,6.0,DINHEIRO,,26/01/2023
TXN_8980774,CHÁ,4,1.5,6.0,,PRESENCIAL,
TXN_5708913,BOLO,2,3.0,6.0,DINHEIRO,PRESENCIAL,29/04/2023
TXN_6310726,,3,1.0,3.0,CARTÃO DE CRÉDITO,,30/03/2023
TXN_4096816,,3,2.0,6.0,CARTEIRA DIGITAL,PARA VIAGEM,02/11/2023
TXN_7451083,CAFÉ,1,2.0,2.0,CARTEIRA DIGITAL,,24/06/2023
TXN_5132082,SALADA,5,5.0,25.0,,,08/10/2023
TXN_7323040,BISCOITO,3,1.0,3.0,,PARA VIAGEM,09/11/2023
TXN_9176418,VITAMINA,1,4.0,4.0,CARTEIRA DIGITAL,PARA VIAGEM,02/03/2023
TXN_9702662,,4,,16.0,,PARA VIAGEM,10/07/2023
TXN_7612618,VITAMINA,4,4.0,16.0,CARTÃO DE CRÉDITO,,12/04/2023
TXN_7321789,SUCO,3,3.0,9.0,CARTEIRA DIGITAL,PARA VIAGEM,10/05/2023
TXN_3679126,BISCOITO,1,1.0,1.0,DINHEIRO,,15/07/2023
TXN_2008137,CAFÉ,4,2.0,8.0,,,07/10/2023
TXN_2622670,BOLO,5,3.0,15.0,CARTEIRA DIGITAL,,28/01/2023
TXN_4791105,,3,4.0,,,PARA VIAGEM,18/05/2023
TXN_6882819,,1,3.0,3.0,DINHEIRO,,21/08/2023
TXN_2152670,CHÁ,3,1.5,4.5,CARTÃO DE CRÉDITO,PRESENCIAL,24/12/2023
TXN_3482117,LANCHE,2,4.0,8.0,,,18/07/2023
TXN_1843989,,5,1.0,5.0,,PARA VIAGEM,19/07/2023
TXN_4943715,CAFÉ,5,2.0,10.0,CARTEIRA DIGITAL,,06/10/2023
TXN_8571836,SUCO,3,,9.0,DINHEIRO,,27/12/2023
TXN_2544176,CHÁ,3,1.5,4.5,,PARA VIAGEM,19/12/2023
TXN_1589264,,2,5.0,10.0,DINHEIRO,,26/07/2023
TXN_1379209,CHÁ,5,1.5,7.5,,PRESENCIAL,06/02/2023
TXN_2515920,,3,3.0,9.0,DINHEIRO,PRESENCIAL,02/10/2023
TXN_6496099,CAFÉ,,2.0,10.0,CARTEIRA DIGITAL,,21/07/2023
TXN_8696065,VITAMINA,3,4.0,12.0,CARTÃO DE CRÉDITO,PRESENCIAL,04/11/2023
TXN_4746320,BISCOITO,2,1.0,2.0,,PARA VIAGEM,02/04/2023
TXN_1250407,BISCOITO,1,1.0,1.0,CARTÃO DE CRÉDITO,PARA VIAGEM,21/11/2023
TXN_1617476,BOLO,2,3.0,6.0,CARTEIRA DIGITAL,PRESENCIAL,10/02/2023
TXN_4196578,CHÁ,2,1.5,3.0,CARTÃO DE CRÉDITO,,26/06/2023
TXN_9725461,VITAMINA,3,4.0,12.0,CARTÃO DE CRÉDITO,PRESENCIAL,25/11/2023
TXN_2975443,SALADA,5,5.0,25.0,,PARA VIAGEM,31/12/2023
TXN_1000555,CHÁ,1,1.5,1.5,CARTÃO DE CRÉDITO,PRESENCIAL,19/10/2023
TXN_1622411,SALADA,2,5.0,10.0,,PARA VIAGEM,23/07/2023
TXN_9429128,CAFÉ,,2.0,8.0,CARTÃO DE CRÉDITO,PRESENCIAL,19/12/2023
TXN_1056277,BISCOITO,,1.0,5.0,,,06/02/2023
TXN_4801617,SUCO,5,3.0,15.0,,,02/04/2023
TXN_1365285,SUCO,5,3.0,15.0,CARTÃO DE CRÉDITO,,11/06/2023
TXN_3189677,VITAMINA,,4.0,4.0,,,11/01/2023
TXN_3375399,BISCOITO,,1.0,1.0,CARTEIRA DIGITAL,PARA VIAGEM,21/05/2023
TXN_9315755,BOLO,5,3.0,15.0,DINHEIRO,PARA VIAGEM,26/09/2023
TXN_6853678,BISCOITO,4,1.0,4.0,CARTEIRA DIGITAL,,23/07/2023
TXN_6530886,CAFÉ,1,2.0,,CARTÃO DE CRÉDITO,,21/10/2023
TXN_3530720,VITAMINA,5,4.0,20.0,CARTEIRA DIGITAL,PRESENCIAL,18/10/2023
TXN_3716067,CHÁ,5,1.5,7.5,CARTÃO DE CRÉDITO,PRESENCIAL,
TXN_1410102,SALADA,1,5.0,5.0,DINHEIRO,PRESENCIAL,23/06/2023
TXN_6977098,SUCO,5,3.0,15.0,CARTÃO DE CRÉDITO,PRESENCIAL,09/06/2023
TXN_7735237,BOLO,2,3.0,6.0,CARTEIRA DIGITAL,PRESENCIAL,13/01/2023
TXN_7510766,CAFÉ,3,2.0,6.0,,PRESENCIAL,24/07/2023
TXN_3352256,LANCHE,2,4.0,8.0,,PARA VIAGEM,08/09/2023
TXN_8494538,BOLO,4,3.0,12.0,,,08/11/2023
TXN_8676769,SALADA,,5.0,15.0,CARTEIRA DIGITAL,PRESENCIAL,16/06/2023
TXN_5282529,CHÁ,5,1.5,7.5,CARTÃO DE CRÉDITO,PARA VIAGEM,13/04/2023
TXN_9495930,CAFÉ,2,2.0,4.0,CARTEIRA DIGITAL,PARA VIAGEM,23/10/2023
TXN_3514492,SUCO,3,3.0,9.0,CARTEIRA DIGITAL,PRESENCIAL,23/02/2023
TXN_1349215,,,4.0,4.0,CARTEIRA DIGITAL,,06/02/2023
TXN_7223646,BISCOITO,,1.0,5.0,CARTÃO DE CRÉDITO,,19/09/2023
TXN_4033982,,2,1.5,3.0,CARTÃO DE CRÉDITO,PARA VIAGEM,04/01/2023
TXN_1842697,,5,,15.0,,,25/10/2023
TXN_4227337,CHÁ,4,1.5,6.0,CARTEIRA DIGITAL,PARA VIAGEM,15/12/2023
TXN_5790213,SUCO,3,3.0,9.0,DINHEIRO,,30/08/2023
TXN_3546261,CHÁ,3,1.5,4.5,,PARA VIAGEM,20/03/2023
TXN_7119228,,4,3.0,12.0,CARTEIRA DIGITAL,,09/10/2023
TXN_3334257,LANCHE,2,4.0,8.0,DINHEIRO,,10/06/2023
TXN_5665767,CHÁ,4,1.5,6.0,,,22/08/2023
TXN_4527464,CHÁ,4,1.5,6.0,,PRESENCIAL,09/08/2023
TXN_1011236,BOLO,1,3.0,3.0,DINHEIRO,PRESENCIAL,08/02/2023
TXN_8293691,CAFÉ,4,2.0,8.0,,,30/06/2023
TXN_7463011,LANCHE,2,4.0,8.0,,PRESENCIAL,22/01/2023
TXN_6872268,SUCO,2,3.0,6.0,CARTEIRA DIGITAL,PRESENCIAL,07/01/2023
TXN_3999554,CAFÉ,1,2.0,,CARTÃO DE CRÉDITO,PARA VIAGEM,13/09/2023
TXN_9942247,CAFÉ,2,2.0,,DINHEIRO,PARA VIAGEM,15/10/2023
TXN_3687300,BISCOITO,2,1.0,2.0,CARTÃO DE CRÉDITO,PRESENCIAL,
TXN_6113452,LANCHE,2,4.0,8.0,DINHEIRO,PARA VIAGEM,21/09/2023
TXN_1752617,CHÁ,5,1.5,7.5,,PARA VIAGEM,05/09/2023
TXN_1949789,SALADA,2,5.0,10.0,,PARA VIAGEM,07/11/2023
TXN_7386089,LANCHE,2,4.0,8.0,,PRESENCIAL,15/07/2023
TXN_6751134,LANCHE,3,,12.0,,,12/01/2023
TXN_2731270,BOLO,1,3.0,3.0,,PARA VIAGEM,31/05/2023
TXN_8830813,CAFÉ,,2.0,2.0,DINHEIRO,PRESENCIAL,18/06/2023
TXN_2548248,BOLO,4,3.0,12.0,,PARA VIAGEM,28/06/2023
TXN_3026930,BOLO,2,3.0,6.0,DINHEIRO,PRESENCIAL,23/03/2023
TXN_2824366,LANCHE,4,4.0,16.0,,PRESENCIAL,02/07/2023
TXN_2801651,SUCO,4,3.0,12.0,CARTEIRA DIGITAL,PARA VIAGEM,10/07/2023
TXN_5005592,CAFÉ,1,2.0,2.0,CARTÃO DE CRÉDITO,PRESENCIAL,05/06/2023
TXN_8284313,SALADA,5,5.0,25.0,,,20/11/2023
TXN_8058026,CHÁ,1,1.5,1.5,,PARA VIAGEM,19/05/2023
TXN_2182790,CHÁ,5,1.5,7.5,CARTÃO DE CRÉDITO,PARA VIAGEM,05/05/2023
TXN_7251929,,2,5.0,10.0,CARTEIRA DIGITAL,PRESENCIAL,31/01/2023
TXN_2145530,LANCHE,3,4.0,12.0,CARTEIRA DIGITAL,,08/10/2023
TXN_4159861,SUCO,1,3.0,3.0,CARTEIRA DIGITAL,,20/03/2023
TXN_4600614,LANCHE,3,4.0,12.0,CARTEIRA DIGITAL,PARA VIAGEM,27/01/2023
TXN_1853298,BISCOITO,5,1.0,5.0,CARTÃO DE CRÉDITO,,02/01/2023
TXN_6600858,LANCHE,3,4.0,12.0,DINHEIRO,,27/03/2023
TXN_7494793,VITAMINA,5,,20.0,,PARA VIAGEM,29/12/2023
TXN_3968170,SALADA,1,5.0,5.0,,PRESENCIAL,05/08/2023
TXN_4628310,SUCO,4,3.0,12.0,CARTÃO DE CRÉDITO,PARA VIAGEM,20/04/2023
TXN_6110009,SUCO,5,3.0,15.0,,PARA VIAGEM,26/12/2023
TXN_8996187,SALADA,2,,10.0,CARTÃO DE CRÉDITO,PRESENCIAL,28/09/2023
TXN_3544792,LANCHE,1,4.0,4.0,CARTEIRA DIGITAL,,27/06/2023
TXN_2353057,BOLO,3,3.0,9.0,,PARA VIAGEM,04/08/2023
TXN_6013295,SUCO,2,3.0,6.0,DINHEIRO,PARA VIAGEM,07/11/2023
TXN_3200195,SUCO,3,3.0,9.0,CARTEIRA DIGITAL,PRESENCIAL,04/05/2023
TXN_4860027,BISCOITO,5,1.0,5.0,CARTEIRA DIGITAL,PARA VIAGEM,28/07/2023
TXN_3509437,,4,4.0,16.0,,PRESENCIAL,06/12/2023
TXN_5442505,BOLO,4,,12.0,CARTEIRA DIGITAL,PARA VIAGEM,07/09/2023
TXN_4708410,BOLO,4,3.0,12.0,CARTEIRA DIGITAL,PRESENCIAL,08/10/2023
TXN_4847617,LANCHE,4,4.0,,CARTÃO DE CRÉDITO,,04/08/2023
TXN_1898329,BOLO,5,3.0,15.0,DINHEIRO,PRESENCIAL,12/04/2023
TXN_2508266,BISCOITO,1,1.0,1.0,,,28/01/2023
TXN_1945918,SUCO,2,3.0,6.0,,,12/09/2023
TXN_8147057,SUCO,1,3.0,3.0,CARTEIRA DIGITAL,PRESENCIAL,21/08/2023
TXN_9546556,,5,3.0,15.0,DINHEIRO,PRESENCIAL,18/08/2023
TXN_4935258,BOLO,2,3.0,6.0,CARTÃO DE CRÉDITO,,14/09/2023
TXN_5588239,BISCOITO,1,1.0,1.0,CARTEIRA DIGITAL,PARA VIAGEM,31/03/2023
TXN_6575599,CAFÉ,5,2.0,10.0,CARTEIRA DIGITAL,PARA VIAGEM,09/10/2023
TXN_9382156,CHÁ,5,1.5,7.5,,PARA VIAGEM,02/06/2023
TXN_1229376,BOLO,3,3.0,9.0,CARTEIRA DIGITAL,PRESENCIAL,14/08/2023
TXN_1732216,CAFÉ,3,2.0,6.0,CARTEIRA DIGITAL,PARA VIAGEM,30/08/2023
TXN_1756717,VITAMINA,3,4.0,12.0,CARTÃO DE CRÉDITO,,22/01/2023
TXN_8188857,BOLO,1,3.0,3.0,,,21/12/2023
TXN_9783697,LANCHE,1,4.0,4.0,CARTEIRA DIGITAL,PARA VIAGEM,14/07/2023
TXN_6991253,SUCO,3,3.0,9.0,,PRESENCIAL,13/12/2023
TXN_7177487,CHÁ,,1.5,6.0,CARTÃO DE CRÉDITO,,07/09/2023
TXN_8444245,,1,3.0,3.0,DINHEIRO,,30/01/2023
TXN_3224756,BOLO,2,3.0,6.0,CARTÃO DE CRÉDITO,PARA VIAGEM,20/11/2023
TXN_3421456,BOLO,,3.0,3.0,,,05/09/2023
TXN_9421618,BOLO,3,3.0,9.0,DINHEIRO,,21/02/2023
TXN_9054741,SUCO,1,3.0,3.0,CARTÃO DE CRÉDITO,PARA VIAGEM,24/06/2023
TXN_9063299,BOLO,4,3.0,12.0,CARTEIRA DIGITAL,PRESENCIAL,15/06/2023
TXN_4318159,CAFÉ,4,2.0,8.0,CARTEIRA DIGITAL,,30/03/2023
TXN_8127390,CHÁ,3,1.5,4.5,,PRESENCIAL,19/01/2023
TXN_9682798,BOLO,3,3.0,,DINHEIRO,PRESENCIAL,15/09/2023
TXN_9716971,SALADA,4,5.0,20.0,CARTEIRA DIGITAL,,21/06/2023
TXN_7827797,SALADA,3,5.0,,,PARA VIAGEM,30/06/2023
TXN_4343391,BISCOITO,5,1.0,5.0,DINHEIRO,PARA VIAGEM,01/06/2023
TXN_6877186,BISCOITO,2,1.0,2.0,CARTÃO DE CRÉDITO,PRESENCIAL,05/12/2023
TXN_8162049,LANCHE,1,4.0,4.0,CARTEIRA DIGITAL,,
TXN_6559173,VITAMINA,5,4.0,20.0,,,09/08/2023
TXN_9818498,VITAMINA,3,4.0,12.0,CARTÃO DE CRÉDITO,PARA VIAGEM,01/09/2023
TXN_2520102,CAFÉ,1,2.0,2.0,CARTEIRA DIGITAL,,08/03/2023
TXN_9155044,LANCHE,3,4.0,12.0,CARTÃO DE CRÉDITO,PRESENCIAL,28/02/2023
TXN_5625110,SALADA,3,5.0,15.0,CARTEIRA DIGITAL,PARA VIAGEM,07/11/2023
TXN_3923375,BOLO,5,3.0,15.0,CARTÃO DE CRÉDITO,,
TXN_8706498,VITAMINA,5,4.0,20.0,,,08/05/2023
TXN_1188596,SUCO,1,3.0,3.0,DINHEIRO,,24/10/2023
TXN_8085790,BISCOITO,4,1.0,4.0,DINHEIRO,PARA VIAGEM,27/10/2023
TXN_3113823,SALADA,5,,25.0,CARTEIRA DIGITAL,PRESENCIAL,01/03/2023
TXN_3423451,SALADA,4,5.0,20.0,DINHEIRO,,11/10/2023
TXN_8010863,CAFÉ,2,2.0,4.0,,,30/06/2023
TXN_6154626,VITAMINA,5,4.0,20.0,,PARA VIAGEM,06/05/2023
TXN_5841004,BISCOITO,2,,2.0,CARTÃO DE CRÉDITO,PRESENCIAL,28/04/2023
TXN_2886223,LANCHE,5,4.0,20.0,CARTÃO DE CRÉDITO,,24/07/2023
TXN_6047742,VITAMINA,5,4.0,20.0,CARTEIRA DIGITAL,PRESENCIAL,11/12/2023
TXN_5086795,SALADA,1,5.0,5.0,DINHEIRO,PRESENCIAL,29/04/2023
TXN_1943186,SALADA,2,5.0,10.0,DINHEIRO,PRESENCIAL,16/12/2023
TXN_9600016,BISCOITO,4,1.0,4.0,,PARA VIAGEM,06/05/2023
TXN_7397017,SALADA,3,5.0,15.0,CARTEIRA DIGITAL,PARA VIAGEM,
TXN_4305997,CHÁ,3,1.5,4.5,,PRESENCIAL,22/11/2023
TXN_4364374,LANCHE,2,4.0,,DINHEIRO,,20/04/2023
TXN_7031347,,4,3.0,12.0,CARTÃO DE CRÉDITO,PARA VIAGEM,09/06/2023
TXN_9703331,BOLO,2,3.0,6.0,DINHEIRO,,09/09/2023
TXN_3851247,BOLO,1,3.0,3.0,CARTÃO DE CRÉDITO,PRESENCIAL,23/11/2023
TXN_6666679,SUCO,2,3.0,6.0,CARTEIRA DIGITAL,,25/08/2023
TXN_5683213,VITAMINA,2,4.0,8.0,CARTÃO DE CRÉDITO,PRESENCIAL,30/10/2023
TXN_2052609,BOLO,4,,12.0,CARTÃO DE CRÉDITO,PARA VIAGEM,23/06/2023
TXN_6557825,CHÁ,,1.5,4.5,,,07/05/2023
TXN_6228999,BISCOITO,5,1.0,5.0,,,07/02/2023
TXN_4226287,BISCOITO,1,1.0,1.0,,,29/04/2023
TXN_9868053,SUCO,3,3.0,9.0,CARTEIRA DIGITAL,PRESENCIAL,
TXN_2570829,SUCO,1,3.0,3.0,DINHEIRO,PARA VIAGEM,31/03/2023
TXN_7433531,LANCHE,2,4.0,8.0,,PARA VIAGEM,16/08/2023
TXN_5190685,BISCOITO,4,1.0,4.0,DINHEIRO,PARA VIAGEM,12/11/2023
TXN_4526296,VITAMINA,5,4.0,20.0,,PARA VIAGEM,23/11/2023
TXN_5137315,SALADA,,5.0,25.0,CARTÃO DE CRÉDITO,PRESENCIAL,05/01/2023
TXN_6513435,SUCO,3,3.0,9.0,,PARA VIAGEM,16/08/2023
TXN_8337899,BISCOITO,1,1.0,1.0,CARTEIRA DIGITAL,,10/11/2023
TXN_2245787,SALADA,4,5.0,20.0,,PARA VIAGEM,29/10/2023
TXN_9203396,CAFÉ,5,2.0,10.0,CARTEIRA DIGITAL,PRESENCIAL,08/01/2023
TXN_9352671,LANCHE,2,4.0,,DINHEIRO,PARA VIAGEM,10/02/2023
TXN_6391414,VITAMINA,4,4.0,16.0,DINHEIRO,PRESENCIAL,08/05/2023
TXN_2613440,SUCO,3,3.0,9.0,CARTÃO DE CRÉDITO,PRESENCIAL,15/04/2023
TXN_5632564,BISCOITO,1,1.0,1.0,CARTÃO DE CRÉDITO,,04/11/2023
TXN_4175122,,4,2.0,8.0,CARTEIRA DIGITAL,PRESENCIAL,29/09/2023
TXN_3475075,BOLO,3,,9.0,DINHEIRO,PARA VIAGEM,
TXN_4759797,SALADA,3,5.0,15.0,,PRESENCIAL,
TXN_4704439,CAFÉ,3,2.0,6.0,DINHEIRO,,14/06/2023
TXN_3292043,BISCOITO,5,,5.0,,,
TXN_2666340,BOLO,2,3.0,6.0,DINHEIRO,PARA VIAGEM,29/09/2023
TXN_8004162,SALADA,5,5.0,25.0,,,04/11/2023
TXN_6539480,BOLO,5,3.0,15.0,DINHEIRO,PARA VIAGEM,25/08/2023
TXN_1993002,,4,3.0,12.0,,PARA VIAGEM,30/03/2023
TXN_5024094,CHÁ,1,,1.5,CARTÃO DE CRÉDITO,,20/02/2023
TXN_7399898,SUCO,3,3.0,9.0,,,19/02/2023
TXN_7675213,,,4.0,8.0,CARTEIRA DIGITAL,PRESENCIAL,08/03/2023
TXN_5180728,CHÁ,2,1.5,3.0,,PRESENCIAL,01/09/2023
TXN_1442791,CHÁ,1,1.5,1.5,,,23/03/2023
TXN_7169607,BOLO,2,3.0,6.0,CARTÃO DE CRÉDITO,,10/04/2023
TXN_8157817,CHÁ,2,1.5,3.0,CARTÃO DE CRÉDITO,PARA VIAGEM,30/08/2023
TXN_9105544,CHÁ,3,1.5,4.5,,PRESENCIAL,08/07/2023
TXN_7620529,LANCHE,2,4.0,8.0,DINHEIRO,PRESENCIAL,08/08/2023
TXN_1491670,SUCO,5,3.0,15.0,CARTÃO DE CRÉDITO,PARA VIAGEM,28/06/2023
TXN_8041777,BOLO,1,3.0,3.0,DINHEIRO,,23/11/2023
TXN_2366464,SUCO,1,3.0,3.0,DINHEIRO,PARA VIAGEM,05/06/2023
TXN_7994275,VITAMINA,3,4.0,12.0,CARTÃO DE CRÉDITO,PRESENCIAL,18/09/2023
TXN_6034920,BISCOITO,1,1.0,1.0,CARTÃO DE CRÉDITO,PRESENCIAL,09/09/2023
TXN_4673812,BISCOITO,2,1.0,2.0,CARTEIRA DIGITAL,PARA VIAGEM,01/05/2023
TXN_3577949,BOLO,3,,,,PARA VIAGEM,25/04/2023
TXN_4503560,BOLO,5,3.0,15.0,CARTEIRA DIGITAL,,21/02/2023
TXN_6543620,BISCOITO,2,1.0,2.0,DINHEIRO,PARA VIAGEM,08/04/2023
TXN_5071222,BISCOITO,5,1.0,5.0,CARTEIRA DIGITAL,,25/10/2023
TXN_1605048,BOLO,4,3.0,12.0,DINHEIRO,PARA VIAGEM,16/03/2023
TXN_9907306,,3,1.0,3.0,CARTEIRA DIGITAL,PARA VIAGEM,06/09/2023
TXN_2401829,VITAMINA,5,4.0,20.0,CARTEIRA DIGITAL,PARA VIAGEM,07/02/2023
TXN_8359674,SALADA,3,5.0,15.0,,PARA VIAGEM,16/10/2023
TXN_1937611,CHÁ,2,,3.0,CARTÃO DE CRÉDITO,PARA VIAGEM,02/11/2023
TXN_5438111,VITAMINA,3,4.0,12.0,DINHEIRO,PRESENCIAL,06/01/2023
TXN_1442771,,1,3.0,3.0,,,25/04/2023
TXN_5793057,LANCHE,3,4.0,12.0,CARTÃO DE CRÉDITO,PRESENCIAL,25/02/2023
TXN_1778597,BISCOITO,3,1.0,,DINHEIRO,,28/09/2023
TXN_4076631,,4,3.0,12.0,DINHEIRO,PRESENCIAL,21/07/2023
TXN_1660757,BOLO,4,3.0,12.0,CARTEIRA DIGITAL,PARA VIAGEM,08/11/2023
TXN_7540909,CHÁ,2,1.5,3.0,CARTEIRA DIGITAL,,20/02/2023
TXN_1469462,BOLO,1,3.0,3.0,CARTÃO DE CRÉDITO,PARA VIAGEM,05/09/2023
TXN_4745094,CHÁ,5,1.5,7.5,CARTÃO DE CRÉDITO,,05/12/2023
TXN_3711712,SALADA,5,5.0,25.0,CARTEIRA DIGITAL,PRESENCIAL,20/08/2023
TXN_7909509,VITAMINA,3,4.0,12.0,,PARA VIAGEM,10/10/2023
TXN_8577850,CHÁ,,1.5,4.5,,,10/07/2023
TXN_1268480,SALADA,5,5.0,25.0,DINHEIRO,PRESENCIAL,18/04/2023
TXN_6579974,LANCHE,5,4.0,20.0,CARTEIRA DIGITAL,,10/05/2023
TXN_6957331,SUCO,3,3.0,,CARTEIRA DIGITAL,,23/01/2023
TXN_7796731,SUCO,,3.0,6.0,,PRESENCIAL,09/06/2023
TXN_7218914,,1,5.0,5.0,CARTEIRA DIGITAL,PRESENCIAL,11/01/2023
TXN_4869107,VITAMINA,3,4.0,12.0,CARTEIRA DIGITAL,PRESENCIAL,30/01/2023
TXN_2027203,CAFÉ,3,2.0,6.0,CARTÃO DE CRÉDITO,,15/07/2023
TXN_6149748,SALADA,3,5.0,15.0,CARTÃO DE CRÉDITO,,06/07/2023
TXN_1633563,,4,4.0,16.0,CARTEIRA DIGITAL,PRESENCIAL,05/02/2023
TXN_3088330,CHÁ,5,1.5,7.5,CARTEIRA DIGITAL,PRESENCIAL,08/12/2023
TXN_5001766,VITAMINA,1,4.0,,CARTEIRA DIGITAL,,24/05/2023
TXN_5634960,CHÁ,2,1.5,3.0,,PARA VIAGEM,06/09/2023
TXN_6280724,CAFÉ,3,2.0,6.0,CARTÃO DE CRÉDITO,,02/05/2023
TXN_7650834,SALADA,2,5.0,10.0,DINHEIRO,PARA VIAGEM,29/10/2023
TXN_4107857,CHÁ,1,1.5,1.5,CARTÃO DE CRÉDITO,PARA VIAGEM,29/01/2023
TXN_2052771,CHÁ,4,1.5,6.0,CARTEIRA DIGITAL,PARA VIAGEM,
TXN_4635037,SUCO,1,3.0,3.0,CARTEIRA DIGITAL,PRESENCIAL,17/05/2023
TXN_2160119,,5,4.0,20.0,DINHEIRO,,27/12/2023
TXN_9103776,CHÁ,4,1.5,6.0,CARTÃO DE CRÉDITO,PRESENCIAL,03/05/2023
TXN_7538221,BOLO,5,3.0,15.0,CARTÃO DE CRÉDITO,PARA VIAGEM,31/03/2023
TXN_4565754,VITAMINA,,4.0,,CARTEIRA DIGITAL,PARA VIAGEM,06/10/2023
TXN_8807333,LANCHE,5,4.0,20.0,CARTEIRA DIGITAL,PRESENCIAL,18/03/2023
TXN_8006056,SUCO,4,3.0,12.0,CARTÃO DE CRÉDITO,PARA VIAGEM,19/12/2023
TXN_2216532,CHÁ,3,1.5,4.5,DINHEIRO,,27/12/2023
TXN_6553720,CAFÉ,4,2.0,8.0,,PRESENCIAL,02/02/2023
TXN_5828907,BISCOITO,5,1.0,5.0,CARTEIRA DIGITAL,,13/05/2023
TXN_2336248,BOLO,,3.0,15.0,,PARA VIAGEM,19/10/2023
TXN_3321611,,3,4.0,,,PARA VIAGEM,09/09/2023
TXN_6022618,VITAMINA,1,4.0,4.0,CARTEIRA DIGITAL,PRESENCIAL,18/12/2023
TXN_1665810,LANCHE,5,4.0,20.0,CARTEIRA DIGITAL,PRESENCIAL,26/02/2023
TXN_1399696,BOLO,5,3.0,15.0,DINHEIRO,PRESENCIAL,08/04/2023
TXN_9154381,BISCOITO,2,1.0,2.0,CARTÃO DE CRÉDITO,PRESENCIAL,21/04/2023
TXN_5333966,SUCO,4,3.0,12.0,,PRESENCIAL,11/06/2023
TXN_8361813,BISCOITO,3,1.0,3.0,DINHEIRO,PRESENCIAL,01/08/2023
TXN_9841222,LANCHE,5,4.0,20.0,CARTÃO DE CRÉDITO,,23/04/2023
TXN_4754346,SUCO,4,3.0,12.0,CARTÃO DE CRÉDITO,PRESENCIAL,31/08/2023
TXN_5910268,SALADA,4,5.0,,,PARA VIAGEM,04/07/2023
TXN_9433806,CAFÉ,1,2.0,2.0,,,
TXN_5227574,SUCO,4,3.0,12.0,CARTEIRA DIGITAL,,10/04/2023
TXN_5485774,CAFÉ,2,2.0,4.0,CARTÃO DE CRÉDITO,,20/07/2023
TXN_6504165,SUCO,3,,9.0,DINHEIRO,PARA VIAGEM,13/02/2023
TXN_6297232,CAFÉ,,2.0,,,,07/04/2023
TXN_2391659,CHÁ,5,1.5,,,,16/02/2023
TXN_8964493,VITAMINA,1,4.0,4.0,DINHEIRO,,10/02/2023
TXN_1931832,,4,4.0,16.0,CARTÃO DE CRÉDITO,,07/05/2023
TXN_4939667,SALADA,1,5.0,5.0,DINHEIRO,PARA VIAGEM,23/01/2023
TXN_7126803,LANCHE,5,4.0,20.0,CARTEIRA DIGITAL,PARA VIAGEM,24/05/2023
TXN_9649878,BOLO,5,3.0,15.0,DINHEIRO,,24/12/2023
TXN_5086063,SUCO,3,3.0,9.0,CARTEIRA DIGITAL,PARA VIAGEM,28/09/2023
TXN_5026564,VITAMINA,3,4.0,12.0,DINHEIRO,,12/09/2023
TXN_9680054,BOLO,3,3.0,9.0,,PRESENCIAL,14/03/2023
TXN_7299015,CAFÉ,5,2.0,10.0,,PARA VIAGEM,02/12/2023
TXN_6040824,LANCHE,1,4.0,4.0,DINHEIRO,,07/01/2023
TXN_4520062,,2,1.5,3.0,,PRESENCIAL,10/01/2023
TXN_5889049,BISCOITO,2,1.0,2.0,,PRESENCIAL,14/07/2023
TXN_1177438,SALADA,4,5.0,20.0,,PARA VIAGEM,21/08/2023
TXN_6345691,,5,4.0,20.0,CARTÃO DE CRÉDITO,,03/09/2023
TXN_6523635,,2,5.0,10.0,,PARA VIAGEM,22/04/2023
TXN_7494217,BISCOITO,1,1.0,1.0,DINHEIRO,PRESENCIAL,
TXN_6854151,LANCHE,3,4.0,12.0,CARTÃO DE CRÉDITO,PRESENCIAL,07/02/2023
TXN_6862075,,3,3.0,9.0,CARTÃO DE CRÉDITO,PRESENCIAL,13/08/2023
TXN_9202272,LANCHE,3,4.0,12.0,,,29/11/2023
TXN_8620934,BISCOITO,5,1.0,5.0,,PRESENCIAL,10/09/2023
TXN_8133627,BOLO,5,3.0,15.0,DINHEIRO,PRESENCIAL,15/08/2023
TXN_5777224,CHÁ,3,1.5,4.5,,,16/09/2023
TXN_1895899,VITAMINA,4,,16.0,CARTÃO DE CRÉDITO,PRESENCIAL,17/07/2023
TXN_3658211,BOLO,,3.0,12.0,DINHEIRO,PARA VIAGEM,02/04/2023
TXN_5117140,BISCOITO,5,1.0,5.0,CARTEIRA DIGITAL,PARA VIAGEM,17/08/2023
TXN_2513950,VITAMINA,4,4.0,16.0,,PRESENCIAL,03/04/2023
TXN_7890585,BOLO,5,3.0,15.0,DINHEIRO,,11/08/2023
TXN_5106045,CAFÉ,3,,6.0,CARTÃO DE CRÉDITO,,17/11/2023
TXN_5177565,LANCHE,5,4.0,20.0,,,24/10/2023
TXN_2792107,BOLO,1,3.0,3.0,,,10/07/2023
TXN_4036747,VITAMINA,1,4.0,4.0,DINHEIRO,PARA VIAGEM,27/05/2023
TXN_2955691,BOLO,1,3.0,3.0,,PARA VIAGEM,04/04/2023
TXN_6324736,LANCHE,5,4.0,20.0,CARTÃO DE CRÉDITO,,
TXN_9641364,BISCOITO,3,1.0,3.0,,PRESENCIAL,04/03/2023
TXN_3488590,BISCOITO,,1.0,2.0,CARTÃO DE CRÉDITO,PARA VIAGEM,28/12/2023
TXN_9720549,BISCOITO,1,1.0,1.0,CARTÃO DE CRÉDITO,PRESENCIAL,30/07/2023
TXN_2477550,,2,4.0,8.0,DINHEIRO,PARA VIAGEM,02/02/2023
TXN_2172960,VITAMINA,1,4.0,,CARTEIRA DIGITAL,,04/07/2023
TXN_5901182,LANCHE,5,4.0,20.0,CARTEIRA DIGITAL,PRESENCIAL,15/07/2023
TXN_4695415,BOLO,5,3.0,15.0,,PRESENCIAL,
TXN_1923984,BOLO,2,3.0,6.0,CARTÃO DE CRÉDITO,PARA VIAGEM,31/08/2023
TXN_4163149,SALADA,1,5.0,,DINHEIRO,,30/07/2023
TXN_5996894,SUCO,1,3.0,3.0,CARTÃO DE CRÉDITO,,12/06/2023
TXN_2979899,BOLO,5,3.0,15.0,CARTEIRA DIGITAL,,26/05/2023
TXN_7762739,LANCHE,4,4.0,16.0,,PRESENCIAL,05/11/2023
TXN_6392156,BISCOITO,5,1.0,,CARTÃO DE CRÉDITO,PARA VIAGEM,12/11/2023
TXN_7278248,SALADA,,5.0,25.0,DINHEIRO,PARA VIAGEM,23/10/2023
TXN_1315847,BOLO,1,3.0,3.0,CARTEIRA DIGITAL,PRESENCIAL,19/06/2023
TXN_9367729,CAFÉ,2,2.0,4.0,,PARA VIAGEM,10/10/2023
TXN_1464150,CAFÉ,5,2.0,10.0,DINHEIRO,PARA VIAGEM,14/02/2023
TXN_1746001,BISCOITO,,1.0,3.0,CARTEIRA DIGITAL,PARA VIAGEM,15/03/2023
TXN_4203560,SUCO,1,3.0,3.0,,,20/08/2023
TXN_1493452,LANCHE,3,4.0,12.0,,,08/11/2023
TXN_4171998,LANCHE,,4.0,8.0,,PARA VIAGEM,18/10/2023
TXN_4528664,SALADA,3,5.0,,DINHEIRO,PRESENCIAL,31/12/2023
TXN_1775278,SUCO,4,3.0,12.0,CARTÃO DE CRÉDITO,PARA VIAGEM,22/02/2023
TXN_1459078,BISCOITO,5,1.0,5.0,,PRESENCIAL,10/11/2023
TXN_6252589,VITAMINA,2,4.0,8.0,CARTEIRA DIGITAL,PRESENCIAL,
TXN_1411473,CAFÉ,3,2.0,6.0,CARTÃO DE CRÉDITO,PRESENCIAL,04/01/2023
TXN_5132747,CAFÉ,2,2.0,4.0,,,28/10/2023
TXN_9851026,SALADA,2,5.0,10.0,,PARA VIAGEM,
TXN_7684072,CHÁ,2,1.5,3.0,CARTÃO DE CRÉDITO,,12/05/2023
TXN_3660999,BOLO,3,3.0,9.0,CARTEIRA DIGITAL,,02/02/2023
TXN_7828462,,,1.5,4.5,DINHEIRO,PARA VIAGEM,11/01/2023
TXN_3976744,SUCO,1,3.0,3.0,DINHEIRO,,25/12/2023
TXN_3397978,VITAMINA,5,4.0,20.0,CARTEIRA DIGITAL,PRESENCIAL,01/08/2023
TXN_8568597,SUCO,1,3.0,3.0,CARTEIRA DIGITAL,PARA VIAGEM,03/04/2023
TXN_4152709,LANCHE,4,4.0,16.0,,,03/12/2023
TXN_5222110,CAFÉ,2,2.0,4.0,,,30/01/2023
TXN_1987716,CAFÉ,1,2.0,2.0,CARTÃO DE CRÉDITO,,13/11/2023
TXN_3643348,LANCHE,4,4.0,16.0,CARTEIRA DIGITAL,PRESENCIAL,06/09/2023
TXN_6537449,SALADA,2,5.0,10.0,,PRESENCIAL,15/01/2023
TXN_1244509,VITAMINA,3,4.0,12.0,CARTÃO DE CRÉDITO,PRESENCIAL,21/02/2023
TXN_3490516,CAFÉ,5,2.0,10.0,,,28/04/2023
TXN_2726254,VITAMINA,3,,12.0,,PARA VIAGEM,08/06/2023
TXN_9917989,VITAMINA,4,4.0,16.0,CARTEIRA DIGITAL,PARA VIAGEM,20/10/2023
TXN_4933689,BOLO,1,3.0,3.0,DINHEIRO,PRESENCIAL,
TXN_4168628,CHÁ,4,1.5,6.0,CARTEIRA DIGITAL,PRESENCIAL,27/04/2023
TXN_2490026,BOLO,5,3.0,15.0,,,21/10/2023
TXN_7327440,,3,1.0,3.0,DINHEIRO,PRESENCIAL,02/05/2023
TXN_3597656,CAFÉ,4,2.0,8.0,CARTEIRA DIGITAL,,03/04/2023
TXN_1765281,VITAMINA,3,4.0,12.0,CARTÃO DE CRÉDITO,PRESENCIAL,28/01/2023
TXN_4667663,BOLO,5,3.0,15.0,CARTÃO DE CRÉDITO,,07/03/2023
TXN_8571235,BOLO,1,3.0,3.0,DINHEIRO,PARA VIAGEM,01/03/2023
TXN_2580487,BOLO,1,3.0,3.0,,PARA VIAGEM,13/01/2023
TXN_2611683,BOLO,3,3.0,9.0,CARTEIRA DIGITAL,PRESENCIAL,11/04/2023
TXN_4271744,SUCO,3,3.0,9.0,CARTEIRA DIGITAL,PARA VIAGEM,19/06/2023
TXN_2917072,CHÁ,3,1.5,4.5,,PARA VIAGEM,25/01/2023
TXN_4653861,LANCHE,,4.0,16.0,DINHEIRO,PARA VIAGEM,
TXN_5777903,CAFÉ,,2.0,4.0,,PARA VIAGEM,15/05/2023
TXN_5153086,CHÁ,3,1.5,4.5,DINHEIRO,PRESENCIAL,27/06/2023
TXN_6004967,SALADA,4,5.0,,CARTÃO DE CRÉDITO,,13/01/2023
TXN_3435509,LANCHE,1,4.0,4.0,DINHEIRO,PARA VIAGEM,19/08/2023
TXN_2488232,CHÁ,2,1.5,3.0,,,05/10/2023
TXN_8771574,CAFÉ,3,2.0,6.0,CARTEIRA DIGITAL,PARA VIAGEM,03/05/2023
TXN_1181626,BISCOITO,4,1.0,4.0,,PARA VIAGEM,06/02/2023
TXN_4081759,,,2.0,4.0,,,30/09/2023
TXN_6177161,CHÁ,5,1.5,7.5,CARTÃO DE CRÉDITO,PRESENCIAL,01/04/2023
TXN_2500345,SALADA,5,5.0,25.0,,PRESENCIAL,16/04/2023
TXN_1228652,SALADA,1,,5.0,DINHEIRO,PRESENCIAL,24/07/2023
TXN_4476151,SUCO,4,3.0,12.0,CARTÃO DE CRÉDITO,PRESENCIAL,15/02/2023
TXN_7990902,CAFÉ,5,2.0,10.0,,PRESENCIAL,
TXN_6557174,SALADA,4,5.0,20.0,CARTÃO DE CRÉDITO,PRESENCIAL,20/08/2023
TXN_5089516,VITAMINA,2,4.0,8.0,CARTÃO DE CRÉDITO,PRESENCIAL,04/11/2023
TXN_5915706,CHÁ,1,1.5,1.5,DINHEIRO,PRESENCIAL,18/08/2023
TXN_9341159,BOLO,5,3.0,15.0,,,29/09/2023
TXN_1870303,CAFÉ,4,2.0,8.0,CARTEIRA DIGITAL,PRESENCIAL,05/05/2023
TXN_5680238,SUCO,5,3.0,15.0,,,17/12/2023
TXN_7766134,CHÁ,1,1.5,1.5,CARTÃO DE CRÉDITO,PARA VIAGEM,05/01/2023
TXN_2617257,BISCOITO,1,1.0,1.0,DINHEIRO,PARA VIAGEM,20/08/2023
TXN_8993132,BOLO,3,3.0,9.0,,PRESENCIAL,21/01/2023
TXN_4268167,VITAMINA,4,4.0,16.0,,,06/07/2023
TXN_9358399,CHÁ,5,1.5,7.5,CARTÃO DE CRÉDITO,,16/06/2023
TXN_2793054,VITAMINA,4,4.0,16.0,,PARA VIAGEM,29/04/2023
TXN_6179169,LANCHE,2,4.0,8.0,DINHEIRO,PRESENCIAL,21/10/2023
TXN_7932895,VITAMINA,2,4.0,8.0,,PRESENCIAL,04/04/2023
TXN_3364751,CAFÉ,2,2.0,4.0,CARTEIRA DIGITAL,PARA VIAGEM,12/04/2023
TXN_1097334,CAFÉ,2,2.0,4.0,CARTÃO DE CRÉDITO,PARA VIAGEM,21/03/2023
TXN_9914084,,1,2.0,2.0,,PARA VIAGEM,16/06/2023
TXN_5982786,SUCO,4,3.0,,CARTÃO DE CRÉDITO,PRESENCIAL,26/12/2023
TXN_3160090,SALADA,1,5.0,5.0,,PARA VIAGEM,23/07/2023
TXN_2300313,CAFÉ,4,2.0,8.0,,PRESENCIAL,02/06/2023
TXN_9461396,VITAMINA,5,4.0,20.0,,,23/05/2023
TXN_6887407,BOLO,3,3.0,9.0,DINHEIRO,PRESENCIAL,15/09/2023
TXN_6425991,SALADA,1,5.0,5.0,CARTÃO DE CRÉDITO,PARA VIAGEM,06/08/2023
TXN_6040882,BISCOITO,1,1.0,1.0,DINHEIRO,PRESENCIAL,06/06/2023
TXN_4151440,BOLO,5,3.0,15.0,,PRESENCIAL,16/11/2023
TXN_7921799,BISCOITO,1,1.0,1.0,CARTÃO DE CRÉDITO,PARA VIAGEM,14/09/2023
TXN_1715317,,5,3.0,15.0,CARTEIRA DIGITAL,PRESENCIAL,10/02/2023
TXN_2482242,BISCOITO,4,1.0,4.0,,,07/02/2023
TXN_5861636,CAFÉ,4,2.0,8.0,CARTÃO DE CRÉDITO,,15/05/2023
TXN_7272630,CHÁ,4,1.5,6.0,DINHEIRO,PARA VIAGEM,24/03/2023
TXN_7157169,LANCHE,3,4.0,12.0,,,29/01/2023
TXN_9325384,SUCO,5,3.0,15.0,,PRESENCIAL,24/04/2023
TXN_2832778,SUCO,2,3.0,6.0,CARTÃO DE CRÉDITO,,27/09/2023
TXN_9894745,CHÁ,,1.5,3.0,DINHEIRO,PARA VIAGEM,28/08/2023
TXN_1244299,LANCHE,2,4.0,8.0,DINHEIRO,PARA VIAGEM,18/07/2023
TXN_1694090,CAFÉ,4,2.0,8.0,CARTEIRA DIGITAL,,30/11/2023
TXN_5965095,SALADA,4,5.0,20.0,CARTEIRA DIGITAL,PRESENCIAL,16/06/2023
TXN_7911650,SUCO,2,3.0,6.0,DINHEIRO,PARA VIAGEM,13/03/2023
TXN_9610933,CHÁ,3,1.5,4.5,DINHEIRO,,20/05/2023
TXN_7440879,,1,3.0,3.0,,PRESENCIAL,30/12/2023
TXN_4228312,CAFÉ,4,2.0,8.0,CARTEIRA DIGITAL,,22/01/2023
TXN_6431703,LANCHE,1,4.0,,CARTÃO DE CRÉDITO,PARA VIAGEM,25/08/2023
TXN_1063524,VITAMINA,5,4.0,20.0,CARTÃO DE CRÉDITO,,09/11/2023
TXN_9031518,LANCHE,5,4.0,20.0,CARTÃO DE CRÉDITO,PRESENCIAL,13/01/2023
TXN_5781767,LANCHE,5,,20.0,CARTÃO DE CRÉDITO,PRESENCIAL,27/04/2023
TXN_4465589,,,1.5,3.0,CARTÃO DE CRÉDITO,,26/03/2023
TXN_2035838,,,3.0,15.0,CARTEIRA DIGITAL,PARA VIAGEM,01/02/2023
TXN_9817602,,2,4.0,8.0,CARTÃO DE CRÉDITO,PARA VIAGEM,26/12/2023
TXN_9643180,CAFÉ,2,2.0,4.0,DINHEIRO,,10/06/2023
TXN_9070074,CAFÉ,5,2.0,10.0,CARTEIRA DIGITAL,,03/02/2023
TXN_5274961,,1,3.0,3.0,CARTÃO DE CRÉDITO,PRESENCIAL,04/11/2023
TXN_8715388,SALADA,1,5.0,5.0,,PRESENCIAL,04/11/2023
TXN_1980303,CHÁ,3,1.5,,CARTEIRA DIGITAL,,22/04/2023
TXN_9291130,BISCOITO,,1.0,5.0,DINHEIRO,PRESENCIAL,11/05/2023
TXN_6485220,BOLO,3,3.0,9.0,DINHEIRO,,
TXN_2652800,BOLO,4,3.0,12.0,DINHEIRO,,30/11/2023
TXN_7068406,SUCO,2,3.0,6.0,CARTEIRA DIGITAL,PARA VIAGEM,26/01/2023
TXN_5380220,CAFÉ,4,2.0,8.0,CARTÃO DE CRÉDITO,PRESENCIAL,18/10/2023
TXN_7842557,CHÁ,4,1.5,6.0,,PRESENCIAL,09/02/2023
TXN_7208533,CHÁ,1,1.5,1.5,DINHEIRO,PRESENCIAL,15/05/2023
TXN_6916853,VITAMINA,5,4.0,20.0,DINHEIRO,,22/12/2023
TXN_9086710,SALADA,2,5.0,10.0,,PRESENCIAL,27/10/2023
TXN_1830278,BISCOITO,3,1.0,3.0,CARTÃO DE CRÉDITO,,15/05/2023
TXN_8388122,CHÁ,4,1.5,6.0,,PRESENCIAL,01/11/2023
TXN_8612901,SUCO,3,3.0,,CARTEIRA DIGITAL,,18/03/2023
TXN_7752958,SUCO,2,3.0,6.0,,,22/09/2023
TXN_5311814,CHÁ,4,1.5,6.0,CARTEIRA DIGITAL,,06/07/2023
TXN_2933739,BISCOITO,1,1.0,1.0,CARTEIRA DIGITAL,,15/09/2023
TXN_1239876,,2,4.0,8.0,CARTEIRA DIGITAL,PRESENCIAL,04/04/2023
TXN_6295047,CHÁ,,1.5,6.0,CARTEIRA DIGITAL,,06/09/2023
TXN_3858791,BISCOITO,5,1.0,5.0,CARTÃO DE CRÉDITO,,25/06/2023
TXN_1737731,VITAMINA,5,4.0,20.0,CARTEIRA DIGITAL,,29/06/2023
TXN_6131195,SALADA,1,5.0,5.0,,,24/10/2023
TXN_3251829,CHÁ,,1.5,,CARTEIRA DIGITAL,PRESENCIAL,25/07/2023
TXN_2727347,BOLO,5,3.0,15.0,DINHEIRO,PARA VIAGEM,20/01/2023
TXN_7242713,LANCHE,1,4.0,4.0,,PRESENCIAL,21/04/2023
TXN_7797231,,5,,10.0,CARTEIRA DIGITAL,,05/05/2023
TXN_3651337,VITAMINA,4,4.0,16.0,DINHEIRO,PRESENCIAL,25/10/2023
TXN_4740892,BOLO,1,3.0,3.0,CARTEIRA DIGITAL,PARA VIAGEM,19/11/2023
TXN_7218719,BOLO,1,3.0,3.0,DINHEIRO,,07/10/2023
TXN_3455415,BISCOITO,2,1.0,2.0,CARTÃO DE CRÉDITO,,31/03/2023
TXN_2475259,VITAMINA,2,4.0,8.0,DINHEIRO,,
TXN_3390882,LANCHE,3,4.0,12.0,CARTÃO DE CRÉDITO,PRESENCIAL,03/07/2023
TXN_3848261,CHÁ,2,1.5,3.0,,PARA VIAGEM,03/08/2023
TXN_2797925,BOLO,2,3.0,,DINHEIRO,,19/10/2023
TXN_2599005,BOLO,2,3.0,6.0,DINHEIRO,,10/06/2023
TXN_1872692,SALADA,5,5.0,25.0,DINHEIRO,PRESENCIAL,09/08/2023
TXN_1372492,SALADA,4,5.0,20.0,DINHEIRO,PARA VIAGEM,28/03/2023
TXN_6549132,SALADA,5,,25.0,,,05/12/2023
TXN_1003246,SUCO,2,3.0,6.0,,,15/02/2023
TXN_5732615,CAFÉ,,2.0,4.0,DINHEIRO,PARA VIAGEM,05/12/2023
TXN_3197621,LANCHE,5,4.0,20.0,,PRESENCIAL,10/02/2023
TXN_9006674,CHÁ,1,1.5,1.5,,PARA VIAGEM,
TXN_6221348,LANCHE,1,,4.0,,,28/03/2023
TXN_4986514,CHÁ,3,1.5,4.5,CARTÃO DE CRÉDITO,PRESENCIAL,06/06/2023
TXN_1050083,BOLO,5,3.0,15.0,CARTÃO DE CRÉDITO,PARA VIAGEM,28/06/2023
TXN_5880567,VITAMINA,5,4.0,20.0,,PRESENCIAL,13/02/2023
TXN_1068317,SUCO,3,3.0,,CARTEIRA DIGITAL,PARA VIAGEM,16/03/2023
TXN_7389329,CAFÉ,4,2.0,8.0,,,18/01/2023
TXN_3951460,,4,4.0,16.0,,PARA VIAGEM,21/04/2023
TXN_6584150,SUCO,5,3.0,15.0,CARTÃO DE CRÉDITO,,27/10/2023
TXN_7754428,BISCOITO,2,1.0,2.0,,PRESENCIAL,27/07/2023
TXN_3918515,,4,5.0,20.0,CARTÃO DE CRÉDITO,PARA VIAGEM,29/03/2023
TXN_6484387,BISCOITO,5,,5.0,DINHEIRO,,23/11/2023
TXN_4156369,BOLO,5,3.0,15.0,,PRESENCIAL,07/08/2023
TXN_4483226,SUCO,1,3.0,3.0,CARTÃO DE CRÉDITO,,08/08/2023
TXN_6457997,,1,,4.0,CARTÃO DE CRÉDITO,,12/12/2023
TXN_2553269,,5,1.0,5.0,CARTEIRA DIGITAL,,09/04/2023
TXN_5297692,SUCO,5,3.0,15.0,CARTÃO DE CRÉDITO,,21/03/2023
TXN_8241724,VITAMINA,1,4.0,4.0,CARTÃO DE CRÉDITO,PARA VIAGEM,14/05/2023
TXN_4916936,VITAMINA,1,4.0,4.0,,PARA VIAGEM,04/06/2023
TXN_1425215,SUCO,1,3.0,3.0,DINHEIRO,PARA VIAGEM,13/03/2023
TXN_4222908,BISCOITO,,1.0,1.0,,PRESENCIAL,14/12/2023
TXN_3938018,CAFÉ,,2.0,8.0,,PARA VIAGEM,10/10/2023
TXN_2363378,CAFÉ,5,2.0,10.0,DINHEIRO,PARA VIAGEM,23/04/2023
TXN_8267616,CHÁ,4,1.5,6.0,DINHEIRO,,01/03/2023
TXN_4786680,,3,4.0,12.0,,PRESENCIAL,05/02/2023
TXN_6437181,,4,3.0,12.0,CARTÃO DE CRÉDITO,,10/04/2023
TXN_2335312,,2,3.0,6.0,CARTEIRA DIGITAL,,23/06/2023
TXN_8999576,BOLO,5,3.0,15.0,CARTEIRA DIGITAL,PARA VIAGEM,09/04/2023
TXN_4844022,,1,1.0,1.0,,PARA VIAGEM,26/02/2023
TXN_5513984,CHÁ,1,1.5,1.5,CARTÃO DE CRÉDITO,PRESENCIAL,13/09/2023
TXN_1662024,,4,1.0,4.0,,PRESENCIAL,16/01/2023
TXN_5600914,VITAMINA,4,4.0,16.0,CARTÃO DE CRÉDITO,,16/02/2023
TXN_9923860,BISCOITO,2,1.0,2.0,,,16/11/2023
TXN_5346493,BISCOITO,5,1.0,5.0,CARTEIRA DIGITAL,PRESENCIAL,08/04/2023
TXN_3528599,BISCOITO,1,1.0,1.0,,,09/12/2023
TXN_5738521,CAFÉ,5,2.0,10.0,CARTEIRA DIGITAL,,14/03/2023
TXN_6219634,SALADA,1,5.0,5.0,DINHEIRO,PARA VIAGEM,11/09/2023
TXN_3539062,SALADA,2,5.0,10.0,CARTEIRA DIGITAL,PRESENCIAL,04/10/2023
TXN_8782513,LANCHE,5,4.0,20.0,,PARA VIAGEM,15/10/2023
TXN_2252218,,4,5.0,20.0,DINHEIRO,,
TXN_2851804,CAFÉ,3,2.0,6.0,,,30/11/2023
TXN_9175519,BOLO,4,3.0,12.0,,,05/10/2023
TXN_6224451,LANCHE,1,4.0,,CARTÃO DE CRÉDITO,,19/03/2023
TXN_3174488,,4,1.0,4.0,DINHEIRO,PARA VIAGEM,28/06/2023
TXN_7630912,SUCO,2,,6.0,CARTÃO DE CRÉDITO,,04/01/2023
TXN_5650608,SUCO,,3.0,3.0,CARTEIRA DIGITAL,,25/06/2023
TXN_2134911,CHÁ,5,1.5,7.5,CARTEIRA DIGITAL,PRESENCIAL,07/10/2023
TXN_4013761,CAFÉ,3,2.0,6.0,,,07/09/2023
TXN_9257475,,4,3.0,12.0,CARTEIRA DIGITAL,,06/07/2023
TXN_6616311,CAFÉ,4,2.0,8.0,,,01/09/2023
TXN_9123562,SUCO,5,3.0,15.0,CARTÃO DE CRÉDITO,PARA VIAGEM,
TXN_6991430,BISCOITO,5,1.0,5.0,DINHEIRO,PRESENCIAL,31/05/2023
TXN_6778974,VITAMINA,2,4.0,8.0,,,07/09/2023
TXN_1818438,CAFÉ,5,2.0,10.0,DINHEIRO,,18/06/2023
TXN_5486886,VITAMINA,1,4.0,4.0,,,23/12/2023
TXN_5470598,BOLO,3,3.0,9.0,CARTEIRA DIGITAL,PRESENCIAL,14/03/2023
TXN_3186333,BISCOITO,5,1.0,5.0,DINHEIRO,PRESENCIAL,19/08/2023
TXN_8748633,LANCHE,5,,20.0,DINHEIRO,PARA VIAGEM,27/04/2023
TXN_3228558,LANCHE,2,4.0,8.0,CARTÃO DE CRÉDITO,,13/12/2023
TXN_6388107,,3,3.0,9.0,CARTEIRA DIGITAL,PRESENCIAL,04/12/2023
TXN_6506895,BOLO,5,3.0,15.0,CARTÃO DE CRÉDITO,PRESENCIAL,10/08/2023
TXN_2917211,VITAMINA,5,4.0,20.0,CARTEIRA DIGITAL,PARA VIAGEM,19/11/2023
TXN_5882566,BOLO,1,3.0,3.0,,PARA VIAGEM,09/07/2023
TXN_2413548,CHÁ,2,1.5,3.0,CARTÃO DE CRÉDITO,,12/08/2023
TXN_6633097,SUCO,4,3.0,12.0,CARTÃO DE CRÉDITO,PRESENCIAL,
TXN_7116936,CAFÉ,5,2.0,10.0,CARTÃO DE CRÉDITO,PARA VIAGEM,19/05/2023
TXN_7991322,CAFÉ,5,2.0,10.0,CARTEIRA DIGITAL,,14/11/2023
TXN_1914728,,5,1.0,5.0,DINHEIRO,PRESENCIAL,16/06/2023
TXN_4209748,BISCOITO,2,1.0,2.0,CARTEIRA DIGITAL,PARA VIAGEM,24/10/2023
TXN_8941438,SUCO,4,3.0,12.0,CARTEIRA DIGITAL,,23/07/2023
TXN_7932127,CAFÉ,3,2.0,,,,29/07/2023
TXN_7097699,CHÁ,4,1.5,6.0,,PARA VIAGEM,16/12/2023
TXN_7054849,BOLO,4,3.0,12.0,DINHEIRO,PARA VIAGEM,16/06/2023
TXN_7185724,BOLO,4,3.0,12.0,,PARA VIAGEM,06/05/2023
TXN_5664982,CHÁ,5,1.5,,CARTEIRA DIGITAL,PRESENCIAL,24/12/2023
TXN_9378562,SUCO,3,3.0,9.0,,,06/09/2023
TXN_2892693,BISCOITO,4,1.0,4.0,CARTÃO DE CRÉDITO,PRESENCIAL,02/03/2023
TXN_2265603,VITAMINA,3,4.0,12.0,CARTEIRA DIGITAL,PARA VIAGEM,
TXN_6552269,,4,3.0,12.0,DINHEIRO,PARA VIAGEM,29/04/2023
TXN_4639918,LANCHE,1,4.0,4.0,CARTEIRA DIGITAL,,05/11/2023
TXN_6037144,CHÁ,3,1.5,4.5,DINHEIRO,PARA VIAGEM,02/09/2023
TXN_3494014,BOLO,1,3.0,3.0,CARTÃO DE CRÉDITO,PRESENCIAL,09/06/2023
TXN_3656884,CAFÉ,5,2.0,10.0,CARTÃO DE CRÉDITO,,08/10/2023
TXN_2277013,VITAMINA,3,4.0,12.0,,,26/07/2023
TXN_5423636,LANCHE,4,4.0,16.0,DINHEIRO,,18/10/2023
TXN_8040251,CAFÉ,1,2.0,2.0,CARTEIRA DIGITAL,,16/04/2023
TXN_1635137,BOLO,2,3.0,6.0,DINHEIRO,,28/12/2023
TXN_8411549,CHÁ,4,,6.0,CARTÃO DE CRÉDITO,PRESENCIAL,15/02/2023
TXN_3747376,,2,1.0,2.0,CARTEIRA DIGITAL,PARA VIAGEM,03/11/2023
TXN_1503903,CHÁ,1,1.5,1.5,DINHEIRO,PARA VIAGEM,20/03/2023
TXN_8606152,VITAMINA,5,4.0,20.0,CARTÃO DE CRÉDITO,,05/08/2023
TXN_1260517,VITAMINA,5,4.0,20.0,CARTEIRA DIGITAL,PARA VIAGEM,17/04/2023
TXN_6898368,VITAMINA,3,4.0,12.0,CARTEIRA DIGITAL,,01/05/2023
TXN_2224251,SUCO,4,3.0,,CARTEIRA DIGITAL,PARA VIAGEM,14/04/2023
TXN_4567429,CHÁ,3,1.5,4.5,DINHEIRO,,11/10/2023
TXN_8622404,BISCOITO,3,1.0,,,,21/09/2023
TXN_1152249,VITAMINA,3,4.0,,,PRESENCIAL,09/05/2023
TXN_2989533,SALADA,5,5.0,25.0,,PARA VIAGEM,30/01/2023
TXN_3734446,,5,2.0,10.0,CARTEIRA DIGITAL,,16/04/2023
TXN_9517380,CHÁ,4,,6.0,DINHEIRO,,29/10/2023
TXN_3599216,,,1.5,1.5,DINHEIRO,PRESENCIAL,21/09/2023
TXN_1363508,SALADA,4,5.0,20.0,DINHEIRO,,08/08/2023
TXN_7969017,CHÁ,3,1.5,4.5,CARTEIRA DIGITAL,,17/02/2023
TXN_6987705,BISCOITO,5,1.0,5.0,DINHEIRO,,04/06/2023
TXN_8490157,SALADA,2,5.0,10.0,CARTÃO DE CRÉDITO,PRESENCIAL,06/09/2023
TXN_7878395,SALADA,3,5.0,15.0,CARTÃO DE CRÉDITO,PRESENCIAL,26/05/2023
TXN_1672632,,3,5.0,15.0,CARTEIRA DIGITAL,,04/07/2023
TXN_9216314,BOLO,1,3.0,3.0,CARTÃO DE CRÉDITO,,07/03/2023
TXN_1647144,SALADA,2,,10.0,,PARA VIAGEM,29/08/2023
TXN_4090464,LANCHE,5,4.0,20.0,DINHEIRO,PARA VIAGEM,16/01/2023
TXN_2172301,BISCOITO,4,1.0,4.0,CARTEIRA DIGITAL,PARA VIAGEM,06/04/2023
TXN_3730077,BISCOITO,2,1.0,2.0,CARTÃO DE CRÉDITO,,08/07/2023
TXN_8253046,BOLO,1,3.0,3.0,,PRESENCIAL,20/12/2023
TXN_2901304,BISCOITO,3,1.0,3.0,,,01/07/2023
TXN_6198799,SALADA,1,,5.0,,,27/05/2023
TXN_9910573,SALADA,2,5.0,,,PARA VIAGEM,28/01/2023
TXN_3680192,SALADA,4,5.0,20.0,CARTEIRA DIGITAL,PARA VIAGEM,20/05/2023
TXN_9268974,LANCHE,2,4.0,8.0,CARTEIRA DIGITAL,PARA VIAGEM,29/10/2023
TXN_7435796,CAFÉ,2,2.0,4.0,DINHEIRO,PRESENCIAL,03/11/2023
TXN_1882390,BISCOITO,1,1.0,1.0,,PARA VIAGEM,22/05/2023
TXN_2465074,VITAMINA,1,4.0,,CARTEIRA DIGITAL,,29/09/2023
TXN_8038871,SUCO,5,3.0,15.0,CARTEIRA DIGITAL,,09/06/2023
TXN_1269172,LANCHE,1,4.0,4.0,DINHEIRO,,22/08/2023
TXN_4564556,CAFÉ,3,2.0,6.0,CARTÃO DE CRÉDITO,,21/11/2023
TXN_8139533,VITAMINA,1,,4.0,DINHEIRO,PRESENCIAL,21/09/2023
TXN_1998401,,1,4.0,4.0,DINHEIRO,,17/09/2023
TXN_9327493,,1,2.0,2.0,,,27/03/2023
TXN_7349319,BISCOITO,3,1.0,3.0,CARTEIRA DIGITAL,,10/03/2023
TXN_7294526,VITAMINA,5,4.0,20.0,CARTEIRA DIGITAL,PARA VIAGEM,02/12/2023
TXN_5618976,CAFÉ,2,2.0,4.0,DINHEIRO,PARA VIAGEM,05/12/2023
TXN_3964398,BOLO,4,3.0,12.0,CARTÃO DE CRÉDITO,PARA VIAGEM,20/10/2023
TXN_4372163,LANCHE,1,4.0,4.0,,,10/03/2023
TXN_7242133,CAFÉ,3,2.0,6.0,,,20/05/2023
TXN_7083168,BISCOITO,4,1.0,4.0,,PARA VIAGEM,01/06/2023
TXN_5107006,,4,1.0,4.0,,,18/04/2023
TXN_1210183,CHÁ,3,1.5,4.5,,PRESENCIAL,23/01/2023
TXN_3419352,SALADA,3,5.0,15.0,CARTEIRA DIGITAL,PRESENCIAL,22/10/2023
TXN_1900036,BISCOITO,1,1.0,1.0,,,20/12/2023
TXN_7497565,BISCOITO,4,1.0,4.0,,PARA VIAGEM,07/10/2023
TXN_6851735,,1,1.0,1.0,CARTEIRA DIGITAL,,17/01/2023
TXN_6716918,CAFÉ,2,2.0,4.0,,,10/04/2023
TXN_6654975,SALADA,3,5.0,15.0,,PRESENCIAL,11/08/2023
TXN_9184804,BISCOITO,2,,2.0,CARTEIRA DIGITAL,,08/11/2023
TXN_9100063,LANCHE,2,4.0,8.0,,PRESENCIAL,16/09/2023
TXN_6202631,CHÁ,2,1.5,3.0,CARTEIRA DIGITAL,PARA VIAGEM,29/07/2023
TXN_1868447,CHÁ,3,1.5,4.5,DINHEIRO,,30/09/2023
TXN_4726531,SALADA,5,5.0,25.0,DINHEIRO,PARA VIAGEM,09/09/2023
TXN_8640655,CAFÉ,3,2.0,6.0,,,27/12/2023
TXN_8377812,CHÁ,2,1.5,3.0,CARTEIRA DIGITAL,PRESENCIAL,27/03/2023
TXN_2603561,CAFÉ,3,2.0,6.0,CARTEIRA DIGITAL,,25/04/2023
TXN_9822173,BOLO,5,3.0,15.0,CARTEIRA DIGITAL,,22/05/2023
TXN_2163150,SALADA,1,5.0,5.0,DINHEIRO,PRESENCIAL,25/08/2023
TXN_2371464,VITAMINA,4,4.0,16.0,DINHEIRO,PRESENCIAL,20/09/2023
TXN_3389521,SALADA,5,,25.0,CARTEIRA DIGITAL,,10/02/2023
TXN_8916290,SALADA,5,5.0,25.0,CARTEIRA DIGITAL,,08/07/2023
TXN_6130281,,2,4.0,8.0,DINHEIRO,,18/01/2023
TXN_2505416,BISCOITO,,1.0,2.0,,,18/05/2023
TXN_8275626,CAFÉ,2,2.0,4.0,,PARA VIAGEM,10/09/2023
TXN_9803409,BISCOITO,4,1.0,4.0,,PRESENCIAL,24/01/2023
TXN_3094597,LANCHE,4,4.0,16.0,,,11/03/2023
TXN_5276842,CAFÉ,2,2.0,4.0,CARTEIRA DIGITAL,PARA VIAGEM,26/06/2023
TXN_1367003,SALADA,5,5.0,25.0,DINHEIRO,PRESENCIAL,10/11/2023
TXN_1752992,,3,2.0,6.0,,,12/12/2023
TXN_5716276,,4,1.5,6.0,CARTEIRA DIGITAL,,12/09/2023
TXN_5696844,BISCOITO,2,1.0,2.0,,PRESENCIAL,29/01/2023
TXN_5672156,BISCOITO,2,,2.0,CARTÃO DE CRÉDITO,PRESENCIAL,05/07/2023
TXN_6480646,,2,1.5,3.0,,PARA VIAGEM,28/10/2023
TXN_1603051,,4,1.0,4.0,CARTÃO DE CRÉDITO,PARA VIAGEM,21/03/2023
TXN_6293225,BOLO,4,3.0,12.0,DINHEIRO,,02/07/2023
TXN_6567880,LANCHE,5,,20.0,CARTÃO DE CRÉDITO,,15/08/2023
TXN_6355620,BISCOITO,1,,1.0,DINHEIRO,,18/06/2023
TXN_3466686,VITAMINA,3,4.0,12.0,CARTEIRA DIGITAL,PARA VIAGEM,03/09/2023
TXN_6064301,BISCOITO,1,1.0,1.0,CARTÃO DE CRÉDITO,PARA VIAGEM,12/07/2023
TXN_5005674,SALADA,4,5.0,20.0,CARTÃO DE CRÉDITO,PRESENCIAL,03/10/2023
TXN_1714471,SUCO,4,3.0,12.0,DINHEIRO,PARA VIAGEM,17/08/2023
TXN_5420062,,4,5.0,20.0,DINHEIRO,PRESENCIAL,06/06/2023
TXN_6377813,SALADA,2,5.0,10.0,CARTÃO DE CRÉDITO,,07/08/2023
TXN_3271393,VITAMINA,4,4.0,16.0,DINHEIRO,PRESENCIAL,
TXN_2857444,VITAMINA,1,,,DINHEIRO,PARA VIAGEM,10/05/2023
TXN_1064565,SUCO,4,3.0,12.0,CARTEIRA DIGITAL,PRESENCIAL,14/03/2023
TXN_1784150,,3,1.0,,,,10/03/2023
TXN_9104545,SUCO,2,3.0,6.0,CARTEIRA DIGITAL,PARA VIAGEM,19/03/2023
TXN_2108125,CAFÉ,1,2.0,2.0,CARTÃO DE CRÉDITO,PRESENCIAL,06/10/2023
TXN_7795324,SALADA,2,5.0,10.0,,,28/06/2023
TXN_1203191,CAFÉ,5,2.0,10.0,,PRESENCIAL,12/10/2023
TXN_8743849,SUCO,2,3.0,6.0,CARTEIRA DIGITAL,PARA VIAGEM,04/05/2023
TXN_8588231,BOLO,4,3.0,12.0,,PARA VIAGEM,02/09/2023
TXN_6324818,SALADA,5,5.0,25.0,,,26/06/2023
TXN_4536827,BISCOITO,3,,3.0,CARTEIRA DIGITAL,PARA VIAGEM,14/10/2023
TXN_6226704,,4,2.0,8.0,CARTEIRA DIGITAL,PRESENCIAL,07/09/2023
TXN_2693108,BISCOITO,3,1.0,,DINHEIRO,PRESENCIAL,18/11/2023
TXN_6234070,VITAMINA,2,4.0,8.0,CARTÃO DE CRÉDITO,PARA VIAGEM,31/01/2023
TXN_9816901,CAFÉ,2,2.0,4.0,DINHEIRO,,07/12/2023
TXN_9489495,CAFÉ,1,2.0,2.0,CARTÃO DE CRÉDITO,,20/05/2023
TXN_7637178,CAFÉ,3,2.0,6.0,CARTEIRA DIGITAL,PARA VIAGEM,26/05/2023
TXN_1281536,VITAMINA,5,4.0,20.0,CARTEIRA DIGITAL,PRESENCIAL,19/03/2023
TXN_2591969,SALADA,,5.0,20.0,CARTÃO DE CRÉDITO,PRESENCIAL,
TXN_8736069,CHÁ,5,1.5,7.5,DINHEIRO,PARA VIAGEM,06/07/2023
TXN_7975336,CHÁ,5,1.5,,CARTÃO DE CRÉDITO,PARA VIAGEM,03/12/2023
TXN_9278090,BOLO,5,3.0,15.0,CARTÃO DE CRÉDITO,,28/12/2023
TXN_8939048,BISCOITO,3,1.0,3.0,CARTEIRA DIGITAL,,
TXN_1193809,CHÁ,3,1.5,4.5,CARTEIRA DIGITAL,,21/01/2023
TXN_9281710,SUCO,3,3.0,9.0,CARTÃO DE CRÉDITO,PRESENCIAL,05/08/2023
TXN_3784001,LANCHE,1,4.0,4.0,,PARA VIAGEM,
TXN_3291149,CAFÉ,5,2.0,10.0,,,09/12/2023
TXN_3596270,CAFÉ,,2.0,8.0,CARTÃO DE CRÉDITO,PARA VIAGEM,05/05/2023
TXN_8172182,BOLO,2,3.0,6.0,,,22/06/2023
TXN_3902135,CHÁ,4,1.5,6.0,CARTÃO DE CRÉDITO,,20/06/2023
TXN_9007414,BOLO,3,3.0,9.0,DINHEIRO,,08/12/2023
TXN_9131337,LANCHE,4,4.0,16.0,CARTÃO DE CRÉDITO,PARA VIAGEM,24/05/2023
TXN_2278015,CHÁ,2,1.5,3.0,CARTEIRA DIGITAL,PRESENCIAL,10/04/2023
TXN_1077060,CAFÉ,3,2.0,6.0,,PARA VIAGEM,22/08/2023
TXN_9362728,LANCHE,1,4.0,4.0,,PRESENCIAL,26/12/2023
TXN_6471185,SUCO,,3.0,15.0,,PRESENCIAL,17/03/2023
TXN_5677927,,5,5.0,25.0,CARTEIRA DIGITAL,,20/12/2023
TXN_6177081,BISCOITO,,,1.0,DINHEIRO,,26/07/2023
TXN_9281586,LANCHE,5,4.0,20.0,,,20/05/2023
TXN_8721484,,4,2.0,8.0,,,03/04/2023
TXN_9350427,SUCO,5,3.0,15.0,,,24/01/2023
TXN_7860054,CHÁ,5,1.5,7.5,CARTÃO DE CRÉDITO,PRESENCIAL,07/02/2023
TXN_9233730,CHÁ,5,1.5,7.5,CARTÃO DE CRÉDITO,,28/05/2023
TXN_8304399,CHÁ,2,1.5,3.0,DINHEIRO,PRESENCIAL,08/06/2023
TXN_1538515,SUCO,4,3.0,12.0,DINHEIRO,,11/06/2023
TXN_9774251,,2,3.0,6.0,CARTEIRA DIGITAL,PARA VIAGEM,16/06/2023
TXN_4565233,SALADA,3,5.0,15.0,CARTÃO DE CRÉDITO,PRESENCIAL,16/11/2023
TXN_6898341,CHÁ,2,1.5,3.0,CARTÃO DE CRÉDITO,PRESENCIAL,21/08/2023
TXN_1016246,CAFÉ,1,2.0,2.0,,,19/01/2023
TXN_9160109,BOLO,1,3.0,3.0,CARTÃO DE CRÉDITO,,03/08/2023
TXN_1082012,VITAMINA,5,4.0,20.0,CARTÃO DE CRÉDITO,,04/01/2023
TXN_8325464,,5,4.0,20.0,CARTÃO DE CRÉDITO,PARA VIAGEM,02/08/2023
TXN_7322436,LANCHE,3,4.0,12.0,CARTEIRA DIGITAL,PRESENCIAL,29/06/2023
TXN_1733916,LANCHE,4,4.0,16.0,CARTEIRA DIGITAL,PRESENCIAL,12/01/2023
TXN_6068564,BOLO,4,3.0,,CARTÃO DE CRÉDITO,PARA VIAGEM,28/09/2023
TXN_7023753,CAFÉ,,2.0,10.0,CARTÃO DE CRÉDITO,PARA VIAGEM,16/05/2023
TXN_4507630,VITAMINA,2,4.0,8.0,,PARA VIAGEM,11/05/2023
TXN_5037728,VITAMINA,,4.0,12.0,CARTÃO DE CRÉDITO,,18/08/2023
TXN_4577234,,4,3.0,12.0,,PRESENCIAL,09/06/2023
TXN_6309570,VITAMINA,1,4.0,4.0,CARTEIRA DIGITAL,PRESENCIAL,26/09/2023
TXN_7587652,,1,3.0,3.0,DINHEIRO,,23/08/2023
TXN_1118799,,4,4.0,,CARTÃO DE CRÉDITO,PARA VIAGEM,19/09/2023
TXN_5738282,BOLO,4,3.0,12.0,CARTÃO DE CRÉDITO,PRESENCIAL,
TXN_8192063,SUCO,4,3.0,12.0,DINHEIRO,,06/02/2023
TXN_2687593,,5,3.0,15.0,,PARA VIAGEM,27/06/2023
TXN_1603563,BOLO,4,3.0,12.0,,PARA VIAGEM,13/04/2023
TXN_6346483,CAFÉ,1,2.0,2.0,CARTÃO DE CRÉDITO,,08/06/2023
TXN_3499910,BISCOITO,4,1.0,4.0,CARTÃO DE CRÉDITO,PARA VIAGEM,29/09/2023
TXN_8616276,,2,,3.0,CARTEIRA DIGITAL,PARA VIAGEM,22/07/2023
TXN_5941840,BISCOITO,4,1.0,4.0,,,01/04/2023
TXN_6249023,SUCO,1,3.0,3.0,CARTÃO DE CRÉDITO,,03/11/2023
TXN_8620426,BISCOITO,3,1.0,3.0,CARTÃO DE CRÉDITO,PARA VIAGEM,28/11/2023
TXN_2037742,BOLO,4,3.0,12.0,CARTEIRA DIGITAL,PRESENCIAL,14/11/2023
TXN_7013527,SALADA,2,5.0,10.0,CARTÃO DE CRÉDITO,PRESENCIAL,18/05/2023
TXN_2798420,CHÁ,5,1.5,7.5,CARTEIRA DIGITAL,PARA VIAGEM,17/03/2023
TXN_6500126,VITAMINA,2,,,,,
TXN_8106064,BISCOITO,,1.0,1.0,,,17/06/2023
TXN_5483442,CHÁ,,1.5,7.5,DINHEIRO,,03/04/2023
TXN_3926570,CAFÉ,3,2.0,6.0,,,04/09/2023
TXN_9489442,,3,2.0,6.0,CARTÃO DE CRÉDITO,PARA VIAGEM,06/02/2023
TXN_5506907,BISCOITO,2,1.0,2.0,DINHEIRO,PARA VIAGEM,08/12/2023
TXN_8155325,,5,2.0,10.0,CARTEIRA DIGITAL,PRESENCIAL,27/11/2023
TXN_5353468,CHÁ,2,1.5,3.0,CARTÃO DE CRÉDITO,PRESENCIAL,30/11/2023
TXN_2111293,VITAMINA,3,4.0,12.0,,PARA VIAGEM,29/05/2023
TXN_2101632,LANCHE,4,4.0,16.0,,PARA VIAGEM,12/06/2023
TXN_3355537,CHÁ,3,1.5,4.5,CARTEIRA DIGITAL,,09/01/2023
TXN_4594866,BISCOITO,1,1.0,1.0,CARTEIRA DIGITAL,,24/03/2023
TXN_7485712,LANCHE,4,4.0,16.0,DINHEIRO,PRESENCIAL,15/04/2023
TXN_4848431,SALADA,5,5.0,25.0,CARTÃO DE CRÉDITO,,09/01/2023
TXN_7352058,CAFÉ,2,2.0,4.0,,PARA VIAGEM,24/08/2023
TXN_3442244,BOLO,4,3.0,12.0,,PARA VIAGEM,13/05/2023
TXN_9810868,BISCOITO,1,1.0,1.0,CARTÃO DE CRÉDITO,PARA VIAGEM,05/10/2023
TXN_1430778,,1,1.5,1.5,CARTÃO DE CRÉDITO,PARA VIAGEM,26/05/2023
TXN_4837909,BOLO,5,3.0,15.0,,PARA VIAGEM,19/11/2023
TXN_4722816,SALADA,4,5.0,20.0,DINHEIRO,PRESENCIAL,19/10/2023
TXN_1833012,SALADA,3,5.0,15.0,CARTEIRA DIGITAL,,16/08/2023
TXN_6933222,CHÁ,1,1.5,1.5,DINHEIRO,,22/01/2023
TXN_7737862,BISCOITO,2,1.0,2.0,CARTÃO DE CRÉDITO,,29/08/2023
TXN_7814690,VITAMINA,1,4.0,4.0,CARTÃO DE CRÉDITO,PARA VIAGEM,10/05/2023
TXN_8880299,,1,1.5,1.5,,,16/11/2023
TXN_6083650,CAFÉ,2,2.0,4.0,CARTEIRA DIGITAL,PARA VIAGEM,01/07/2023
TXN_8342990,CHÁ,1,1.5,1.5,CARTEIRA DIGITAL,PARA VIAGEM,23/04/2023
TXN_4407959,CHÁ,1,1.5,1.5,CARTEIRA DIGITAL,PARA VIAGEM,28/01/2023
TXN_4382970,CHÁ,,1.5,1.5,,PRESENCIAL,04/06/2023
TXN_3422759,SALADA,5,5.0,25.0,CARTÃO DE CRÉDITO,PARA VIAGEM,19/02/2023
TXN_1074435,CAFÉ,1,2.0,2.0,,PRESENCIAL,25/11/2023
TXN_8164332,CHÁ,4,1.5,6.0,DINHEIRO,PARA VIAGEM,22/04/2023
TXN_1912525,,4,4.0,16.0,DINHEIRO,PARA VIAGEM,25/11/2023
TXN_9715885,VITAMINA,4,4.0,16.0,,PRESENCIAL,16/06/2023
TXN_1583983,CHÁ,3,1.5,4.5,CARTÃO DE CRÉDITO,,02/03/2023
TXN_3634860,SUCO,5,3.0,15.0,CARTÃO DE CRÉDITO,,28/05/2023
TXN_5732357,CHÁ,5,1.5,7.5,CARTÃO DE CRÉDITO,,06/05/2023
TXN_2379052,,1,5.0,5.0,,,16/02/2023
TXN_7502273,,5,2.0,10.0,,PRESENCIAL,14/11/2023
TXN_2567222,CAFÉ,3,2.0,6.0,,PARA VIAGEM,09/09/2023
TXN_3166181,BISCOITO,3,1.0,3.0,CARTÃO DE CRÉDITO,PRESENCIAL,21/05/2023
TXN_5644074,LANCHE,2,,8.0,CARTEIRA DIGITAL,PRESENCIAL,08/11/2023
TXN_5173881,BISCOITO,3,1.0,3.0,DINHEIRO,PARA VIAGEM,29/01/2023
TXN_2396923,BISCOITO,1,,1.0,CARTEIRA DIGITAL,,02/11/2023
TXN_7249235,,3,4.0,12.0,DINHEIRO,,27/05/2023
TXN_9612877,VITAMINA,1,4.0,4.0,DINHEIRO,PRESENCIAL,07/03/2023
TXN_4841285,CHÁ,2,1.5,3.0,CARTÃO DE CRÉDITO,,04/05/2023
TXN_1263426,LANCHE,2,,8.0,,,20/10/2023
TXN_5293518,LANCHE,3,,12.0,,PRESENCIAL,16/07/2023
TXN_4296204,SALADA,5,5.0,25.0,CARTEIRA DIGITAL,PRESENCIAL,28/11/2023
TXN_7180164,LANCHE,,4.0,20.0,DINHEIRO,PARA VIAGEM,05/01/2023
TXN_6478978,SUCO,3,3.0,9.0,CARTÃO DE CRÉDITO,PARA VIAGEM,27/10/2023
TXN_2030107,SUCO,4,3.0,12.0,,PARA VIAGEM,03/01/2023
TXN_4897182,BOLO,3,3.0,9.0,DINHEIRO,PARA VIAGEM,26/11/2023
TXN_4612269,SALADA,5,,25.0,,,09/01/2023
TXN_7630750,SUCO,2,3.0,6.0,CARTEIRA DIGITAL,PRESENCIAL,16/03/2023
TXN_6380978,CHÁ,1,1.5,1.5,DINHEIRO,,31/12/2023
TXN_3744974,,1,3.0,3.0,,PRESENCIAL,09/01/2023
TXN_7551023,SALADA,5,5.0,25.0,DINHEIRO,,06/10/2023
TXN_2629168,SUCO,1,3.0,3.0,CARTÃO DE CRÉDITO,,
TXN_6416741,CAFÉ,,2.0,8.0,DINHEIRO,,03/12/2023
TXN_1269252,BOLO,1,3.0,3.0,CARTEIRA DIGITAL,PARA VIAGEM,18/07/2023
TXN_2377708,BISCOITO,1,1.0,1.0,,PARA VIAGEM,03/01/2023
TXN_3193212,BOLO,1,3.0,3.0,DINHEIRO,PRESENCIAL,23/11/2023
TXN_1427963,CAFÉ,1,2.0,2.0,DINHEIRO,,14/10/2023
TXN_3391446,CHÁ,1,1.5,1.5,,PARA VIAGEM,14/01/2023
TXN_4849180,,5,,15.0,CARTÃO DE CRÉDITO,PRESENCIAL,14/10/2023
TXN_2370338,BOLO,4,3.0,12.0,CARTÃO DE CRÉDITO,PARA VIAGEM,30/10/2023
TXN_8628848,SUCO,1,3.0,3.0,CARTÃO DE CRÉDITO,PRESENCIAL,29/01/2023
TXN_4294955,SALADA,5,5.0,25.0,,,19/10/2023
TXN_6894703,BISCOITO,1,1.0,1.0,CARTEIRA DIGITAL,,06/06/2023
TXN_9926931,BISCOITO,5,1.0,,,PARA VIAGEM,26/01/2023
TXN_9681369,SALADA,5,5.0,25.0,,,23/10/2023
TXN_9246948,BOLO,5,3.0,15.0,CARTÃO DE CRÉDITO,,11/11/2023
TXN_8519330,BISCOITO,4,1.0,4.0,,,18/03/2023
TXN_1720329,BISCOITO,2,1.0,,DINHEIRO,,06/04/2023
TXN_9859715,VITAMINA,5,4.0,20.0,,,11/07/2023
TXN_2805332,BOLO,4,3.0,12.0,DINHEIRO,,10/08/2023
TXN_4807265,LANCHE,3,4.0,12.0,CARTEIRA DIGITAL,,19/11/2023
TXN_5275315,VITAMINA,2,4.0,8.0,CARTEIRA DIGITAL,PRESENCIAL,19/01/2023
TXN_7423281,SUCO,1,3.0,3.0,CARTEIRA DIGITAL,,01/06/2023
TXN_9764251,BISCOITO,4,1.0,4.0,,PARA VIAGEM,18/06/2023
TXN_1034956,LANCHE,4,4.0,16.0,DINHEIRO,PRESENCIAL,
TXN_9272043,BOLO,4,3.0,12.0,,,20/04/2023
TXN_5591048,,3,2.0,6.0,,PRESENCIAL,15/01/2023
TXN_4455667,LANCHE,2,4.0,8.0,CARTÃO DE CRÉDITO,,13/08/2023
TXN_9945729,,2,5.0,10.0,CARTEIRA DIGITAL,,03/02/2023
TXN_8124663,LANCHE,2,4.0,8.0,CARTÃO DE CRÉDITO,PARA VIAGEM,15/10/2023
TXN_1769466,,5,2.0,10.0,CARTEIRA DIGITAL,PARA VIAGEM,01/08/2023
TXN_3209184,SALADA,,5.0,20.0,DINHEIRO,PARA VIAGEM,19/03/2023
TXN_6717074,CHÁ,3,1.5,4.5,CARTEIRA DIGITAL,PARA VIAGEM,12/06/2023
TXN_2833327,,3,2.0,6.0,DINHEIRO,,05/07/2023
TXN_3856021,SALADA,1,5.0,5.0,CARTÃO DE CRÉDITO,,24/02/2023
TXN_2902289,CHÁ,5,1.5,7.5,CARTÃO DE CRÉDITO,PRESENCIAL,16/12/2023
TXN_9456575,CHÁ,5,1.5,7.5,DINHEIRO,,10/06/2023
TXN_9231214,CHÁ,4,1.5,6.0,CARTEIRA DIGITAL,PARA VIAGEM,24/05/2023
TXN_6935106,CHÁ,5,1.5,7.5,,PRESENCIAL,
TXN_2005789,SUCO,3,3.0,9.0,CARTÃO DE CRÉDITO,PARA VIAGEM,13/03/2023
TXN_4814965,SALADA,2,5.0,10.0,CARTEIRA DIGITAL,,23/07/2023
TXN_5656252,LANCHE,4,4.0,16.0,,PARA VIAGEM,04/08/2023
TXN_6739950,SALADA,,5.0,20.0,CARTÃO DE CRÉDITO,PRESENCIAL,04/03/2023
TXN_1165762,,3,2.0,6.0,CARTÃO DE CRÉDITO,,22/10/2023
TXN_1122700,SALADA,5,5.0,,CARTEIRA DIGITAL,PRESENCIAL,09/11/2023
TXN_6441337,CAFÉ,5,2.0,10.0,,PARA VIAGEM,22/02/2023
TXN_9134335,BOLO,3,3.0,9.0,CARTEIRA DIGITAL,PARA VIAGEM,30/01/2023
TXN_7278970,SALADA,2,5.0,10.0,,PRESENCIAL,15/08/2023
TXN_7376255,,,,25.0,,PRESENCIAL,27/05/2023
TXN_1075969,BISCOITO,2,1.0,2.0,CARTEIRA DIGITAL,,13/08/2023
TXN_1972843,CAFÉ,2,2.0,4.0,,,20/02/2023
TXN_9546951,LANCHE,4,4.0,16.0,,,14/12/2023
TXN_2336946,LANCHE,4,4.0,16.0,,,29/05/2023
TXN_4219548,CAFÉ,5,2.0,10.0,,PARA VIAGEM,24/07/2023
TXN_5799196,LANCHE,3,4.0,12.0,CARTEIRA DIGITAL,,03/12/2023
TXN_3337203,VITAMINA,3,4.0,12.0,,PARA VIAGEM,16/11/2023
TXN_4561006,SUCO,3,3.0,9.0,CARTÃO DE CRÉDITO,,23/11/2023
TXN_6652858,SALADA,5,5.0,25.0,CARTÃO DE CRÉDITO,PRESENCIAL,13/09/2023
TXN_5932892,SUCO,4,3.0,12.0,CARTEIRA DIGITAL,PRESENCIAL,19/11/2023
TXN_7466586,SALADA,4,5.0,20.0,CARTEIRA DIGITAL,PARA VIAGEM,02/04/2023
TXN_4207981,VITAMINA,1,4.0,4.0,CARTEIRA DIGITAL,PRESENCIAL,17/03/2023
TXN_2771482,SALADA,4,5.0,20.0,CARTÃO DE CRÉDITO,,03/02/2023
TXN_9450903,VITAMINA,3,4.0,12.0,CARTEIRA DIGITAL,,07/04/2023
TXN_1165779,BISCOITO,4,1.0,4.0,CARTEIRA DIGITAL,PARA VIAGEM,30/06/2023
TXN_8205635,BOLO,5,3.0,15.0,CARTÃO DE CRÉDITO,,
TXN_1984966,,2,1.5,3.0,CARTÃO DE CRÉDITO,PARA VIAGEM,31/03/2023
TXN_4607933,VITAMINA,2,4.0,8.0,CARTÃO DE CRÉDITO,PRESENCIAL,22/09/2023
TXN_3486178,BOLO,5,3.0,15.0,DINHEIRO,,09/06/2023
TXN_2324227,BISCOITO,1,1.0,1.0,CARTEIRA DIGITAL,PRESENCIAL,07/06/2023
TXN_2452819,BISCOITO,3,1.0,3.0,CARTÃO DE CRÉDITO,PRESENCIAL,31/07/2023
TXN_2342256,CHÁ,3,1.5,4.5,,,
TXN_4789193,SUCO,3,3.0,9.0,,,21/02/2023
TXN_5743519,VITAMINA,2,4.0,,DINHEIRO,,23/05/2023
TXN_1783857,CAFÉ,2,,4.0,CARTEIRA DIGITAL,PRESENCIAL,29/11/2023
TXN_6269540,,,4.0,12.0,,,06/12/2023
TXN_8106538,CAFÉ,3,,6.0,CARTEIRA DIGITAL,,09/07/2023
TXN_6732494,CAFÉ,2,2.0,4.0,CARTÃO DE CRÉDITO,PARA VIAGEM,18/03/2023
TXN_3828620,,1,5.0,5.0,,PRESENCIAL,15/10/2023
TXN_9958548,CHÁ,4,1.5,6.0,,PRESENCIAL,
TXN_5458161,LANCHE,1,4.0,4.0,CARTEIRA DIGITAL,PARA VIAGEM,19/07/2023
TXN_1518379,SUCO,4,3.0,12.0,,PRESENCIAL,12/08/2023
TXN_9097840,CHÁ,3,1.5,4.5,CARTÃO DE CRÉDITO,,06/02/2023
TXN_5747094,SUCO,2,3.0,6.0,CARTEIRA DIGITAL,PARA VIAGEM,11/05/2023
TXN_9782087,LANCHE,4,4.0,16.0,CARTÃO DE CRÉDITO,PRESENCIAL,27/07/2023
TXN_5824950,CAFÉ,1,2.0,2.0,CARTÃO DE CRÉDITO,PRESENCIAL,06/12/2023
TXN_6682782,BISCOITO,5,1.0,5.0,DINHEIRO,PRESENCIAL,15/12/2023
TXN_2468359,,2,5.0,10.0,,,20/07/2023
TXN_1902038,,4,2.0,8.0,CARTÃO DE CRÉDITO,PARA VIAGEM,07/04/2023
TXN_9405019,BOLO,5,3.0,15.0,,,
TXN_7210366,BOLO,2,3.0,6.0,CARTEIRA DIGITAL,,25/03/2023
TXN_6327785,,3,1.5,4.5,CARTÃO DE CRÉDITO,,20/11/2023
TXN_3206293,BISCOITO,5,1.0,5.0,CARTEIRA DIGITAL,PARA VIAGEM,04/05/2023
TXN_5827969,SALADA,5,5.0,25.0,CARTEIRA DIGITAL,,03/07/2023
TXN_6999471,,1,3.0,3.0,,,07/08/2023
TXN_2859077,VITAMINA,3,4.0,12.0,CARTEIRA DIGITAL,PARA VIAGEM,31/01/2023
TXN_3643361,CHÁ,1,1.5,,DINHEIRO,,12/01/2023
TXN_8066306,BOLO,5,3.0,15.0,CARTEIRA DIGITAL,PARA VIAGEM,07/01/2023
TXN_2260351,CAFÉ,3,2.0,6.0,DINHEIRO,,26/10/2023
TXN_5224275,BISCOITO,4,1.0,4.0,CARTÃO DE CRÉDITO,PRESENCIAL,17/12/2023
TXN_3842567,SALADA,1,5.0,5.0,CARTÃO DE CRÉDITO,PRESENCIAL,13/03/2023
TXN_8515063,,3,1.0,3.0,,PARA VIAGEM,06/12/2023
TXN_2188137,,1,1.5,1.5,CARTÃO DE CRÉDITO,,15/01/2023
TXN_3104589,,2,1.0,2.0,DINHEIRO,PARA VIAGEM,01/03/2023
TXN_9638367,CAFÉ,1,2.0,2.0,,,22/07/2023
TXN_8742742,BOLO,4,3.0,12.0,,,07/03/2023
TXN_5687012,SALADA,2,5.0,10.0,DINHEIRO,,12/03/2023
TXN_5784372,SALADA,2,,10.0,DINHEIRO,,23/05/2023
TXN_2737300,BOLO,,3.0,3.0,,PRESENCIAL,25/12/2023
TXN_5905025,BISCOITO,4,1.0,4.0,,PARA VIAGEM,08/03/2023
TXN_6602557,BOLO,4,3.0,12.0,DINHEIRO,PARA VIAGEM,06/02/2023
TXN_8065180,VITAMINA,5,4.0,20.0,CARTEIRA DIGITAL,PARA VIAGEM,07/06/2023
TXN_4448424,SALADA,4,,20.0,CARTEIRA DIGITAL,,31/01/2023
TXN_3396099,CAFÉ,1,2.0,2.0,CARTEIRA DIGITAL,PRESENCIAL,06/04/2023
TXN_2693431,SALADA,2,5.0,10.0,CARTEIRA DIGITAL,,20/05/2023
TXN_7767493,LANCHE,5,4.0,20.0,CARTÃO DE CRÉDITO,PRESENCIAL,20/02/2023
TXN_2954575,CHÁ,2,1.5,3.0,CARTEIRA DIGITAL,PARA VIAGEM,14/11/2023
TXN_8983868,,5,2.0,10.0,CARTÃO DE CRÉDITO,,10/03/2023
TXN_3540841,,,1.5,4.5,CARTÃO DE CRÉDITO,PRESENCIAL,22/03/2023
TXN_8933027,SUCO,5,3.0,15.0,CARTÃO DE CRÉDITO,,14/07/2023
TXN_5763287,BOLO,2,,6.0,CARTÃO DE CRÉDITO,,27/06/2023
TXN_7272945,VITAMINA,4,4.0,16.0,,PARA VIAGEM,13/04/2023
TXN_8511110,CHÁ,3,1.5,4.5,,,17/10/2023
TXN_9307650,CAFÉ,3,2.0,6.0,,PARA VIAGEM,22/02/2023
TXN_1812185,SUCO,2,3.0,6.0,CARTEIRA DIGITAL,,21/09/2023
TXN_2134650,SUCO,4,3.0,12.0,CARTEIRA DIGITAL,PARA VIAGEM,11/02/2023
TXN_7899761,SUCO,2,3.0,6.0,,PRESENCIAL,08/10/2023
TXN_6785552,SUCO,5,3.0,15.0,DINHEIRO,,19/01/2023
TXN_8794205,BOLO,4,3.0,12.0,CARTÃO DE CRÉDITO,PARA VIAGEM,22/10/2023
TXN_2464879,BOLO,2,3.0,6.0,CARTÃO DE CRÉDITO,,11/10/2023
TXN_8294790,BISCOITO,1,1.0,1.0,CARTEIRA DIGITAL,PARA VIAGEM,01/09/2023
TXN_4207219,BOLO,1,3.0,3.0,DINHEIRO,PRESENCIAL,16/09/2023
TXN_1921415,BOLO,1,3.0,3.0,DINHEIRO,PARA VIAGEM,03/11/2023
TXN_7122109,CAFÉ,5,2.0,10.0,,PARA VIAGEM,19/05/2023
TXN_3601338,BOLO,3,3.0,9.0,CARTÃO DE CRÉDITO,,06/03/2023
TXN_7403839,CAFÉ,1,2.0,2.0,,,23/12/2023
TXN_3709876,CAFÉ,1,2.0,2.0,CARTÃO DE CRÉDITO,PARA VIAGEM,04/11/2023
TXN_6063689,BISCOITO,3,1.0,3.0,DINHEIRO,PRESENCIAL,01/02/2023
TXN_8126762,CAFÉ,5,2.0,10.0,CARTEIRA DIGITAL,PARA VIAGEM,08/06/2023
TXN_5940531,CHÁ,1,1.5,1.5,,PRESENCIAL,11/01/2023
TXN_9844453,CHÁ,2,1.5,3.0,,,09/01/2023
TXN_5774784,BOLO,5,3.0,15.0,,PRESENCIAL,04/10/2023
TXN_6241682,LANCHE,3,4.0,12.0,,PRESENCIAL,07/09/2023
TXN_1235828,CHÁ,4,1.5,6.0,DINHEIRO,PARA VIAGEM,19/02/2023
TXN_9206403,BISCOITO,1,1.0,1.0,,PRESENCIAL,15/12/2023
TXN_8377178,CAFÉ,5,2.0,10.0,,,03/02/2023
TXN_8125141,CHÁ,3,1.5,4.5,,PARA VIAGEM,18/04/2023
TXN_9673343,,2,4.0,8.0,DINHEIRO,PRESENCIAL,22/06/2023
TXN_8734331,,3,1.5,4.5,,,17/05/2023
TXN_9565246,CAFÉ,5,2.0,10.0,DINHEIRO,,28/12/2023
TXN_9914747,CAFÉ,5,2.0,10.0,,,05/12/2023
TXN_6148776,CAFÉ,5,2.0,,,PARA VIAGEM,02/03/2023
TXN_4992510,BISCOITO,4,1.0,4.0,DINHEIRO,PRESENCIAL,26/01/2023
TXN_8384806,LANCHE,3,,12.0,,PARA VIAGEM,07/07/2023
TXN_6472826,SUCO,4,3.0,12.0,DINHEIRO,PRESENCIAL,11/04/2023
TXN_8131052,BISCOITO,1,1.0,1.0,CARTÃO DE CRÉDITO,PARA VIAGEM,16/09/2023
TXN_8425819,LANCHE,1,4.0,4.0,,,09/01/2023
TXN_8116619,VITAMINA,3,4.0,12.0,DINHEIRO,PRESENCIAL,
TXN_6636395,SUCO,4,3.0,12.0,DINHEIRO,PRESENCIAL,30/01/2023
TXN_2137354,CAFÉ,2,2.0,4.0,,,17/05/2023
TXN_3353615,CAFÉ,4,2.0,8.0,CARTÃO DE CRÉDITO,PARA VIAGEM,24/07/2023
TXN_2703095,SALADA,1,5.0,5.0,,,05/10/2023
TXN_7282082,LANCHE,4,4.0,16.0,,PRESENCIAL,02/02/2023
TXN_6705109,BOLO,3,3.0,9.0,DINHEIRO,PRESENCIAL,05/08/2023
TXN_1857902,LANCHE,5,4.0,20.0,,PARA VIAGEM,26/04/2023
TXN_5788053,LANCHE,5,4.0,20.0,CARTEIRA DIGITAL,,04/01/2023
TXN_8650185,VITAMINA,5,4.0,20.0,DINHEIRO,,13/06/2023
TXN_1171281,CAFÉ,2,2.0,4.0,CARTEIRA DIGITAL,,06/02/2023
TXN_9875865,BISCOITO,3,1.0,,CARTEIRA DIGITAL,,23/10/2023
TXN_6244602,BOLO,5,3.0,15.0,CARTEIRA DIGITAL,,06/05/2023
TXN_5093855,,4,,6.0,DINHEIRO,PARA VIAGEM,23/11/2023
TXN_5588102,,4,1.0,4.0,CARTÃO DE CRÉDITO,PRESENCIAL,14/01/2023
TXN_7762815,VITAMINA,5,4.0,20.0,CARTÃO DE CRÉDITO,,26/07/2023
TXN_8421481,CAFÉ,4,2.0,8.0,CARTEIRA DIGITAL,PARA VIAGEM,27/07/2023
TXN_3717307,BISCOITO,,1.0,1.0,CARTÃO DE CRÉDITO,PRESENCIAL,02/07/2023
TXN_6201227,SALADA,2,5.0,10.0,DINHEIRO,PARA VIAGEM,15/01/2023
TXN_9052231,LANCHE,1,4.0,4.0,CARTÃO DE CRÉDITO,PRESENCIAL,20/08/2023
TXN_8228865,SUCO,3,3.0,9.0,CARTEIRA DIGITAL,PRESENCIAL,19/09/2023
TXN_5875188,SALADA,3,5.0,15.0,CARTEIRA DIGITAL,PRESENCIAL,09/07/2023
TXN_7997704,LANCHE,2,4.0,,CARTEIRA DIGITAL,,28/04/2023
TXN_4409875,BOLO,3,3.0,9.0,CARTEIRA DIGITAL,,08/09/2023
TXN_4015427,BISCOITO,5,1.0,5.0,CARTÃO DE CRÉDITO,,05/08/2023
TXN_3358787,BOLO,1,3.0,3.0,CARTEIRA DIGITAL,,10/06/2023
TXN_8557847,,4,4.0,16.0,,PARA VIAGEM,02/09/2023
TXN_1307239,CAFÉ,1,2.0,2.0,CARTEIRA DIGITAL,PARA VIAGEM,26/10/2023
TXN_5138519,BOLO,5,3.0,15.0,DINHEIRO,PRESENCIAL,22/05/2023
TXN_8763436,SUCO,4,3.0,12.0,DINHEIRO,,11/04/2023
TXN_3067609,,4,5.0,,DINHEIRO,,25/12/2023
TXN_2450896,VITAMINA,1,4.0,4.0,CARTEIRA DIGITAL,PARA VIAGEM,
TXN_4052950,SALADA,2,5.0,10.0,CARTÃO DE CRÉDITO,,13/03/2023
TXN_2207332,CAFÉ,1,2.0,2.0,CARTÃO DE CRÉDITO,,12/01/2023
TXN_6633385,,2,3.0,6.0,CARTÃO DE CRÉDITO,PARA VIAGEM,12/02/2023
TXN_8302551,BOLO,4,3.0,12.0,,,
TXN_6710660,SALADA,2,5.0,10.0,DINHEIRO,PRESENCIAL,08/02/2023
TXN_9523369,CAFÉ,3,2.0,6.0,CARTEIRA DIGITAL,PARA VIAGEM,25/08/2023
TXN_3548756,SUCO,3,3.0,9.0,CARTEIRA DIGITAL,,24/02/2023
TXN_9332035,BISCOITO,2,1.0,2.0,CARTEIRA DIGITAL,,02/11/2023
TXN_7539774,SALADA,1,,5.0,,PRESENCIAL,12/02/2023
TXN_7846513,LANCHE,3,4.0,12.0,CARTÃO DE CRÉDITO,,19/10/2023
TXN_6188931,BOLO,5,3.0,15.0,CARTEIRA DIGITAL,PRESENCIAL,28/01/2023
TXN_6707466,SALADA,,5.0,10.0,CARTÃO DE CRÉDITO,,02/04/2023
TXN_4076392,CAFÉ,3,2.0,6.0,,PRESENCIAL,24/12/2023
TXN_2365394,BOLO,2,3.0,6.0,CARTEIRA DIGITAL,PRESENCIAL,06/04/2023
TXN_7089466,BISCOITO,4,1.0,4.0,,,26/12/2023
TXN_2898188,SALADA,4,5.0,20.0,CARTEIRA DIGITAL,PARA VIAGEM,26/04/2023
TXN_1632205,BISCOITO,4,1.0,4.0,,PRESENCIAL,04/02/2023
TXN_3741197,BOLO,4,3.0,12.0,CARTÃO DE CRÉDITO,,13/10/2023
TXN_5300938,CHÁ,5,1.5,7.5,DINHEIRO,PARA VIAGEM,30/10/2023
TXN_3547013,CHÁ,3,1.5,4.5,,,26/04/2023
TXN_7705748,SUCO,3,3.0,9.0,CARTEIRA DIGITAL,,14/07/2023
TXN_7469391,CAFÉ,5,2.0,10.0,DINHEIRO,PRESENCIAL,
TXN_8073173,CHÁ,5,1.5,7.5,DINHEIRO,,05/07/2023
TXN_1489746,BISCOITO,3,1.0,3.0,CARTEIRA DIGITAL,PRESENCIAL,18/12/2023
TXN_2864951,CHÁ,5,1.5,7.5,CARTÃO DE CRÉDITO,PARA VIAGEM,09/10/2023
TXN_6817889,CHÁ,1,1.5,1.5,,,04/10/2023
TXN_7809825,,2,4.0,8.0,CARTÃO DE CRÉDITO,,26/08/2023
TXN_7402573,LANCHE,4,4.0,,,PARA VIAGEM,13/02/2023
TXN_4762520,VITAMINA,1,4.0,4.0,DINHEIRO,PARA VIAGEM,17/07/2023
TXN_6869880,SUCO,4,3.0,12.0,CARTEIRA DIGITAL,PARA VIAGEM,05/08/2023
TXN_3054405,SUCO,3,3.0,9.0,DINHEIRO,PRESENCIAL,19/11/2023
TXN_2085992,BOLO,1,3.0,3.0,,PARA VIAGEM,15/05/2023
TXN_1443201,BISCOITO,5,1.0,5.0,CARTÃO DE CRÉDITO,PRESENCIAL,03/10/2023
TXN_9157460,BOLO,4,3.0,12.0,CARTEIRA DIGITAL,PARA VIAGEM,23/01/2023
TXN_2299364,SALADA,1,5.0,5.0,DINHEIRO,PRESENCIAL,26/10/2023
TXN_9948645,SALADA,1,5.0,5.0,CARTÃO DE CRÉDITO,,29/08/2023
TXN_8244640,BISCOITO,1,1.0,1.0,,PARA VIAGEM,24/09/2023
TXN_9507568,VITAMINA,4,4.0,16.0,CARTÃO DE CRÉDITO,,12/10/2023
TXN_7952916,CAFÉ,4,2.0,8.0,,,10/12/2023
TXN_1058927,LANCHE,4,4.0,16.0,DINHEIRO,,08/07/2023
TXN_2165365,CAFÉ,5,,10.0,CARTEIRA DIGITAL,PARA VIAGEM,08/06/2023
TXN_4497327,BISCOITO,2,1.0,2.0,CARTÃO DE CRÉDITO,,08/11/2023
TXN_3677890,LANCHE,,4.0,12.0,CARTÃO DE CRÉDITO,PRESENCIAL,28/02/2023
TXN_6029333,BOLO,1,3.0,3.0,,,10/06/2023
TXN_9300970,BOLO,2,3.0,6.0,CARTÃO DE CRÉDITO,PARA VIAGEM,06/03/2023
TXN_3931747,,4,1.0,4.0,,PARA VIAGEM,14/01/2023
TXN_5747642,SALADA,2,5.0,10.0,DINHEIRO,PARA VIAGEM,26/07/2023
TXN_1505875,VITAMINA,4,4.0,16.0,DINHEIRO,PARA VIAGEM,17/05/2023
TXN_5417192,BISCOITO,4,1.0,4.0,DINHEIRO,PRESENCIAL,23/06/2023
TXN_1522140,BISCOITO,4,1.0,4.0,DINHEIRO,,28/05/2023
TXN_5357157,SUCO,4,3.0,12.0,CARTÃO DE CRÉDITO,PRESENCIAL,21/05/2023
TXN_2000400,CHÁ,5,1.5,7.5,CARTEIRA DIGITAL,PARA VIAGEM,29/09/2023
TXN_5612022,BISCOITO,5,1.0,5.0,CARTEIRA DIGITAL,,27/09/2023
TXN_3105489,BOLO,3,3.0,9.0,CARTEIRA DIGITAL,PRESENCIAL,14/03/2023
TXN_4509329,CHÁ,1,1.5,1.5,,PARA VIAGEM,22/10/2023
TXN_1724815,,,4.0,12.0,,PRESENCIAL,16/08/2023
TXN_2096922,CAFÉ,3,2.0,6.0,CARTEIRA DIGITAL,PARA VIAGEM,11/12/2023
TXN_2563679,SALADA,3,5.0,15.0,CARTEIRA DIGITAL,,09/04/2023
TXN_2930503,SUCO,3,3.0,9.0,,PRESENCIAL,18/06/2023
TXN_9265178,LANCHE,4,4.0,16.0,DINHEIRO,PARA VIAGEM,18/03/2023
TXN_7126770,BOLO,4,3.0,12.0,CARTÃO DE CRÉDITO,PARA VIAGEM,09/11/2023
TXN_6348409,SALADA,3,5.0,15.0,CARTÃO DE CRÉDITO,PARA VIAGEM,26/07/2023
TXN_3776109,,1,5.0,5.0,,,20/05/2023
TXN_2538739,SALADA,2,5.0,10.0,,PRESENCIAL,29/07/2023
TXN_4159135,CAFÉ,3,2.0,6.0,,PARA VIAGEM,09/02/2023
TXN_1454866,LANCHE,1,,4.0,CARTEIRA DIGITAL,PARA VIAGEM,13/12/2023
TXN_4654061,LANCHE,2,4.0,8.0,CARTÃO DE CRÉDITO,,04/05/2023
TXN_8160791,BOLO,5,3.0,15.0,CARTEIRA DIGITAL,PRESENCIAL,24/10/2023
TXN_1647069,LANCHE,1,4.0,4.0,CARTÃO DE CRÉDITO,PARA VIAGEM,06/04/2023
TXN_8499005,,5,2.0,10.0,,,26/10/2023
TXN_1512185,CAFÉ,4,2.0,8.0,DINHEIRO,PARA VIAGEM,16/06/2023
TXN_8632653,SUCO,2,3.0,6.0,,PRESENCIAL,24/12/2023
TXN_8744240,,4,4.0,16.0,DINHEIRO,,19/06/2023
TXN_4190750,SUCO,5,3.0,15.0,,PARA VIAGEM,02/04/2023
TXN_9470260,CAFÉ,5,2.0,10.0,,PRESENCIAL,07/10/2023
TXN_6257213,SUCO,5,3.0,15.0,DINHEIRO,,12/12/2023
TXN_1004563,CHÁ,5,1.5,7.5,CARTÃO DE CRÉDITO,PRESENCIAL,28/10/2023
TXN_5352739,LANCHE,4,4.0,,,,31/07/2023
TXN_7387056,SUCO,4,3.0,,CARTÃO DE CRÉDITO,,24/10/2023
TXN_1927431,BISCOITO,1,1.0,1.0,CARTÃO DE CRÉDITO,PRESENCIAL,07/02/2023
TXN_3432433,BISCOITO,5,1.0,5.0,DINHEIRO,PRESENCIAL,19/02/2023
TXN_1130142,BISCOITO,1,1.0,1.0,CARTÃO DE CRÉDITO,PRESENCIAL,13/03/2023
TXN_6682443,BOLO,4,3.0,12.0,CARTEIRA DIGITAL,,03/09/2023
TXN_3279039,BOLO,4,3.0,12.0,CARTÃO DE CRÉDITO,PRESENCIAL,26/06/2023
TXN_6119612,,3,3.0,,DINHEIRO,,25/12/2023
TXN_1295824,CHÁ,1,1.5,1.5,CARTÃO DE CRÉDITO,,01/08/2023
TXN_8305936,SUCO,3,3.0,9.0,CARTEIRA DIGITAL,PRESENCIAL,02/08/2023
TXN_9550664,SALADA,2,,10.0,,,29/06/2023
TXN_3808895,SALADA,2,5.0,10.0,DINHEIRO,PRESENCIAL,13/07/2023
TXN_9843811,SUCO,2,3.0,6.0,CARTÃO DE CRÉDITO,,01/03/2023
TXN_6405258,CHÁ,2,1.5,3.0,CARTÃO DE CRÉDITO,PARA VIAGEM,10/08/2023
TXN_1224087,CAFÉ,5,2.0,10.0,CARTEIRA DIGITAL,PARA VIAGEM,20/03/2023
TXN_7727118,VITAMINA,5,4.0,20.0,CARTEIRA DIGITAL,PARA VIAGEM,04/11/2023
TXN_8456072,VITAMINA,1,4.0,4.0,,PRESENCIAL,11/07/2023
TXN_8173006,SALADA,3,5.0,15.0,,PARA VIAGEM,21/12/2023
TXN_2769769,,5,5.0,25.0,CARTÃO DE CRÉDITO,PRESENCIAL,01/04/2023
TXN_8413949,SUCO,1,3.0,3.0,CARTÃO DE CRÉDITO,PRESENCIAL,14/10/2023
TXN_7538763,VITAMINA,1,4.0,,,PARA VIAGEM,18/11/2023
TXN_6541110,BISCOITO,3,1.0,3.0,DINHEIRO,PRESENCIAL,30/12/2023
TXN_6264390,,2,4.0,8.0,DINHEIRO,,29/06/2023
TXN_6814891,CAFÉ,1,2.0,2.0,CARTEIRA DIGITAL,PARA VIAGEM,26/06/2023
TXN_9884180,SALADA,1,5.0,5.0,DINHEIRO,PARA VIAGEM,19/05/2023
TXN_6424202,BISCOITO,2,,,CARTÃO DE CRÉDITO,PRESENCIAL,20/11/2023
TXN_6775024,CAFÉ,2,2.0,4.0,DINHEIRO,PRESENCIAL,30/01/2023
TXN_8540553,BOLO,1,3.0,3.0,,PRESENCIAL,13/07/2023
TXN_6501361,SALADA,5,5.0,25.0,DINHEIRO,PRESENCIAL,17/01/2023
TXN_5671997,SUCO,3,,9.0,,PARA VIAGEM,03/09/2023
TXN_4283360,CAFÉ,2,2.0,4.0,CARTÃO DE CRÉDITO,PRESENCIAL,19/12/2023
TXN_3956393,BISCOITO,4,1.0,4.0,CARTÃO DE CRÉDITO,PRESENCIAL,14/01/2023
TXN_1971103,SUCO,4,3.0,12.0,,,22/08/2023
TXN_9576057,CHÁ,5,1.5,7.5,CARTEIRA DIGITAL,PARA VIAGEM,03/03/2023
TXN_1435035,VITAMINA,1,4.0,4.0,,PRESENCIAL,31/12/2023
TXN_8111101,LANCHE,5,4.0,20.0,DINHEIRO,,12/01/2023
TXN_8323012,CHÁ,3,1.5,4.5,CARTÃO DE CRÉDITO,,17/12/2023
TXN_9415451,BOLO,3,3.0,9.0,,PARA VIAGEM,04/01/2023
TXN_7072883,VITAMINA,1,4.0,4.0,CARTÃO DE CRÉDITO,,05/10/2023
TXN_7455637,SUCO,3,3.0,9.0,,PARA VIAGEM,23/04/2023
TXN_3779292,SALADA,2,5.0,10.0,CARTÃO DE CRÉDITO,PRESENCIAL,30/12/2023
TXN_2629420,VITAMINA,2,4.0,8.0,,PARA VIAGEM,16/01/2023
TXN_5848025,CHÁ,5,1.5,7.5,CARTÃO DE CRÉDITO,PRESENCIAL,19/01/2023
TXN_1452253,LANCHE,2,4.0,,,,12/05/2023
TXN_4661976,VITAMINA,3,4.0,12.0,CARTEIRA DIGITAL,,13/10/2023
TXN_4818703,BISCOITO,2,1.0,2.0,CARTEIRA DIGITAL,PARA VIAGEM,20/04/2023
TXN_9849760,BOLO,2,3.0,6.0,,PARA VIAGEM,01/09/2023
TXN_6387334,VITAMINA,5,4.0,,CARTEIRA DIGITAL,PRESENCIAL,19/02/2023
TXN_6431384,SUCO,4,3.0,12.0,CARTEIRA DIGITAL,PRESENCIAL,06/08/2023
TXN_2445017,CHÁ,5,1.5,7.5,,PARA VIAGEM,23/07/2023
TXN_9202190,LANCHE,,4.0,20.0,,PRESENCIAL,25/08/2023
TXN_4695464,BISCOITO,4,1.0,4.0,,PARA VIAGEM,
TXN_1486576,LANCHE,4,4.0,16.0,,PARA VIAGEM,10/09/2023
TXN_5530717,SUCO,1,3.0,3.0,CARTÃO DE CRÉDITO,PRESENCIAL,10/03/2023
TXN_7490314,BISCOITO,2,1.0,2.0,,PRESENCIAL,14/05/2023
TXN_1811734,CAFÉ,4,2.0,8.0,,,16/07/2023
TXN_3100053,BOLO,3,3.0,9.0,DINHEIRO,PRESENCIAL,19/12/2023
TXN_5812394,SALADA,5,5.0,25.0,DINHEIRO,,17/10/2023
TXN_6315475,CAFÉ,2,2.0,4.0,,,23/09/2023
TXN_5477578,VITAMINA,,4.0,4.0,CARTEIRA DIGITAL,PARA VIAGEM,12/03/2023
TXN_5373441,SALADA,1,5.0,,,PRESENCIAL,02/06/2023
TXN_1094145,BISCOITO,3,1.0,3.0,CARTÃO DE CRÉDITO,,15/03/2023
TXN_8680875,,2,1.5,,DINHEIRO,PARA VIAGEM,21/07/2023
TXN_6504180,VITAMINA,1,4.0,4.0,CARTEIRA DIGITAL,PRESENCIAL,31/08/2023
TXN_6378045,LANCHE,5,4.0,20.0,CARTEIRA DIGITAL,PRESENCIAL,07/05/2023
TXN_4502704,CHÁ,4,1.5,6.0,,PRESENCIAL,04/04/2023
TXN_6992967,VITAMINA,5,4.0,20.0,DINHEIRO,,29/08/2023
TXN_6266147,SUCO,3,3.0,9.0,CARTÃO DE CRÉDITO,PRESENCIAL,31/01/2023
TXN_7499330,BISCOITO,1,1.0,,CARTÃO DE CRÉDITO,PRESENCIAL,28/10/2023
TXN_8815623,CAFÉ,2,2.0,4.0,CARTEIRA DIGITAL,PRESENCIAL,03/02/2023
TXN_7632478,SUCO,2,3.0,6.0,CARTEIRA DIGITAL,,11/04/2023
TXN_5431854,BISCOITO,3,1.0,3.0,,PRESENCIAL,18/01/2023
TXN_3518789,CAFÉ,2,2.0,4.0,CARTEIRA DIGITAL,PARA VIAGEM,01/12/2023
TXN_6162668,,4,5.0,20.0,CARTEIRA DIGITAL,,30/03/2023
TXN_4767006,BOLO,1,3.0,3.0,DINHEIRO,PARA VIAGEM,23/08/2023
TXN_2880409,CHÁ,4,1.5,6.0,DINHEIRO,,11/09/2023
TXN_4277671,CHÁ,5,1.5,7.5,,PARA VIAGEM,21/08/2023
TXN_8810601,SUCO,2,3.0,6.0,CARTEIRA DIGITAL,,18/08/2023
TXN_6572164,BISCOITO,4,1.0,4.0,CARTÃO DE CRÉDITO,PARA VIAGEM,15/01/2023
TXN_6281959,,4,1.5,6.0,,PRESENCIAL,16/03/2023
TXN_6714068,CAFÉ,1,,2.0,,,17/02/2023
TXN_2470532,,1,2.0,2.0,CARTEIRA DIGITAL,PRESENCIAL,21/01/2023
TXN_6920323,LANCHE,1,4.0,4.0,CARTÃO DE CRÉDITO,,10/06/2023
TXN_6519486,BOLO,5,3.0,15.0,,,05/02/2023
TXN_7524971,CHÁ,4,1.5,6.0,CARTEIRA DIGITAL,PARA VIAGEM,05/09/2023
TXN_4650447,CHÁ,1,1.5,1.5,DINHEIRO,,18/08/2023
TXN_3928174,CAFÉ,3,2.0,6.0,,,11/09/2023
TXN_1475403,BISCOITO,1,1.0,,DINHEIRO,PRESENCIAL,
TXN_1700027,VITAMINA,4,4.0,16.0,CARTEIRA DIGITAL,PRESENCIAL,04/06/2023
TXN_2026084,,2,2.0,4.0,DINHEIRO,PRESENCIAL,20/10/2023
TXN_5942938,,3,3.0,9.0,CARTÃO DE CRÉDITO,,24/05/2023
TXN_8813764,BISCOITO,,1.0,1.0,CARTÃO DE CRÉDITO,PRESENCIAL,08/05/2023
TXN_5202349,BISCOITO,4,1.0,4.0,,PRESENCIAL,27/11/2023
TXN_2409052,LANCHE,1,4.0,4.0,CARTÃO DE CRÉDITO,PRESENCIAL,08/07/2023
TXN_8528546,BOLO,3,3.0,9.0,DINHEIRO,,09/12/2023
TXN_4849860,CHÁ,4,1.5,6.0,CARTÃO DE CRÉDITO,PRESENCIAL,01/12/2023
TXN_1840897,,1,,5.0,,,03/06/2023
TXN_7689696,,5,4.0,20.0,CARTEIRA DIGITAL,PARA VIAGEM,03/07/2023
TXN_6905794,SALADA,1,5.0,,DINHEIRO,PARA VIAGEM,31/05/2023
TXN_4469769,SALADA,5,5.0,25.0,,,15/08/2023
TXN_9452261,BOLO,5,3.0,15.0,,,29/11/2023
TXN_7347515,VITAMINA,3,4.0,12.0,,PARA VIAGEM,25/04/2023
TXN_1940330,CHÁ,4,1.5,6.0,,PRESENCIAL,12/01/2023
TXN_1576355,CAFÉ,4,2.0,8.0,,,20/10/2023
TXN_8615635,,,1.0,4.0,,PRESENCIAL,12/01/2023
TXN_9511794,BISCOITO,1,1.0,1.0,DINHEIRO,PARA VIAGEM,10/06/2023
TXN_9024781,VITAMINA,4,4.0,16.0,DINHEIRO,PRESENCIAL,12/09/2023
TXN_7771526,SUCO,1,3.0,3.0,DINHEIRO,PRESENCIAL,28/04/2023
TXN_7070302,SALADA,3,5.0,15.0,,PRESENCIAL,30/04/2023
TXN_6511228,SALADA,4,5.0,20.0,CARTÃO DE CRÉDITO,,01/11/2023
TXN_5320512,CHÁ,5,1.5,7.5,,PRESENCIAL,25/04/2023
TXN_2972777,SUCO,4,,12.0,CARTÃO DE CRÉDITO,,08/04/2023
TXN_8591813,CAFÉ,3,2.0,6.0,DINHEIRO,PARA VIAGEM,31/10/2023
TXN_4095768,SALADA,5,5.0,25.0,CARTEIRA DIGITAL,PRESENCIAL,18/06/2023
TXN_9107508,CAFÉ,1,2.0,2.0,,,06/06/2023
TXN_2791987,VITAMINA,,4.0,4.0,CARTÃO DE CRÉDITO,,23/06/2023
TXN_6045577,,3,2.0,6.0,CARTÃO DE CRÉDITO,,06/07/2023
TXN_5534944,CHÁ,5,1.5,7.5,CARTÃO DE CRÉDITO,PARA VIAGEM,26/01/2023
TXN_7887682,,2,2.0,4.0,CARTÃO DE CRÉDITO,PARA VIAGEM,17/06/2023
TXN_5037517,,5,4.0,20.0,,PRESENCIAL,01/06/2023
TXN_6805091,,2,4.0,8.0,DINHEIRO,,28/12/2023
TXN_5839300,BOLO,1,3.0,3.0,CARTÃO DE CRÉDITO,,01/07/2023
TXN_7801115,CHÁ,1,1.5,1.5,DINHEIRO,,18/12/2023
TXN_4753853,,5,3.0,15.0,CARTÃO DE CRÉDITO,PARA VIAGEM,07/05/2023
TXN_7145259,SUCO,2,3.0,6.0,CARTEIRA DIGITAL,PRESENCIAL,11/11/2023
TXN_2817018,LANCHE,3,4.0,12.0,CARTÃO DE CRÉDITO,PARA VIAGEM,25/04/2023
TXN_6762490,SUCO,5,3.0,15.0,DINHEIRO,,03/05/2023
TXN_9705872,BISCOITO,3,,3.0,,PRESENCIAL,
TXN_6012446,VITAMINA,4,4.0,16.0,DINHEIRO,PARA VIAGEM,20/07/2023
TXN_8936086,LANCHE,4,4.0,16.0,,PRESENCIAL,27/11/2023
TXN_4135134,BISCOITO,5,1.0,5.0,CARTÃO DE CRÉDITO,PARA VIAGEM,11/08/2023
TXN_7808032,BISCOITO,4,,4.0,,PARA VIAGEM,19/12/2023
TXN_2212234,SUCO,2,3.0,6.0,DINHEIRO,PRESENCIAL,22/12/2023
TXN_8611918,,3,5.0,15.0,DINHEIRO,PARA VIAGEM,27/06/2023
TXN_5115009,BOLO,4,3.0,12.0,,PARA VIAGEM,21/02/2023
TXN_9827492,CHÁ,3,1.5,4.5,,,13/07/2023
TXN_6344003,BOLO,1,3.0,3.0,,,22/12/2023
TXN_1993155,SUCO,1,3.0,3.0,,,23/05/2023
TXN_4566012,BISCOITO,5,1.0,5.0,CARTÃO DE CRÉDITO,PARA VIAGEM,10/05/2023
TXN_1030539,BOLO,3,3.0,9.0,,PARA VIAGEM,06/11/2023
TXN_3830605,CAFÉ,,2.0,2.0,,PARA VIAGEM,07/12/2023
TXN_5052515,CHÁ,,1.5,1.5,DINHEIRO,PRESENCIAL,19/09/2023
TXN_5125382,CAFÉ,1,2.0,2.0,CARTEIRA DIGITAL,PRESENCIAL,26/12/2023
TXN_5015183,BOLO,2,3.0,6.0,,PRESENCIAL,29/08/2023
TXN_1661068,SALADA,3,5.0,15.0,DINHEIRO,PARA VIAGEM,09/04/2023
TXN_9549381,SUCO,1,3.0,3.0,CARTEIRA DIGITAL,PRESENCIAL,23/11/2023
TXN_7812084,LANCHE,4,4.0,16.0,DINHEIRO,PRESENCIAL,17/01/2023
TXN_1694364,LANCHE,3,4.0,12.0,,PARA VIAGEM,10/06/2023
TXN_4191925,CAFÉ,2,2.0,4.0,,,21/10/2023
TXN_2258091,SUCO,2,3.0,6.0,,PRESENCIAL,11/10/2023
TXN_6482262,SUCO,3,3.0,9.0,CARTÃO DE CRÉDITO,,13/05/2023
TXN_1951166,CHÁ,2,1.5,,CARTÃO DE CRÉDITO,,28/08/2023
TXN_4552615,BOLO,2,3.0,6.0,DINHEIRO,PARA VIAGEM,09/04/2023
TXN_6745856,BOLO,4,3.0,12.0,DINHEIRO,PRESENCIAL,16/06/2023
TXN_4898949,SALADA,1,5.0,5.0,,PRESENCIAL,18/09/2023
TXN_7027560,,5,1.5,7.5,,PRESENCIAL,05/10/2023
TXN_9646000,,2,,,,PRESENCIAL,14/12/2023
TXN_2338426,CAFÉ,2,2.0,4.0,,,07/05/2023
TXN_3369191,BISCOITO,5,1.0,5.0,DINHEIRO,PARA VIAGEM,07/02/2023
TXN_5551020,LANCHE,2,4.0,,CARTÃO DE CRÉDITO,,31/01/2023
TXN_9269683,LANCHE,5,4.0,20.0,CARTEIRA DIGITAL,,26/09/2023
TXN_9287350,VITAMINA,2,4.0,8.0,,PRESENCIAL,28/01/2023
TXN_6541809,CHÁ,3,1.5,4.5,,,01/05/2023
TXN_4398750,LANCHE,2,4.0,8.0,DINHEIRO,PRESENCIAL,28/05/2023
TXN_7493097,BOLO,,3.0,15.0,CARTÃO DE CRÉDITO,,04/11/2023
TXN_9850541,BISCOITO,4,1.0,4.0,DINHEIRO,PARA VIAGEM,02/09/2023
TXN_4262142,BOLO,2,3.0,6.0,DINHEIRO,PARA VIAGEM,02/01/2023
TXN_7153313,CHÁ,1,1.5,1.5,DINHEIRO,,29/12/2023
TXN_8581124,SALADA,2,5.0,10.0,CARTÃO DE CRÉDITO,,08/05/2023
TXN_3589218,SALADA,2,5.0,10.0,CARTÃO DE CRÉDITO,PRESENCIAL,21/06/2023
TXN_7303515,SALADA,4,5.0,20.0,DINHEIRO,PRESENCIAL,29/05/2023
TXN_2586183,BISCOITO,2,1.0,2.0,DINHEIRO,,04/09/2023
TXN_2436779,BOLO,1,3.0,3.0,CARTÃO DE CRÉDITO,PARA VIAGEM,24/05/2023
TXN_4001763,SUCO,3,3.0,9.0,,PARA VIAGEM,11/05/2023
TXN_9317529,SUCO,4,,12.0,CARTÃO DE CRÉDITO,,10/07/2023
TXN_6974587,SALADA,3,5.0,15.0,DINHEIRO,,16/06/2023
TXN_4379467,CHÁ,,1.5,1.5,,,16/06/2023
TXN_2719734,BOLO,5,3.0,15.0,CARTEIRA DIGITAL,PRESENCIAL,22/05/2023
TXN_2887332,LANCHE,5,4.0,20.0,,,16/11/2023
TXN_8566668,LANCHE,5,4.0,20.0,CARTEIRA DIGITAL,PRESENCIAL,12/02/2023
TXN_8284384,SUCO,2,3.0,6.0,CARTEIRA DIGITAL,PARA VIAGEM,05/06/2023
TXN_2139240,LANCHE,4,4.0,16.0,CARTEIRA DIGITAL,,06/04/2023
TXN_5454841,BISCOITO,5,1.0,5.0,,PARA VIAGEM,04/06/2023
TXN_8104431,CHÁ,5,1.5,7.5,,PRESENCIAL,07/03/2023
TXN_5141000,VITAMINA,4,4.0,16.0,,PARA VIAGEM,16/06/2023
TXN_2508499,CHÁ,3,1.5,4.5,CARTÃO DE CRÉDITO,PRESENCIAL,22/02/2023
TXN_4571510,VITAMINA,3,4.0,12.0,DINHEIRO,PARA VIAGEM,19/11/2023
TXN_4742476,CAFÉ,2,2.0,4.0,DINHEIRO,PRESENCIAL,27/10/2023
TXN_8510436,BOLO,1,3.0,3.0,CARTEIRA DIGITAL,PRESENCIAL,19/07/2023
TXN_7509630,BISCOITO,3,1.0,3.0,DINHEIRO,PRESENCIAL,20/04/2023
TXN_5276301,BOLO,3,3.0,9.0,DINHEIRO,,13/03/2023
TXN_4977130,LANCHE,1,4.0,4.0,CARTEIRA DIGITAL,PRESENCIAL,08/07/2023
TXN_4293196,BISCOITO,,1.0,3.0,,PRESENCIAL,17/06/2023
TXN_9284099,BOLO,2,3.0,6.0,CARTEIRA DIGITAL,PRESENCIAL,20/07/2023
TXN_1900411,SALADA,3,5.0,15.0,,,24/09/2023
TXN_7454416,CHÁ,1,1.5,1.5,CARTÃO DE CRÉDITO,PARA VIAGEM,07/12/2023
TXN_4178899,CAFÉ,2,2.0,4.0,,PARA VIAGEM,05/04/2023
TXN_9027002,VITAMINA,4,,16.0,CARTÃO DE CRÉDITO,PARA VIAGEM,31/12/2023
TXN_6587399,VITAMINA,1,4.0,4.0,,PARA VIAGEM,08/08/2023
TXN_7179013,SUCO,5,3.0,15.0,CARTÃO DE CRÉDITO,PRESENCIAL,06/05/2023
TXN_7694559,BISCOITO,3,1.0,3.0,DINHEIRO,PARA VIAGEM,05/05/2023
TXN_4391496,LANCHE,1,4.0,4.0,DINHEIRO,,20/02/2023
TXN_5668193,CAFÉ,5,2.0,10.0,DINHEIRO,PARA VIAGEM,14/08/2023
TXN_1448501,BOLO,4,3.0,12.0,CARTÃO DE CRÉDITO,PARA VIAGEM,10/09/2023
TXN_7139869,CHÁ,1,1.5,1.5,DINHEIRO,PRESENCIAL,22/06/2023
TXN_6419668,LANCHE,3,4.0,12.0,CARTÃO DE CRÉDITO,PRESENCIAL,29/04/2023
TXN_8810001,VITAMINA,5,4.0,20.0,CARTEIRA DIGITAL,PARA VIAGEM,23/12/2023
TXN_5647773,SALADA,2,5.0,10.0,,PRESENCIAL,20/07/2023
TXN_4439120,BISCOITO,2,1.0,2.0,CARTÃO DE CRÉDITO,PRESENCIAL,31/03/2023
TXN_4613510,BOLO,5,3.0,15.0,CARTÃO DE CRÉDITO,PARA VIAGEM,16/02/2023
TXN_7937275,BOLO,4,3.0,12.0,CARTÃO DE CRÉDITO,,18/09/2023
TXN_7565052,VITAMINA,5,4.0,20.0,,PRESENCIAL,18/06/2023
TXN_2044375,SALADA,1,5.0,5.0,DINHEIRO,PARA VIAGEM,05/01/2023
TXN_1772692,VITAMINA,3,4.0,12.0,DINHEIRO,,05/09/2023
TXN_6399545,LANCHE,4,4.0,16.0,CARTÃO DE CRÉDITO,PARA VIAGEM,22/03/2023
TXN_2980279,,1,3.0,3.0,CARTEIRA DIGITAL,PARA VIAGEM,23/04/2023
TXN_6286062,CAFÉ,1,2.0,2.0,CARTÃO DE CRÉDITO,,
TXN_4049031,CAFÉ,5,2.0,10.0,CARTEIRA DIGITAL,,22/08/2023
TXN_1328968,CHÁ,1,,1.5,,PRESENCIAL,28/06/2023
TXN_8549381,,5,4.0,20.0,CARTEIRA DIGITAL,,06/02/2023
TXN_2080228,SUCO,1,3.0,3.0,,PRESENCIAL,21/06/2023
TXN_7416880,BOLO,1,3.0,3.0,CARTÃO DE CRÉDITO,PRESENCIAL,20/07/2023
TXN_1360379,CHÁ,1,1.5,1.5,CARTÃO DE CRÉDITO,,23/08/2023
TXN_9617454,VITAMINA,1,4.0,4.0,CARTEIRA DIGITAL,PARA VIAGEM,22/08/2023
TXN_6421446,BOLO,2,3.0,6.0,DINHEIRO,PARA VIAGEM,17/09/2023
TXN_6272674,CAFÉ,3,2.0,6.0,DINHEIRO,,12/09/2023
TXN_6805882,BISCOITO,4,1.0,4.0,DINHEIRO,PRESENCIAL,04/09/2023
TXN_1475459,CHÁ,4,1.5,6.0,,PARA VIAGEM,09/11/2023
TXN_2825812,BOLO,3,,9.0,DINHEIRO,PARA VIAGEM,26/06/2023
TXN_5380198,BOLO,3,3.0,9.0,,,
TXN_5398922,SALADA,1,5.0,5.0,DINHEIRO,PRESENCIAL,10/01/2023
TXN_3458602,BOLO,2,3.0,6.0,DINHEIRO,PRESENCIAL,18/11/2023
TXN_6571440,VITAMINA,2,4.0,8.0,,PARA VIAGEM,18/01/2023
TXN_1368769,BISCOITO,3,1.0,3.0,CARTÃO DE CRÉDITO,PARA VIAGEM,02/06/2023
TXN_4343848,BISCOITO,5,1.0,5.0,CARTÃO DE CRÉDITO,PARA VIAGEM,16/07/2023
TXN_7656355,LANCHE,3,4.0,12.0,CARTÃO DE CRÉDITO,PARA VIAGEM,11/09/2023
TXN_4434005,BISCOITO,1,1.0,1.0,CARTEIRA DIGITAL,PRESENCIAL,20/03/2023
TXN_7975760,,3,3.0,9.0,CARTEIRA DIGITAL,PRESENCIAL,02/12/2023
TXN_9177867,CHÁ,3,1.5,4.5,CARTEIRA DIGITAL,,14/09/2023
TXN_8158986,BISCOITO,5,1.0,5.0,,PRESENCIAL,10/12/2023
TXN_9882625,LANCHE,1,4.0,4.0,DINHEIRO,PRESENCIAL,26/03/2023
TXN_8937461,BISCOITO,5,1.0,5.0,CARTEIRA DIGITAL,,22/12/2023
TXN_2485272,CHÁ,4,1.5,6.0,CARTEIRA DIGITAL,PARA VIAGEM,30/06/2023
TXN_4085337,VITAMINA,3,4.0,12.0,,PRESENCIAL,25/10/2023
TXN_6838802,CAFÉ,1,2.0,2.0,,PARA VIAGEM,29/08/2023
TXN_2114182,BISCOITO,3,1.0,3.0,CARTEIRA DIGITAL,,28/07/2023
TXN_8417552,CAFÉ,1,2.0,2.0,,PARA VIAGEM,09/12/2023
TXN_4126189,CHÁ,,1.5,1.5,CARTÃO DE CRÉDITO,,30/09/2023
TXN_1892454,SUCO,1,3.0,3.0,,,19/07/2023
TXN_9592941,CHÁ,5,1.5,7.5,CARTEIRA DIGITAL,PRESENCIAL,08/04/2023
TXN_1063342,LANCHE,5,4.0,20.0,,PRESENCIAL,13/01/2023
TXN_4407203,,4,1.0,4.0,DINHEIRO,PARA VIAGEM,21/08/2023
TXN_7153885,SALADA,1,5.0,5.0,CARTÃO DE CRÉDITO,,22/05/2023
TXN_1917388,,2,3.0,6.0,CARTEIRA DIGITAL,,15/04/2023
TXN_5279972,VITAMINA,4,4.0,16.0,CARTÃO DE CRÉDITO,PARA VIAGEM,07/01/2023
TXN_6953244,VITAMINA,5,4.0,20.0,DINHEIRO,,13/09/2023
TXN_5347792,SALADA,3,5.0,15.0,CARTEIRA DIGITAL,,10/02/2023
TXN_4876195,CHÁ,2,1.5,3.0,,PRESENCIAL,
TXN_1574190,VITAMINA,3,4.0,12.0,,,17/12/2023
TXN_4829492,,2,3.0,6.0,CARTÃO DE CRÉDITO,PARA VIAGEM,09/01/2023
TXN_9550629,VITAMINA,1,4.0,4.0,,PRESENCIAL,06/02/2023
TXN_6470865,CAFÉ,,2.0,,CARTEIRA DIGITAL,PARA VIAGEM,18/09/2023
TXN_3986639,SALADA,1,5.0,5.0,CARTÃO DE CRÉDITO,PRESENCIAL,09/10/2023
TXN_3227673,BISCOITO,1,1.0,,DINHEIRO,,13/10/2023
TXN_2915287,SALADA,1,5.0,5.0,CARTEIRA DIGITAL,PARA VIAGEM,16/01/2023
TXN_2513558,SUCO,4,3.0,12.0,,,11/10/2023
TXN_7460497,BOLO,5,3.0,15.0,DINHEIRO,,13/11/2023
TXN_1607471,LANCHE,2,4.0,8.0,CARTÃO DE CRÉDITO,PARA VIAGEM,03/01/2023
TXN_1244739,SALADA,2,5.0,10.0,CARTÃO DE CRÉDITO,PARA VIAGEM,13/09/2023
TXN_7878672,CAFÉ,1,,2.0,DINHEIRO,PRESENCIAL,25/10/2023
TXN_6807913,SUCO,3,3.0,9.0,CARTÃO DE CRÉDITO,PARA VIAGEM,22/01/2023
TXN_6438869,SUCO,5,3.0,15.0,CARTÃO DE CRÉDITO,PARA VIAGEM,30/10/2023
TXN_1047204,BISCOITO,3,1.0,3.0,CARTEIRA DIGITAL,,13/04/2023
TXN_6017458,,5,5.0,25.0,CARTÃO DE CRÉDITO,,23/04/2023
TXN_4311086,BOLO,4,3.0,12.0,,PRESENCIAL,10/10/2023
TXN_1075446,BISCOITO,4,1.0,4.0,CARTÃO DE CRÉDITO,,17/07/2023
TXN_8958723,LANCHE,4,4.0,16.0,CARTEIRA DIGITAL,,12/11/2023
TXN_2206740,CAFÉ,3,2.0,6.0,,PARA VIAGEM,07/06/2023
TXN_2337113,CAFÉ,1,2.0,2.0,CARTEIRA DIGITAL,PARA VIAGEM,19/11/2023
TXN_2417721,CAFÉ,4,2.0,8.0,CARTÃO DE CRÉDITO,PARA VIAGEM,20/10/2023
TXN_5808539,LANCHE,1,4.0,,,PARA VIAGEM,30/06/2023
TXN_6574910,BISCOITO,1,1.0,1.0,CARTEIRA DIGITAL,,13/09/2023
TXN_5342900,BOLO,5,3.0,15.0,DINHEIRO,,12/07/2023
TXN_8949453,,5,4.0,20.0,,PARA VIAGEM,13/11/2023
TXN_2853459,CHÁ,4,1.5,6.0,DINHEIRO,,14/08/2023
TXN_3379182,SUCO,4,3.0,12.0,DINHEIRO,,03/06/2023
TXN_9629448,CHÁ,2,1.5,3.0,,PRESENCIAL,22/02/2023
TXN_8233101,SALADA,2,5.0,10.0,DINHEIRO,PRESENCIAL,12/02/2023
TXN_1247244,LANCHE,1,4.0,4.0,CARTEIRA DIGITAL,PRESENCIAL,27/12/2023
TXN_4292280,BOLO,4,3.0,12.0,DINHEIRO,PARA VIAGEM,01/01/2023
TXN_3670476,CHÁ,3,1.5,4.5,DINHEIRO,PARA VIAGEM,25/03/2023
TXN_4506936,BISCOITO,1,1.0,1.0,CARTÃO DE CRÉDITO,PARA VIAGEM,20/03/2023
TXN_4009914,LANCHE,2,4.0,8.0,,PRESENCIAL,
TXN_2827994,BOLO,5,3.0,15.0,CARTEIRA DIGITAL,PRESENCIAL,04/12/2023
TXN_5342051,LANCHE,3,4.0,12.0,DINHEIRO,,21/04/2023
TXN_7924635,VITAMINA,5,4.0,20.0,CARTEIRA DIGITAL,PARA VIAGEM,21/02/2023
TXN_5958999,CHÁ,2,1.5,3.0,,,13/04/2023
TXN_9098841,BOLO,1,3.0,3.0,CARTÃO DE CRÉDITO,,07/08/2023
TXN_9723314,CAFÉ,4,2.0,8.0,DINHEIRO,PRESENCIAL,10/10/2023
TXN_2311186,VITAMINA,3,4.0,12.0,CARTEIRA DIGITAL,,16/07/2023
TXN_8061460,LANCHE,3,4.0,12.0,CARTÃO DE CRÉDITO,PARA VIAGEM,
TXN_4659573,BOLO,,3.0,15.0,,,15/05/2023
TXN_3920436,SUCO,2,3.0,6.0,CARTEIRA DIGITAL,PRESENCIAL,19/11/2023
TXN_5514988,BISCOITO,5,1.0,5.0,CARTÃO DE CRÉDITO,,
TXN_7825638,,4,3.0,12.0,,,09/12/2023
TXN_8710758,LANCHE,3,4.0,12.0,CARTÃO DE CRÉDITO,PRESENCIAL,12/01/2023
TXN_4873180,CHÁ,5,1.5,7.5,CARTEIRA DIGITAL,PRESENCIAL,17/01/2023
TXN_9643918,,3,1.0,3.0,CARTÃO DE CRÉDITO,PRESENCIAL,21/07/2023
TXN_9997620,BISCOITO,2,1.0,2.0,DINHEIRO,,11/12/2023
TXN_2830671,LANCHE,1,4.0,4.0,DINHEIRO,PARA VIAGEM,08/11/2023
TXN_7876619,,2,3.0,6.0,DINHEIRO,PRESENCIAL,27/09/2023
TXN_5898238,,,2.0,10.0,CARTÃO DE CRÉDITO,,29/06/2023
TXN_5337074,BISCOITO,3,1.0,3.0,CARTÃO DE CRÉDITO,PRESENCIAL,12/01/2023
TXN_9774186,CHÁ,3,1.5,4.5,,,03/07/2023
TXN_8619494,CAFÉ,2,2.0,4.0,CARTEIRA DIGITAL,PRESENCIAL,
TXN_7268802,SALADA,2,5.0,,CARTEIRA DIGITAL,PARA VIAGEM,10/04/2023
TXN_3894735,SUCO,5,3.0,15.0,,,10/03/2023
TXN_1842981,CHÁ,5,1.5,,CARTÃO DE CRÉDITO,,12/04/2023
TXN_1720238,SALADA,5,5.0,25.0,,PARA VIAGEM,08/05/2023
TXN_8520687,SALADA,5,5.0,25.0,,PARA VIAGEM,21/04/2023
TXN_5793417,LANCHE,2,4.0,8.0,CARTEIRA DIGITAL,PRESENCIAL,29/12/2023
TXN_2927909,BOLO,4,3.0,12.0,CARTÃO DE CRÉDITO,,04/10/2023
TXN_3412484,BOLO,4,3.0,12.0,,PARA VIAGEM,06/09/2023
TXN_3754190,,3,3.0,9.0,CARTEIRA DIGITAL,PRESENCIAL,
TXN_4048203,VITAMINA,2,4.0,8.0,,PARA VIAGEM,13/12/2023
TXN_9181224,LANCHE,5,4.0,20.0,DINHEIRO,,
TXN_6841304,BOLO,1,3.0,3.0,,,13/03/2023
TXN_2156454,BISCOITO,5,1.0,5.0,,PRESENCIAL,17/08/2023
TXN_2001807,,5,4.0,20.0,,PRESENCIAL,10/08/2023
TXN_4781960,SUCO,1,3.0,3.0,CARTEIRA DIGITAL,,28/03/2023
TXN_4381404,SALADA,,5.0,25.0,,,15/08/2023
TXN_8406851,,2,3.0,6.0,,PRESENCIAL,09/09/2023
TXN_3982257,CAFÉ,2,2.0,4.0,CARTEIRA DIGITAL,,23/07/2023
TXN_1463795,CAFÉ,5,2.0,10.0,CARTÃO DE CRÉDITO,,04/08/2023
TXN_7454894,CHÁ,,1.5,1.5,DINHEIRO,PARA VIAGEM,25/07/2023
TXN_5930304,LANCHE,2,4.0,8.0,CARTEIRA DIGITAL,,02/11/2023
TXN_4249989,CAFÉ,4,2.0,8.0,CARTEIRA DIGITAL,,22/01/2023
TXN_2957017,LANCHE,,4.0,20.0,DINHEIRO,PRESENCIAL,13/06/2023
TXN_2733833,BOLO,,3.0,12.0,,PRESENCIAL,09/09/2023
TXN_6585794,VITAMINA,5,4.0,20.0,CARTÃO DE CRÉDITO,PRESENCIAL,15/02/2023
TXN_5721846,BISCOITO,3,1.0,3.0,DINHEIRO,PARA VIAGEM,14/04/2023
TXN_6487493,SALADA,3,5.0,15.0,DINHEIRO,PRESENCIAL,13/03/2023
TXN_4476636,CAFÉ,3,,6.0,CARTÃO DE CRÉDITO,PRESENCIAL,
TXN_1197495,SUCO,5,3.0,15.0,,PARA VIAGEM,
TXN_9395087,CHÁ,1,1.5,1.5,DINHEIRO,PRESENCIAL,12/06/2023
TXN_4477559,SUCO,5,3.0,15.0,CARTÃO DE CRÉDITO,,02/10/2023
TXN_5542033,LANCHE,3,4.0,12.0,CARTEIRA DIGITAL,,26/06/2023
TXN_8850984,LANCHE,3,,12.0,DINHEIRO,PARA VIAGEM,27/05/2023
TXN_1710823,SALADA,2,5.0,10.0,CARTÃO DE CRÉDITO,,27/01/2023
TXN_6575440,CHÁ,1,1.5,1.5,DINHEIRO,,05/02/2023
TXN_5225537,CHÁ,5,1.5,7.5,CARTEIRA DIGITAL,,04/11/2023
TXN_1583315,BISCOITO,3,1.0,3.0,,PARA VIAGEM,17/10/2023
TXN_8130122,LANCHE,2,4.0,8.0,,PRESENCIAL,23/10/2023
TXN_3587444,SUCO,2,3.0,6.0,CARTÃO DE CRÉDITO,,03/02/2023
TXN_7053280,,,2.0,10.0,,PRESENCIAL,28/05/2023
TXN_9407000,LANCHE,4,4.0,16.0,,PARA VIAGEM,03/10/2023
TXN_3017917,BISCOITO,3,,3.0,CARTÃO DE CRÉDITO,PARA VIAGEM,31/08/2023
TXN_8090925,,3,1.0,3.0,CARTEIRA DIGITAL,PRESENCIAL,11/07/2023
TXN_7738013,SALADA,5,5.0,25.0,CARTÃO DE CRÉDITO,PARA VIAGEM,28/11/2023
TXN_8542781,BOLO,2,3.0,6.0,,,18/05/2023
TXN_6617283,CHÁ,4,1.5,6.0,CARTEIRA DIGITAL,,09/06/2023
TXN_1461221,SALADA,2,5.0,10.0,DINHEIRO,PRESENCIAL,30/04/2023
TXN_2056358,CAFÉ,3,2.0,6.0,DINHEIRO,PRESENCIAL,17/09/2023
TXN_1858674,VITAMINA,2,4.0,8.0,,PRESENCIAL,09/04/2023
TXN_2251009,BISCOITO,5,1.0,5.0,,,02/04/2023
TXN_5616473,LANCHE,4,4.0,16.0,DINHEIRO,,28/07/2023
TXN_7022398,LANCHE,4,4.0,16.0,,,23/12/2023
TXN_2615514,BISCOITO,5,,5.0,CARTEIRA DIGITAL,,
TXN_7379939,,1,1.0,1.0,DINHEIRO,,21/04/2023
TXN_7331525,BOLO,2,3.0,6.0,,,
TXN_1004184,VITAMINA,1,4.0,4.0,CARTÃO DE CRÉDITO,PRESENCIAL,18/05/2023
TXN_4141868,CHÁ,3,1.5,4.5,CARTÃO DE CRÉDITO,,08/02/2023
TXN_9871971,VITAMINA,3,4.0,12.0,,PARA VIAGEM,06/10/2023
TXN_4168771,CAFÉ,5,2.0,10.0,CARTEIRA DIGITAL,,02/08/2023
TXN_6328925,SALADA,4,5.0,20.0,CARTÃO DE CRÉDITO,,05/09/2023
TXN_1226662,SALADA,1,5.0,5.0,,PRESENCIAL,17/06/2023
TXN_7562171,CHÁ,1,1.5,1.5,,PRESENCIAL,02/09/2023
TXN_6843677,,,2.0,8.0,,PARA VIAGEM,09/09/2023
TXN_2980632,BISCOITO,3,1.0,3.0,CARTÃO DE CRÉDITO,PARA VIAGEM,14/01/2023
TXN_2609762,CAFÉ,5,2.0,10.0,,PARA VIAGEM,26/07/2023
TXN_7253734,LANCHE,,4.0,20.0,CARTEIRA DIGITAL,,28/09/2023
TXN_6679600,CAFÉ,1,2.0,2.0,CARTEIRA DIGITAL,,15/03/2023
TXN_8722854,SUCO,1,3.0,3.0,CARTÃO DE CRÉDITO,PARA VIAGEM,
TXN_8279992,SUCO,5,3.0,15.0,,,03/07/2023
TXN_5722123,BOLO,4,3.0,12.0,CARTEIRA DIGITAL,PARA VIAGEM,23/11/2023
TXN_3446174,BOLO,5,3.0,15.0,DINHEIRO,,31/10/2023
TXN_3518261,LANCHE,2,4.0,8.0,CARTEIRA DIGITAL,,05/08/2023
TXN_5927925,SUCO,4,3.0,12.0,CARTEIRA DIGITAL,PRESENCIAL,02/11/2023
TXN_5101593,BOLO,5,3.0,15.0,CARTÃO DE CRÉDITO,PARA VIAGEM,25/01/2023
TXN_1578981,BOLO,1,3.0,3.0,DINHEIRO,PRESENCIAL,15/05/2023
TXN_7876388,BISCOITO,4,1.0,4.0,DINHEIRO,PRESENCIAL,05/10/2023
TXN_5939363,CHÁ,5,1.5,7.5,CARTÃO DE CRÉDITO,PRESENCIAL,14/02/2023
TXN_1636908,BOLO,4,3.0,12.0,CARTEIRA DIGITAL,,17/10/2023
TXN_5221688,CAFÉ,2,2.0,4.0,DINHEIRO,,03/07/2023
TXN_1196923,VITAMINA,2,4.0,8.0,,,27/04/2023
TXN_8944698,CAFÉ,3,2.0,6.0,CARTÃO DE CRÉDITO,,15/09/2023
TXN_8167275,SALADA,5,5.0,25.0,,,
TXN_2167159,BOLO,,3.0,6.0,DINHEIRO,,06/04/2023
TXN_7811387,BISCOITO,5,1.0,5.0,CARTÃO DE CRÉDITO,PARA VIAGEM,30/11/2023
TXN_1884923,CAFÉ,4,2.0,8.0,CARTEIRA DIGITAL,PARA VIAGEM,11/05/2023
TXN_8215595,CHÁ,2,1.5,3.0,DINHEIRO,,23/11/2023
TXN_7618171,BOLO,5,3.0,15.0,DINHEIRO,,
TXN_9857674,CHÁ,5,1.5,7.5,,PARA VIAGEM,12/06/2023
TXN_7389626,CHÁ,2,1.5,3.0,,,
TXN_6035512,BOLO,5,3.0,15.0,DINHEIRO,PARA VIAGEM,19/02/2023
TXN_1398769,VITAMINA,1,4.0,4.0,DINHEIRO,PRESENCIAL,02/06/2023
TXN_6874354,LANCHE,4,4.0,16.0,CARTÃO DE CRÉDITO,,23/03/2023
TXN_9690711,BISCOITO,2,1.0,2.0,CARTÃO DE CRÉDITO,PRESENCIAL,13/09/2023
TXN_5620636,CHÁ,4,,6.0,,PRESENCIAL,12/06/2023
TXN_7234224,BOLO,3,3.0,9.0,,,31/10/2023
TXN_3844347,LANCHE,4,,16.0,DINHEIRO,,04/10/2023
TXN_4507533,BOLO,1,3.0,3.0,CARTEIRA DIGITAL,,31/08/2023
TXN_7636238,LANCHE,4,4.0,16.0,CARTÃO DE CRÉDITO,,27/03/2023
TXN_8913153,VITAMINA,2,4.0,8.0,CARTÃO DE CRÉDITO,,02/09/2023
TXN_7595206,LANCHE,5,4.0,20.0,CARTÃO DE CRÉDITO,PRESENCIAL,02/12/2023
TXN_8424592,VITAMINA,4,4.0,16.0,CARTÃO DE CRÉDITO,PARA VIAGEM,09/11/2023
TXN_1769882,,3,3.0,,,PARA VIAGEM,17/03/2023
TXN_2000406,BOLO,2,3.0,6.0,CARTÃO DE CRÉDITO,,06/06/2023
TXN_3105786,VITAMINA,3,4.0,12.0,,PRESENCIAL,04/10/2023
TXN_7820220,BOLO,3,3.0,9.0,CARTÃO DE CRÉDITO,PRESENCIAL,16/03/2023
TXN_5880883,LANCHE,5,4.0,20.0,CARTEIRA DIGITAL,PRESENCIAL,02/02/2023
TXN_4447856,VITAMINA,2,4.0,8.0,DINHEIRO,PARA VIAGEM,11/09/2023
TXN_6613909,BOLO,4,3.0,12.0,CARTÃO DE CRÉDITO,PRESENCIAL,30/06/2023
TXN_5331924,LANCHE,2,4.0,8.0,DINHEIRO,PARA VIAGEM,30/06/2023
TXN_9090433,BISCOITO,2,1.0,,DINHEIRO,,12/07/2023
TXN_9393467,,5,3.0,15.0,DINHEIRO,,25/09/2023
TXN_9811033,BISCOITO,3,1.0,,DINHEIRO,PARA VIAGEM,30/11/2023
TXN_5452419,CAFÉ,4,,8.0,DINHEIRO,PRESENCIAL,25/01/2023
TXN_5384343,SUCO,1,3.0,3.0,CARTÃO DE CRÉDITO,,29/03/2023
TXN_6580743,CAFÉ,1,2.0,2.0,CARTEIRA DIGITAL,PARA VIAGEM,18/12/2023
TXN_8361821,CHÁ,5,1.5,7.5,DINHEIRO,PRESENCIAL,30/06/2023
TXN_2103626,SUCO,3,3.0,9.0,DINHEIRO,PRESENCIAL,23/04/2023
TXN_1891141,SUCO,4,3.0,12.0,CARTEIRA DIGITAL,PRESENCIAL,25/10/2023
TXN_1252575,CHÁ,1,1.5,1.5,CARTEIRA DIGITAL,PARA VIAGEM,16/10/2023
TXN_5354721,,5,3.0,15.0,,PARA VIAGEM,07/09/2023
TXN_6723498,SALADA,3,5.0,15.0,,PARA VIAGEM,28/01/2023
TXN_1852224,CHÁ,4,,6.0,DINHEIRO,PARA VIAGEM,06/01/2023
TXN_5247378,LANCHE,2,4.0,8.0,CARTEIRA DIGITAL,PARA VIAGEM,16/06/2023
TXN_8786479,CAFÉ,4,2.0,8.0,,,29/05/2023
TXN_5108439,SALADA,2,5.0,10.0,,PRESENCIAL,06/05/2023
TXN_4993989,VITAMINA,2,4.0,8.0,,,15/11/2023
TXN_8004510,BOLO,,3.0,9.0,DINHEIRO,PARA VIAGEM,29/12/2023
TXN_8541473,CAFÉ,3,2.0,6.0,,,02/08/2023
TXN_8917822,BOLO,2,3.0,6.0,CARTEIRA DIGITAL,,12/12/2023
TXN_8108731,SUCO,5,3.0,15.0,,,13/08/2023
TXN_4570750,,1,2.0,,DINHEIRO,PARA VIAGEM,18/05/2023
TXN_1190151,SUCO,5,3.0,15.0,CARTEIRA DIGITAL,,14/08/2023
TXN_8304002,SUCO,1,3.0,3.0,CARTÃO DE CRÉDITO,PARA VIAGEM,02/05/2023
TXN_4341764,CAFÉ,2,2.0,4.0,DINHEIRO,,02/12/2023
TXN_1751183,,5,4.0,20.0,CARTÃO DE CRÉDITO,,25/12/2023
TXN_2112333,BISCOITO,2,1.0,2.0,CARTÃO DE CRÉDITO,PRESENCIAL,
TXN_1046384,VITAMINA,1,4.0,4.0,DINHEIRO,,09/06/2023
TXN_1736630,,5,1.5,7.5,CARTÃO DE CRÉDITO,,16/07/2023
TXN_8287437,CHÁ,2,1.5,3.0,,,16/03/2023
TXN_4153132,SALADA,3,5.0,,CARTEIRA DIGITAL,,21/03/2023
TXN_3243410,CHÁ,2,,3.0,,,30/10/2023
TXN_3061634,CAFÉ,1,2.0,2.0,CARTEIRA DIGITAL,,17/03/2023
TXN_7433308,SALADA,4,5.0,20.0,DINHEIRO,PARA VIAGEM,14/02/2023
TXN_6991736,SUCO,2,3.0,6.0,CARTEIRA DIGITAL,PRESENCIAL,07/11/2023
TXN_7334272,LANCHE,2,4.0,8.0,CARTÃO DE CRÉDITO,PARA VIAGEM,07/07/2023
TXN_8120577,,3,3.0,9.0,DINHEIRO,PRESENCIAL,08/09/2023
TXN_9072093,BISCOITO,1,1.0,1.0,,,06/03/2023
TXN_4705417,SALADA,5,5.0,25.0,CARTÃO DE CRÉDITO,PARA VIAGEM,14/12/2023
TXN_8145970,SUCO,5,3.0,15.0,CARTEIRA DIGITAL,PARA VIAGEM,26/10/2023
TXN_1910553,VITAMINA,5,4.0,20.0,DINHEIRO,,01/10/2023
TXN_9115899,BOLO,2,,6.0,CARTÃO DE CRÉDITO,PRESENCIAL,23/02/2023
TXN_2785563,SUCO,5,3.0,15.0,DINHEIRO,PARA VIAGEM,
TXN_6020552,LANCHE,2,4.0,8.0,DINHEIRO,PARA VIAGEM,14/01/2023
TXN_7970906,CAFÉ,,2.0,8.0,,PRESENCIAL,07/03/2023
TXN_5317458,SALADA,2,5.0,10.0,CARTÃO DE CRÉDITO,,22/01/2023
TXN_6913384,CHÁ,3,1.5,4.5,CARTÃO DE CRÉDITO,PARA VIAGEM,18/09/2023
TXN_1910487,LANCHE,3,,12.0,CARTEIRA DIGITAL,PRESENCIAL,14/08/2023
TXN_6142549,SUCO,3,3.0,9.0,CARTEIRA DIGITAL,,12/03/2023
TXN_7266318,LANCHE,1,4.0,,,PRESENCIAL,16/01/2023
TXN_4390911,SALADA,2,5.0,10.0,CARTEIRA DIGITAL,,19/12/2023
TXN_1445532,CAFÉ,3,2.0,6.0,DINHEIRO,PARA VIAGEM,03/03/2023
TXN_8841996,LANCHE,2,4.0,8.0,,,09/12/2023
TXN_9814511,,1,3.0,3.0,CARTÃO DE CRÉDITO,,05/01/2023
TXN_2563505,LANCHE,1,4.0,4.0,DINHEIRO,PARA VIAGEM,27/10/2023
TXN_5183674,CAFÉ,2,2.0,4.0,CARTEIRA DIGITAL,,13/04/2023
TXN_6748199,SALADA,2,5.0,10.0,DINHEIRO,,23/07/2023
TXN_3463281,BOLO,5,,15.0,,PARA VIAGEM,06/10/2023
TXN_5795475,CHÁ,3,1.5,4.5,CARTEIRA DIGITAL,PRESENCIAL,21/09/2023
TXN_2322399,SALADA,4,5.0,20.0,,PARA VIAGEM,15/04/2023
TXN_5865534,VITAMINA,4,4.0,16.0,CARTEIRA DIGITAL,,16/10/2023
TXN_7060144,BOLO,5,3.0,15.0,CARTÃO DE CRÉDITO,,
TXN_5159669,CHÁ,4,1.5,6.0,CARTÃO DE CRÉDITO,,30/09/2023
TXN_4268051,BISCOITO,1,1.0,,CARTEIRA DIGITAL,PRESENCIAL,05/05/2023
TXN_8120958,BISCOITO,5,,5.0,CARTÃO DE CRÉDITO,,21/06/2023
TXN_6126149,CHÁ,2,1.5,3.0,,,
TXN_5530097,SUCO,2,3.0,6.0,CARTÃO DE CRÉDITO,PARA VIAGEM,19/12/2023
TXN_7805241,SALADA,4,5.0,20.0,,,16/04/2023
TXN_2427834,CHÁ,4,1.5,6.0,,PRESENCIAL,15/06/2023
TXN_6949949,SALADA,3,5.0,15.0,,,14/05/2023
TXN_9094261,SUCO,2,3.0,6.0,CARTEIRA DIGITAL,PARA VIAGEM,15/05/2023
TXN_5661323,BISCOITO,2,1.0,2.0,CARTÃO DE CRÉDITO,PARA VIAGEM,06/05/2023
TXN_2356583,VITAMINA,4,,16.0,CARTEIRA DIGITAL,PRESENCIAL,30/11/2023
TXN_4248711,VITAMINA,1,4.0,4.0,DINHEIRO,,01/08/2023
TXN_6270766,BISCOITO,1,1.0,1.0,,PRESENCIAL,10/11/2023
TXN_9697154,CHÁ,3,1.5,4.5,CARTÃO DE CRÉDITO,PRESENCIAL,08/10/2023
TXN_6381860,CAFÉ,1,2.0,2.0,CARTEIRA DIGITAL,PRESENCIAL,21/08/2023
TXN_6028331,BOLO,4,3.0,12.0,DINHEIRO,,22/10/2023
TXN_8830924,CHÁ,2,1.5,3.0,CARTÃO DE CRÉDITO,,25/10/2023
TXN_3866156,CAFÉ,4,2.0,8.0,,PARA VIAGEM,28/02/2023
TXN_6872833,CAFÉ,,2.0,2.0,,,02/11/2023
TXN_6405210,CAFÉ,4,2.0,8.0,DINHEIRO,,11/08/2023
TXN_4740952,CHÁ,4,1.5,6.0,,PARA VIAGEM,21/02/2023
TXN_6321174,CHÁ,4,1.5,6.0,CARTEIRA DIGITAL,,09/12/2023
TXN_5613875,CHÁ,5,1.5,7.5,,PRESENCIAL,
TXN_6052901,VITAMINA,5,4.0,20.0,CARTÃO DE CRÉDITO,PARA VIAGEM,16/08/2023
TXN_1253619,SUCO,5,3.0,15.0,,,25/05/2023
TXN_5537517,VITAMINA,3,4.0,12.0,CARTEIRA DIGITAL,PARA VIAGEM,27/10/2023
TXN_5496019,BISCOITO,5,1.0,5.0,DINHEIRO,PRESENCIAL,26/11/2023
TXN_4579666,VITAMINA,2,4.0,8.0,,,23/10/2023
TXN_6359281,CAFÉ,2,2.0,4.0,CARTÃO DE CRÉDITO,,16/09/2023
TXN_3620122,LANCHE,1,4.0,4.0,DINHEIRO,PRESENCIAL,06/05/2023
TXN_8367716,CHÁ,2,1.5,3.0,CARTÃO DE CRÉDITO,PARA VIAGEM,03/02/2023
TXN_6779763,BISCOITO,1,1.0,,CARTÃO DE CRÉDITO,,25/04/2023
TXN_1985142,VITAMINA,3,4.0,12.0,CARTEIRA DIGITAL,,
TXN_8385321,VITAMINA,2,4.0,8.0,CARTÃO DE CRÉDITO,PARA VIAGEM,08/02/2023
TXN_5345258,SALADA,2,5.0,10.0,CARTÃO DE CRÉDITO,PARA VIAGEM,13/03/2023
TXN_8932759,VITAMINA,3,4.0,12.0,CARTÃO DE CRÉDITO,PARA VIAGEM,01/09/2023
TXN_6958638,CHÁ,,1.5,1.5,CARTEIRA DIGITAL,PARA VIAGEM,27/11/2023
TXN_3898665,LANCHE,2,4.0,8.0,DINHEIRO,PARA VIAGEM,07/03/2023
TXN_4996304,CAFÉ,2,2.0,4.0,CARTÃO DE CRÉDITO,,17/08/2023
TXN_9566593,BOLO,2,3.0,6.0,CARTEIRA DIGITAL,,30/09/2023
TXN_4808700,BISCOITO,4,1.0,4.0,DINHEIRO,PARA VIAGEM,13/01/2023
TXN_5776252,CHÁ,4,1.5,6.0,DINHEIRO,PARA VIAGEM,11/08/2023
TXN_5673476,VITAMINA,4,4.0,16.0,DINHEIRO,PARA VIAGEM,09/02/2023
TXN_6363733,CHÁ,1,1.5,1.5,,PARA VIAGEM,25/10/2023
TXN_5297995,CHÁ,5,1.5,7.5,,PRESENCIAL,04/07/2023
TXN_8049635,SALADA,3,5.0,15.0,DINHEIRO,,16/11/2023
TXN_2881529,,1,3.0,3.0,,PRESENCIAL,04/07/2023
TXN_3459927,BISCOITO,,1.0,5.0,CARTEIRA DIGITAL,PRESENCIAL,20/07/2023
TXN_6478968,SALADA,2,5.0,10.0,,,12/09/2023
TXN_4135861,SALADA,2,5.0,10.0,CARTÃO DE CRÉDITO,,16/03/2023
TXN_2031545,SUCO,2,3.0,6.0,CARTEIRA DIGITAL,PRESENCIAL,02/05/2023
TXN_4676976,VITAMINA,3,4.0,12.0,CARTEIRA DIGITAL,PRESENCIAL,26/05/2023
TXN_7421018,LANCHE,4,4.0,16.0,CARTEIRA DIGITAL,,26/08/2023
TXN_8239121,VITAMINA,,4.0,4.0,,PRESENCIAL,11/05/2023
TXN_1435192,BOLO,2,3.0,6.0,,,18/06/2023
TXN_5364052,LANCHE,2,4.0,8.0,CARTÃO DE CRÉDITO,,05/02/2023
TXN_8345649,BISCOITO,5,1.0,5.0,DINHEIRO,,23/08/2023
TXN_8560548,LANCHE,1,4.0,4.0,CARTÃO DE CRÉDITO,PARA VIAGEM,02/09/2023
TXN_2345332,CHÁ,3,1.5,4.5,,PRESENCIAL,05/07/2023
TXN_9389434,BOLO,5,3.0,15.0,,PRESENCIAL,16/06/2023
TXN_1240476,SUCO,2,3.0,6.0,CARTEIRA DIGITAL,PARA VIAGEM,20/04/2023
TXN_8345092,VITAMINA,1,4.0,4.0,CARTÃO DE CRÉDITO,,24/07/2023
TXN_5849947,LANCHE,5,4.0,20.0,DINHEIRO,,02/02/2023
TXN_8227648,,,1.5,4.5,,PARA VIAGEM,31/05/2023
TXN_7800602,CHÁ,1,1.5,1.5,DINHEIRO,,30/04/2023
TXN_5926836,BOLO,5,3.0,15.0,,PRESENCIAL,07/08/2023
TXN_4397994,BISCOITO,5,1.0,5.0,,PARA VIAGEM,26/09/2023
TXN_1585827,BOLO,3,3.0,9.0,CARTÃO DE CRÉDITO,PRESENCIAL,30/09/2023
TXN_3384640,SALADA,4,5.0,20.0,,PARA VIAGEM,17/10/2023
TXN_1990029,CHÁ,4,1.5,6.0,CARTÃO DE CRÉDITO,PRESENCIAL,18/11/2023
TXN_5796131,VITAMINA,3,4.0,12.0,CARTEIRA DIGITAL,PARA VIAGEM,30/09/2023
TXN_5166412,,4,1.0,4.0,,PARA VIAGEM,17/06/2023
TXN_7804740,VITAMINA,2,4.0,8.0,CARTEIRA DIGITAL,,19/10/2023
TXN_9082461,BOLO,5,,15.0,CARTEIRA DIGITAL,PRESENCIAL,30/05/2023
TXN_6665881,SUCO,2,3.0,6.0,CARTÃO DE CRÉDITO,,04/07/2023
TXN_4046039,SUCO,5,3.0,15.0,,PRESENCIAL,20/04/2023
TXN_8447640,LANCHE,,4.0,20.0,DINHEIRO,PRESENCIAL,12/06/2023
TXN_3042768,BISCOITO,3,1.0,3.0,CARTEIRA DIGITAL,PARA VIAGEM,07/09/2023
TXN_4664329,CHÁ,2,1.5,3.0,CARTÃO DE CRÉDITO,PARA VIAGEM,06/01/2023
TXN_7442492,SALADA,5,5.0,25.0,CARTÃO DE CRÉDITO,PARA VIAGEM,23/07/2023
TXN_8664335,LANCHE,5,4.0,20.0,CARTEIRA DIGITAL,PARA VIAGEM,12/06/2023
TXN_7379007,BOLO,2,3.0,6.0,,PARA VIAGEM,
TXN_1434857,BOLO,5,3.0,15.0,,PRESENCIAL,13/01/2023
TXN_1700374,LANCHE,5,4.0,20.0,,PRESENCIAL,11/08/2023
TXN_8383484,,2,3.0,6.0,,,20/12/2023
TXN_1261028,SUCO,3,3.0,9.0,,PRESENCIAL,27/10/2023
TXN_1478016,,4,1.0,4.0,,PRESENCIAL,04/08/2023
TXN_5321145,LANCHE,5,4.0,20.0,CARTEIRA DIGITAL,PARA VIAGEM,29/08/2023
TXN_3884995,SUCO,5,3.0,15.0,DINHEIRO,PRESENCIAL,25/12/2023
TXN_4178488,LANCHE,3,4.0,12.0,DINHEIRO,PRESENCIAL,08/05/2023
TXN_4826214,,3,2.0,6.0,CARTEIRA DIGITAL,PARA VIAGEM,23/11/2023
TXN_2579157,LANCHE,1,4.0,4.0,,,27/09/2023
TXN_3597806,BISCOITO,3,1.0,3.0,CARTÃO DE CRÉDITO,,11/12/2023
TXN_7897119,SUCO,4,3.0,,,PRESENCIAL,27/05/2023
TXN_2245037,CAFÉ,2,2.0,4.0,,,18/10/2023
TXN_4833378,BOLO,5,3.0,15.0,CARTEIRA DIGITAL,,15/10/2023
TXN_7055306,SALADA,1,5.0,5.0,,PARA VIAGEM,09/03/2023
TXN_9135433,BISCOITO,4,1.0,,,PRESENCIAL,18/12/2023
TXN_1715684,VITAMINA,1,4.0,4.0,,PRESENCIAL,13/07/2023
TXN_9073440,LANCHE,2,4.0,8.0,CARTÃO DE CRÉDITO,PARA VIAGEM,28/08/2023
TXN_4089355,SALADA,2,5.0,10.0,CARTÃO DE CRÉDITO,PARA VIAGEM,18/02/2023
TXN_3834078,SUCO,1,3.0,3.0,,PRESENCIAL,29/01/2023
TXN_5048650,VITAMINA,2,4.0,,DINHEIRO,PARA VIAGEM,18/11/2023
TXN_1882700,CHÁ,3,1.5,4.5,CARTEIRA DIGITAL,PRESENCIAL,18/04/2023
TXN_2112911,SALADA,3,5.0,15.0,CARTEIRA DIGITAL,PARA VIAGEM,18/09/2023
TXN_7568316,BOLO,2,3.0,6.0,CARTÃO DE CRÉDITO,,28/11/2023
TXN_3642982,CAFÉ,5,2.0,10.0,DINHEIRO,,04/10/2023
TXN_4475094,LANCHE,3,4.0,12.0,,,12/08/2023
TXN_6768812,CAFÉ,4,2.0,8.0,,,30/03/2023
TXN_1419669,BOLO,5,3.0,15.0,DINHEIRO,PARA VIAGEM,07/03/2023
TXN_9810604,BOLO,2,3.0,6.0,,PARA VIAGEM,02/04/2023
TXN_4791243,BISCOITO,5,1.0,5.0,,PARA VIAGEM,12/05/2023
TXN_5665311,,2,1.0,2.0,CARTÃO DE CRÉDITO,PRESENCIAL,17/05/2023
TXN_7920897,SALADA,2,5.0,10.0,,PRESENCIAL,29/07/2023
TXN_7515272,,1,3.0,3.0,,,12/08/2023
TXN_5453836,VITAMINA,2,4.0,8.0,CARTÃO DE CRÉDITO,PRESENCIAL,29/05/2023
TXN_5578796,CHÁ,4,1.5,6.0,,PRESENCIAL,27/04/2023
TXN_8620592,VITAMINA,2,4.0,8.0,,PRESENCIAL,14/07/2023
TXN_7402846,SUCO,,3.0,6.0,CARTÃO DE CRÉDITO,PARA VIAGEM,11/10/2023
TXN_9487214,CAFÉ,5,2.0,10.0,,,25/03/2023
TXN_2274702,BISCOITO,5,1.0,5.0,CARTÃO DE CRÉDITO,PRESENCIAL,11/12/2023
TXN_2701016,BOLO,5,3.0,15.0,CARTEIRA DIGITAL,,06/03/2023
TXN_8809853,CAFÉ,1,2.0,2.0,CARTEIRA DIGITAL,PARA VIAGEM,29/10/2023
TXN_7683607,BOLO,1,3.0,3.0,DINHEIRO,,17/03/2023
TXN_2402928,CAFÉ,4,2.0,8.0,DINHEIRO,,20/10/2023
TXN_6516391,BOLO,2,3.0,6.0,CARTEIRA DIGITAL,,16/06/2023
TXN_9685326,VITAMINA,3,4.0,12.0,CARTEIRA DIGITAL,PARA VIAGEM,07/04/2023
TXN_6181456,,1,1.0,,,PARA VIAGEM,08/05/2023
TXN_9858627,SUCO,4,3.0,12.0,,,22/01/2023
TXN_9923613,LANCHE,4,4.0,16.0,,PRESENCIAL,08/11/2023
TXN_7656770,CAFÉ,1,2.0,2.0,CARTÃO DE CRÉDITO,,24/12/2023
TXN_4092551,SUCO,5,3.0,15.0,CARTÃO DE CRÉDITO,PARA VIAGEM,11/10/2023
TXN_9894204,,2,2.0,4.0,DINHEIRO,PARA VIAGEM,08/08/2023
TXN_7241288,LANCHE,5,4.0,20.0,DINHEIRO,PARA VIAGEM,11/04/2023
TXN_9833195,CAFÉ,2,2.0,4.0,,PARA VIAGEM,03/03/2023
TXN_9153854,LANCHE,2,4.0,8.0,,PRESENCIAL,04/04/2023
TXN_1436851,LANCHE,5,4.0,20.0,DINHEIRO,PARA VIAGEM,28/07/2023
TXN_8598575,LANCHE,4,4.0,16.0,CARTEIRA DIGITAL,,14/11/2023
TXN_1417871,SALADA,3,5.0,15.0,DINHEIRO,PARA VIAGEM,12/03/2023
TXN_7844352,,2,,6.0,CARTÃO DE CRÉDITO,,26/07/2023
TXN_2339781,VITAMINA,2,4.0,8.0,,PRESENCIAL,02/01/2023
TXN_6674257,LANCHE,3,4.0,12.0,DINHEIRO,PARA VIAGEM,20/07/2023
TXN_2649010,CHÁ,,1.5,6.0,DINHEIRO,PARA VIAGEM,01/08/2023
TXN_1339158,SALADA,4,5.0,20.0,DINHEIRO,,
TXN_7948933,LANCHE,3,4.0,12.0,DINHEIRO,,
TXN_4965631,VITAMINA,3,4.0,12.0,CARTÃO DE CRÉDITO,,27/01/2023
TXN_9254064,CAFÉ,2,2.0,4.0,DINHEIRO,PARA VIAGEM,10/12/2023
TXN_4554168,CHÁ,4,1.5,6.0,CARTEIRA DIGITAL,PRESENCIAL,08/04/2023
TXN_6536418,SALADA,5,5.0,25.0,CARTÃO DE CRÉDITO,PRESENCIAL,11/02/2023
TXN_9024186,SUCO,2,,6.0,DINHEIRO,PARA VIAGEM,17/12/2023
TXN_4580084,LANCHE,5,4.0,,CARTÃO DE CRÉDITO,PARA VIAGEM,17/12/2023
TXN_3996874,CHÁ,4,1.5,6.0,CARTEIRA DIGITAL,,18/05/2023
TXN_7106595,,,1.5,3.0,CARTÃO DE CRÉDITO,PARA VIAGEM,19/06/2023
TXN_5439860,CHÁ,1,1.5,1.5,CARTEIRA DIGITAL,PRESENCIAL,18/04/2023
TXN_3216618,SALADA,4,5.0,20.0,CARTÃO DE CRÉDITO,PRESENCIAL,30/12/2023
TXN_8360779,BISCOITO,4,1.0,4.0,CARTÃO DE CRÉDITO,PRESENCIAL,25/10/2023
TXN_3700419,BISCOITO,4,1.0,4.0,,,09/01/2023
TXN_6369590,SALADA,5,5.0,25.0,CARTEIRA DIGITAL,PARA VIAGEM,26/10/2023
TXN_5039782,CHÁ,3,1.5,4.5,CARTÃO DE CRÉDITO,PARA VIAGEM,21/06/2023
TXN_7047860,CAFÉ,2,,4.0,,PARA VIAGEM,18/06/2023
TXN_2985748,CAFÉ,3,2.0,6.0,,PARA VIAGEM,19/12/2023
TXN_8616557,LANCHE,5,4.0,20.0,,PRESENCIAL,28/08/2023
TXN_3171673,VITAMINA,2,4.0,8.0,CARTEIRA DIGITAL,PARA VIAGEM,07/12/2023
TXN_4827637,VITAMINA,4,4.0,16.0,DINHEIRO,PRESENCIAL,28/04/2023
TXN_1170198,CHÁ,4,1.5,6.0,CARTÃO DE CRÉDITO,PRESENCIAL,09/02/2023
TXN_8166527,SALADA,2,5.0,10.0,DINHEIRO,PRESENCIAL,24/05/2023
TXN_3097593,VITAMINA,2,4.0,8.0,CARTÃO DE CRÉDITO,PRESENCIAL,18/06/2023
TXN_2981117,,1,3.0,3.0,,PRESENCIAL,02/10/2023
TXN_3431526,BISCOITO,3,1.0,3.0,CARTÃO DE CRÉDITO,PARA VIAGEM,27/12/2023
TXN_1817076,,3,3.0,,DINHEIRO,PRESENCIAL,31/05/2023
TXN_1489218,SALADA,2,5.0,10.0,CARTEIRA DIGITAL,,13/09/2023
TXN_1936644,SUCO,3,3.0,9.0,CARTEIRA DIGITAL,,28/01/2023
TXN_4293694,VITAMINA,5,4.0,20.0,DINHEIRO,,03/08/2023
TXN_9469529,CAFÉ,2,2.0,4.0,,,09/08/2023
TXN_2946861,,3,3.0,,,,28/03/2023
TXN_7919609,LANCHE,,4.0,12.0,,PRESENCIAL,31/01/2023
TXN_7692019,SUCO,3,3.0,9.0,,PRESENCIAL,14/10/2023
TXN_7677750,CHÁ,2,1.5,,DINHEIRO,PARA VIAGEM,24/12/2023
TXN_9799633,SUCO,4,3.0,12.0,DINHEIRO,PRESENCIAL,07/11/2023
TXN_4252036,LANCHE,2,4.0,8.0,DINHEIRO,PARA VIAGEM,22/01/2023
TXN_6637989,VITAMINA,1,4.0,4.0,DINHEIRO,,09/11/2023
TXN_2860514,BISCOITO,5,1.0,5.0,CARTÃO DE CRÉDITO,,01/09/2023
TXN_4143449,VITAMINA,3,4.0,12.0,CARTEIRA DIGITAL,,23/08/2023
TXN_1499208,,1,4.0,4.0,DINHEIRO,PARA VIAGEM,01/11/2023
TXN_1960599,BOLO,4,3.0,12.0,DINHEIRO,,06/01/2023
TXN_1184377,SUCO,1,3.0,3.0,DINHEIRO,,25/10/2023
TXN_6995795,SALADA,4,5.0,20.0,,PRESENCIAL,28/11/2023
TXN_7805508,VITAMINA,5,4.0,20.0,,PRESENCIAL,10/07/2023
TXN_6193929,SUCO,5,3.0,15.0,,PARA VIAGEM,20/06/2023
TXN_1942950,LANCHE,4,4.0,16.0,,PARA VIAGEM,25/03/2023
TXN_9759221,CAFÉ,3,,6.0,DINHEIRO,PARA VIAGEM,23/06/2023
TXN_1205522,BOLO,5,3.0,15.0,,PRESENCIAL,26/12/2023
TXN_7792223,VITAMINA,3,4.0,,CARTÃO DE CRÉDITO,,21/07/2023
TXN_7205370,VITAMINA,4,4.0,16.0,DINHEIRO,,07/12/2023
TXN_9992148,CHÁ,3,1.5,4.5,DINHEIRO,PARA VIAGEM,14/01/2023
TXN_6305420,BISCOITO,3,1.0,3.0,,PRESENCIAL,17/06/2023
TXN_9982090,CHÁ,5,1.5,7.5,CARTEIRA DIGITAL,PRESENCIAL,03/06/2023
TXN_6507690,SUCO,,3.0,3.0,CARTEIRA DIGITAL,PRESENCIAL,30/01/2023
TXN_8487057,VITAMINA,5,4.0,20.0,,PARA VIAGEM,01/06/2023
TXN_6646382,CHÁ,4,1.5,6.0,,,16/09/2023
TXN_5255092,LANCHE,1,4.0,4.0,,PARA VIAGEM,08/10/2023
TXN_8402941,BOLO,5,3.0,15.0,CARTÃO DE CRÉDITO,PRESENCIAL,26/11/2023
TXN_4265056,SUCO,1,3.0,3.0,DINHEIRO,,16/07/2023
TXN_4605871,BISCOITO,1,1.0,1.0,,,20/06/2023
TXN_7976001,SUCO,4,3.0,12.0,CARTÃO DE CRÉDITO,PRESENCIAL,27/06/2023
TXN_4969003,BISCOITO,1,1.0,,CARTEIRA DIGITAL,PRESENCIAL,19/04/2023
TXN_3629728,VITAMINA,1,4.0,4.0,CARTEIRA DIGITAL,PARA VIAGEM,11/03/2023
TXN_7027319,VITAMINA,,4.0,12.0,CARTÃO DE CRÉDITO,PARA VIAGEM,25/02/2023
TXN_1907428,SUCO,4,3.0,12.0,CARTÃO DE CRÉDITO,PRESENCIAL,06/06/2023
TXN_6594753,SUCO,3,3.0,9.0,,,16/03/2023
TXN_8554646,CAFÉ,2,2.0,4.0,DINHEIRO,,10/01/2023
TXN_5860664,SUCO,5,3.0,15.0,CARTEIRA DIGITAL,,06/06/2023
TXN_3586768,CAFÉ,2,2.0,4.0,,PRESENCIAL,23/05/2023
TXN_5765294,BISCOITO,4,1.0,4.0,CARTEIRA DIGITAL,PRESENCIAL,14/11/2023
TXN_4966149,SUCO,2,3.0,6.0,DINHEIRO,,10/04/2023
TXN_3652726,LANCHE,3,4.0,12.0,,PRESENCIAL,03/08/2023
TXN_2273573,BISCOITO,5,1.0,5.0,DINHEIRO,PRESENCIAL,12/11/2023
TXN_7924516,BISCOITO,1,1.0,1.0,CARTÃO DE CRÉDITO,,23/04/2023
TXN_2083132,SALADA,1,5.0,5.0,,,31/08/2023
TXN_8837131,,3,4.0,12.0,CARTEIRA DIGITAL,PRESENCIAL,23/12/2023
TXN_2659832,LANCHE,3,,12.0,CARTÃO DE CRÉDITO,,05/12/2023
TXN_5049646,SUCO,2,3.0,6.0,CARTÃO DE CRÉDITO,PRESENCIAL,30/08/2023
TXN_9182359,SALADA,3,5.0,15.0,,PRESENCIAL,
TXN_7401217,SALADA,,5.0,20.0,,,06/02/2023
TXN_6853142,VITAMINA,3,4.0,12.0,DINHEIRO,,21/07/2023
TXN_4031726,BOLO,4,3.0,12.0,CARTÃO DE CRÉDITO,PARA VIAGEM,22/11/2023
TXN_9512112,CAFÉ,4,2.0,8.0,DINHEIRO,PARA VIAGEM,25/05/2023
TXN_9428611,SALADA,4,5.0,20.0,CARTEIRA DIGITAL,,13/07/2023
TXN_1472433,,1,2.0,2.0,CARTEIRA DIGITAL,PARA VIAGEM,05/04/2023
TXN_5235471,BOLO,5,3.0,15.0,,PRESENCIAL,
TXN_5483635,SUCO,3,3.0,9.0,CARTÃO DE CRÉDITO,PRESENCIAL,23/03/2023
TXN_1848481,BISCOITO,4,1.0,4.0,CARTÃO DE CRÉDITO,,
TXN_3478169,SUCO,2,3.0,6.0,DINHEIRO,PRESENCIAL,03/02/2023
TXN_3842766,CHÁ,3,1.5,4.5,CARTÃO DE CRÉDITO,PRESENCIAL,24/03/2023
TXN_7805115,VITAMINA,2,4.0,8.0,,,18/12/2023
TXN_7565447,SALADA,1,5.0,,,,15/02/2023
TXN_8225343,VITAMINA,1,4.0,4.0,DINHEIRO,,10/05/2023
TXN_3822036,VITAMINA,3,4.0,12.0,CARTÃO DE CRÉDITO,PARA VIAGEM,07/05/2023
TXN_3019996,LANCHE,2,4.0,8.0,DINHEIRO,,27/06/2023
TXN_8397209,,3,1.5,4.5,DINHEIRO,PRESENCIAL,12/10/2023
TXN_5634977,CAFÉ,5,2.0,10.0,,PRESENCIAL,06/03/2023
TXN_8165784,BOLO,5,3.0,15.0,CARTEIRA DIGITAL,,15/10/2023
TXN_3619141,BISCOITO,4,1.0,4.0,CARTEIRA DIGITAL,PRESENCIAL,30/09/2023
TXN_7160017,SUCO,1,3.0,3.0,DINHEIRO,PRESENCIAL,27/09/2023
TXN_9513509,LANCHE,1,4.0,4.0,CARTÃO DE CRÉDITO,,27/04/2023
TXN_5919038,BISCOITO,1,1.0,1.0,CARTÃO DE CRÉDITO,PRESENCIAL,15/12/2023
TXN_8384229,CHÁ,4,1.5,6.0,CARTEIRA DIGITAL,,08/01/2023
TXN_9011816,BOLO,1,3.0,3.0,,PARA VIAGEM,02/04/2023
TXN_2916992,SALADA,2,5.0,10.0,DINHEIRO,PARA VIAGEM,20/08/2023
TXN_4350788,CHÁ,3,,4.5,,PRESENCIAL,28/06/2023
TXN_3132488,LANCHE,,4.0,16.0,CARTÃO DE CRÉDITO,PARA VIAGEM,12/09/2023
TXN_9126573,SALADA,4,5.0,20.0,CARTEIRA DIGITAL,,17/06/2023
TXN_5347338,BOLO,4,3.0,12.0,CARTEIRA DIGITAL,PARA VIAGEM,04/07/2023
TXN_9455737,,3,5.0,15.0,,,
TXN_2930963,,2,4.0,8.0,CARTEIRA DIGITAL,PRESENCIAL,09/02/2023
TXN_7997252,,3,3.0,9.0,CARTÃO DE CRÉDITO,,28/05/2023
TXN_1907740,LANCHE,1,4.0,4.0,DINHEIRO,,17/03/2023
TXN_3654670,SUCO,1,3.0,3.0,CARTÃO DE CRÉDITO,PARA VIAGEM,14/06/2023
TXN_1432682,CHÁ,1,1.5,1.5,,,11/07/2023
TXN_3938271,SALADA,3,5.0,15.0,,PRESENCIAL,12/01/2023
TXN_7619641,SUCO,3,3.0,9.0,,PRESENCIAL,02/04/2023
TXN_1870423,SALADA,2,5.0,10.0,CARTÃO DE CRÉDITO,PARA VIAGEM,12/04/2023
TXN_1006942,SALADA,1,5.0,5.0,CARTÃO DE CRÉDITO,PRESENCIAL,30/11/2023
TXN_2282319,SUCO,2,3.0,,DINHEIRO,PRESENCIAL,14/08/2023
TXN_6812735,CHÁ,5,1.5,7.5,,,21/04/2023
TXN_6922833,CHÁ,1,1.5,1.5,,PARA VIAGEM,17/11/2023
TXN_1026799,BOLO,5,3.0,15.0,CARTÃO DE CRÉDITO,,
TXN_5783469,SALADA,,5.0,15.0,,,14/06/2023
TXN_8489120,BISCOITO,2,1.0,2.0,CARTÃO DE CRÉDITO,,07/11/2023
TXN_6200609,SALADA,5,5.0,,CARTEIRA DIGITAL,PARA VIAGEM,12/04/2023
TXN_8194534,CAFÉ,2,2.0,4.0,DINHEIRO,,19/05/2023
TXN_7238674,BISCOITO,1,1.0,1.0,,,03/11/2023
TXN_6968752,CHÁ,1,,1.5,,,07/04/2023
TXN_2582926,VITAMINA,4,4.0,16.0,,,
TXN_1346953,CHÁ,3,1.5,4.5,,PRESENCIAL,24/09/2023
TXN_8742689,CHÁ,5,1.5,7.5,CARTEIRA DIGITAL,PARA VIAGEM,05/01/2023
TXN_2144031,SUCO,1,3.0,3.0,,,25/02/2023
TXN_1996466,VITAMINA,1,4.0,4.0,CARTEIRA DIGITAL,,24/04/2023
TXN_1124796,,5,1.5,7.5,CARTÃO DE CRÉDITO,,28/10/2023
TXN_7124156,SALADA,1,5.0,5.0,CARTÃO DE CRÉDITO,PARA VIAGEM,28/07/2023
TXN_3150614,LANCHE,1,4.0,4.0,DINHEIRO,PARA VIAGEM,06/08/2023
TXN_5263693,SUCO,1,3.0,3.0,CARTEIRA DIGITAL,PARA VIAGEM,20/01/2023
TXN_1785644,,5,1.5,7.5,,,13/08/2023
TXN_1702437,VITAMINA,4,4.0,16.0,CARTÃO DE CRÉDITO,PARA VIAGEM,27/06/2023
TXN_6500713,BISCOITO,3,1.0,3.0,,PRESENCIAL,30/04/2023
TXN_8725721,LANCHE,1,4.0,4.0,DINHEIRO,,04/06/2023
TXN_8965025,SALADA,1,5.0,5.0,DINHEIRO,PRESENCIAL,14/04/2023
TXN_8491490,CAFÉ,2,2.0,4.0,,PRESENCIAL,16/01/2023
TXN_4328869,LANCHE,2,4.0,8.0,DINHEIRO,,02/05/2023
TXN_3849711,VITAMINA,5,4.0,20.0,DINHEIRO,,14/08/2023
TXN_1334406,SUCO,1,3.0,3.0,CARTEIRA DIGITAL,PRESENCIAL,26/09/2023
TXN_1556708,VITAMINA,1,4.0,4.0,CARTEIRA DIGITAL,PARA VIAGEM,11/06/2023
TXN_8422494,SALADA,4,5.0,20.0,DINHEIRO,PRESENCIAL,08/06/2023
TXN_3427754,VITAMINA,2,4.0,8.0,CARTEIRA DIGITAL,PARA VIAGEM,06/08/2023
TXN_3512545,BISCOITO,,1.0,4.0,CARTÃO DE CRÉDITO,PRESENCIAL,08/08/2023
TXN_7703185,BOLO,1,,3.0,CARTEIRA DIGITAL,PARA VIAGEM,10/12/2023
TXN_8455321,VITAMINA,3,4.0,12.0,,PRESENCIAL,25/01/2023
TXN_9904505,VITAMINA,2,4.0,8.0,CARTEIRA DIGITAL,,07/06/2023
TXN_5020643,CHÁ,3,1.5,4.5,CARTEIRA DIGITAL,PRESENCIAL,19/10/2023
TXN_8170122,BISCOITO,5,1.0,5.0,CARTEIRA DIGITAL,PRESENCIAL,20/03/2023
TXN_5067216,,4,5.0,20.0,,PARA VIAGEM,24/07/2023
TXN_3930540,VITAMINA,3,4.0,12.0,DINHEIRO,,24/03/2023
TXN_4663537,CAFÉ,5,2.0,10.0,CARTÃO DE CRÉDITO,,22/10/2023
TXN_5392630,SUCO,5,3.0,,DINHEIRO,PARA VIAGEM,23/11/2023
TXN_9480851,BOLO,3,3.0,,,PRESENCIAL,21/03/2023
TXN_5927620,VITAMINA,1,4.0,4.0,CARTÃO DE CRÉDITO,,04/05/2023
TXN_1561430,CHÁ,2,1.5,3.0,,PARA VIAGEM,13/10/2023
TXN_1133945,VITAMINA,2,4.0,8.0,CARTEIRA DIGITAL,PRESENCIAL,23/10/2023
TXN_5467240,VITAMINA,5,4.0,20.0,CARTEIRA DIGITAL,,20/10/2023
TXN_3210288,SALADA,3,,15.0,,PARA VIAGEM,30/04/2023
TXN_1586452,SALADA,2,5.0,,DINHEIRO,PRESENCIAL,01/02/2023
TXN_9814929,BOLO,3,3.0,9.0,CARTEIRA DIGITAL,PRESENCIAL,01/10/2023
TXN_8961480,CHÁ,4,1.5,6.0,DINHEIRO,,18/02/2023
TXN_1826919,SUCO,4,3.0,12.0,CARTÃO DE CRÉDITO,PRESENCIAL,21/02/2023
TXN_3135048,SALADA,1,5.0,5.0,CARTÃO DE CRÉDITO,PARA VIAGEM,03/02/2023
TXN_3105263,,4,4.0,16.0,CARTÃO DE CRÉDITO,PARA VIAGEM,25/11/2023
TXN_4504141,LANCHE,5,4.0,,CARTÃO DE CRÉDITO,,28/09/2023
TXN_7408461,SUCO,3,3.0,9.0,,PRESENCIAL,05/11/2023
TXN_8108115,CAFÉ,,2.0,6.0,,PRESENCIAL,24/08/2023
TXN_6655437,SUCO,1,3.0,3.0,,,07/07/2023
TXN_9120328,CHÁ,5,1.5,7.5,CARTÃO DE CRÉDITO,PARA VIAGEM,22/10/2023
TXN_3906862,BOLO,5,3.0,15.0,DINHEIRO,,14/08/2023
TXN_8468071,BISCOITO,4,1.0,4.0,,,22/08/2023
TXN_7543921,CAFÉ,3,2.0,6.0,DINHEIRO,PRESENCIAL,06/12/2023
TXN_8714536,,4,4.0,16.0,CARTEIRA DIGITAL,PARA VIAGEM,06/05/2023
TXN_3282601,,2,3.0,6.0,CARTEIRA DIGITAL,PRESENCIAL,03/02/2023
TXN_4569599,,2,1.5,3.0,DINHEIRO,,07/02/2023
TXN_2970011,CAFÉ,4,2.0,8.0,CARTÃO DE CRÉDITO,PARA VIAGEM,04/06/2023
TXN_5556328,CHÁ,5,1.5,7.5,CARTEIRA DIGITAL,PRESENCIAL,10/12/2023
TXN_8786159,CAFÉ,3,2.0,6.0,DINHEIRO,PRESENCIAL,05/04/2023
TXN_2467699,CHÁ,1,1.5,1.5,DINHEIRO,,17/06/2023
TXN_3085628,SALADA,1,5.0,5.0,DINHEIRO,,26/08/2023
TXN_7952153,VITAMINA,2,4.0,8.0,CARTEIRA DIGITAL,,24/07/2023
TXN_4439321,CAFÉ,3,2.0,6.0,DINHEIRO,PRESENCIAL,25/04/2023
TXN_1488127,CHÁ,5,,7.5,,PARA VIAGEM,12/12/2023
TXN_6687734,BOLO,1,3.0,3.0,,PRESENCIAL,14/03/2023
TXN_7323885,LANCHE,5,4.0,20.0,DINHEIRO,PRESENCIAL,15/09/2023
TXN_7894558,CAFÉ,2,2.0,4.0,,,04/01/2023
TXN_4019040,CHÁ,1,1.5,1.5,DINHEIRO,PRESENCIAL,01/02/2023
TXN_1570573,LANCHE,3,4.0,12.0,CARTEIRA DIGITAL,PARA VIAGEM,09/04/2023
TXN_5991995,BOLO,1,3.0,3.0,CARTEIRA DIGITAL,PRESENCIAL,08/01/2023
TXN_2437586,LANCHE,4,4.0,16.0,DINHEIRO,,29/08/2023
TXN_7326827,VITAMINA,1,4.0,4.0,,PRESENCIAL,30/06/2023
TXN_6004431,LANCHE,2,4.0,8.0,DINHEIRO,PARA VIAGEM,07/04/2023
TXN_7475500,BISCOITO,2,1.0,2.0,DINHEIRO,,22/11/2023
TXN_8122317,CAFÉ,3,2.0,6.0,DINHEIRO,PARA VIAGEM,16/10/2023
TXN_2028930,BISCOITO,2,1.0,2.0,CARTEIRA DIGITAL,,25/11/2023
TXN_3394874,CAFÉ,4,2.0,8.0,CARTÃO DE CRÉDITO,PARA VIAGEM,18/06/2023
TXN_5804346,CHÁ,,1.5,1.5,CARTÃO DE CRÉDITO,,05/07/2023
TXN_5926025,,2,4.0,,CARTEIRA DIGITAL,,29/07/2023
TXN_2220389,SALADA,4,5.0,20.0,CARTÃO DE CRÉDITO,,26/07/2023
TXN_9603773,BISCOITO,2,1.0,2.0,CARTÃO DE CRÉDITO,,10/10/2023
TXN_1285279,CAFÉ,2,2.0,4.0,DINHEIRO,PARA VIAGEM,09/04/2023
TXN_5244558,VITAMINA,4,4.0,16.0,CARTEIRA DIGITAL,,06/06/2023
TXN_1702434,VITAMINA,3,4.0,12.0,CARTEIRA DIGITAL,,22/07/2023
TXN_2425755,VITAMINA,1,4.0,4.0,,PARA VIAGEM,14/09/2023
TXN_5350200,,1,4.0,4.0,DINHEIRO,PRESENCIAL,02/12/2023
TXN_7151817,LANCHE,1,4.0,4.0,DINHEIRO,PRESENCIAL,18/05/2023
TXN_7514589,SUCO,3,3.0,9.0,DINHEIRO,PARA VIAGEM,25/07/2023
TXN_5962237,SUCO,1,3.0,3.0,,PARA VIAGEM,31/10/2023
TXN_9059245,,1,4.0,4.0,DINHEIRO,,11/07/2023
TXN_2188356,CHÁ,1,1.5,1.5,,PRESENCIAL,14/07/2023
TXN_8019335,VITAMINA,3,4.0,12.0,CARTEIRA DIGITAL,PARA VIAGEM,26/11/2023
TXN_5921650,SALADA,,5.0,20.0,,PRESENCIAL,13/10/2023
TXN_5248011,BOLO,2,3.0,6.0,,PRESENCIAL,21/01/2023
TXN_7332957,LANCHE,5,4.0,20.0,CARTEIRA DIGITAL,,26/07/2023
TXN_1278539,CHÁ,1,1.5,1.5,CARTÃO DE CRÉDITO,PARA VIAGEM,04/04/2023
TXN_1186221,SALADA,4,5.0,20.0,DINHEIRO,PARA VIAGEM,21/04/2023
TXN_3086676,BOLO,2,3.0,6.0,DINHEIRO,,21/07/2023
TXN_9696138,SUCO,3,3.0,9.0,,,01/12/2023
TXN_1846455,LANCHE,4,4.0,16.0,,,16/03/2023
TXN_1548245,,4,4.0,16.0,CARTÃO DE CRÉDITO,,15/03/2023
TXN_1839407,BISCOITO,3,1.0,3.0,DINHEIRO,,15/03/2023
TXN_9028798,BOLO,2,3.0,6.0,DINHEIRO,PRESENCIAL,25/05/2023
TXN_4672332,BOLO,4,3.0,,DINHEIRO,PRESENCIAL,29/03/2023
TXN_2726078,CAFÉ,3,2.0,6.0,CARTEIRA DIGITAL,,27/11/2023
TXN_5249091,VITAMINA,5,4.0,20.0,CARTÃO DE CRÉDITO,PRESENCIAL,15/08/2023
TXN_9507397,BISCOITO,3,1.0,3.0,CARTÃO DE CRÉDITO,PARA VIAGEM,26/10/2023
TXN_6948649,,5,1.5,7.5,DINHEIRO,PRESENCIAL,27/11/2023
TXN_3300171,BISCOITO,5,1.0,5.0,CARTÃO DE CRÉDITO,PRESENCIAL,14/02/2023
TXN_2773085,CAFÉ,1,,2.0,,,16/10/2023
TXN_4697112,LANCHE,3,4.0,12.0,CARTÃO DE CRÉDITO,,08/04/2023
TXN_7897423,,4,5.0,20.0,,,24/05/2023
TXN_6373380,CAFÉ,4,2.0,8.0,DINHEIRO,PRESENCIAL,21/07/2023
TXN_8668590,BISCOITO,4,1.0,4.0,CARTEIRA DIGITAL,,18/04/2023
TXN_9121676,VITAMINA,4,4.0,16.0,,,25/12/2023
TXN_4956012,LANCHE,1,4.0,4.0,,PRESENCIAL,20/07/2023
TXN_4341126,BOLO,2,3.0,6.0,DINHEIRO,,01/07/2023
TXN_9792412,CHÁ,,1.5,6.0,CARTEIRA DIGITAL,PARA VIAGEM,15/06/2023
TXN_2103018,BOLO,5,3.0,,CARTÃO DE CRÉDITO,PRESENCIAL,24/11/2023
TXN_9843421,,3,3.0,9.0,,PRESENCIAL,06/09/2023
TXN_2227781,BOLO,1,3.0,3.0,DINHEIRO,PARA VIAGEM,21/01/2023
TXN_6159539,SUCO,1,3.0,3.0,CARTEIRA DIGITAL,,12/01/2023
TXN_8014766,,1,4.0,4.0,,,05/10/2023
TXN_5234152,BISCOITO,5,1.0,5.0,CARTEIRA DIGITAL,PARA VIAGEM,26/03/2023
TXN_9468033,SUCO,1,3.0,3.0,CARTÃO DE CRÉDITO,,13/12/2023
TXN_3132304,LANCHE,1,4.0,4.0,CARTÃO DE CRÉDITO,,21/01/2023
TXN_6262910,BOLO,4,3.0,12.0,DINHEIRO,PARA VIAGEM,02/07/2023
TXN_7543841,BISCOITO,3,1.0,3.0,DINHEIRO,PRESENCIAL,07/11/2023
TXN_7901672,BISCOITO,1,1.0,1.0,,,24/06/2023
TXN_1058957,SUCO,2,3.0,6.0,DINHEIRO,PRESENCIAL,21/03/2023
TXN_7635738,CAFÉ,,2.0,8.0,DINHEIRO,PARA VIAGEM,08/08/2023
TXN_2728444,SALADA,1,5.0,5.0,CARTEIRA DIGITAL,PARA VIAGEM,23/01/2023
TXN_9073184,BOLO,2,3.0,6.0,,,14/04/2023
TXN_2044945,,2,1.5,3.0,DINHEIRO,,18/10/2023
TXN_5665341,CHÁ,5,1.5,7.5,DINHEIRO,,27/02/2023
TXN_1509627,SUCO,4,,12.0,CARTEIRA DIGITAL,,23/03/2023
TXN_7813066,SUCO,1,,3.0,,,28/02/2023
TXN_5518591,BISCOITO,4,1.0,4.0,CARTEIRA DIGITAL,,21/09/2023
TXN_6540415,BOLO,5,3.0,15.0,,,27/05/2023
TXN_2991726,SUCO,5,,15.0,,PRESENCIAL,01/09/2023
TXN_7939659,BOLO,3,3.0,9.0,CARTEIRA DIGITAL,PARA VIAGEM,26/07/2023
TXN_7531403,VITAMINA,2,4.0,8.0,DINHEIRO,PRESENCIAL,08/07/2023
TXN_3767196,SALADA,4,5.0,20.0,DINHEIRO,,30/08/2023
TXN_3562332,SALADA,5,5.0,25.0,,,20/06/2023
TXN_7302788,CAFÉ,1,2.0,2.0,DINHEIRO,PRESENCIAL,18/09/2023
TXN_9233948,BISCOITO,4,1.0,4.0,DINHEIRO,,26/03/2023
TXN_1510673,SUCO,3,3.0,9.0,,,26/02/2023
TXN_9867586,VITAMINA,4,4.0,16.0,,PRESENCIAL,02/06/2023
TXN_1750875,SUCO,3,3.0,9.0,,,13/12/2023
TXN_6397944,SALADA,5,5.0,25.0,,,31/10/2023
TXN_5216430,BISCOITO,3,,3.0,,,05/02/2023
TXN_2723755,SUCO,3,3.0,9.0,DINHEIRO,,30/06/2023
TXN_2313646,LANCHE,3,4.0,12.0,,PRESENCIAL,24/08/2023
TXN_6327139,,4,4.0,16.0,,PARA VIAGEM,
TXN_4028494,BOLO,3,3.0,9.0,CARTEIRA DIGITAL,PRESENCIAL,22/10/2023
TXN_1412415,SUCO,3,3.0,9.0,DINHEIRO,PRESENCIAL,24/02/2023
TXN_7398884,,3,4.0,12.0,,PARA VIAGEM,24/12/2023
TXN_6546131,CAFÉ,4,2.0,8.0,CARTÃO DE CRÉDITO,PRESENCIAL,26/06/2023
TXN_9030656,SUCO,5,3.0,15.0,CARTEIRA DIGITAL,PARA VIAGEM,12/12/2023
TXN_1950777,SALADA,5,5.0,25.0,DINHEIRO,PARA VIAGEM,26/08/2023
TXN_4605239,CAFÉ,1,2.0,2.0,CARTÃO DE CRÉDITO,,06/08/2023
TXN_8019396,LANCHE,3,4.0,12.0,,,20/10/2023
TXN_3716685,,5,4.0,20.0,CARTEIRA DIGITAL,PARA VIAGEM,
TXN_1580822,SUCO,5,3.0,15.0,CARTÃO DE CRÉDITO,,
TXN_5060289,CHÁ,5,1.5,7.5,CARTÃO DE CRÉDITO,,
TXN_7874772,CHÁ,1,1.5,1.5,CARTÃO DE CRÉDITO,PARA VIAGEM,26/04/2023
TXN_2625464,VITAMINA,3,4.0,12.0,CARTÃO DE CRÉDITO,PRESENCIAL,06/10/2023
TXN_9338442,BOLO,1,3.0,3.0,CARTEIRA DIGITAL,PRESENCIAL,29/12/2023
TXN_2953908,CAFÉ,5,2.0,10.0,CARTÃO DE CRÉDITO,PRESENCIAL,11/10/2023
TXN_2576936,BOLO,3,3.0,9.0,DINHEIRO,,14/10/2023
TXN_4586482,SUCO,3,3.0,9.0,,PRESENCIAL,04/09/2023
TXN_3660806,BISCOITO,5,,5.0,,PARA VIAGEM,14/02/2023
TXN_8069514,VITAMINA,4,4.0,16.0,CARTÃO DE CRÉDITO,,
TXN_6410244,CHÁ,4,1.5,6.0,CARTÃO DE CRÉDITO,PARA VIAGEM,06/01/2023
TXN_5026431,,5,4.0,20.0,DINHEIRO,,05/12/2023
TXN_3106348,SALADA,4,5.0,20.0,CARTEIRA DIGITAL,PRESENCIAL,10/01/2023
TXN_6216278,CAFÉ,4,2.0,8.0,CARTÃO DE CRÉDITO,PRESENCIAL,06/11/2023
TXN_9947324,LANCHE,2,4.0,8.0,CARTEIRA DIGITAL,PARA VIAGEM,22/08/2023
TXN_9531434,BISCOITO,1,1.0,,CARTÃO DE CRÉDITO,PARA VIAGEM,09/10/2023
TXN_4104718,BISCOITO,2,1.0,2.0,DINHEIRO,,08/11/2023
TXN_5789560,SUCO,2,3.0,6.0,DINHEIRO,PARA VIAGEM,13/02/2023
TXN_8285752,BISCOITO,4,1.0,4.0,,PRESENCIAL,07/01/2023
TXN_8099340,,4,1.5,6.0,,PRESENCIAL,23/04/2023
TXN_7733300,VITAMINA,2,4.0,8.0,DINHEIRO,PARA VIAGEM,10/12/2023
TXN_4416331,BISCOITO,1,1.0,1.0,,PARA VIAGEM,13/02/2023
TXN_3551665,SUCO,4,3.0,12.0,CARTÃO DE CRÉDITO,PRESENCIAL,06/04/2023
TXN_7377496,,1,3.0,3.0,CARTÃO DE CRÉDITO,PARA VIAGEM,28/02/2023
TXN_4637438,SALADA,2,5.0,10.0,,PARA VIAGEM,07/04/2023
TXN_5493965,SUCO,1,3.0,3.0,,,16/06/2023
TXN_2525207,BISCOITO,2,1.0,2.0,CARTEIRA DIGITAL,,25/11/2023
TXN_7354480,BOLO,2,3.0,6.0,DINHEIRO,,17/01/2023
TXN_6819128,SALADA,1,5.0,5.0,DINHEIRO,,19/10/2023
TXN_5023419,BISCOITO,3,1.0,3.0,CARTEIRA DIGITAL,PARA VIAGEM,26/02/2023
TXN_9864890,LANCHE,3,4.0,12.0,,PRESENCIAL,06/12/2023
TXN_8798330,,1,2.0,2.0,,PRESENCIAL,16/02/2023
TXN_9951411,CAFÉ,1,2.0,2.0,DINHEIRO,PRESENCIAL,09/08/2023
TXN_6755795,VITAMINA,5,4.0,20.0,DINHEIRO,,22/02/2023
TXN_7507071,VITAMINA,2,4.0,8.0,,PRESENCIAL,10/01/2023
TXN_1018470,SUCO,3,3.0,9.0,,,14/01/2023
TXN_2924262,BISCOITO,5,1.0,5.0,,,01/09/2023
TXN_6472242,LANCHE,1,4.0,4.0,,,27/03/2023
TXN_8482647,LANCHE,5,4.0,20.0,CARTÃO DE CRÉDITO,,08/01/2023
TXN_6994354,SALADA,5,5.0,25.0,,PARA VIAGEM,03/07/2023
TXN_3520910,SALADA,1,5.0,5.0,CARTÃO DE CRÉDITO,PARA VIAGEM,06/05/2023
TXN_8589003,CHÁ,4,1.5,,DINHEIRO,,25/08/2023
TXN_3219263,VITAMINA,5,4.0,20.0,,PARA VIAGEM,31/03/2023
TXN_9619442,BOLO,4,3.0,12.0,CARTEIRA DIGITAL,PRESENCIAL,23/05/2023
TXN_1050323,SUCO,1,3.0,3.0,,PRESENCIAL,10/03/2023
TXN_8379815,VITAMINA,5,,20.0,CARTÃO DE CRÉDITO,,31/07/2023
TXN_6746916,CAFÉ,1,2.0,2.0,DINHEIRO,PARA VIAGEM,15/11/2023
TXN_1547717,LANCHE,5,4.0,,,,15/12/2023
TXN_8407982,SALADA,2,5.0,10.0,CARTEIRA DIGITAL,PARA VIAGEM,17/09/2023
TXN_3484276,BISCOITO,5,1.0,5.0,CARTEIRA DIGITAL,PARA VIAGEM,14/06/2023
TXN_3705669,CHÁ,2,1.5,3.0,,,23/11/2023
TXN_4105487,LANCHE,4,4.0,16.0,CARTEIRA DIGITAL,PRESENCIAL,13/04/2023
TXN_6856558,SUCO,4,3.0,12.0,,PARA VIAGEM,30/10/2023
TXN_3669990,CHÁ,2,1.5,3.0,DINHEIRO,PARA VIAGEM,27/01/2023
TXN_5994713,CHÁ,3,1.5,4.5,,PARA VIAGEM,05/03/2023
TXN_8091357,CAFÉ,1,2.0,2.0,DINHEIRO,,28/12/2023
TXN_9555958,VITAMINA,4,4.0,16.0,CARTEIRA DIGITAL,PARA VIAGEM,30/09/2023
TXN_4194085,SALADA,1,5.0,5.0,CARTÃO DE CRÉDITO,,25/05/2023
TXN_7780748,BISCOITO,3,1.0,3.0,CARTÃO DE CRÉDITO,PRESENCIAL,19/01/2023
TXN_7914340,CHÁ,,1.5,1.5,,,04/09/2023
TXN_7780786,BOLO,1,3.0,3.0,CARTÃO DE CRÉDITO,,30/10/2023
TXN_1048284,SALADA,2,5.0,10.0,DINHEIRO,PRESENCIAL,19/08/2023
TXN_3301517,SALADA,,5.0,25.0,CARTÃO DE CRÉDITO,PRESENCIAL,13/04/2023
TXN_3120848,BISCOITO,1,1.0,1.0,DINHEIRO,PRESENCIAL,01/11/2023
TXN_3764807,VITAMINA,2,,8.0,,,28/08/2023
TXN_3315467,LANCHE,2,4.0,8.0,CARTEIRA DIGITAL,PARA VIAGEM,17/11/2023
TXN_9363990,BOLO,3,3.0,,CARTÃO DE CRÉDITO,,17/01/2023
TXN_9666257,SUCO,2,3.0,6.0,,PRESENCIAL,27/09/2023
TXN_1504466,CAFÉ,1,2.0,2.0,DINHEIRO,,07/11/2023
TXN_3324387,,1,4.0,4.0,CARTÃO DE CRÉDITO,,13/12/2023
TXN_7603895,VITAMINA,5,4.0,20.0,CARTÃO DE CRÉDITO,PRESENCIAL,
TXN_1477525,SALADA,3,5.0,15.0,DINHEIRO,PARA VIAGEM,06/11/2023
TXN_9063624,CAFÉ,1,2.0,2.0,CARTÃO DE CRÉDITO,,21/04/2023
TXN_1595139,VITAMINA,5,4.0,20.0,DINHEIRO,,24/08/2023
TXN_8606912,SALADA,5,,25.0,CARTEIRA DIGITAL,,10/03/2023
TXN_8548232,LANCHE,4,4.0,16.0,CARTEIRA DIGITAL,PRESENCIAL,21/06/2023
TXN_6074414,SALADA,2,5.0,10.0,CARTÃO DE CRÉDITO,,13/11/2023
TXN_2010658,VITAMINA,3,4.0,12.0,,,20/02/2023
TXN_5070577,BISCOITO,,1.0,4.0,CARTÃO DE CRÉDITO,PARA VIAGEM,07/02/2023
TXN_5426236,,3,4.0,12.0,DINHEIRO,PARA VIAGEM,31/08/2023
TXN_8867957,LANCHE,1,4.0,4.0,CARTEIRA DIGITAL,,04/01/2023
TXN_3241422,SALADA,2,5.0,10.0,DINHEIRO,PARA VIAGEM,17/07/2023
TXN_6036254,,3,2.0,6.0,CARTÃO DE CRÉDITO,,20/09/2023
TXN_3580048,VITAMINA,5,,20.0,,,17/05/2023
TXN_2756336,VITAMINA,3,4.0,12.0,CARTÃO DE CRÉDITO,PARA VIAGEM,07/07/2023
TXN_9691873,SUCO,2,,6.0,CARTEIRA DIGITAL,PARA VIAGEM,15/02/2023
TXN_2466187,CAFÉ,2,2.0,4.0,,PARA VIAGEM,18/04/2023
TXN_9699116,BISCOITO,2,1.0,2.0,CARTEIRA DIGITAL,PRESENCIAL,
TXN_7964520,CAFÉ,1,2.0,2.0,,PRESENCIAL,26/03/2023
TXN_3185667,CHÁ,5,,7.5,CARTEIRA DIGITAL,,26/12/2023
TXN_8167741,LANCHE,4,4.0,16.0,,PARA VIAGEM,09/09/2023
TXN_1015883,BISCOITO,4,1.0,4.0,DINHEIRO,PRESENCIAL,16/10/2023
TXN_8838566,BOLO,5,3.0,15.0,CARTEIRA DIGITAL,PRESENCIAL,25/07/2023
TXN_2423343,CHÁ,4,1.5,6.0,,PRESENCIAL,25/09/2023
TXN_1496038,SUCO,4,3.0,12.0,,PRESENCIAL,22/12/2023
TXN_9484436,SALADA,1,,5.0,CARTÃO DE CRÉDITO,PRESENCIAL,20/01/2023
TXN_7670699,SUCO,1,3.0,3.0,DINHEIRO,PRESENCIAL,24/12/2023
TXN_7765640,,,2.0,2.0,CARTÃO DE CRÉDITO,,07/07/2023
TXN_5412418,,3,3.0,9.0,DINHEIRO,,23/09/2023
TXN_2053631,SALADA,1,5.0,5.0,CARTÃO DE CRÉDITO,,21/03/2023
TXN_3632064,BISCOITO,5,1.0,5.0,DINHEIRO,,12/02/2023
TXN_4254587,VITAMINA,1,4.0,4.0,CARTEIRA DIGITAL,,27/05/2023
TXN_9605972,BOLO,3,3.0,9.0,,,30/09/2023
TXN_1323030,SALADA,4,5.0,20.0,,PRESENCIAL,30/03/2023
TXN_7989903,SUCO,2,3.0,6.0,DINHEIRO,,19/06/2023
TXN_7423885,SUCO,4,3.0,12.0,CARTEIRA DIGITAL,PARA VIAGEM,06/09/2023
TXN_1495371,LANCHE,2,4.0,,CARTÃO DE CRÉDITO,PARA VIAGEM,21/07/2023
TXN_8934025,BISCOITO,2,1.0,2.0,,,18/12/2023
TXN_7515290,VITAMINA,,4.0,12.0,CARTEIRA DIGITAL,,23/12/2023
TXN_3711520,CHÁ,1,1.5,1.5,,PRESENCIAL,29/06/2023
TXN_3841683,LANCHE,1,4.0,4.0,,PRESENCIAL,20/06/2023
TXN_9100530,LANCHE,3,4.0,12.0,CARTEIRA DIGITAL,,21/05/2023
TXN_3112013,LANCHE,5,4.0,20.0,DINHEIRO,PRESENCIAL,06/01/2023
TXN_7786787,CHÁ,1,1.5,1.5,CARTÃO DE CRÉDITO,PARA VIAGEM,08/07/2023
TXN_7160196,LANCHE,1,4.0,4.0,,PRESENCIAL,06/12/2023
TXN_4634894,CAFÉ,1,2.0,2.0,,,09/12/2023
TXN_8214944,,3,1.5,4.5,CARTÃO DE CRÉDITO,PRESENCIAL,18/11/2023
TXN_1080377,BOLO,2,3.0,6.0,,,08/04/2023
TXN_8566683,VITAMINA,4,4.0,16.0,DINHEIRO,PARA VIAGEM,09/08/2023
TXN_2784588,SUCO,2,3.0,6.0,DINHEIRO,PARA VIAGEM,26/03/2023
TXN_6110769,BISCOITO,2,1.0,2.0,,,02/03/2023
TXN_9999124,SUCO,2,3.0,6.0,CARTEIRA DIGITAL,PARA VIAGEM,
TXN_1637334,,2,1.5,3.0,CARTÃO DE CRÉDITO,PRESENCIAL,09/08/2023
TXN_9514452,,5,,10.0,CARTÃO DE CRÉDITO,PARA VIAGEM,29/07/2023
TXN_8787350,LANCHE,5,4.0,20.0,,,21/05/2023
TXN_7533675,VITAMINA,3,4.0,12.0,,PRESENCIAL,28/10/2023
TXN_2264601,CHÁ,1,1.5,1.5,,,21/01/2023
TXN_6024139,SUCO,4,3.0,12.0,CARTEIRA DIGITAL,,15/08/2023
TXN_9841397,CAFÉ,4,2.0,8.0,DINHEIRO,PRESENCIAL,28/12/2023
TXN_7302991,,4,4.0,16.0,CARTEIRA DIGITAL,PARA VIAGEM,05/04/2023
TXN_6093331,VITAMINA,2,4.0,8.0,CARTÃO DE CRÉDITO,,24/06/2023
TXN_3087096,CHÁ,3,,4.5,DINHEIRO,,19/08/2023
TXN_8324315,SALADA,1,5.0,5.0,,,07/08/2023
TXN_8933679,SALADA,3,5.0,15.0,CARTEIRA DIGITAL,PRESENCIAL,24/09/2023
TXN_3528653,BOLO,1,3.0,3.0,,,26/02/2023
TXN_4256155,BOLO,5,3.0,15.0,,PARA VIAGEM,06/04/2023
TXN_7186675,BISCOITO,4,1.0,4.0,DINHEIRO,,09/11/2023
TXN_5295223,,5,5.0,25.0,DINHEIRO,PRESENCIAL,23/03/2023
TXN_8578861,SALADA,5,5.0,25.0,CARTEIRA DIGITAL,PRESENCIAL,16/05/2023
TXN_8028042,CAFÉ,3,2.0,6.0,,,05/04/2023
TXN_4021467,CAFÉ,2,2.0,4.0,,PARA VIAGEM,02/04/2023
TXN_4807037,SALADA,5,5.0,25.0,DINHEIRO,PRESENCIAL,08/12/2023
TXN_3975938,LANCHE,3,4.0,12.0,CARTÃO DE CRÉDITO,,04/09/2023
TXN_3312653,BISCOITO,5,1.0,5.0,DINHEIRO,PARA VIAGEM,09/12/2023
TXN_1405498,SUCO,2,3.0,6.0,,PARA VIAGEM,31/12/2023
TXN_6571288,LANCHE,2,4.0,8.0,CARTÃO DE CRÉDITO,,23/10/2023
TXN_7560210,SUCO,5,3.0,15.0,,PARA VIAGEM,21/02/2023
TXN_2905234,BISCOITO,1,1.0,1.0,CARTÃO DE CRÉDITO,,24/09/2023
TXN_3630981,CAFÉ,2,2.0,4.0,,PRESENCIAL,31/10/2023
TXN_3339728,SUCO,5,3.0,15.0,,PRESENCIAL,13/05/2023
TXN_3826298,BISCOITO,3,1.0,3.0,,,28/11/2023
TXN_7854306,LANCHE,1,4.0,4.0,DINHEIRO,PRESENCIAL,17/09/2023
TXN_6034709,,2,2.0,4.0,CARTÃO DE CRÉDITO,,16/06/2023
TXN_3072565,SUCO,3,3.0,,CARTÃO DE CRÉDITO,,09/07/2023
TXN_9544977,BISCOITO,4,1.0,4.0,,PRESENCIAL,04/07/2023
TXN_9924421,BOLO,5,3.0,15.0,CARTÃO DE CRÉDITO,,
TXN_8374101,SALADA,5,5.0,25.0,CARTÃO DE CRÉDITO,,16/08/2023
TXN_5814878,VITAMINA,2,4.0,8.0,CARTEIRA DIGITAL,,02/04/2023
TXN_2398895,SUCO,5,3.0,15.0,CARTEIRA DIGITAL,PRESENCIAL,04/04/2023
TXN_1205020,CHÁ,5,1.5,7.5,DINHEIRO,,03/10/2023
TXN_4620459,LANCHE,5,4.0,20.0,DINHEIRO,,
TXN_1631377,CAFÉ,5,2.0,10.0,,PARA VIAGEM,07/06/2023
TXN_6368424,BISCOITO,3,1.0,3.0,,,
TXN_8116676,BOLO,2,3.0,6.0,CARTEIRA DIGITAL,,16/09/2023
TXN_4116036,SALADA,2,,10.0,CARTÃO DE CRÉDITO,PRESENCIAL,22/01/2023
TXN_3172090,SUCO,1,3.0,3.0,CARTÃO DE CRÉDITO,,09/05/2023
TXN_5193568,SUCO,3,3.0,9.0,DINHEIRO,,10/12/2023
TXN_3725152,CAFÉ,5,2.0,10.0,,,08/07/2023
TXN_8724711,SALADA,3,5.0,15.0,DINHEIRO,PRESENCIAL,07/02/2023
TXN_9477344,,2,1.0,2.0,CARTÃO DE CRÉDITO,PRESENCIAL,30/09/2023
TXN_5899361,BOLO,1,3.0,3.0,CARTÃO DE CRÉDITO,,08/08/2023
TXN_8261380,BOLO,3,3.0,9.0,DINHEIRO,PRESENCIAL,01/10/2023
TXN_1188551,,2,2.0,4.0,,,20/03/2023
TXN_1887250,CHÁ,3,1.5,,,PARA VIAGEM,15/05/2023
TXN_4799873,BISCOITO,3,1.0,3.0,CARTEIRA DIGITAL,PRESENCIAL,04/03/2023
TXN_9691151,CAFÉ,4,2.0,8.0,,PRESENCIAL,23/08/2023
TXN_3014261,SALADA,4,5.0,20.0,DINHEIRO,PRESENCIAL,29/11/2023
TXN_9987991,VITAMINA,,4.0,16.0,CARTÃO DE CRÉDITO,PARA VIAGEM,21/02/2023
TXN_1093668,CAFÉ,2,2.0,4.0,CARTEIRA DIGITAL,,18/05/2023
TXN_8279966,CAFÉ,,2.0,6.0,DINHEIRO,PRESENCIAL,24/08/2023
TXN_3977835,CHÁ,5,,7.5,,PRESENCIAL,06/05/2023
TXN_1758689,VITAMINA,3,4.0,12.0,DINHEIRO,,17/02/2023
TXN_4312977,SUCO,1,3.0,3.0,CARTEIRA DIGITAL,PRESENCIAL,15/03/2023
TXN_6503526,BISCOITO,5,,5.0,CARTÃO DE CRÉDITO,PRESENCIAL,20/10/2023
TXN_8676485,SALADA,2,5.0,10.0,,PRESENCIAL,28/04/2023
TXN_7176851,CHÁ,4,1.5,6.0,CARTÃO DE CRÉDITO,PARA VIAGEM,20/11/2023
TXN_8695037,VITAMINA,,4.0,8.0,,,24/01/2023
TXN_6632882,VITAMINA,1,4.0,4.0,CARTEIRA DIGITAL,PRESENCIAL,30/04/2023
TXN_7775016,LANCHE,5,4.0,20.0,DINHEIRO,PRESENCIAL,27/09/2023
TXN_2176024,CAFÉ,5,,10.0,CARTEIRA DIGITAL,PRESENCIAL,03/02/2023
TXN_7051683,,3,3.0,9.0,CARTEIRA DIGITAL,PRESENCIAL,16/11/2023
TXN_3670041,VITAMINA,3,4.0,12.0,CARTEIRA DIGITAL,,22/03/2023
TXN_5124080,BISCOITO,1,1.0,1.0,CARTÃO DE CRÉDITO,PRESENCIAL,14/01/2023
TXN_3317649,LANCHE,3,4.0,12.0,,PARA VIAGEM,06/11/2023
TXN_3953316,BISCOITO,2,1.0,2.0,CARTEIRA DIGITAL,,06/06/2023
TXN_6160209,SALADA,3,5.0,15.0,,PRESENCIAL,28/07/2023
TXN_7089316,CHÁ,2,1.5,3.0,DINHEIRO,PRESENCIAL,27/11/2023
TXN_5421310,CAFÉ,,2.0,8.0,CARTEIRA DIGITAL,PRESENCIAL,10/06/2023
TXN_9081409,,1,3.0,,CARTÃO DE CRÉDITO,PRESENCIAL,16/06/2023
TXN_6850528,BISCOITO,3,1.0,3.0,DINHEIRO,PRESENCIAL,13/10/2023
TXN_6900182,VITAMINA,3,4.0,,DINHEIRO,PRESENCIAL,10/09/2023
TXN_2643748,SALADA,3,5.0,15.0,DINHEIRO,,28/11/2023
TXN_4858908,BOLO,2,3.0,6.0,DINHEIRO,PRESENCIAL,11/02/2023
TXN_8972137,,4,3.0,12.0,CARTÃO DE CRÉDITO,PRESENCIAL,15/05/2023
TXN_2828785,VITAMINA,1,4.0,4.0,,PRESENCIAL,24/01/2023
TXN_3489721,CAFÉ,3,2.0,,DINHEIRO,,27/09/2023
TXN_4791031,CAFÉ,,2.0,10.0,DINHEIRO,,
TXN_5223702,VITAMINA,4,4.0,16.0,CARTÃO DE CRÉDITO,,23/06/2023
TXN_2788676,BISCOITO,2,1.0,2.0,CARTEIRA DIGITAL,,05/11/2023
TXN_1643447,,1,3.0,3.0,,,03/09/2023
TXN_5172164,CHÁ,3,1.5,4.5,CARTEIRA DIGITAL,PRESENCIAL,13/09/2023
TXN_2818867,SALADA,3,5.0,15.0,DINHEIRO,,11/01/2023
TXN_1303984,SALADA,4,5.0,20.0,CARTEIRA DIGITAL,,24/07/2023
TXN_3373078,VITAMINA,4,4.0,16.0,CARTEIRA DIGITAL,PRESENCIAL,01/12/2023
TXN_3982146,CAFÉ,3,2.0,6.0,,PRESENCIAL,09/07/2023
TXN_1185156,VITAMINA,4,4.0,16.0,,PARA VIAGEM,23/03/2023
TXN_6720290,VITAMINA,1,4.0,4.0,,PRESENCIAL,25/01/2023
TXN_9365447,,2,1.5,3.0,DINHEIRO,,10/12/2023
TXN_7701878,VITAMINA,4,4.0,16.0,CARTÃO DE CRÉDITO,PRESENCIAL,11/08/2023
TXN_7677817,,,2.0,2.0,CARTÃO DE CRÉDITO,,17/01/2023
TXN_9983530,VITAMINA,3,4.0,12.0,,,04/01/2023
TXN_4755934,CHÁ,2,1.5,3.0,DINHEIRO,,29/12/2023
TXN_2931198,BOLO,2,3.0,6.0,CARTÃO DE CRÉDITO,PRESENCIAL,21/04/2023
TXN_7426387,VITAMINA,5,4.0,20.0,DINHEIRO,,30/10/2023
TXN_3182547,SUCO,,3.0,9.0,CARTEIRA DIGITAL,PARA VIAGEM,28/07/2023
TXN_6980463,SALADA,1,5.0,5.0,CARTEIRA DIGITAL,PRESENCIAL,03/09/2023
TXN_6708165,SUCO,5,3.0,15.0,,PRESENCIAL,19/10/2023
TXN_4310629,BOLO,3,3.0,9.0,CARTÃO DE CRÉDITO,PARA VIAGEM,02/10/2023
TXN_4650611,CAFÉ,1,2.0,2.0,CARTÃO DE CRÉDITO,,14/10/2023
TXN_7952232,CHÁ,4,1.5,6.0,DINHEIRO,,31/03/2023
TXN_1593691,LANCHE,2,4.0,8.0,,,11/03/2023
TXN_9432007,BISCOITO,4,1.0,4.0,,,
TXN_3781198,BOLO,3,3.0,9.0,CARTEIRA DIGITAL,PRESENCIAL,04/11/2023
TXN_3585464,BISCOITO,3,1.0,3.0,,PARA VIAGEM,12/09/2023
TXN_8286164,VITAMINA,1,4.0,,,PRESENCIAL,08/03/2023
TXN_8851113,CHÁ,3,1.5,4.5,CARTEIRA DIGITAL,,23/12/2023
TXN_9131136,SUCO,2,3.0,6.0,CARTÃO DE CRÉDITO,,20/03/2023
TXN_8872160,SALADA,5,5.0,25.0,CARTEIRA DIGITAL,,
TXN_1449065,SALADA,2,5.0,10.0,DINHEIRO,,03/10/2023
TXN_1230311,SUCO,3,3.0,9.0,CARTEIRA DIGITAL,,14/08/2023
TXN_2325484,SALADA,1,,5.0,CARTEIRA DIGITAL,PARA VIAGEM,16/08/2023
TXN_2647425,SUCO,4,3.0,12.0,CARTÃO DE CRÉDITO,,30/07/2023
TXN_5525916,CAFÉ,2,2.0,4.0,DINHEIRO,PARA VIAGEM,02/03/2023
TXN_4297979,CAFÉ,1,2.0,2.0,CARTEIRA DIGITAL,PRESENCIAL,14/08/2023
TXN_1686323,VITAMINA,4,4.0,16.0,CARTEIRA DIGITAL,PRESENCIAL,30/11/2023
TXN_5373154,BOLO,3,3.0,9.0,CARTEIRA DIGITAL,,06/04/2023
TXN_6225571,VITAMINA,2,4.0,8.0,CARTÃO DE CRÉDITO,PARA VIAGEM,13/09/2023
TXN_9772556,CAFÉ,5,2.0,10.0,,,20/10/2023
TXN_3033598,LANCHE,5,4.0,,DINHEIRO,PARA VIAGEM,12/03/2023
TXN_4382956,,4,1.5,6.0,CARTÃO DE CRÉDITO,,16/11/2023
TXN_8117583,SALADA,1,5.0,5.0,DINHEIRO,PRESENCIAL,25/02/2023
TXN_1101527,VITAMINA,,4.0,20.0,CARTEIRA DIGITAL,,20/04/2023
TXN_2118759,CAFÉ,2,2.0,4.0,CARTEIRA DIGITAL,,07/08/2023
TXN_7603948,BOLO,3,3.0,9.0,CARTÃO DE CRÉDITO,,28/01/2023
TXN_5519424,CHÁ,2,1.5,3.0,CARTEIRA DIGITAL,,23/09/2023
TXN_3483911,SALADA,1,5.0,5.0,CARTEIRA DIGITAL,PARA VIAGEM,10/07/2023
TXN_5447967,VITAMINA,2,,8.0,CARTÃO DE CRÉDITO,,06/06/2023
TXN_2893987,BOLO,4,,12.0,,PARA VIAGEM,31/05/2023
TXN_5120215,CAFÉ,2,2.0,4.0,CARTEIRA DIGITAL,,29/10/2023
TXN_4417257,SALADA,5,5.0,25.0,CARTEIRA DIGITAL,PARA VIAGEM,06/05/2023
TXN_2871592,BISCOITO,4,1.0,4.0,DINHEIRO,PRESENCIAL,07/08/2023
TXN_8283199,SUCO,3,3.0,9.0,CARTEIRA DIGITAL,PARA VIAGEM,23/01/2023
TXN_1571874,BOLO,1,3.0,3.0,CARTEIRA DIGITAL,,10/07/2023
TXN_8059782,BOLO,5,3.0,15.0,,PARA VIAGEM,
TXN_6534833,SALADA,4,5.0,,CARTEIRA DIGITAL,PRESENCIAL,14/12/2023
TXN_6027500,VITAMINA,4,4.0,16.0,,,22/09/2023
TXN_7029944,BISCOITO,2,1.0,2.0,DINHEIRO,PARA VIAGEM,17/04/2023
TXN_3075169,LANCHE,,4.0,8.0,CARTÃO DE CRÉDITO,PRESENCIAL,25/06/2023
TXN_9791421,LANCHE,1,4.0,4.0,DINHEIRO,PARA VIAGEM,15/07/2023
TXN_6359031,CAFÉ,1,2.0,2.0,,,28/02/2023
TXN_8236432,SALADA,1,5.0,5.0,,,04/12/2023
TXN_7359566,CAFÉ,1,2.0,2.0,DINHEIRO,PRESENCIAL,06/04/2023
TXN_4813580,LANCHE,3,4.0,12.0,CARTEIRA DIGITAL,PARA VIAGEM,15/04/2023
TXN_9940829,VITAMINA,3,4.0,12.0,,PRESENCIAL,04/04/2023
TXN_4583957,BISCOITO,2,1.0,2.0,CARTÃO DE CRÉDITO,PARA VIAGEM,08/10/2023
TXN_8187222,CAFÉ,4,2.0,8.0,CARTÃO DE CRÉDITO,,08/03/2023
TXN_1298084,,2,1.5,3.0,CARTÃO DE CRÉDITO,PARA VIAGEM,02/01/2023
TXN_4403699,,1,1.0,1.0,CARTÃO DE CRÉDITO,,19/08/2023
TXN_5639908,CHÁ,,1.5,4.5,,PRESENCIAL,
TXN_9005782,CHÁ,4,1.5,,,PRESENCIAL,18/06/2023
TXN_5083311,LANCHE,4,4.0,16.0,CARTEIRA DIGITAL,,30/04/2023
TXN_4325098,,5,3.0,15.0,,PARA VIAGEM,
TXN_8847610,SUCO,3,3.0,9.0,CARTEIRA DIGITAL,PARA VIAGEM,06/12/2023
TXN_9817102,CAFÉ,3,2.0,6.0,CARTÃO DE CRÉDITO,PRESENCIAL,22/02/2023
TXN_5566774,CHÁ,3,1.5,4.5,,PRESENCIAL,29/03/2023
TXN_5555790,CHÁ,5,,7.5,CARTÃO DE CRÉDITO,PRESENCIAL,19/02/2023
TXN_3575713,,,1.5,1.5,DINHEIRO,PARA VIAGEM,18/02/2023
TXN_5811955,SALADA,2,5.0,10.0,CARTÃO DE CRÉDITO,PARA VIAGEM,29/06/2023
TXN_3737378,VITAMINA,1,4.0,4.0,DINHEIRO,,
TXN_5406762,SALADA,4,5.0,20.0,CARTÃO DE CRÉDITO,,12/09/2023
TXN_3039985,BISCOITO,5,1.0,5.0,CARTEIRA DIGITAL,PRESENCIAL,08/04/2023
TXN_1424056,VITAMINA,1,4.0,4.0,DINHEIRO,,31/07/2023
TXN_1193221,CHÁ,3,1.5,4.5,CARTÃO DE CRÉDITO,PRESENCIAL,21/10/2023
TXN_8610501,LANCHE,5,4.0,20.0,DINHEIRO,,29/09/2023
TXN_9587445,CAFÉ,4,2.0,8.0,,PRESENCIAL,24/08/2023
TXN_3694901,BISCOITO,2,1.0,2.0,,PRESENCIAL,16/08/2023
TXN_5749454,SUCO,,3.0,12.0,CARTEIRA DIGITAL,PARA VIAGEM,04/12/2023
TXN_8356048,,5,4.0,20.0,DINHEIRO,PARA VIAGEM,05/06/2023
TXN_3480278,VITAMINA,4,,16.0,CARTEIRA DIGITAL,PRESENCIAL,26/12/2023
TXN_9252414,CHÁ,1,,1.5,,PRESENCIAL,13/11/2023
TXN_3010103,,5,4.0,20.0,,,14/02/2023
TXN_6699408,BISCOITO,5,1.0,5.0,DINHEIRO,PARA VIAGEM,22/12/2023
TXN_6400351,SUCO,2,3.0,6.0,CARTEIRA DIGITAL,PARA VIAGEM,11/08/2023
TXN_1559512,SUCO,5,,15.0,CARTÃO DE CRÉDITO,,28/11/2023
TXN_6091543,CAFÉ,3,2.0,,,PRESENCIAL,04/07/2023
TXN_2842641,BOLO,1,3.0,3.0,,PRESENCIAL,11/06/2023
TXN_8875043,SALADA,4,5.0,20.0,CARTEIRA DIGITAL,,21/02/2023
TXN_8212783,SALADA,3,,15.0,CARTÃO DE CRÉDITO,PRESENCIAL,30/03/2023
TXN_2653400,VITAMINA,1,4.0,,DINHEIRO,,
TXN_7343062,LANCHE,5,4.0,20.0,CARTEIRA DIGITAL,PRESENCIAL,11/08/2023
TXN_2535099,LANCHE,5,4.0,20.0,CARTÃO DE CRÉDITO,PRESENCIAL,10/02/2023
TXN_2951148,LANCHE,4,4.0,16.0,DINHEIRO,PRESENCIAL,21/02/2023
TXN_1294101,CHÁ,5,1.5,7.5,CARTEIRA DIGITAL,PARA VIAGEM,31/03/2023
TXN_5579227,VITAMINA,,4.0,16.0,CARTEIRA DIGITAL,,22/06/2023
TXN_8534360,SUCO,5,3.0,15.0,,,15/02/2023
TXN_4336247,CAFÉ,5,2.0,10.0,CARTEIRA DIGITAL,PARA VIAGEM,03/03/2023
TXN_7101384,CAFÉ,1,,2.0,,,23/04/2023
TXN_1356599,BISCOITO,2,1.0,2.0,DINHEIRO,PARA VIAGEM,14/12/2023
TXN_4568452,BISCOITO,3,1.0,3.0,CARTEIRA DIGITAL,PRESENCIAL,14/01/2023
TXN_5036856,CAFÉ,5,2.0,10.0,DINHEIRO,PRESENCIAL,27/03/2023
TXN_6927392,SALADA,3,5.0,15.0,CARTEIRA DIGITAL,PRESENCIAL,
TXN_5167925,SUCO,1,3.0,3.0,,,11/09/2023
TXN_1345440,SALADA,5,5.0,25.0,DINHEIRO,,20/06/2023
TXN_8043218,SALADA,2,5.0,10.0,DINHEIRO,PRESENCIAL,23/10/2023
TXN_4026277,CHÁ,3,1.5,4.5,CARTEIRA DIGITAL,PRESENCIAL,27/08/2023
TXN_4991731,CHÁ,,1.5,1.5,CARTEIRA DIGITAL,PARA VIAGEM,07/11/2023
TXN_6196052,VITAMINA,5,4.0,,DINHEIRO,PARA VIAGEM,07/04/2023
TXN_9563024,BISCOITO,3,,3.0,CARTEIRA DIGITAL,PRESENCIAL,27/09/2023
TXN_8326905,CAFÉ,5,2.0,10.0,,PARA VIAGEM,10/03/2023
TXN_3474333,,3,3.0,9.0,CARTÃO DE CRÉDITO,PARA VIAGEM,13/01/2023
TXN_9918597,VITAMINA,4,4.0,16.0,CARTEIRA DIGITAL,PRESENCIAL,17/10/2023
TXN_3460926,SUCO,3,3.0,9.0,CARTEIRA DIGITAL,PARA VIAGEM,25/03/2023
TXN_2671272,VITAMINA,1,4.0,4.0,CARTEIRA DIGITAL,,13/02/2023
TXN_8437157,VITAMINA,4,4.0,16.0,CARTÃO DE CRÉDITO,,09/02/2023
TXN_3401287,,3,4.0,12.0,DINHEIRO,,12/02/2023
TXN_7309365,BOLO,2,3.0,6.0,DINHEIRO,,31/08/2023
TXN_2175096,,1,1.5,1.5,,PRESENCIAL,25/02/2023
TXN_8872997,LANCHE,4,4.0,16.0,CARTÃO DE CRÉDITO,PRESENCIAL,31/01/2023
TXN_8425085,SUCO,1,3.0,3.0,CARTÃO DE CRÉDITO,,23/12/2023
TXN_3237919,LANCHE,1,4.0,4.0,,,04/02/2023
TXN_4713643,CAFÉ,5,,10.0,,,10/08/2023
TXN_4806003,BISCOITO,5,1.0,5.0,CARTÃO DE CRÉDITO,,06/08/2023
TXN_9089797,CAFÉ,1,2.0,2.0,CARTÃO DE CRÉDITO,PARA VIAGEM,19/09/2023
TXN_5449092,SUCO,4,3.0,12.0,,,11/06/2023
TXN_6097144,SUCO,5,3.0,15.0,,PARA VIAGEM,27/01/2023
TXN_6483589,SUCO,3,3.0,9.0,CARTEIRA DIGITAL,,13/10/2023
TXN_8516055,,5,4.0,20.0,CARTÃO DE CRÉDITO,PARA VIAGEM,17/04/2023
TXN_5430694,SALADA,,5.0,25.0,,,24/08/2023
TXN_3024493,VITAMINA,1,4.0,4.0,CARTÃO DE CRÉDITO,PRESENCIAL,
TXN_2078232,CHÁ,1,1.5,1.5,,,11/06/2023
TXN_7551689,BISCOITO,5,1.0,5.0,DINHEIRO,,16/09/2023
TXN_8408103,LANCHE,5,4.0,,,PARA VIAGEM,01/06/2023
TXN_5862795,SALADA,2,,10.0,CARTEIRA DIGITAL,,25/02/2023
TXN_9348801,BOLO,1,3.0,3.0,,,29/11/2023
TXN_8688565,VITAMINA,5,4.0,20.0,CARTEIRA DIGITAL,,23/05/2023
TXN_3067195,SALADA,3,5.0,15.0,DINHEIRO,,03/12/2023
TXN_2710603,VITAMINA,5,4.0,20.0,,PARA VIAGEM,02/02/2023
TXN_8978004,CAFÉ,2,2.0,4.0,CARTEIRA DIGITAL,PRESENCIAL,01/04/2023
TXN_9679889,LANCHE,3,4.0,12.0,CARTÃO DE CRÉDITO,PRESENCIAL,18/06/2023
TXN_9818163,CHÁ,2,,3.0,CARTEIRA DIGITAL,,23/10/2023
TXN_7010020,BOLO,5,,15.0,,PRESENCIAL,07/08/2023
TXN_1712662,SUCO,2,3.0,6.0,DINHEIRO,,31/05/2023
TXN_4077799,BOLO,4,3.0,12.0,CARTEIRA DIGITAL,PARA VIAGEM,12/08/2023
TXN_8225571,CHÁ,4,,6.0,CARTEIRA DIGITAL,,17/01/2023
TXN_3103520,BOLO,3,3.0,9.0,,,04/09/2023
TXN_2084080,BISCOITO,4,1.0,4.0,CARTEIRA DIGITAL,PARA VIAGEM,22/09/2023
TXN_2740398,BISCOITO,4,1.0,4.0,CARTEIRA DIGITAL,PRESENCIAL,
TXN_8046057,CAFÉ,1,2.0,2.0,CARTÃO DE CRÉDITO,PRESENCIAL,24/11/2023
TXN_5832968,SALADA,5,5.0,25.0,,PARA VIAGEM,05/06/2023
TXN_6995665,CHÁ,2,1.5,3.0,,,
TXN_3752448,BOLO,5,3.0,15.0,CARTEIRA DIGITAL,PARA VIAGEM,16/05/2023
TXN_3842881,SALADA,5,5.0,25.0,,,25/01/2023
TXN_4060160,CAFÉ,4,2.0,8.0,,PRESENCIAL,05/07/2023
TXN_3847405,LANCHE,1,4.0,4.0,CARTEIRA DIGITAL,PARA VIAGEM,15/06/2023
TXN_5103644,BOLO,4,3.0,12.0,CARTÃO DE CRÉDITO,PARA VIAGEM,17/04/2023
TXN_6846020,SUCO,5,,15.0,,PARA VIAGEM,03/05/2023
TXN_7763764,BISCOITO,2,1.0,2.0,,PRESENCIAL,
TXN_4758849,BOLO,2,3.0,6.0,,,23/06/2023
TXN_1034651,LANCHE,3,4.0,12.0,,PARA VIAGEM,06/07/2023
TXN_4128921,SALADA,4,5.0,20.0,,PARA VIAGEM,11/09/2023
TXN_8925566,CHÁ,2,1.5,3.0,CARTEIRA DIGITAL,PRESENCIAL,07/08/2023
TXN_1679800,VITAMINA,4,4.0,16.0,DINHEIRO,PRESENCIAL,17/10/2023
TXN_3785678,CHÁ,1,1.5,1.5,CARTÃO DE CRÉDITO,PARA VIAGEM,13/03/2023
TXN_1056256,BOLO,4,3.0,12.0,,PRESENCIAL,04/12/2023
TXN_8712303,,2,3.0,6.0,CARTÃO DE CRÉDITO,PARA VIAGEM,14/08/2023
TXN_2289122,VITAMINA,4,4.0,16.0,DINHEIRO,PRESENCIAL,20/08/2023
TXN_2988434,SUCO,1,3.0,3.0,CARTEIRA DIGITAL,PRESENCIAL,09/12/2023
TXN_1197536,SALADA,3,5.0,15.0,,PARA VIAGEM,02/10/2023
TXN_7327362,CAFÉ,5,2.0,10.0,CARTÃO DE CRÉDITO,PRESENCIAL,29/06/2023
TXN_5628251,BOLO,4,3.0,12.0,CARTÃO DE CRÉDITO,,14/11/2023
TXN_2687748,SUCO,3,3.0,9.0,,PARA VIAGEM,26/02/2023
TXN_8309656,LANCHE,3,4.0,12.0,,PARA VIAGEM,04/01/2023
TXN_7597276,VITAMINA,4,4.0,16.0,CARTEIRA DIGITAL,,01/05/2023
TXN_4360906,LANCHE,2,4.0,8.0,,PRESENCIAL,11/06/2023
TXN_6000890,CAFÉ,3,2.0,6.0,CARTEIRA DIGITAL,PRESENCIAL,06/01/2023
TXN_8917565,CAFÉ,1,2.0,2.0,DINHEIRO,,19/11/2023
TXN_6264113,CAFÉ,4,2.0,8.0,,,02/12/2023
TXN_3603434,CAFÉ,5,2.0,10.0,,PRESENCIAL,05/01/2023
TXN_7976129,BOLO,3,3.0,9.0,,PRESENCIAL,03/03/2023
TXN_7420434,CAFÉ,4,2.0,8.0,CARTÃO DE CRÉDITO,PARA VIAGEM,16/07/2023
TXN_5818852,SUCO,2,3.0,6.0,,,04/03/2023
TXN_9976598,SUCO,4,3.0,12.0,,PARA VIAGEM,10/01/2023
TXN_1556046,LANCHE,4,4.0,16.0,CARTÃO DE CRÉDITO,PARA VIAGEM,09/04/2023
TXN_7129511,CAFÉ,5,2.0,10.0,DINHEIRO,PARA VIAGEM,29/10/2023
TXN_6324434,CAFÉ,4,2.0,8.0,DINHEIRO,PARA VIAGEM,04/12/2023
TXN_2380352,CHÁ,3,1.5,4.5,CARTEIRA DIGITAL,,03/11/2023
TXN_6455325,SUCO,4,3.0,12.0,CARTÃO DE CRÉDITO,PRESENCIAL,05/01/2023
TXN_6682253,CHÁ,5,1.5,7.5,DINHEIRO,PRESENCIAL,17/02/2023
TXN_8220657,,2,1.5,,DINHEIRO,,13/08/2023
TXN_7819240,VITAMINA,5,4.0,20.0,DINHEIRO,PRESENCIAL,06/03/2023
TXN_4451380,BISCOITO,3,1.0,3.0,CARTEIRA DIGITAL,PRESENCIAL,10/07/2023
TXN_2482298,SALADA,2,5.0,10.0,,PARA VIAGEM,15/06/2023
TXN_2606750,CHÁ,3,1.5,4.5,DINHEIRO,,20/06/2023
TXN_4493874,BISCOITO,5,1.0,,,PRESENCIAL,19/11/2023
TXN_2705302,SALADA,2,5.0,10.0,CARTÃO DE CRÉDITO,,18/01/2023
TXN_3706167,LANCHE,5,4.0,20.0,CARTEIRA DIGITAL,PARA VIAGEM,02/10/2023
TXN_7414587,CHÁ,3,1.5,4.5,DINHEIRO,PARA VIAGEM,22/03/2023
TXN_3360649,BISCOITO,2,1.0,2.0,,PARA VIAGEM,10/09/2023
TXN_6132245,SALADA,2,5.0,10.0,CARTEIRA DIGITAL,,01/06/2023
TXN_2633322,SALADA,4,,20.0,CARTEIRA DIGITAL,,15/01/2023
TXN_9910333,BOLO,2,3.0,6.0,,PRESENCIAL,15/09/2023
TXN_7321479,BOLO,1,3.0,3.0,,,31/10/2023
TXN_4315166,LANCHE,2,4.0,8.0,CARTEIRA DIGITAL,PARA VIAGEM,10/06/2023
TXN_7843112,BISCOITO,4,1.0,4.0,,,25/01/2023
TXN_2879791,LANCHE,1,4.0,4.0,,,10/07/2023
TXN_2503128,BOLO,1,3.0,3.0,DINHEIRO,PRESENCIAL,12/01/2023
TXN_3091574,BISCOITO,5,1.0,5.0,,PRESENCIAL,29/07/2023
TXN_2371763,LANCHE,4,4.0,16.0,DINHEIRO,,17/05/2023
TXN_5726114,VITAMINA,3,4.0,12.0,CARTEIRA DIGITAL,PARA VIAGEM,14/07/2023
TXN_1079844,SALADA,2,5.0,10.0,CARTEIRA DIGITAL,,27/10/2023
TXN_8726097,CHÁ,1,1.5,1.5,CARTEIRA DIGITAL,PARA VIAGEM,
TXN_1633337,SALADA,5,5.0,25.0,CARTÃO DE CRÉDITO,,29/06/2023
TXN_5222176,BISCOITO,4,1.0,4.0,,PRESENCIAL,11/01/2023
TXN_7480940,CAFÉ,2,2.0,4.0,DINHEIRO,PRESENCIAL,25/01/2023
TXN_2437508,SALADA,2,5.0,10.0,,PARA VIAGEM,20/11/2023
TXN_7445500,SALADA,4,5.0,20.0,DINHEIRO,PRESENCIAL,
TXN_5036614,VITAMINA,4,4.0,16.0,CARTEIRA DIGITAL,PRESENCIAL,10/10/2023
TXN_9731164,SALADA,1,5.0,5.0,DINHEIRO,,07/12/2023
TXN_1417291,SUCO,4,3.0,12.0,CARTEIRA DIGITAL,PRESENCIAL,11/05/2023
TXN_9792093,LANCHE,1,4.0,4.0,,PRESENCIAL,28/09/2023
TXN_9989239,CHÁ,5,1.5,,,PRESENCIAL,28/04/2023
TXN_6055570,CHÁ,3,1.5,4.5,DINHEIRO,,06/02/2023
TXN_1231531,CAFÉ,5,2.0,10.0,CARTEIRA DIGITAL,PRESENCIAL,24/07/2023
TXN_8843108,SUCO,5,3.0,15.0,,,18/07/2023
TXN_4643305,BISCOITO,4,1.0,4.0,,PARA VIAGEM,12/04/2023
TXN_8754977,LANCHE,3,4.0,12.0,CARTEIRA DIGITAL,PRESENCIAL,24/10/2023
TXN_2052060,LANCHE,3,4.0,12.0,DINHEIRO,PARA VIAGEM,07/11/2023
TXN_1275124,CAFÉ,3,2.0,6.0,,,21/06/2023
TXN_3534536,CAFÉ,1,2.0,2.0,CARTÃO DE CRÉDITO,,02/02/2023
TXN_1779679,CAFÉ,5,,10.0,,PRESENCIAL,06/01/2023
TXN_4583908,LANCHE,,4.0,4.0,CARTEIRA DIGITAL,,04/06/2023
TXN_6379692,BISCOITO,5,,5.0,CARTEIRA DIGITAL,PARA VIAGEM,05/11/2023
TXN_3999862,CHÁ,4,1.5,6.0,,PRESENCIAL,11/07/2023
TXN_7694326,CAFÉ,5,2.0,,,,19/02/2023
TXN_1171080,LANCHE,3,4.0,12.0,CARTÃO DE CRÉDITO,,29/07/2023
TXN_5658895,SUCO,,3.0,6.0,DINHEIRO,,21/09/2023
TXN_7704680,,2,5.0,10.0,CARTÃO DE CRÉDITO,,06/08/2023
TXN_6395070,VITAMINA,4,4.0,16.0,CARTÃO DE CRÉDITO,,10/12/2023
TXN_9576454,SUCO,1,3.0,3.0,CARTÃO DE CRÉDITO,PRESENCIAL,23/09/2023
TXN_7907259,BOLO,1,3.0,3.0,CARTEIRA DIGITAL,PARA VIAGEM,19/10/2023
TXN_4487345,LANCHE,3,4.0,12.0,,PRESENCIAL,10/05/2023
TXN_5929341,SUCO,2,3.0,6.0,,PARA VIAGEM,12/05/2023
TXN_6021173,SUCO,5,3.0,15.0,DINHEIRO,PARA VIAGEM,16/12/2023
TXN_6272473,CAFÉ,4,2.0,8.0,DINHEIRO,PARA VIAGEM,06/03/2023
TXN_5243032,BISCOITO,1,1.0,1.0,DINHEIRO,PARA VIAGEM,24/08/2023
TXN_5863411,BISCOITO,3,1.0,,CARTEIRA DIGITAL,PRESENCIAL,21/09/2023
TXN_4087571,BISCOITO,2,1.0,2.0,,,24/11/2023
TXN_7680197,BISCOITO,5,1.0,5.0,DINHEIRO,PARA VIAGEM,23/09/2023
TXN_8773639,CAFÉ,3,2.0,6.0,CARTEIRA DIGITAL,PARA VIAGEM,20/02/2023
TXN_5960979,CAFÉ,5,2.0,10.0,CARTEIRA DIGITAL,PRESENCIAL,03/05/2023
TXN_7894534,CHÁ,3,1.5,4.5,CARTÃO DE CRÉDITO,PRESENCIAL,16/03/2023
TXN_4890770,CAFÉ,4,2.0,8.0,,PARA VIAGEM,12/10/2023
TXN_6079741,BISCOITO,,1.0,4.0,,PARA VIAGEM,02/01/2023
TXN_4612930,SUCO,2,3.0,6.0,,,13/08/2023
TXN_1124311,BISCOITO,1,1.0,1.0,DINHEIRO,,05/05/2023
TXN_6380636,CAFÉ,5,2.0,10.0,,,10/01/2023
TXN_5720183,BISCOITO,5,1.0,5.0,CARTÃO DE CRÉDITO,PARA VIAGEM,30/05/2023
TXN_6382322,CHÁ,3,1.5,4.5,CARTEIRA DIGITAL,PRESENCIAL,14/12/2023
TXN_8119542,,2,1.0,2.0,CARTEIRA DIGITAL,,12/12/2023
TXN_1674042,CAFÉ,5,2.0,10.0,CARTEIRA DIGITAL,,19/09/2023
TXN_8398809,CHÁ,2,1.5,3.0,,PARA VIAGEM,25/11/2023
TXN_7728415,CHÁ,5,1.5,7.5,CARTÃO DE CRÉDITO,PRESENCIAL,28/12/2023
TXN_5285171,LANCHE,5,4.0,20.0,DINHEIRO,PARA VIAGEM,11/12/2023
TXN_2527007,VITAMINA,1,4.0,4.0,CARTEIRA DIGITAL,,22/10/2023
TXN_8331542,SALADA,4,5.0,20.0,,PRESENCIAL,23/12/2023
TXN_2999220,VITAMINA,4,4.0,16.0,CARTEIRA DIGITAL,PARA VIAGEM,23/02/2023
TXN_5108188,BOLO,2,3.0,6.0,,,25/08/2023
TXN_6680963,LANCHE,2,4.0,8.0,CARTÃO DE CRÉDITO,PARA VIAGEM,01/08/2023
TXN_2308317,CAFÉ,2,2.0,4.0,CARTEIRA DIGITAL,PARA VIAGEM,13/11/2023
TXN_8811902,CHÁ,5,1.5,7.5,CARTÃO DE CRÉDITO,,07/08/2023
TXN_7349134,,1,4.0,4.0,CARTÃO DE CRÉDITO,PRESENCIAL,28/05/2023
TXN_1467546,BISCOITO,3,1.0,3.0,,PARA VIAGEM,20/07/2023
TXN_2276722,SALADA,2,5.0,10.0,DINHEIRO,PARA VIAGEM,21/12/2023
TXN_2519044,SALADA,5,5.0,25.0,CARTEIRA DIGITAL,PARA VIAGEM,20/05/2023
TXN_2851147,SALADA,2,5.0,10.0,CARTEIRA DIGITAL,PRESENCIAL,24/06/2023
TXN_3349404,CAFÉ,3,2.0,6.0,CARTEIRA DIGITAL,,31/01/2023
TXN_7939011,SUCO,5,3.0,15.0,,PRESENCIAL,07/04/2023
TXN_3877580,SALADA,2,5.0,10.0,CARTEIRA DIGITAL,,30/05/2023
TXN_5220523,SUCO,3,3.0,9.0,DINHEIRO,PARA VIAGEM,30/01/2023
TXN_5934526,CAFÉ,5,2.0,10.0,CARTÃO DE CRÉDITO,PRESENCIAL,27/05/2023
TXN_8935939,CHÁ,3,1.5,4.5,CARTEIRA DIGITAL,PARA VIAGEM,27/03/2023
TXN_3586935,SALADA,5,5.0,25.0,DINHEIRO,,21/05/2023
TXN_1781777,SALADA,3,5.0,15.0,CARTÃO DE CRÉDITO,PARA VIAGEM,26/10/2023
TXN_6461461,SUCO,1,3.0,3.0,,PRESENCIAL,
TXN_1707251,LANCHE,2,4.0,8.0,CARTEIRA DIGITAL,PARA VIAGEM,06/10/2023
TXN_4493878,CAFÉ,5,,10.0,CARTÃO DE CRÉDITO,PRESENCIAL,11/03/2023
TXN_2446874,SUCO,4,3.0,12.0,CARTÃO DE CRÉDITO,,22/07/2023
TXN_5747859,BOLO,1,3.0,3.0,CARTÃO DE CRÉDITO,PARA VIAGEM,13/03/2023
TXN_8172333,BISCOITO,4,1.0,4.0,CARTÃO DE CRÉDITO,,25/12/2023
TXN_8600523,CHÁ,3,1.5,4.5,,,29/12/2023
TXN_7471753,VITAMINA,,4.0,20.0,DINHEIRO,PRESENCIAL,13/03/2023
TXN_3884527,LANCHE,1,4.0,4.0,CARTEIRA DIGITAL,PRESENCIAL,06/06/2023
TXN_9072517,VITAMINA,2,4.0,8.0,CARTÃO DE CRÉDITO,PARA VIAGEM,09/01/2023
TXN_4378200,CHÁ,5,1.5,7.5,CARTÃO DE CRÉDITO,PRESENCIAL,04/09/2023
TXN_3918998,CAFÉ,5,2.0,10.0,CARTEIRA DIGITAL,PARA VIAGEM,18/12/2023
TXN_7674694,CHÁ,2,1.5,3.0,,,30/03/2023
TXN_3875049,CHÁ,2,1.5,3.0,CARTEIRA DIGITAL,PARA VIAGEM,15/09/2023
TXN_5400266,CHÁ,3,1.5,4.5,CARTEIRA DIGITAL,PARA VIAGEM,14/06/2023
TXN_2402978,BISCOITO,3,1.0,3.0,CARTÃO DE CRÉDITO,PRESENCIAL,21/01/2023
TXN_6188306,SALADA,1,5.0,5.0,,PARA VIAGEM,26/10/2023
TXN_1148874,BISCOITO,1,1.0,1.0,CARTÃO DE CRÉDITO,PRESENCIAL,18/09/2023
TXN_1888708,LANCHE,4,4.0,,DINHEIRO,,17/08/2023
TXN_8842592,BISCOITO,5,1.0,5.0,,,10/07/2023
TXN_2761204,BOLO,3,3.0,9.0,DINHEIRO,,14/07/2023
TXN_9038745,VITAMINA,3,4.0,12.0,,PARA VIAGEM,25/06/2023
TXN_1374424,LANCHE,5,4.0,20.0,,,24/04/2023
TXN_7205840,SALADA,3,5.0,15.0,,,05/03/2023
TXN_7714378,VITAMINA,2,4.0,,DINHEIRO,,10/08/2023
TXN_7732813,CHÁ,,1.5,3.0,CARTÃO DE CRÉDITO,PARA VIAGEM,16/07/2023
TXN_6718205,VITAMINA,2,4.0,8.0,CARTEIRA DIGITAL,PARA VIAGEM,30/06/2023
TXN_8878429,BOLO,5,3.0,15.0,CARTEIRA DIGITAL,PRESENCIAL,
TXN_6899576,SALADA,2,5.0,10.0,CARTEIRA DIGITAL,PARA VIAGEM,26/10/2023
TXN_2761003,VITAMINA,2,4.0,,,PRESENCIAL,08/11/2023
TXN_6929413,CHÁ,1,1.5,1.5,CARTEIRA DIGITAL,,13/10/2023
TXN_2350703,,4,3.0,12.0,DINHEIRO,PRESENCIAL,20/08/2023
TXN_1948437,VITAMINA,2,4.0,8.0,,PARA VIAGEM,03/11/2023
TXN_5901887,VITAMINA,4,,16.0,,PARA VIAGEM,31/08/2023
TXN_1072232,LANCHE,1,4.0,4.0,CARTEIRA DIGITAL,PRESENCIAL,07/01/2023
TXN_7469771,BOLO,5,3.0,15.0,,,09/12/2023
TXN_7139053,SALADA,4,5.0,20.0,CARTEIRA DIGITAL,PARA VIAGEM,12/09/2023
TXN_6028915,LANCHE,5,,20.0,DINHEIRO,PRESENCIAL,24/12/2023
TXN_3622194,BOLO,1,3.0,3.0,CARTEIRA DIGITAL,,26/06/2023
TXN_6431215,BOLO,1,3.0,3.0,,,27/08/2023
TXN_4385240,BISCOITO,4,1.0,4.0,DINHEIRO,PARA VIAGEM,10/02/2023
TXN_3840523,,2,4.0,8.0,CARTÃO DE CRÉDITO,,27/12/2023
TXN_5697778,BOLO,3,3.0,9.0,DINHEIRO,,08/03/2023
TXN_1749299,VITAMINA,2,4.0,8.0,,,28/10/2023
TXN_6806024,SUCO,,3.0,6.0,CARTÃO DE CRÉDITO,PRESENCIAL,14/04/2023
TXN_8352365,CAFÉ,5,2.0,10.0,,PARA VIAGEM,10/08/2023
TXN_7143535,BISCOITO,2,1.0,2.0,,,21/05/2023
TXN_5090839,LANCHE,5,4.0,20.0,DINHEIRO,,06/03/2023
TXN_5743619,SALADA,5,5.0,25.0,CARTEIRA DIGITAL,PARA VIAGEM,07/11/2023
TXN_8785432,BISCOITO,2,1.0,2.0,DINHEIRO,,14/08/2023
TXN_1086324,BOLO,3,3.0,9.0,,PRESENCIAL,25/11/2023
TXN_8888599,LANCHE,5,4.0,20.0,,,
TXN_6361309,BOLO,5,3.0,15.0,,PARA VIAGEM,
TXN_8211146,LANCHE,5,4.0,20.0,CARTEIRA DIGITAL,PARA VIAGEM,30/04/2023
TXN_5826333,BISCOITO,1,1.0,1.0,DINHEIRO,,14/05/2023
TXN_1555314,LANCHE,1,4.0,4.0,,PARA VIAGEM,25/02/2023
TXN_4611673,VITAMINA,5,4.0,20.0,CARTEIRA DIGITAL,,05/03/2023
TXN_8839045,BOLO,2,3.0,6.0,,PRESENCIAL,13/06/2023
TXN_5183249,LANCHE,1,4.0,4.0,,PRESENCIAL,02/07/2023
TXN_5104848,CHÁ,2,1.5,3.0,,PARA VIAGEM,22/01/2023
TXN_9943917,LANCHE,3,4.0,12.0,CARTÃO DE CRÉDITO,PRESENCIAL,16/01/2023
TXN_2490461,SALADA,4,5.0,20.0,,,22/09/2023
TXN_5852244,BOLO,2,3.0,6.0,CARTÃO DE CRÉDITO,PARA VIAGEM,15/10/2023
TXN_9874775,CHÁ,1,1.5,1.5,DINHEIRO,,02/09/2023
TXN_2586215,SUCO,2,3.0,6.0,CARTEIRA DIGITAL,,23/03/2023
TXN_7704229,CAFÉ,,2.0,8.0,DINHEIRO,,15/07/2023
TXN_5444860,CHÁ,2,1.5,3.0,CARTEIRA DIGITAL,,28/04/2023
TXN_9391494,CAFÉ,1,2.0,2.0,,,17/12/2023
TXN_3557583,VITAMINA,5,4.0,20.0,CARTÃO DE CRÉDITO,,26/07/2023
TXN_8739878,,1,3.0,3.0,,,27/09/2023
TXN_5386352,,1,4.0,4.0,CARTÃO DE CRÉDITO,,18/01/2023
TXN_8321887,,5,1.0,5.0,,,21/03/2023
TXN_3995266,LANCHE,1,4.0,4.0,CARTÃO DE CRÉDITO,PRESENCIAL,21/04/2023
TXN_7326974,BOLO,4,3.0,12.0,CARTÃO DE CRÉDITO,,31/12/2023
TXN_7277750,BOLO,2,3.0,6.0,,,29/09/2023
TXN_8075323,LANCHE,1,4.0,4.0,CARTEIRA DIGITAL,,18/04/2023
TXN_4831345,LANCHE,5,4.0,20.0,,PRESENCIAL,10/05/2023
TXN_6301984,SUCO,5,3.0,15.0,,PARA VIAGEM,
TXN_1456374,BISCOITO,5,1.0,5.0,DINHEIRO,,15/02/2023
TXN_3263746,CAFÉ,1,2.0,2.0,DINHEIRO,PARA VIAGEM,14/11/2023
TXN_2268203,SALADA,3,5.0,15.0,,,
TXN_9502077,VITAMINA,3,4.0,12.0,,,21/12/2023
TXN_4994052,CAFÉ,4,2.0,8.0,,PARA VIAGEM,
TXN_1671480,BISCOITO,5,1.0,5.0,,,06/01/2023
TXN_7430227,BOLO,3,3.0,9.0,DINHEIRO,PRESENCIAL,24/07/2023
TXN_1516182,BISCOITO,1,1.0,1.0,,,18/06/2023
TXN_8807199,SALADA,5,5.0,25.0,CARTÃO DE CRÉDITO,,30/05/2023
TXN_8700466,CAFÉ,4,2.0,8.0,CARTEIRA DIGITAL,PRESENCIAL,29/04/2023
TXN_2190325,LANCHE,4,4.0,16.0,CARTÃO DE CRÉDITO,PRESENCIAL,10/03/2023
TXN_4150495,BISCOITO,2,1.0,2.0,DINHEIRO,,12/04/2023
TXN_3794410,BOLO,4,3.0,12.0,CARTÃO DE CRÉDITO,,06/12/2023
TXN_5677869,SUCO,5,3.0,15.0,DINHEIRO,PRESENCIAL,19/11/2023
TXN_3436462,SALADA,2,5.0,10.0,CARTÃO DE CRÉDITO,PRESENCIAL,29/06/2023
TXN_7493740,BOLO,1,3.0,3.0,,,18/05/2023
TXN_7388752,SALADA,1,5.0,5.0,CARTÃO DE CRÉDITO,PARA VIAGEM,28/08/2023
TXN_9448209,LANCHE,3,4.0,12.0,DINHEIRO,PRESENCIAL,
TXN_8655424,BISCOITO,2,1.0,2.0,,PRESENCIAL,26/11/2023
TXN_9720012,VITAMINA,5,4.0,20.0,DINHEIRO,PRESENCIAL,25/09/2023
TXN_6609572,,4,4.0,16.0,DINHEIRO,PRESENCIAL,15/06/2023
TXN_9390188,CHÁ,1,1.5,1.5,,PARA VIAGEM,20/06/2023
TXN_1952465,BOLO,2,3.0,6.0,,PARA VIAGEM,11/06/2023
TXN_7605154,SUCO,5,3.0,15.0,DINHEIRO,PRESENCIAL,09/09/2023
TXN_2684400,CAFÉ,3,2.0,6.0,,PRESENCIAL,30/03/2023
TXN_4702378,BOLO,2,3.0,6.0,DINHEIRO,,28/08/2023
TXN_6312755,LANCHE,2,4.0,8.0,CARTÃO DE CRÉDITO,,11/02/2023
TXN_7584025,CHÁ,4,1.5,6.0,,PRESENCIAL,18/09/2023
TXN_7533540,LANCHE,5,4.0,20.0,,PRESENCIAL,01/11/2023
TXN_4425164,SUCO,4,3.0,12.0,,,13/01/2023
TXN_4325648,SUCO,3,3.0,9.0,CARTEIRA DIGITAL,PARA VIAGEM,04/05/2023
TXN_7151374,CHÁ,4,1.5,6.0,CARTÃO DE CRÉDITO,PRESENCIAL,30/07/2023
TXN_6413250,SALADA,,5.0,20.0,DINHEIRO,,02/12/2023
TXN_6496506,SUCO,1,3.0,3.0,CARTEIRA DIGITAL,PRESENCIAL,11/01/2023
TXN_2695546,CHÁ,,1.5,1.5,CARTÃO DE CRÉDITO,PARA VIAGEM,26/08/2023
TXN_4823513,BISCOITO,5,1.0,,DINHEIRO,PARA VIAGEM,02/07/2023
TXN_8960347,VITAMINA,,4.0,12.0,DINHEIRO,PRESENCIAL,
TXN_3222677,LANCHE,1,4.0,4.0,CARTEIRA DIGITAL,PARA VIAGEM,16/12/2023
TXN_9942517,CAFÉ,4,2.0,8.0,CARTEIRA DIGITAL,PRESENCIAL,29/04/2023
TXN_8735418,CAFÉ,5,2.0,10.0,CARTEIRA DIGITAL,PARA VIAGEM,03/03/2023
TXN_7799794,,4,1.0,4.0,CARTEIRA DIGITAL,PRESENCIAL,22/08/2023
TXN_6347670,CHÁ,2,1.5,3.0,CARTEIRA DIGITAL,PRESENCIAL,24/06/2023
TXN_9180345,LANCHE,4,,16.0,CARTEIRA DIGITAL,,13/06/2023
TXN_9632482,BOLO,2,3.0,6.0,CARTÃO DE CRÉDITO,,27/08/2023
TXN_4642770,CHÁ,4,1.5,6.0,,,22/09/2023
TXN_5356324,VITAMINA,1,4.0,4.0,,,26/02/2023
TXN_5148730,BOLO,1,3.0,3.0,DINHEIRO,,12/12/2023
TXN_8848847,BISCOITO,3,1.0,3.0,DINHEIRO,PARA VIAGEM,15/08/2023
TXN_3686848,CHÁ,3,1.5,4.5,,,06/04/2023
TXN_2328896,VITAMINA,4,4.0,16.0,DINHEIRO,,20/10/2023
TXN_6361856,BISCOITO,5,1.0,5.0,,,11/05/2023
TXN_5942011,CHÁ,1,1.5,1.5,DINHEIRO,,08/10/2023
TXN_7137364,SALADA,5,5.0,25.0,DINHEIRO,,09/08/2023
TXN_9904042,,4,4.0,16.0,CARTÃO DE CRÉDITO,,09/06/2023
TXN_1510406,,3,5.0,15.0,,PRESENCIAL,12/01/2023
TXN_8176812,LANCHE,5,4.0,20.0,CARTEIRA DIGITAL,,21/06/2023
TXN_1360872,CAFÉ,2,,4.0,CARTÃO DE CRÉDITO,PRESENCIAL,04/11/2023
TXN_4413776,CAFÉ,5,2.0,10.0,DINHEIRO,PARA VIAGEM,21/07/2023
TXN_1811953,BISCOITO,2,1.0,2.0,,,26/06/2023
TXN_9382596,VITAMINA,5,4.0,20.0,CARTÃO DE CRÉDITO,PARA VIAGEM,18/11/2023
TXN_9480564,BISCOITO,4,1.0,4.0,DINHEIRO,PRESENCIAL,12/06/2023
TXN_1094479,BOLO,3,3.0,9.0,,PRESENCIAL,08/06/2023
TXN_8301190,CAFÉ,1,2.0,2.0,DINHEIRO,PARA VIAGEM,01/04/2023
TXN_7653946,VITAMINA,4,4.0,16.0,DINHEIRO,,19/09/2023
TXN_1348274,BOLO,5,3.0,15.0,,,14/11/2023
TXN_2855149,LANCHE,2,4.0,8.0,DINHEIRO,PRESENCIAL,16/07/2023
TXN_9320167,SUCO,5,3.0,15.0,CARTÃO DE CRÉDITO,,12/11/2023
TXN_1135215,LANCHE,3,4.0,12.0,,PRESENCIAL,10/04/2023
TXN_6158518,BISCOITO,5,1.0,5.0,DINHEIRO,,28/09/2023
TXN_5734442,BISCOITO,4,1.0,4.0,CARTÃO DE CRÉDITO,PARA VIAGEM,01/10/2023
TXN_5748083,SALADA,,5.0,10.0,,PARA VIAGEM,08/04/2023
TXN_1804335,SUCO,,3.0,9.0,CARTÃO DE CRÉDITO,,05/10/2023
TXN_3644269,BISCOITO,5,1.0,5.0,CARTÃO DE CRÉDITO,PARA VIAGEM,26/09/2023
TXN_5611239,,4,1.0,4.0,DINHEIRO,PARA VIAGEM,18/11/2023
TXN_4020100,BISCOITO,1,1.0,1.0,DINHEIRO,PRESENCIAL,09/08/2023
TXN_1643870,SALADA,4,5.0,20.0,CARTEIRA DIGITAL,PARA VIAGEM,07/10/2023
TXN_4734216,SALADA,3,5.0,15.0,CARTEIRA DIGITAL,PRESENCIAL,30/11/2023
TXN_4060538,BOLO,2,3.0,6.0,CARTEIRA DIGITAL,PARA VIAGEM,08/09/2023
TXN_4788388,BOLO,,3.0,9.0,,,29/06/2023
TXN_9348280,,2,4.0,8.0,CARTÃO DE CRÉDITO,PRESENCIAL,28/03/2023
TXN_5173628,CHÁ,3,1.5,4.5,,PARA VIAGEM,30/05/2023
TXN_9040196,SUCO,3,3.0,9.0,DINHEIRO,,28/06/2023
TXN_1853983,CHÁ,1,1.5,1.5,DINHEIRO,PRESENCIAL,04/12/2023
TXN_6154823,,5,4.0,20.0,CARTEIRA DIGITAL,PARA VIAGEM,16/11/2023
TXN_1936915,SALADA,3,5.0,15.0,CARTEIRA DIGITAL,PRESENCIAL,24/01/2023
TXN_8693747,VITAMINA,4,,16.0,CARTEIRA DIGITAL,,13/02/2023
TXN_2911864,BISCOITO,3,1.0,3.0,CARTEIRA DIGITAL,PARA VIAGEM,21/03/2023
TXN_2336921,SUCO,3,3.0,9.0,CARTEIRA DIGITAL,PARA VIAGEM,01/05/2023
TXN_3275800,CAFÉ,3,2.0,6.0,,PARA VIAGEM,27/05/2023
TXN_6472656,CHÁ,3,1.5,4.5,DINHEIRO,PARA VIAGEM,25/11/2023
TXN_3494191,VITAMINA,2,4.0,8.0,CARTÃO DE CRÉDITO,PRESENCIAL,08/01/2023
TXN_4177717,BISCOITO,1,1.0,1.0,,,07/01/2023
TXN_7313328,SUCO,1,3.0,3.0,,PARA VIAGEM,03/01/2023
TXN_4019047,,2,2.0,4.0,,,14/09/2023
TXN_6832697,SALADA,3,5.0,15.0,CARTÃO DE CRÉDITO,PARA VIAGEM,21/01/2023
TXN_2919225,CAFÉ,4,2.0,8.0,CARTÃO DE CRÉDITO,PARA VIAGEM,14/02/2023
TXN_4937344,LANCHE,,4.0,4.0,CARTÃO DE CRÉDITO,PRESENCIAL,12/02/2023
TXN_6444366,CAFÉ,1,2.0,2.0,CARTEIRA DIGITAL,,19/08/2023
TXN_7448158,BOLO,,3.0,6.0,CARTEIRA DIGITAL,PARA VIAGEM,28/09/2023
TXN_7630601,CHÁ,1,1.5,1.5,,PARA VIAGEM,22/08/2023
TXN_7366807,SALADA,,5.0,15.0,,,22/10/2023
TXN_5762127,CAFÉ,2,2.0,4.0,,PARA VIAGEM,10/11/2023
TXN_1856153,CAFÉ,5,2.0,10.0,CARTÃO DE CRÉDITO,,02/12/2023
TXN_4908458,CHÁ,4,1.5,6.0,,,06/10/2023
TXN_4214066,SUCO,2,3.0,6.0,,PRESENCIAL,23/07/2023
TXN_8252793,BISCOITO,4,1.0,4.0,CARTEIRA DIGITAL,,28/07/2023
TXN_1313643,BOLO,4,3.0,12.0,,,11/02/2023
TXN_2941227,BISCOITO,3,1.0,3.0,DINHEIRO,PRESENCIAL,29/08/2023
TXN_1206585,CHÁ,2,1.5,3.0,DINHEIRO,,29/06/2023
TXN_9580673,SUCO,2,3.0,,,PRESENCIAL,25/06/2023
TXN_9874192,VITAMINA,3,4.0,12.0,,,30/11/2023
TXN_4475487,VITAMINA,3,4.0,12.0,DINHEIRO,PRESENCIAL,01/06/2023
TXN_8876663,SALADA,,5.0,10.0,CARTEIRA DIGITAL,PARA VIAGEM,23/03/2023
TXN_3858126,VITAMINA,2,4.0,8.0,,PRESENCIAL,25/08/2023
TXN_3524464,VITAMINA,4,,16.0,CARTÃO DE CRÉDITO,PARA VIAGEM,31/08/2023
TXN_6242107,CAFÉ,3,2.0,6.0,DINHEIRO,,14/11/2023
TXN_2352246,VITAMINA,4,4.0,16.0,CARTÃO DE CRÉDITO,PARA VIAGEM,20/06/2023
TXN_9523335,BISCOITO,4,1.0,4.0,CARTÃO DE CRÉDITO,,29/01/2023
TXN_4475412,LANCHE,3,4.0,12.0,,,31/10/2023
TXN_2656162,CAFÉ,1,2.0,2.0,CARTEIRA DIGITAL,PRESENCIAL,11/04/2023
TXN_7517241,LANCHE,2,4.0,8.0,,,18/01/2023
TXN_6243134,CHÁ,2,1.5,3.0,CARTEIRA DIGITAL,,
TXN_2435218,,,2.0,10.0,,PRESENCIAL,02/05/2023
TXN_9022617,CAFÉ,1,2.0,2.0,CARTÃO DE CRÉDITO,PRESENCIAL,23/01/2023
TXN_1031802,BISCOITO,4,1.0,4.0,,,27/06/2023
TXN_2346296,BOLO,4,3.0,12.0,CARTEIRA DIGITAL,,04/10/2023
TXN_8219210,VITAMINA,5,4.0,20.0,DINHEIRO,,12/01/2023
TXN_4541981,VITAMINA,4,,16.0,CARTÃO DE CRÉDITO,PRESENCIAL,14/01/2023
TXN_8522571,SUCO,2,3.0,6.0,CARTÃO DE CRÉDITO,PARA VIAGEM,19/09/2023
TXN_6752476,CHÁ,4,1.5,6.0,,PARA VIAGEM,28/08/2023
TXN_1894142,LANCHE,4,4.0,16.0,DINHEIRO,PRESENCIAL,13/09/2023
TXN_3766378,,1,3.0,3.0,DINHEIRO,PARA VIAGEM,18/08/2023
TXN_8885727,CHÁ,2,1.5,3.0,DINHEIRO,PARA VIAGEM,05/10/2023
TXN_1422305,LANCHE,4,4.0,16.0,,PRESENCIAL,09/03/2023
TXN_4625165,SALADA,3,5.0,15.0,CARTÃO DE CRÉDITO,,02/03/2023
TXN_1804132,VITAMINA,3,4.0,12.0,,PRESENCIAL,
TXN_9323215,BISCOITO,3,1.0,3.0,,,27/01/2023
TXN_6824743,LANCHE,2,4.0,,CARTEIRA DIGITAL,PARA VIAGEM,08/11/2023
TXN_9384397,LANCHE,,4.0,8.0,DINHEIRO,,31/10/2023
TXN_1034067,VITAMINA,3,,12.0,CARTEIRA DIGITAL,,07/01/2023
TXN_3265085,BISCOITO,5,1.0,5.0,,PRESENCIAL,05/09/2023
TXN_3061498,SALADA,5,5.0,25.0,,,14/11/2023
TXN_6206792,CHÁ,,,6.0,CARTÃO DE CRÉDITO,,13/10/2023
TXN_7374304,CHÁ,5,1.5,7.5,CARTEIRA DIGITAL,PRESENCIAL,10/05/2023
TXN_9447946,VITAMINA,2,4.0,8.0,CARTÃO DE CRÉDITO,PRESENCIAL,21/10/2023
TXN_2102561,,2,1.0,2.0,,PRESENCIAL,05/04/2023
TXN_5649995,CHÁ,2,1.5,3.0,,PARA VIAGEM,
TXN_8223689,SALADA,5,5.0,25.0,CARTEIRA DIGITAL,PRESENCIAL,08/09/2023
TXN_3207254,BOLO,1,3.0,3.0,,PARA VIAGEM,25/04/2023
TXN_2579242,SUCO,5,3.0,15.0,,PRESENCIAL,11/09/2023
TXN_2187911,CAFÉ,3,,6.0,CARTÃO DE CRÉDITO,PARA VIAGEM,20/04/2023
TXN_2594056,SALADA,4,5.0,20.0,DINHEIRO,,11/03/2023
TXN_6591736,CAFÉ,4,2.0,8.0,,PARA VIAGEM,21/06/2023
TXN_1267753,,3,1.5,4.5,CARTÃO DE CRÉDITO,,28/06/2023
TXN_4615235,BOLO,4,3.0,12.0,DINHEIRO,,08/01/2023
TXN_4824519,VITAMINA,5,4.0,20.0,,,27/12/2023
TXN_4677415,BOLO,2,3.0,6.0,CARTEIRA DIGITAL,,12/12/2023
TXN_3548788,SALADA,4,5.0,20.0,CARTEIRA DIGITAL,,22/02/2023
TXN_2503245,LANCHE,3,4.0,12.0,,PARA VIAGEM,15/04/2023
TXN_8855046,SUCO,3,,9.0,,PARA VIAGEM,05/12/2023
TXN_9287659,,1,3.0,3.0,,PRESENCIAL,13/05/2023
TXN_2417402,LANCHE,3,4.0,12.0,CARTEIRA DIGITAL,,09/05/2023
TXN_6266017,BISCOITO,4,1.0,4.0,,PRESENCIAL,28/09/2023
TXN_4619018,BOLO,5,3.0,15.0,CARTEIRA DIGITAL,,19/12/2023
TXN_8352748,,5,4.0,20.0,DINHEIRO,PRESENCIAL,01/05/2023
TXN_2221447,BISCOITO,1,1.0,1.0,CARTÃO DE CRÉDITO,PRESENCIAL,06/12/2023
TXN_3564954,VITAMINA,4,,16.0,DINHEIRO,,09/03/2023
TXN_8464222,BOLO,4,3.0,12.0,DINHEIRO,PRESENCIAL,17/08/2023
TXN_6815753,BISCOITO,4,1.0,4.0,CARTEIRA DIGITAL,PARA VIAGEM,27/10/2023
TXN_6738716,BOLO,,3.0,15.0,,PARA VIAGEM,21/04/2023
TXN_9477892,BOLO,3,3.0,9.0,CARTÃO DE CRÉDITO,,21/08/2023
TXN_9894270,BISCOITO,,1.0,4.0,CARTÃO DE CRÉDITO,PRESENCIAL,
TXN_3136701,,2,4.0,8.0,,PRESENCIAL,18/12/2023
TXN_4644671,CAFÉ,3,2.0,6.0,,,20/04/2023
TXN_1634534,SUCO,5,3.0,15.0,,,03/12/2023
TXN_7809121,BOLO,4,3.0,12.0,,,15/05/2023
TXN_1350239,VITAMINA,5,4.0,20.0,DINHEIRO,,18/11/2023
TXN_5145906,CHÁ,4,1.5,6.0,,,30/01/2023
TXN_9603912,SUCO,5,3.0,15.0,,,23/12/2023
TXN_1205610,,2,1.0,2.0,,PRESENCIAL,19/07/2023
TXN_8969428,SALADA,3,5.0,15.0,,PARA VIAGEM,08/03/2023
TXN_5269634,BOLO,5,3.0,15.0,CARTEIRA DIGITAL,PRESENCIAL,07/04/2023
TXN_3043982,LANCHE,5,4.0,20.0,DINHEIRO,PRESENCIAL,10/01/2023
TXN_6310896,LANCHE,1,4.0,4.0,,PRESENCIAL,01/05/2023
TXN_5496282,VITAMINA,2,,8.0,,,03/03/2023
TXN_3947201,BISCOITO,5,1.0,5.0,,PARA VIAGEM,17/06/2023
TXN_3666951,SUCO,2,3.0,6.0,,PRESENCIAL,06/01/2023
TXN_7254494,CAFÉ,5,2.0,10.0,CARTÃO DE CRÉDITO,PARA VIAGEM,16/03/2023
TXN_3157867,,2,5.0,10.0,,PARA VIAGEM,02/11/2023
TXN_6164035,BISCOITO,1,1.0,1.0,CARTÃO DE CRÉDITO,PARA VIAGEM,30/03/2023
TXN_6234838,SUCO,5,3.0,15.0,,PRESENCIAL,30/10/2023
TXN_5671075,CHÁ,5,1.5,7.5,DINHEIRO,PRESENCIAL,25/12/2023
TXN_5004986,LANCHE,3,4.0,12.0,CARTEIRA DIGITAL,,23/01/2023
TXN_4856575,SALADA,3,5.0,15.0,CARTEIRA DIGITAL,PRESENCIAL,10/09/2023
TXN_6064400,LANCHE,5,4.0,20.0,,,06/07/2023
TXN_8512136,SUCO,1,3.0,3.0,DINHEIRO,PARA VIAGEM,26/08/2023
TXN_1868529,,1,5.0,5.0,CARTÃO DE CRÉDITO,,25/01/2023
TXN_3129441,SUCO,3,3.0,9.0,CARTÃO DE CRÉDITO,PRESENCIAL,31/05/2023
TXN_1652596,VITAMINA,5,4.0,,CARTEIRA DIGITAL,,04/10/2023
TXN_3487896,CAFÉ,5,2.0,10.0,CARTÃO DE CRÉDITO,,09/01/2023
TXN_1429858,BISCOITO,4,1.0,4.0,CARTÃO DE CRÉDITO,,15/03/2023
TXN_1721242,VITAMINA,5,4.0,20.0,,PRESENCIAL,23/11/2023
TXN_3472707,LANCHE,2,4.0,8.0,DINHEIRO,PARA VIAGEM,26/03/2023
TXN_5348750,,5,5.0,25.0,CARTÃO DE CRÉDITO,,15/07/2023
TXN_3819085,LANCHE,1,4.0,4.0,,PARA VIAGEM,23/11/2023
TXN_2181920,LANCHE,3,4.0,12.0,DINHEIRO,,11/02/2023
TXN_1173155,CAFÉ,1,2.0,2.0,DINHEIRO,PRESENCIAL,14/03/2023
TXN_4913079,LANCHE,3,4.0,12.0,,,19/08/2023
TXN_1476711,CHÁ,2,1.5,3.0,,,26/01/2023
TXN_5341644,BOLO,4,3.0,12.0,DINHEIRO,,24/01/2023
TXN_4548274,SUCO,5,3.0,15.0,CARTEIRA DIGITAL,,09/05/2023
TXN_8008815,SALADA,2,5.0,10.0,,,16/03/2023
TXN_3639760,BOLO,5,3.0,15.0,CARTÃO DE CRÉDITO,PARA VIAGEM,29/01/2023
TXN_8159727,SALADA,5,,25.0,CARTEIRA DIGITAL,,24/04/2023
TXN_5061028,BISCOITO,1,1.0,1.0,CARTÃO DE CRÉDITO,PARA VIAGEM,17/05/2023
TXN_6962671,BOLO,2,3.0,6.0,,,20/01/2023
TXN_4791072,CAFÉ,3,2.0,6.0,,,13/11/2023
TXN_7263939,,,4.0,4.0,,,08/08/2023
TXN_4775791,VITAMINA,4,4.0,16.0,CARTÃO DE CRÉDITO,,13/04/2023
TXN_6724554,CHÁ,3,1.5,,,,22/03/2023
TXN_6897608,CAFÉ,2,2.0,4.0,CARTÃO DE CRÉDITO,PARA VIAGEM,28/06/2023
TXN_1481470,SUCO,3,3.0,9.0,CARTEIRA DIGITAL,PARA VIAGEM,
TXN_4226572,BISCOITO,3,1.0,3.0,,PARA VIAGEM,16/05/2023
TXN_6833530,SUCO,4,3.0,12.0,,PRESENCIAL,05/11/2023
TXN_5752187,SUCO,4,3.0,12.0,CARTEIRA DIGITAL,PRESENCIAL,
TXN_4321368,CAFÉ,4,2.0,8.0,,PARA VIAGEM,09/12/2023
TXN_3434549,LANCHE,5,4.0,20.0,CARTÃO DE CRÉDITO,PARA VIAGEM,25/05/2023
TXN_7918317,CHÁ,1,1.5,1.5,CARTÃO DE CRÉDITO,,27/07/2023
TXN_3467985,LANCHE,3,4.0,12.0,DINHEIRO,PARA VIAGEM,10/12/2023
TXN_3526095,LANCHE,3,4.0,12.0,DINHEIRO,PARA VIAGEM,30/08/2023
TXN_8316915,BISCOITO,5,1.0,5.0,CARTEIRA DIGITAL,PRESENCIAL,30/05/2023
TXN_4876685,CHÁ,1,1.5,1.5,CARTEIRA DIGITAL,PARA VIAGEM,14/07/2023
TXN_7505290,SALADA,4,5.0,20.0,CARTEIRA DIGITAL,PARA VIAGEM,21/10/2023
TXN_5709834,BOLO,4,3.0,12.0,CARTEIRA DIGITAL,,24/03/2023
TXN_9626624,VITAMINA,3,4.0,12.0,DINHEIRO,PRESENCIAL,10/10/2023
TXN_4563526,VITAMINA,4,4.0,16.0,CARTÃO DE CRÉDITO,,30/06/2023
TXN_5512533,CAFÉ,4,2.0,8.0,CARTEIRA DIGITAL,,13/06/2023
TXN_9399452,BOLO,4,3.0,12.0,CARTÃO DE CRÉDITO,PRESENCIAL,03/12/2023
TXN_3451212,BOLO,3,3.0,9.0,,,29/01/2023
TXN_1934166,LANCHE,5,4.0,20.0,DINHEIRO,PRESENCIAL,06/03/2023
TXN_5594695,BOLO,3,3.0,9.0,CARTÃO DE CRÉDITO,PRESENCIAL,18/01/2023
TXN_8379868,BOLO,3,3.0,9.0,DINHEIRO,PRESENCIAL,16/01/2023
TXN_3708535,CAFÉ,5,2.0,10.0,,PRESENCIAL,02/05/2023
TXN_5299440,SUCO,2,3.0,6.0,CARTÃO DE CRÉDITO,PRESENCIAL,21/10/2023
TXN_4107706,SALADA,1,5.0,5.0,,PRESENCIAL,23/11/2023
TXN_6059878,SALADA,3,5.0,15.0,CARTEIRA DIGITAL,,23/01/2023
TXN_6476204,,5,4.0,,,PARA VIAGEM,22/12/2023
TXN_5777542,LANCHE,2,4.0,8.0,,,22/10/2023
TXN_3919225,BOLO,2,3.0,6.0,DINHEIRO,PRESENCIAL,26/03/2023
TXN_5598744,LANCHE,4,4.0,,CARTEIRA DIGITAL,PARA VIAGEM,17/10/2023
TXN_7355326,BISCOITO,1,1.0,1.0,,,03/01/2023
TXN_4071945,BOLO,1,,3.0,DINHEIRO,,17/07/2023
TXN_6732096,VITAMINA,2,4.0,,,PRESENCIAL,02/04/2023
TXN_4392519,BISCOITO,2,1.0,2.0,,PARA VIAGEM,20/09/2023
TXN_1716710,CAFÉ,2,2.0,4.0,,,23/02/2023
TXN_9550397,CAFÉ,4,2.0,8.0,,,
TXN_9655021,CAFÉ,3,2.0,6.0,,,22/04/2023
TXN_3868402,CAFÉ,3,2.0,6.0,DINHEIRO,PRESENCIAL,21/01/2023
TXN_4624591,SALADA,2,5.0,10.0,CARTÃO DE CRÉDITO,PRESENCIAL,03/08/2023
TXN_9640865,BISCOITO,2,1.0,,DINHEIRO,PARA VIAGEM,18/03/2023
TXN_6456008,SALADA,5,5.0,25.0,CARTÃO DE CRÉDITO,PRESENCIAL,26/03/2023
TXN_9547654,BISCOITO,2,1.0,2.0,,PRESENCIAL,19/11/2023
TXN_4986668,BOLO,3,3.0,9.0,CARTEIRA DIGITAL,,30/11/2023
TXN_6235329,SALADA,2,5.0,10.0,CARTEIRA DIGITAL,PRESENCIAL,11/10/2023
TXN_8536578,BOLO,5,3.0,15.0,CARTEIRA DIGITAL,PRESENCIAL,11/11/2023
TXN_4545512,CAFÉ,1,2.0,2.0,,PARA VIAGEM,18/12/2023
TXN_2156128,LANCHE,1,4.0,4.0,CARTEIRA DIGITAL,PRESENCIAL,21/07/2023
TXN_9188172,SUCO,3,3.0,9.0,CARTEIRA DIGITAL,PRESENCIAL,27/08/2023
TXN_5893283,,3,3.0,9.0,DINHEIRO,PRESENCIAL,15/08/2023
TXN_6408024,BISCOITO,3,1.0,3.0,,PRESENCIAL,29/11/2023
TXN_4788748,LANCHE,4,4.0,16.0,CARTÃO DE CRÉDITO,PRESENCIAL,30/04/2023
TXN_6460409,SALADA,3,5.0,,DINHEIRO,,03/01/2023
TXN_1067052,CHÁ,4,1.5,6.0,,PARA VIAGEM,18/02/2023
TXN_8776634,SUCO,5,3.0,15.0,,PRESENCIAL,02/06/2023
TXN_2534831,CHÁ,5,1.5,7.5,DINHEIRO,PARA VIAGEM,19/08/2023
TXN_9941872,SALADA,3,5.0,15.0,,,08/04/2023
TXN_2055898,CHÁ,4,1.5,6.0,,,01/12/2023
TXN_2007418,VITAMINA,4,4.0,16.0,DINHEIRO,,16/06/2023
TXN_6451043,BISCOITO,2,1.0,2.0,,PRESENCIAL,06/02/2023
TXN_2632916,SUCO,3,3.0,9.0,CARTÃO DE CRÉDITO,,17/06/2023
TXN_1926794,VITAMINA,1,4.0,4.0,,PRESENCIAL,14/01/2023
TXN_3201783,SUCO,3,3.0,9.0,,,03/12/2023
TXN_2374950,BOLO,5,3.0,15.0,CARTEIRA DIGITAL,,28/04/2023
TXN_5962196,VITAMINA,2,4.0,8.0,DINHEIRO,PARA VIAGEM,29/11/2023
TXN_4342098,VITAMINA,4,4.0,16.0,DINHEIRO,PRESENCIAL,24/05/2023
TXN_7367134,VITAMINA,4,4.0,16.0,CARTEIRA DIGITAL,,03/10/2023
TXN_3651743,BOLO,5,3.0,15.0,DINHEIRO,PRESENCIAL,24/04/2023
TXN_4411007,BISCOITO,5,1.0,5.0,CARTEIRA DIGITAL,PARA VIAGEM,17/05/2023
TXN_6026451,SUCO,2,3.0,6.0,DINHEIRO,PRESENCIAL,06/11/2023
TXN_5896413,CAFÉ,3,2.0,6.0,DINHEIRO,PRESENCIAL,
TXN_5093312,BISCOITO,4,1.0,4.0,CARTÃO DE CRÉDITO,PARA VIAGEM,12/08/2023
TXN_6685570,CHÁ,1,1.5,1.5,CARTÃO DE CRÉDITO,PRESENCIAL,14/03/2023
TXN_7905853,BISCOITO,4,1.0,4.0,CARTEIRA DIGITAL,,25/07/2023
TXN_3020475,SALADA,4,5.0,20.0,,PARA VIAGEM,13/09/2023
TXN_7665695,CHÁ,3,1.5,4.5,,PRESENCIAL,21/10/2023
TXN_2355099,SALADA,5,5.0,25.0,DINHEIRO,PARA VIAGEM,18/03/2023
TXN_6071866,CHÁ,4,1.5,6.0,,,14/10/2023
TXN_4548715,LANCHE,2,4.0,8.0,,,16/02/2023
TXN_8156272,SALADA,2,5.0,10.0,DINHEIRO,PRESENCIAL,
TXN_8344035,VITAMINA,2,4.0,8.0,DINHEIRO,,23/08/2023
TXN_7332192,CAFÉ,1,2.0,2.0,CARTÃO DE CRÉDITO,PARA VIAGEM,17/11/2023
TXN_4483944,SUCO,4,3.0,12.0,,PRESENCIAL,
TXN_4713356,VITAMINA,5,4.0,20.0,,PRESENCIAL,08/05/2023
TXN_6400461,CAFÉ,4,2.0,8.0,CARTEIRA DIGITAL,,18/01/2023
TXN_9262504,VITAMINA,3,4.0,12.0,CARTÃO DE CRÉDITO,,01/12/2023
TXN_6225305,BOLO,1,3.0,3.0,DINHEIRO,PARA VIAGEM,05/05/2023
TXN_1266278,VITAMINA,1,4.0,4.0,,PARA VIAGEM,03/11/2023
TXN_2607233,CAFÉ,3,2.0,6.0,DINHEIRO,PARA VIAGEM,
TXN_2797871,BISCOITO,2,1.0,2.0,,PARA VIAGEM,21/09/2023
TXN_6753977,CHÁ,3,1.5,,,PRESENCIAL,
TXN_4947561,SALADA,,5.0,15.0,,PARA VIAGEM,06/06/2023
TXN_3881824,SUCO,,3.0,6.0,CARTÃO DE CRÉDITO,,30/12/2023
TXN_7606965,SUCO,5,3.0,15.0,CARTEIRA DIGITAL,PRESENCIAL,08/12/2023
TXN_5516374,VITAMINA,2,4.0,8.0,,PRESENCIAL,25/07/2023
TXN_8059034,CAFÉ,1,2.0,2.0,CARTEIRA DIGITAL,,10/01/2023
TXN_2238287,SALADA,3,5.0,15.0,CARTEIRA DIGITAL,PRESENCIAL,22/05/2023
TXN_2086896,,4,3.0,12.0,DINHEIRO,PARA VIAGEM,25/11/2023
TXN_9667721,CHÁ,5,1.5,7.5,CARTÃO DE CRÉDITO,PARA VIAGEM,29/04/2023
TXN_6317991,BISCOITO,5,1.0,5.0,CARTEIRA DIGITAL,PRESENCIAL,03/03/2023
TXN_7866723,LANCHE,2,4.0,8.0,CARTÃO DE CRÉDITO,PRESENCIAL,26/03/2023
TXN_7954064,,5,3.0,15.0,CARTÃO DE CRÉDITO,PRESENCIAL,31/08/2023
TXN_5251180,BISCOITO,1,1.0,1.0,CARTEIRA DIGITAL,,25/06/2023
TXN_5891724,SALADA,5,5.0,25.0,CARTÃO DE CRÉDITO,,10/12/2023
TXN_9564495,,4,3.0,12.0,CARTEIRA DIGITAL,,01/08/2023
TXN_5092646,VITAMINA,2,4.0,8.0,,PARA VIAGEM,08/05/2023
TXN_5261036,,5,3.0,15.0,DINHEIRO,,03/10/2023
TXN_2638434,SUCO,5,3.0,15.0,CARTÃO DE CRÉDITO,PRESENCIAL,18/09/2023
TXN_5651620,,2,4.0,8.0,,,16/05/2023
TXN_5452210,CHÁ,5,1.5,7.5,CARTEIRA DIGITAL,PRESENCIAL,17/04/2023
TXN_5337566,BISCOITO,5,1.0,5.0,DINHEIRO,PARA VIAGEM,08/03/2023
TXN_3341779,CHÁ,3,1.5,4.5,DINHEIRO,PARA VIAGEM,30/07/2023
TXN_7977951,BOLO,5,3.0,15.0,,,22/12/2023
TXN_8226985,CAFÉ,2,2.0,4.0,,,08/03/2023
TXN_7604622,SUCO,,3.0,12.0,CARTÃO DE CRÉDITO,,22/12/2023
TXN_6875870,SALADA,5,5.0,25.0,,,07/09/2023
TXN_9086163,BISCOITO,2,1.0,2.0,CARTEIRA DIGITAL,,31/07/2023
TXN_5061600,SUCO,3,3.0,,,PRESENCIAL,23/11/2023
TXN_9987017,BISCOITO,5,1.0,5.0,DINHEIRO,PARA VIAGEM,14/03/2023
TXN_6533576,SALADA,5,5.0,25.0,DINHEIRO,PRESENCIAL,14/08/2023
TXN_5229351,CAFÉ,3,2.0,6.0,CARTEIRA DIGITAL,PARA VIAGEM,14/08/2023
TXN_5318263,VITAMINA,1,4.0,4.0,CARTÃO DE CRÉDITO,PARA VIAGEM,12/06/2023
TXN_8866088,CHÁ,4,1.5,6.0,CARTEIRA DIGITAL,PARA VIAGEM,11/07/2023
TXN_1193930,CAFÉ,1,2.0,2.0,DINHEIRO,,
TXN_2601923,BOLO,4,,12.0,DINHEIRO,PARA VIAGEM,24/07/2023
TXN_5884081,BISCOITO,,1.0,,CARTEIRA DIGITAL,PRESENCIAL,05/07/2023
TXN_5047792,SALADA,1,5.0,5.0,,,
TXN_7434172,BISCOITO,2,1.0,2.0,CARTEIRA DIGITAL,PARA VIAGEM,14/11/2023
TXN_1849406,LANCHE,5,4.0,,DINHEIRO,PRESENCIAL,30/11/2023
TXN_8388462,VITAMINA,,,8.0,,PARA VIAGEM,19/08/2023
TXN_6289180,SUCO,1,3.0,3.0,DINHEIRO,PRESENCIAL,14/03/2023
TXN_3974663,SUCO,3,3.0,9.0,DINHEIRO,PARA VIAGEM,02/10/2023
TXN_9041537,LANCHE,4,4.0,16.0,,,28/08/2023
TXN_2798069,,5,1.5,7.5,CARTEIRA DIGITAL,,02/09/2023
TXN_7601706,SUCO,,3.0,6.0,CARTÃO DE CRÉDITO,PRESENCIAL,15/11/2023
TXN_6184247,,1,3.0,3.0,,,
TXN_3145515,VITAMINA,4,4.0,16.0,DINHEIRO,,31/03/2023
TXN_6711224,SUCO,1,3.0,3.0,CARTEIRA DIGITAL,,26/03/2023
TXN_4035164,SUCO,5,3.0,15.0,,PRESENCIAL,26/11/2023
TXN_1815061,BOLO,3,3.0,9.0,CARTEIRA DIGITAL,PRESENCIAL,20/01/2023
TXN_9522690,BISCOITO,4,1.0,4.0,CARTÃO DE CRÉDITO,PRESENCIAL,23/07/2023
TXN_2858635,LANCHE,1,4.0,4.0,CARTEIRA DIGITAL,PRESENCIAL,28/09/2023
TXN_5492825,,2,5.0,10.0,,PRESENCIAL,25/02/2023
TXN_2083119,,2,1.0,2.0,,PRESENCIAL,11/06/2023
TXN_7030681,SUCO,1,3.0,3.0,DINHEIRO,,01/10/2023
TXN_7738316,BISCOITO,4,1.0,4.0,,,04/02/2023
TXN_6817358,VITAMINA,2,,8.0,CARTÃO DE CRÉDITO,,22/12/2023
TXN_4430474,BOLO,2,3.0,6.0,CARTEIRA DIGITAL,,08/06/2023
TXN_2329938,LANCHE,3,4.0,12.0,CARTÃO DE CRÉDITO,,29/03/2023
TXN_7020104,,5,1.5,7.5,CARTEIRA DIGITAL,,23/01/2023
TXN_3642052,BOLO,1,3.0,,,PARA VIAGEM,19/07/2023
TXN_6655913,BISCOITO,1,1.0,,CARTÃO DE CRÉDITO,PRESENCIAL,02/04/2023
TXN_1409029,LANCHE,1,4.0,4.0,DINHEIRO,,
TXN_1617594,LANCHE,1,4.0,4.0,,PRESENCIAL,23/04/2023
TXN_7136372,SUCO,3,3.0,9.0,CARTÃO DE CRÉDITO,PARA VIAGEM,22/09/2023
TXN_7648238,BISCOITO,,1.0,1.0,DINHEIRO,,12/05/2023
TXN_1277813,,5,3.0,15.0,CARTEIRA DIGITAL,,11/09/2023
TXN_7251969,BISCOITO,2,1.0,2.0,,PRESENCIAL,14/08/2023
TXN_5790695,CHÁ,5,1.5,7.5,CARTÃO DE CRÉDITO,PARA VIAGEM,24/04/2023
TXN_7101802,CAFÉ,4,2.0,8.0,,,19/03/2023
TXN_3277936,CHÁ,2,1.5,3.0,CARTEIRA DIGITAL,PARA VIAGEM,21/06/2023
TXN_3233221,BOLO,5,3.0,15.0,,PARA VIAGEM,15/06/2023
TXN_6200423,BISCOITO,1,1.0,1.0,,PRESENCIAL,03/02/2023
TXN_1522176,VITAMINA,,4.0,4.0,CARTEIRA DIGITAL,PARA VIAGEM,29/04/2023
TXN_6728574,SUCO,3,3.0,9.0,DINHEIRO,,24/05/2023
TXN_6344738,,4,5.0,20.0,CARTÃO DE CRÉDITO,PARA VIAGEM,
TXN_5968705,LANCHE,3,4.0,12.0,CARTÃO DE CRÉDITO,PARA VIAGEM,16/12/2023
TXN_9657902,SUCO,1,3.0,3.0,CARTEIRA DIGITAL,,30/10/2023
TXN_8640383,SUCO,2,3.0,6.0,,,08/10/2023
TXN_3889213,BOLO,1,,3.0,CARTÃO DE CRÉDITO,,13/10/2023
TXN_2252244,SUCO,2,,6.0,CARTÃO DE CRÉDITO,,10/03/2023
TXN_2561071,SUCO,5,3.0,15.0,,PRESENCIAL,30/01/2023
TXN_6543164,CHÁ,2,1.5,3.0,CARTEIRA DIGITAL,,10/07/2023
TXN_3209025,SALADA,2,5.0,10.0,DINHEIRO,,12/10/2023
TXN_9975079,VITAMINA,2,4.0,8.0,DINHEIRO,,26/08/2023
TXN_9618962,,3,,6.0,CARTÃO DE CRÉDITO,PARA VIAGEM,08/11/2023
TXN_5949517,,5,4.0,20.0,CARTEIRA DIGITAL,PRESENCIAL,31/12/2023
TXN_4103665,CAFÉ,4,2.0,,,PRESENCIAL,30/04/2023
TXN_8499618,BOLO,2,3.0,6.0,,,23/05/2023
TXN_6183513,,3,3.0,9.0,CARTEIRA DIGITAL,,22/12/2023
TXN_3919672,BISCOITO,,1.0,2.0,CARTÃO DE CRÉDITO,,05/11/2023
TXN_7592199,CHÁ,3,1.5,4.5,CARTEIRA DIGITAL,,14/09/2023
TXN_8888249,CAFÉ,5,2.0,10.0,,,17/10/2023
TXN_8494571,,5,1.0,5.0,,,06/02/2023
TXN_7749759,CHÁ,1,1.5,1.5,CARTEIRA DIGITAL,PRESENCIAL,26/12/2023
TXN_7556108,BISCOITO,5,1.0,5.0,,PARA VIAGEM,17/01/2023
TXN_9360886,LANCHE,1,4.0,4.0,,,25/07/2023
TXN_5303464,SUCO,4,3.0,12.0,DINHEIRO,PARA VIAGEM,26/10/2023
TXN_5324330,SALADA,3,5.0,15.0,CARTEIRA DIGITAL,PARA VIAGEM,20/11/2023
TXN_5862289,SUCO,4,3.0,12.0,CARTEIRA DIGITAL,PARA VIAGEM,05/01/2023
TXN_8203190,CHÁ,2,1.5,3.0,,PRESENCIAL,16/06/2023
TXN_9699948,CAFÉ,5,2.0,10.0,DINHEIRO,PRESENCIAL,18/04/2023
TXN_8187087,CAFÉ,3,2.0,6.0,CARTEIRA DIGITAL,PARA VIAGEM,31/01/2023
TXN_5409141,CAFÉ,5,2.0,10.0,DINHEIRO,PARA VIAGEM,02/02/2023
TXN_9928409,LANCHE,4,4.0,16.0,CARTÃO DE CRÉDITO,,17/06/2023
TXN_9882485,SALADA,5,5.0,25.0,DINHEIRO,,
TXN_9952479,LANCHE,1,4.0,4.0,CARTEIRA DIGITAL,PARA VIAGEM,06/12/2023
TXN_7207901,VITAMINA,2,4.0,8.0,CARTEIRA DIGITAL,PRESENCIAL,11/12/2023
TXN_8899602,SALADA,4,5.0,20.0,,PRESENCIAL,
TXN_4321091,VITAMINA,2,4.0,8.0,DINHEIRO,PRESENCIAL,15/06/2023
TXN_2721997,BOLO,3,3.0,9.0,,PARA VIAGEM,20/05/2023
TXN_6738137,CAFÉ,4,2.0,8.0,,,20/07/2023
TXN_5365699,LANCHE,5,4.0,20.0,,,22/05/2023
TXN_4807459,LANCHE,1,4.0,4.0,,,11/08/2023
TXN_2790608,SUCO,1,3.0,3.0,DINHEIRO,PRESENCIAL,18/12/2023
TXN_2035137,,2,1.5,3.0,CARTEIRA DIGITAL,PARA VIAGEM,12/03/2023
TXN_7603919,,2,1.0,2.0,,,25/09/2023
TXN_7429032,LANCHE,2,4.0,8.0,,PARA VIAGEM,18/08/2023
TXN_5241723,CAFÉ,3,2.0,6.0,DINHEIRO,,18/07/2023
TXN_5151706,VITAMINA,1,4.0,4.0,,PARA VIAGEM,01/03/2023
TXN_6231475,SALADA,2,5.0,10.0,CARTÃO DE CRÉDITO,PRESENCIAL,18/03/2023
TXN_6144244,SUCO,3,,9.0,DINHEIRO,,08/01/2023
TXN_3442435,,,4.0,8.0,CARTEIRA DIGITAL,PRESENCIAL,01/04/2023
TXN_2631423,BISCOITO,3,1.0,3.0,DINHEIRO,PARA VIAGEM,07/01/2023
TXN_1616810,,2,1.0,2.0,,PRESENCIAL,05/09/2023
TXN_6505914,BOLO,3,3.0,9.0,,,27/01/2023
TXN_1958614,VITAMINA,2,4.0,8.0,CARTEIRA DIGITAL,,02/07/2023
TXN_6890737,,4,4.0,16.0,,,22/05/2023
TXN_6702416,BOLO,1,3.0,3.0,,,14/09/2023
TXN_5649204,VITAMINA,1,4.0,4.0,DINHEIRO,PRESENCIAL,05/03/2023
TXN_4084177,,3,1.0,3.0,CARTÃO DE CRÉDITO,PRESENCIAL,13/08/2023
TXN_2066115,SALADA,4,5.0,20.0,CARTÃO DE CRÉDITO,PRESENCIAL,18/08/2023
TXN_5029643,,2,1.5,3.0,CARTEIRA DIGITAL,PRESENCIAL,23/12/2023
TXN_7986904,BISCOITO,3,1.0,3.0,CARTÃO DE CRÉDITO,PARA VIAGEM,11/08/2023
TXN_4633457,SALADA,1,5.0,5.0,CARTÃO DE CRÉDITO,PARA VIAGEM,21/05/2023
TXN_9368550,BOLO,3,3.0,9.0,CARTEIRA DIGITAL,PARA VIAGEM,26/09/2023
TXN_8049058,BOLO,2,3.0,6.0,DINHEIRO,,08/04/2023
TXN_5131404,LANCHE,4,4.0,16.0,CARTÃO DE CRÉDITO,PARA VIAGEM,18/06/2023
TXN_3480562,CAFÉ,5,2.0,10.0,,,24/12/2023
TXN_6219454,CHÁ,1,1.5,1.5,DINHEIRO,PRESENCIAL,14/11/2023
TXN_2551378,CHÁ,2,1.5,3.0,,PARA VIAGEM,27/10/2023
TXN_9024388,SALADA,1,5.0,5.0,DINHEIRO,,27/02/2023
TXN_3478329,CHÁ,3,1.5,4.5,CARTEIRA DIGITAL,PRESENCIAL,29/10/2023
TXN_6308974,BISCOITO,4,1.0,4.0,,PRESENCIAL,02/10/2023
TXN_5571904,SALADA,5,5.0,25.0,CARTEIRA DIGITAL,PARA VIAGEM,05/08/2023
TXN_6979356,SALADA,2,5.0,10.0,,PRESENCIAL,21/09/2023
TXN_9171458,BOLO,2,3.0,6.0,,,29/03/2023
TXN_5537621,SUCO,4,3.0,12.0,CARTEIRA DIGITAL,PARA VIAGEM,28/02/2023
TXN_9288156,CAFÉ,3,2.0,6.0,,,05/11/2023
TXN_8626720,SUCO,4,3.0,12.0,DINHEIRO,PARA VIAGEM,02/06/2023
TXN_9181129,LANCHE,,4.0,20.0,CARTEIRA DIGITAL,PRESENCIAL,25/09/2023
TXN_5908362,LANCHE,5,4.0,20.0,CARTEIRA DIGITAL,,03/10/2023
TXN_2086841,SALADA,4,5.0,20.0,CARTÃO DE CRÉDITO,PRESENCIAL,16/03/2023
TXN_9944141,SUCO,5,3.0,15.0,CARTÃO DE CRÉDITO,PARA VIAGEM,18/07/2023
TXN_2438638,BOLO,2,3.0,6.0,CARTÃO DE CRÉDITO,PARA VIAGEM,12/08/2023
TXN_4644790,,1,4.0,4.0,CARTÃO DE CRÉDITO,,19/09/2023
TXN_9216933,BISCOITO,4,1.0,4.0,,,29/05/2023
TXN_8308356,VITAMINA,1,4.0,,CARTEIRA DIGITAL,,21/11/2023
TXN_7933500,CHÁ,3,1.5,4.5,,PRESENCIAL,21/09/2023
TXN_1602123,CAFÉ,,2.0,2.0,DINHEIRO,,11/04/2023
TXN_3321395,CHÁ,,1.5,1.5,CARTEIRA DIGITAL,PARA VIAGEM,08/07/2023
TXN_7563589,VITAMINA,5,4.0,20.0,DINHEIRO,,19/09/2023
TXN_7864482,LANCHE,1,4.0,4.0,CARTÃO DE CRÉDITO,PARA VIAGEM,28/01/2023
TXN_7942343,BISCOITO,4,1.0,4.0,CARTEIRA DIGITAL,,15/06/2023
TXN_1585329,VITAMINA,4,4.0,16.0,CARTÃO DE CRÉDITO,,16/07/2023
TXN_6550460,LANCHE,5,4.0,,,,15/03/2023
TXN_3416466,SUCO,2,3.0,6.0,CARTEIRA DIGITAL,,13/09/2023
TXN_5125759,CAFÉ,3,2.0,6.0,CARTEIRA DIGITAL,PARA VIAGEM,15/06/2023
TXN_7321946,BOLO,3,3.0,9.0,DINHEIRO,PARA VIAGEM,12/02/2023
TXN_4336291,SALADA,5,5.0,25.0,DINHEIRO,PRESENCIAL,25/03/2023
TXN_5240229,SALADA,1,5.0,5.0,,PRESENCIAL,10/06/2023
TXN_7854253,CAFÉ,4,2.0,8.0,DINHEIRO,,26/07/2023
TXN_1971201,VITAMINA,2,4.0,8.0,CARTEIRA DIGITAL,,07/11/2023
TXN_2673104,CHÁ,1,1.5,1.5,,,23/06/2023
TXN_7479695,VITAMINA,5,4.0,20.0,CARTÃO DE CRÉDITO,,12/12/2023
TXN_1084222,CAFÉ,4,2.0,8.0,CARTEIRA DIGITAL,PRESENCIAL,03/06/2023
TXN_1723062,SALADA,1,5.0,5.0,,PRESENCIAL,21/09/2023
TXN_4987205,CHÁ,2,1.5,3.0,,PARA VIAGEM,24/06/2023
TXN_8025478,LANCHE,4,4.0,16.0,DINHEIRO,PARA VIAGEM,24/01/2023
TXN_7529735,CAFÉ,3,2.0,6.0,,PRESENCIAL,12/08/2023
TXN_1598214,SUCO,1,,3.0,CARTÃO DE CRÉDITO,PARA VIAGEM,07/01/2023
TXN_7872478,SUCO,4,3.0,12.0,CARTÃO DE CRÉDITO,PRESENCIAL,25/04/2023
TXN_9464398,BOLO,4,3.0,12.0,CARTÃO DE CRÉDITO,,25/09/2023
TXN_9319656,CHÁ,5,1.5,7.5,,,22/12/2023
TXN_9212052,SALADA,4,5.0,20.0,DINHEIRO,,15/10/2023
TXN_2913107,,4,,8.0,,PRESENCIAL,20/05/2023
TXN_2550923,BOLO,2,3.0,6.0,DINHEIRO,PARA VIAGEM,26/08/2023
TXN_3352028,,4,1.0,4.0,CARTÃO DE CRÉDITO,PRESENCIAL,26/08/2023
TXN_2682803,BOLO,5,3.0,15.0,CARTÃO DE CRÉDITO,PARA VIAGEM,09/04/2023
TXN_1745182,BISCOITO,2,,2.0,CARTEIRA DIGITAL,PARA VIAGEM,26/09/2023
TXN_7608637,,1,5.0,5.0,CARTEIRA DIGITAL,,08/04/2023
TXN_6388090,SUCO,4,3.0,12.0,,,
TXN_4335735,CAFÉ,2,2.0,4.0,,,07/04/2023
TXN_9264301,CAFÉ,1,2.0,2.0,,PRESENCIAL,24/10/2023
TXN_6547896,CAFÉ,3,2.0,,,,02/03/2023
TXN_2414686,BOLO,1,3.0,3.0,DINHEIRO,,
TXN_9868114,VITAMINA,2,4.0,8.0,CARTÃO DE CRÉDITO,PRESENCIAL,12/11/2023
TXN_6127474,BISCOITO,5,,5.0,DINHEIRO,PRESENCIAL,17/09/2023
TXN_5549557,BOLO,2,3.0,6.0,DINHEIRO,PRESENCIAL,27/02/2023
TXN_4668762,VITAMINA,3,4.0,12.0,CARTEIRA DIGITAL,,10/03/2023
TXN_1058466,BISCOITO,3,1.0,3.0,CARTEIRA DIGITAL,PARA VIAGEM,07/12/2023
TXN_8892230,CAFÉ,5,2.0,10.0,,,02/03/2023
TXN_3332915,BISCOITO,2,1.0,2.0,,PARA VIAGEM,19/01/2023
TXN_9596023,CAFÉ,5,2.0,10.0,CARTEIRA DIGITAL,PARA VIAGEM,30/11/2023
TXN_6122423,SALADA,4,5.0,,,PRESENCIAL,28/09/2023
TXN_8934637,VITAMINA,1,4.0,4.0,,PRESENCIAL,07/01/2023
TXN_4846406,BISCOITO,3,1.0,3.0,DINHEIRO,PRESENCIAL,22/05/2023
TXN_8917300,BISCOITO,1,1.0,1.0,DINHEIRO,PARA VIAGEM,04/03/2023
TXN_7742182,CHÁ,2,1.5,3.0,,,09/11/2023
TXN_8131533,BOLO,1,3.0,3.0,DINHEIRO,PRESENCIAL,18/07/2023
TXN_1836754,CHÁ,1,1.5,1.5,CARTÃO DE CRÉDITO,PRESENCIAL,10/09/2023
TXN_2531878,SALADA,3,5.0,15.0,,,06/01/2023
TXN_8126586,LANCHE,5,4.0,20.0,,PRESENCIAL,19/11/2023
TXN_4522292,BISCOITO,1,1.0,1.0,CARTEIRA DIGITAL,PRESENCIAL,12/07/2023
TXN_2896162,BISCOITO,2,1.0,2.0,CARTÃO DE CRÉDITO,PRESENCIAL,
TXN_4209377,SALADA,2,5.0,10.0,,,07/02/2023
TXN_9097321,SUCO,2,3.0,6.0,CARTÃO DE CRÉDITO,,02/10/2023
TXN_8258400,,5,5.0,25.0,,,09/10/2023
TXN_3267393,LANCHE,2,4.0,8.0,,PRESENCIAL,24/02/2023
TXN_2389110,LANCHE,2,4.0,8.0,DINHEIRO,PRESENCIAL,30/05/2023
TXN_2704452,SALADA,2,5.0,10.0,CARTÃO DE CRÉDITO,PARA VIAGEM,05/09/2023
TXN_4892165,SUCO,3,3.0,9.0,DINHEIRO,PRESENCIAL,27/07/2023
TXN_6588156,BOLO,4,3.0,12.0,,PRESENCIAL,14/04/2023
TXN_4721830,LANCHE,3,4.0,12.0,,,15/11/2023
TXN_6941542,LANCHE,3,4.0,12.0,,PRESENCIAL,27/09/2023
TXN_5214986,BISCOITO,5,,5.0,CARTÃO DE CRÉDITO,PRESENCIAL,21/09/2023
TXN_3635874,LANCHE,2,4.0,8.0,DINHEIRO,,16/03/2023
TXN_1721910,SUCO,4,3.0,12.0,CARTEIRA DIGITAL,,21/03/2023
TXN_9615339,LANCHE,1,4.0,4.0,,PRESENCIAL,
TXN_1120969,CAFÉ,2,2.0,4.0,CARTÃO DE CRÉDITO,,15/04/2023
TXN_4246000,BISCOITO,2,1.0,2.0,CARTÃO DE CRÉDITO,PARA VIAGEM,09/07/2023
TXN_9253541,,1,1.5,1.5,CARTEIRA DIGITAL,,04/06/2023
TXN_9699174,VITAMINA,3,4.0,,,,03/01/2023
TXN_6036409,CHÁ,5,1.5,7.5,DINHEIRO,PARA VIAGEM,16/02/2023
TXN_5927258,CHÁ,5,1.5,7.5,,PRESENCIAL,18/10/2023
TXN_6027031,SUCO,5,3.0,15.0,CARTÃO DE CRÉDITO,PRESENCIAL,15/11/2023
TXN_4449992,,3,1.0,3.0,CARTEIRA DIGITAL,,09/01/2023
TXN_3018211,SALADA,4,5.0,20.0,,,
TXN_1900906,CAFÉ,5,2.0,,DINHEIRO,,31/01/2023
TXN_7171590,CAFÉ,3,2.0,6.0,CARTÃO DE CRÉDITO,PRESENCIAL,24/04/2023
TXN_5746203,CHÁ,5,1.5,7.5,DINHEIRO,,08/07/2023
TXN_1696300,BISCOITO,1,1.0,1.0,CARTEIRA DIGITAL,PRESENCIAL,28/05/2023
TXN_1255476,VITAMINA,1,4.0,4.0,,,28/08/2023
TXN_9403115,CHÁ,1,1.5,1.5,,,17/04/2023
TXN_4476539,SALADA,2,5.0,10.0,DINHEIRO,,19/04/2023
TXN_5263133,SUCO,2,3.0,6.0,,PARA VIAGEM,22/05/2023
TXN_8473362,SUCO,3,3.0,9.0,CARTEIRA DIGITAL,,22/11/2023
TXN_8402606,BISCOITO,3,1.0,3.0,,PARA VIAGEM,09/05/2023
TXN_6857799,BISCOITO,4,1.0,4.0,DINHEIRO,,08/01/2023
TXN_9362993,CAFÉ,3,2.0,6.0,DINHEIRO,PRESENCIAL,22/10/2023
TXN_7458568,VITAMINA,5,4.0,20.0,CARTEIRA DIGITAL,,09/05/2023
TXN_7474617,SALADA,3,5.0,15.0,CARTÃO DE CRÉDITO,PARA VIAGEM,
TXN_1959082,SUCO,5,3.0,15.0,CARTÃO DE CRÉDITO,,08/06/2023
TXN_9630958,VITAMINA,5,,20.0,CARTEIRA DIGITAL,PRESENCIAL,26/12/2023
TXN_4290475,VITAMINA,1,4.0,4.0,,PARA VIAGEM,20/04/2023
TXN_4561296,SALADA,5,5.0,25.0,DINHEIRO,PRESENCIAL,22/11/2023
TXN_6422545,SUCO,2,3.0,6.0,CARTÃO DE CRÉDITO,PARA VIAGEM,03/11/2023
TXN_6012728,BOLO,4,3.0,12.0,CARTÃO DE CRÉDITO,PRESENCIAL,09/05/2023
TXN_8886678,CHÁ,5,1.5,7.5,DINHEIRO,,27/03/2023
TXN_5424622,CHÁ,4,1.5,6.0,,PRESENCIAL,12/07/2023
TXN_1204426,LANCHE,,4.0,12.0,CARTÃO DE CRÉDITO,,16/01/2023
TXN_1885495,CAFÉ,4,2.0,8.0,DINHEIRO,,04/03/2023
TXN_3646359,SALADA,2,5.0,10.0,CARTÃO DE CRÉDITO,,23/07/2023
TXN_3284157,CHÁ,4,,6.0,CARTEIRA DIGITAL,,17/05/2023
TXN_4533186,CHÁ,3,1.5,4.5,,PARA VIAGEM,19/04/2023
TXN_3046567,SALADA,2,5.0,10.0,CARTÃO DE CRÉDITO,PRESENCIAL,07/01/2023
TXN_3594827,SUCO,5,3.0,15.0,CARTEIRA DIGITAL,PRESENCIAL,09/03/2023
TXN_2883054,BOLO,4,3.0,12.0,DINHEIRO,PRESENCIAL,17/11/2023
TXN_1744319,VITAMINA,3,4.0,12.0,DINHEIRO,,24/03/2023
TXN_6182856,BOLO,4,3.0,12.0,CARTÃO DE CRÉDITO,PARA VIAGEM,02/04/2023
TXN_7341998,BOLO,3,3.0,9.0,CARTEIRA DIGITAL,,18/02/2023
TXN_5438422,VITAMINA,3,4.0,,,PRESENCIAL,25/09/2023
TXN_7187128,CHÁ,5,1.5,7.5,,PARA VIAGEM,24/08/2023
TXN_6499084,BOLO,4,,12.0,CARTÃO DE CRÉDITO,PARA VIAGEM,15/03/2023
TXN_5738243,SALADA,5,,25.0,CARTÃO DE CRÉDITO,PARA VIAGEM,30/08/2023
TXN_8946752,CHÁ,4,1.5,6.0,DINHEIRO,,08/06/2023
TXN_5453217,CAFÉ,1,2.0,2.0,CARTÃO DE CRÉDITO,PRESENCIAL,11/07/2023
TXN_9340973,BISCOITO,4,1.0,4.0,DINHEIRO,,07/03/2023
TXN_8562684,CHÁ,5,1.5,7.5,,PARA VIAGEM,25/06/2023
TXN_2477021,BISCOITO,4,,4.0,CARTÃO DE CRÉDITO,PRESENCIAL,
TXN_2030078,VITAMINA,1,4.0,4.0,CARTEIRA DIGITAL,PARA VIAGEM,10/04/2023
TXN_9490465,,3,4.0,12.0,,,06/05/2023
TXN_6603668,CAFÉ,4,,8.0,CARTÃO DE CRÉDITO,PARA VIAGEM,07/03/2023
TXN_7077961,CHÁ,4,1.5,6.0,CARTEIRA DIGITAL,PARA VIAGEM,19/09/2023
TXN_3343585,BOLO,1,3.0,3.0,DINHEIRO,PRESENCIAL,17/09/2023
TXN_7896831,CAFÉ,5,2.0,10.0,DINHEIRO,PARA VIAGEM,01/04/2023
TXN_2510233,,2,4.0,8.0,CARTÃO DE CRÉDITO,PRESENCIAL,04/11/2023
TXN_3541337,BISCOITO,4,1.0,4.0,CARTEIRA DIGITAL,PARA VIAGEM,01/09/2023
TXN_2140056,BISCOITO,1,1.0,1.0,CARTEIRA DIGITAL,PARA VIAGEM,07/12/2023
TXN_9629256,BOLO,4,3.0,12.0,CARTEIRA DIGITAL,PRESENCIAL,07/11/2023
TXN_8419985,BOLO,3,3.0,9.0,,,26/08/2023
TXN_6349916,SALADA,1,5.0,5.0,DINHEIRO,,09/07/2023
TXN_6568254,SALADA,2,5.0,10.0,CARTÃO DE CRÉDITO,PRESENCIAL,09/02/2023
TXN_1730385,BOLO,2,3.0,6.0,CARTÃO DE CRÉDITO,,01/03/2023
TXN_7800576,LANCHE,,4.0,16.0,,,13/07/2023
TXN_6935600,CAFÉ,3,2.0,6.0,,,02/01/2023
TXN_1851725,BOLO,5,3.0,15.0,DINHEIRO,PARA VIAGEM,19/02/2023
TXN_5691112,SUCO,5,3.0,15.0,,,24/03/2023
TXN_9514836,CAFÉ,3,2.0,6.0,,PRESENCIAL,29/03/2023
TXN_4172649,SALADA,4,5.0,20.0,CARTEIRA DIGITAL,,19/05/2023
TXN_6504096,SALADA,5,5.0,25.0,DINHEIRO,,10/09/2023
TXN_9921708,BOLO,1,3.0,3.0,DINHEIRO,PARA VIAGEM,20/07/2023
TXN_6361661,VITAMINA,2,4.0,8.0,DINHEIRO,,05/11/2023
TXN_4329116,BOLO,3,3.0,9.0,CARTÃO DE CRÉDITO,PRESENCIAL,29/09/2023
TXN_4142781,LANCHE,5,4.0,20.0,CARTEIRA DIGITAL,PARA VIAGEM,30/01/2023
TXN_6055428,SALADA,5,5.0,,DINHEIRO,PARA VIAGEM,25/02/2023
TXN_4359885,BISCOITO,2,1.0,2.0,CARTÃO DE CRÉDITO,PRESENCIAL,16/01/2023
TXN_4255116,SUCO,4,3.0,12.0,CARTÃO DE CRÉDITO,PRESENCIAL,24/12/2023
TXN_6511482,CHÁ,3,1.5,4.5,CARTÃO DE CRÉDITO,,17/03/2023
TXN_9672367,BISCOITO,2,1.0,2.0,,PRESENCIAL,21/12/2023
TXN_1514364,CAFÉ,5,2.0,10.0,CARTEIRA DIGITAL,PRESENCIAL,21/01/2023
TXN_1643122,SUCO,3,3.0,9.0,,PRESENCIAL,15/05/2023
TXN_2252586,CHÁ,3,1.5,4.5,DINHEIRO,PARA VIAGEM,08/09/2023
TXN_8853027,VITAMINA,5,4.0,20.0,CARTÃO DE CRÉDITO,PRESENCIAL,21/06/2023
TXN_1489200,,1,3.0,3.0,,,27/03/2023
TXN_2351890,CHÁ,4,1.5,6.0,,PRESENCIAL,27/02/2023
TXN_1026050,BOLO,1,3.0,3.0,,,23/04/2023
TXN_3882139,VITAMINA,4,4.0,16.0,,,28/12/2023
TXN_6296806,LANCHE,2,4.0,8.0,,PARA VIAGEM,
TXN_6149247,LANCHE,3,4.0,12.0,,PARA VIAGEM,21/09/2023
TXN_3371429,SALADA,2,5.0,10.0,CARTÃO DE CRÉDITO,,01/11/2023
TXN_5136479,LANCHE,1,,4.0,,PRESENCIAL,04/01/2023
TXN_5722175,CHÁ,2,1.5,3.0,CARTEIRA DIGITAL,PARA VIAGEM,01/03/2023
TXN_4075198,SALADA,5,5.0,25.0,DINHEIRO,,27/08/2023
TXN_3865627,CAFÉ,4,2.0,8.0,,PRESENCIAL,16/02/2023
TXN_2136226,SUCO,2,,6.0,CARTEIRA DIGITAL,PRESENCIAL,12/12/2023
TXN_2920551,LANCHE,4,4.0,16.0,CARTÃO DE CRÉDITO,PARA VIAGEM,27/11/2023
TXN_9206923,LANCHE,1,4.0,4.0,,,16/11/2023
TXN_6335909,SALADA,4,5.0,20.0,,PRESENCIAL,21/06/2023
TXN_8107970,CAFÉ,2,2.0,4.0,CARTÃO DE CRÉDITO,PARA VIAGEM,03/06/2023
TXN_3435561,,2,3.0,6.0,,PARA VIAGEM,
TXN_8079747,,2,5.0,10.0,CARTEIRA DIGITAL,,18/03/2023
TXN_2135358,BOLO,5,3.0,15.0,CARTÃO DE CRÉDITO,,28/05/2023
TXN_1313701,BISCOITO,2,1.0,2.0,,,03/10/2023
TXN_4035669,SUCO,3,3.0,9.0,DINHEIRO,,21/04/2023
TXN_5900899,,4,1.0,4.0,,PARA VIAGEM,
TXN_4037502,CAFÉ,2,,4.0,DINHEIRO,PARA VIAGEM,10/08/2023
TXN_6879752,CHÁ,1,1.5,1.5,CARTEIRA DIGITAL,PRESENCIAL,07/10/2023
TXN_8708666,BOLO,4,,12.0,,PARA VIAGEM,10/01/2023
TXN_5535579,CAFÉ,5,2.0,10.0,DINHEIRO,PRESENCIAL,21/12/2023
TXN_2449402,VITAMINA,5,4.0,20.0,DINHEIRO,,29/01/2023
TXN_6097759,VITAMINA,4,4.0,16.0,DINHEIRO,PRESENCIAL,18/06/2023
TXN_9579740,BOLO,3,3.0,9.0,CARTEIRA DIGITAL,,05/03/2023
TXN_3026936,BOLO,5,3.0,15.0,,,19/05/2023
TXN_2532519,BOLO,2,3.0,6.0,CARTEIRA DIGITAL,,10/04/2023
TXN_9959765,SUCO,4,3.0,12.0,DINHEIRO,,19/02/2023
TXN_9514996,LANCHE,2,4.0,8.0,CARTÃO DE CRÉDITO,PARA VIAGEM,25/07/2023
TXN_6757560,BOLO,4,3.0,12.0,DINHEIRO,,12/08/2023
TXN_2222893,CAFÉ,4,2.0,8.0,,PARA VIAGEM,20/12/2023
TXN_4346607,SALADA,2,5.0,10.0,CARTEIRA DIGITAL,,17/03/2023
TXN_2586830,SUCO,1,3.0,3.0,,PRESENCIAL,12/02/2023
TXN_2706461,SALADA,3,5.0,15.0,CARTÃO DE CRÉDITO,,13/12/2023
TXN_1829391,SUCO,4,3.0,12.0,CARTÃO DE CRÉDITO,,06/10/2023
TXN_5022805,LANCHE,1,4.0,4.0,CARTÃO DE CRÉDITO,PARA VIAGEM,17/12/2023
TXN_6815801,BISCOITO,1,1.0,1.0,CARTEIRA DIGITAL,PARA VIAGEM,15/03/2023
TXN_2541441,BOLO,1,3.0,3.0,DINHEIRO,PARA VIAGEM,21/09/2023
TXN_5189465,BISCOITO,4,1.0,4.0,,PARA VIAGEM,04/10/2023
TXN_1217810,BISCOITO,1,1.0,1.0,CARTEIRA DIGITAL,,06/07/2023
TXN_4894647,SALADA,2,5.0,10.0,DINHEIRO,PARA VIAGEM,26/12/2023
TXN_7622855,LANCHE,2,4.0,8.0,CARTÃO DE CRÉDITO,,10/07/2023
TXN_3215610,,2,3.0,6.0,CARTEIRA DIGITAL,PARA VIAGEM,14/06/2023
TXN_9931637,BOLO,2,3.0,6.0,DINHEIRO,PARA VIAGEM,17/09/2023
TXN_6625294,LANCHE,2,4.0,8.0,CARTEIRA DIGITAL,,05/03/2023
TXN_4577368,BOLO,4,3.0,12.0,DINHEIRO,,29/05/2023
TXN_4158904,SUCO,2,3.0,6.0,CARTEIRA DIGITAL,PRESENCIAL,31/01/2023
TXN_3444569,,1,4.0,,CARTÃO DE CRÉDITO,PARA VIAGEM,07/10/2023
TXN_1208926,BISCOITO,4,1.0,4.0,CARTÃO DE CRÉDITO,PRESENCIAL,07/12/2023
TXN_8090361,CAFÉ,1,2.0,2.0,,,12/03/2023
TXN_8363628,SALADA,1,5.0,,CARTEIRA DIGITAL,,07/04/2023
TXN_4761088,BOLO,4,3.0,12.0,CARTEIRA DIGITAL,,27/08/2023
TXN_2672126,,3,1.0,3.0,DINHEIRO,,07/07/2023
TXN_3232279,,4,,16.0,,PARA VIAGEM,30/05/2023
TXN_8526941,LANCHE,5,,20.0,,PARA VIAGEM,16/03/2023
TXN_2453194,BOLO,4,3.0,12.0,CARTEIRA DIGITAL,,18/11/2023
TXN_9970195,CAFÉ,2,2.0,4.0,,,10/11/2023
TXN_4458848,BISCOITO,2,1.0,2.0,,PRESENCIAL,30/10/2023
TXN_1606273,CAFÉ,1,2.0,2.0,CARTEIRA DIGITAL,PARA VIAGEM,02/11/2023
TXN_8053946,CHÁ,1,1.5,1.5,,PARA VIAGEM,18/09/2023
TXN_7963189,BISCOITO,4,1.0,4.0,CARTEIRA DIGITAL,PARA VIAGEM,24/03/2023
TXN_9151273,CHÁ,2,1.5,3.0,DINHEIRO,,09/04/2023
TXN_4702345,SALADA,4,5.0,20.0,CARTEIRA DIGITAL,,08/01/2023
TXN_7972349,BOLO,,3.0,12.0,,PRESENCIAL,19/04/2023
TXN_4832452,CHÁ,5,1.5,,DINHEIRO,,05/02/2023
TXN_9314690,SALADA,2,5.0,10.0,CARTÃO DE CRÉDITO,,11/12/2023
TXN_3852141,BOLO,5,3.0,15.0,CARTÃO DE CRÉDITO,PRESENCIAL,04/08/2023
TXN_4723529,LANCHE,2,4.0,8.0,,,25/03/2023
TXN_9537106,,,4.0,12.0,,,11/10/2023
TXN_6039321,SALADA,2,5.0,10.0,CARTÃO DE CRÉDITO,,15/02/2023
TXN_5797307,CHÁ,5,1.5,7.5,,PRESENCIAL,16/03/2023
TXN_4832566,LANCHE,4,4.0,16.0,CARTEIRA DIGITAL,PRESENCIAL,
TXN_2262398,CHÁ,1,1.5,,CARTÃO DE CRÉDITO,PARA VIAGEM,12/09/2023
TXN_9813095,SUCO,2,3.0,,DINHEIRO,,12/06/2023
TXN_8627869,SUCO,1,3.0,3.0,,,31/10/2023
TXN_1123346,CHÁ,3,1.5,4.5,,,31/07/2023
TXN_6729852,BISCOITO,4,1.0,4.0,,,29/06/2023
TXN_9300618,CHÁ,3,1.5,4.5,CARTÃO DE CRÉDITO,,06/03/2023
TXN_7832527,BOLO,3,3.0,9.0,DINHEIRO,PRESENCIAL,26/01/2023
TXN_4703100,LANCHE,1,4.0,4.0,,,26/01/2023
TXN_1650385,LANCHE,1,4.0,4.0,,,24/07/2023
TXN_3632068,,2,3.0,6.0,DINHEIRO,,29/08/2023
TXN_2132434,SALADA,4,5.0,20.0,CARTEIRA DIGITAL,PRESENCIAL,03/06/2023
TXN_3847176,LANCHE,3,4.0,12.0,,PARA VIAGEM,07/05/2023
TXN_9691955,SUCO,3,3.0,9.0,CARTÃO DE CRÉDITO,PRESENCIAL,03/11/2023
TXN_4985415,CHÁ,4,1.5,6.0,CARTEIRA DIGITAL,,01/08/2023
TXN_1172121,CAFÉ,5,2.0,10.0,DINHEIRO,PARA VIAGEM,26/08/2023
TXN_2521185,VITAMINA,2,4.0,8.0,DINHEIRO,PARA VIAGEM,20/03/2023
TXN_6233021,SUCO,5,3.0,15.0,CARTEIRA DIGITAL,PARA VIAGEM,22/12/2023
TXN_7498795,BISCOITO,2,1.0,2.0,DINHEIRO,PARA VIAGEM,11/03/2023
TXN_6730130,CHÁ,2,1.5,3.0,,,16/10/2023
TXN_8810855,LANCHE,4,4.0,16.0,,,30/04/2023
TXN_1599516,SUCO,3,3.0,9.0,DINHEIRO,PRESENCIAL,11/05/2023
TXN_6888839,CHÁ,3,1.5,,CARTEIRA DIGITAL,PARA VIAGEM,19/11/2023
TXN_5970304,,4,5.0,20.0,CARTÃO DE CRÉDITO,,14/07/2023
TXN_4559065,SUCO,1,3.0,3.0,DINHEIRO,PRESENCIAL,03/05/2023
TXN_7637325,BISCOITO,4,1.0,4.0,,,03/05/2023
TXN_9685491,CAFÉ,4,2.0,8.0,DINHEIRO,,20/09/2023
TXN_1767321,LANCHE,1,4.0,4.0,,PRESENCIAL,24/03/2023
TXN_9046415,VITAMINA,2,4.0,8.0,,,06/06/2023
TXN_3785168,,3,3.0,9.0,,PARA VIAGEM,01/05/2023
TXN_6859249,BISCOITO,,,2.0,,,
TXN_2696377,SUCO,4,3.0,12.0,CARTEIRA DIGITAL,PRESENCIAL,11/04/2023
TXN_7754382,LANCHE,4,4.0,16.0,CARTÃO DE CRÉDITO,,28/06/2023
TXN_4602865,BISCOITO,5,1.0,5.0,CARTEIRA DIGITAL,PARA VIAGEM,27/09/2023
TXN_5966765,BOLO,5,3.0,15.0,CARTÃO DE CRÉDITO,PARA VIAGEM,09/11/2023
TXN_4328228,LANCHE,5,4.0,20.0,,,08/01/2023
TXN_2462604,CHÁ,5,1.5,7.5,CARTÃO DE CRÉDITO,,13/07/2023
TXN_2897354,SUCO,4,3.0,12.0,,PRESENCIAL,22/06/2023
TXN_5280256,,5,1.0,5.0,,PRESENCIAL,12/07/2023
TXN_3283631,LANCHE,2,4.0,8.0,CARTÃO DE CRÉDITO,PRESENCIAL,15/03/2023
TXN_8929329,SUCO,4,3.0,12.0,,,29/10/2023
TXN_1328953,VITAMINA,3,4.0,12.0,,,28/12/2023
TXN_4852852,VITAMINA,2,4.0,8.0,,,06/10/2023
TXN_4977954,SUCO,4,3.0,12.0,DINHEIRO,,
TXN_3344089,LANCHE,4,4.0,16.0,DINHEIRO,PRESENCIAL,10/08/2023
TXN_2909634,VITAMINA,1,,4.0,,PARA VIAGEM,02/10/2023
TXN_7551280,BISCOITO,4,1.0,4.0,CARTÃO DE CRÉDITO,PARA VIAGEM,14/04/2023
TXN_5390533,VITAMINA,3,4.0,12.0,,PRESENCIAL,18/11/2023
TXN_8487216,CHÁ,1,1.5,1.5,DINHEIRO,,01/07/2023
TXN_3863163,BISCOITO,3,1.0,3.0,CARTEIRA DIGITAL,PARA VIAGEM,12/10/2023
TXN_4260865,VITAMINA,4,4.0,16.0,,,25/02/2023
TXN_7922471,BOLO,3,3.0,9.0,DINHEIRO,,18/04/2023
TXN_3701660,LANCHE,1,4.0,4.0,CARTEIRA DIGITAL,,
TXN_3653560,CAFÉ,4,2.0,8.0,CARTEIRA DIGITAL,PARA VIAGEM,01/07/2023
TXN_4075817,BISCOITO,2,1.0,2.0,DINHEIRO,,18/03/2023
TXN_3715065,SALADA,3,5.0,15.0,CARTÃO DE CRÉDITO,,17/03/2023
TXN_9549208,CAFÉ,1,2.0,2.0,CARTEIRA DIGITAL,PRESENCIAL,30/10/2023
TXN_2919952,SUCO,,3.0,15.0,CARTEIRA DIGITAL,PRESENCIAL,17/02/2023
TXN_2670824,SUCO,2,3.0,6.0,CARTEIRA DIGITAL,PARA VIAGEM,03/03/2023
TXN_7455953,CAFÉ,2,2.0,4.0,,,01/05/2023
TXN_5926432,VITAMINA,4,4.0,16.0,DINHEIRO,PRESENCIAL,29/06/2023
TXN_8235381,BISCOITO,3,1.0,3.0,CARTEIRA DIGITAL,PRESENCIAL,01/03/2023
TXN_6206679,CHÁ,1,1.5,1.5,,PRESENCIAL,01/05/2023
TXN_2954630,SALADA,2,5.0,10.0,CARTÃO DE CRÉDITO,,30/09/2023
TXN_1402641,CHÁ,3,1.5,,CARTÃO DE CRÉDITO,PARA VIAGEM,12/09/2023
TXN_6405489,LANCHE,3,4.0,12.0,CARTÃO DE CRÉDITO,PARA VIAGEM,04/05/2023
TXN_3003311,BOLO,5,3.0,15.0,CARTEIRA DIGITAL,PRESENCIAL,01/08/2023
TXN_3273540,,1,3.0,3.0,CARTÃO DE CRÉDITO,,21/08/2023
TXN_4570881,,1,2.0,2.0,,,14/09/2023
TXN_3421404,,4,4.0,16.0,CARTÃO DE CRÉDITO,,05/05/2023
TXN_8468509,,,4.0,12.0,CARTÃO DE CRÉDITO,,13/06/2023
TXN_9436342,SUCO,4,3.0,12.0,CARTEIRA DIGITAL,PRESENCIAL,26/11/2023
TXN_3110245,BOLO,5,,15.0,DINHEIRO,PARA VIAGEM,21/04/2023
TXN_1999100,VITAMINA,3,4.0,12.0,CARTEIRA DIGITAL,,08/11/2023
TXN_3654203,CAFÉ,1,,2.0,,,21/04/2023
TXN_2406283,SUCO,4,3.0,12.0,CARTEIRA DIGITAL,PRESENCIAL,24/02/2023
TXN_8964166,SUCO,5,3.0,15.0,DINHEIRO,,10/11/2023
TXN_1354464,BOLO,5,3.0,15.0,CARTEIRA DIGITAL,PRESENCIAL,18/03/2023
TXN_5582443,SALADA,3,5.0,15.0,CARTÃO DE CRÉDITO,PRESENCIAL,13/04/2023
TXN_6204081,BOLO,1,3.0,3.0,CARTEIRA DIGITAL,PARA VIAGEM,12/07/2023
TXN_4428307,SALADA,3,5.0,15.0,DINHEIRO,PRESENCIAL,
TXN_8647048,LANCHE,2,4.0,8.0,CARTÃO DE CRÉDITO,PRESENCIAL,03/11/2023
TXN_1689024,CAFÉ,5,2.0,,CARTÃO DE CRÉDITO,PRESENCIAL,17/04/2023
TXN_5422928,CHÁ,4,1.5,6.0,CARTEIRA DIGITAL,PARA VIAGEM,20/09/2023
TXN_9855567,BISCOITO,3,1.0,3.0,CARTÃO DE CRÉDITO,,25/05/2023
TXN_3311860,SUCO,1,3.0,3.0,CARTEIRA DIGITAL,PRESENCIAL,21/11/2023
TXN_4147675,CHÁ,2,1.5,3.0,CARTÃO DE CRÉDITO,PRESENCIAL,04/01/2023
TXN_7560178,BISCOITO,5,1.0,5.0,CARTEIRA DIGITAL,PRESENCIAL,17/08/2023
TXN_4677478,BOLO,4,3.0,12.0,,PRESENCIAL,09/07/2023
TXN_3930990,CHÁ,4,1.5,6.0,CARTEIRA DIGITAL,PARA VIAGEM,27/02/2023
TXN_8675922,,4,5.0,20.0,,,31/03/2023
TXN_6621596,SALADA,2,5.0,10.0,CARTÃO DE CRÉDITO,,25/09/2023
TXN_8076942,BISCOITO,2,1.0,2.0,DINHEIRO,PARA VIAGEM,29/04/2023
TXN_4367689,BISCOITO,2,1.0,2.0,DINHEIRO,,30/09/2023
TXN_2941800,SALADA,5,5.0,25.0,DINHEIRO,,25/04/2023
TXN_7072581,BISCOITO,2,1.0,2.0,CARTÃO DE CRÉDITO,,12/08/2023
TXN_7809506,SALADA,2,5.0,10.0,,PARA VIAGEM,05/06/2023
TXN_6884558,,1,3.0,,DINHEIRO,PRESENCIAL,14/08/2023
TXN_6864420,BISCOITO,2,1.0,2.0,CARTÃO DE CRÉDITO,PARA VIAGEM,18/06/2023
TXN_3109057,CHÁ,4,1.5,6.0,DINHEIRO,,26/11/2023
TXN_2257337,BISCOITO,4,1.0,,DINHEIRO,,24/07/2023
TXN_9417344,CHÁ,3,1.5,4.5,,PARA VIAGEM,09/11/2023
TXN_6503884,SUCO,1,3.0,3.0,DINHEIRO,PRESENCIAL,28/05/2023
TXN_9868954,VITAMINA,4,4.0,16.0,CARTÃO DE CRÉDITO,,
TXN_2206639,CAFÉ,4,2.0,8.0,DINHEIRO,PARA VIAGEM,29/06/2023
TXN_9337894,CHÁ,2,1.5,3.0,,,30/12/2023
TXN_7068361,SUCO,5,3.0,15.0,CARTÃO DE CRÉDITO,,25/12/2023
TXN_1405124,,3,4.0,12.0,CARTEIRA DIGITAL,PARA VIAGEM,03/08/2023
TXN_2395608,CHÁ,3,,4.5,DINHEIRO,PRESENCIAL,16/03/2023
TXN_5423024,VITAMINA,1,4.0,4.0,CARTEIRA DIGITAL,PRESENCIAL,30/04/2023
TXN_2802630,BISCOITO,4,1.0,4.0,,PARA VIAGEM,18/06/2023
TXN_3134595,SUCO,3,3.0,9.0,CARTÃO DE CRÉDITO,PARA VIAGEM,25/02/2023
TXN_2251128,VITAMINA,3,4.0,12.0,CARTÃO DE CRÉDITO,PRESENCIAL,07/06/2023
TXN_4213071,SALADA,1,5.0,5.0,,PARA VIAGEM,10/04/2023
TXN_6220280,CHÁ,1,1.5,1.5,CARTÃO DE CRÉDITO,,15/02/2023
TXN_4832163,BOLO,4,3.0,12.0,DINHEIRO,PARA VIAGEM,17/11/2023
TXN_6663451,BOLO,1,3.0,3.0,DINHEIRO,,05/08/2023
TXN_1443928,BOLO,4,3.0,12.0,DINHEIRO,PARA VIAGEM,03/12/2023
TXN_1670597,CAFÉ,2,2.0,4.0,DINHEIRO,PARA VIAGEM,21/05/2023
TXN_3854210,VITAMINA,1,4.0,4.0,DINHEIRO,,30/12/2023
TXN_2165745,CAFÉ,4,2.0,8.0,CARTÃO DE CRÉDITO,PRESENCIAL,31/01/2023
TXN_3082888,CHÁ,1,1.5,1.5,DINHEIRO,PRESENCIAL,20/09/2023
TXN_2294397,CAFÉ,5,2.0,10.0,CARTEIRA DIGITAL,PRESENCIAL,25/02/2023
TXN_4160784,BISCOITO,5,1.0,5.0,,PRESENCIAL,20/05/2023
TXN_7248594,CAFÉ,3,2.0,6.0,CARTÃO DE CRÉDITO,PRESENCIAL,26/03/2023
TXN_5031020,CAFÉ,5,2.0,10.0,,,25/11/2023
TXN_3059966,VITAMINA,1,4.0,4.0,CARTEIRA DIGITAL,PRESENCIAL,24/12/2023
TXN_9287780,VITAMINA,2,,8.0,DINHEIRO,PRESENCIAL,02/09/2023
TXN_1022220,SUCO,3,3.0,9.0,,PARA VIAGEM,03/08/2023
TXN_7144740,BOLO,4,3.0,12.0,,,24/07/2023
TXN_7666945,CHÁ,5,1.5,7.5,,,07/07/2023
TXN_7880000,SALADA,3,5.0,15.0,CARTÃO DE CRÉDITO,PRESENCIAL,28/01/2023
TXN_4900574,SUCO,3,3.0,9.0,,,06/05/2023
TXN_7838576,CAFÉ,3,2.0,6.0,,PRESENCIAL,11/11/2023
TXN_1419188,BOLO,5,3.0,15.0,CARTÃO DE CRÉDITO,,26/11/2023
TXN_1767201,,5,5.0,25.0,CARTÃO DE CRÉDITO,,12/07/2023
TXN_2964794,BOLO,2,3.0,6.0,,PARA VIAGEM,09/03/2023
TXN_3936162,BISCOITO,1,1.0,1.0,,,26/02/2023
TXN_4432082,SUCO,5,3.0,15.0,,,20/04/2023
TXN_9496791,SALADA,4,5.0,20.0,CARTÃO DE CRÉDITO,PRESENCIAL,19/07/2023
TXN_4194115,CHÁ,5,1.5,7.5,,,17/08/2023
TXN_7741707,SALADA,3,5.0,15.0,,PARA VIAGEM,09/05/2023
TXN_8854471,BOLO,5,3.0,15.0,CARTÃO DE CRÉDITO,,
TXN_4216055,BISCOITO,5,1.0,5.0,CARTEIRA DIGITAL,,27/12/2023
TXN_2320493,VITAMINA,1,4.0,4.0,CARTEIRA DIGITAL,PRESENCIAL,22/03/2023
TXN_4835929,CAFÉ,2,2.0,4.0,,PRESENCIAL,03/10/2023
TXN_6755791,CAFÉ,2,2.0,4.0,DINHEIRO,,01/04/2023
TXN_9861432,BISCOITO,2,1.0,2.0,,PARA VIAGEM,09/12/2023
TXN_8271278,CHÁ,1,1.5,1.5,,,01/07/2023
TXN_2005032,BISCOITO,2,1.0,2.0,CARTEIRA DIGITAL,,30/11/2023
TXN_4208919,,3,,12.0,,PARA VIAGEM,30/05/2023
TXN_9699083,VITAMINA,1,,4.0,DINHEIRO,PRESENCIAL,12/02/2023
TXN_5714767,SALADA,4,5.0,20.0,CARTEIRA DIGITAL,PARA VIAGEM,02/03/2023
TXN_5844851,VITAMINA,5,4.0,20.0,,,15/02/2023
TXN_7243779,,1,1.0,1.0,,PRESENCIAL,
TXN_8141558,BOLO,5,3.0,15.0,CARTÃO DE CRÉDITO,,05/12/2023
TXN_4314314,BOLO,4,3.0,12.0,DINHEIRO,,02/01/2023
TXN_4155001,VITAMINA,1,4.0,4.0,,,30/11/2023
TXN_1072678,SUCO,2,3.0,,DINHEIRO,,30/05/2023
TXN_7981162,BOLO,3,3.0,9.0,CARTÃO DE CRÉDITO,PARA VIAGEM,30/05/2023
TXN_2316206,BISCOITO,1,1.0,1.0,CARTÃO DE CRÉDITO,PRESENCIAL,23/01/2023
TXN_7343342,BISCOITO,2,1.0,2.0,DINHEIRO,PARA VIAGEM,21/12/2023
TXN_4573096,CAFÉ,1,2.0,2.0,CARTEIRA DIGITAL,PRESENCIAL,13/08/2023
TXN_3577482,,4,3.0,12.0,CARTEIRA DIGITAL,,01/06/2023
TXN_6370625,LANCHE,3,4.0,12.0,CARTÃO DE CRÉDITO,PRESENCIAL,26/08/2023
TXN_7580803,SUCO,4,3.0,12.0,DINHEIRO,PRESENCIAL,06/04/2023
TXN_8306028,SALADA,1,5.0,5.0,,PARA VIAGEM,27/02/2023
TXN_7530692,CAFÉ,1,2.0,2.0,CARTÃO DE CRÉDITO,,30/06/2023
TXN_4383002,CAFÉ,1,2.0,2.0,,PRESENCIAL,18/12/2023
TXN_2939069,VITAMINA,5,4.0,20.0,CARTÃO DE CRÉDITO,PARA VIAGEM,06/09/2023
TXN_2301001,VITAMINA,1,4.0,4.0,,PARA VIAGEM,06/01/2023
TXN_5009924,BOLO,3,3.0,9.0,CARTEIRA DIGITAL,,08/09/2023
TXN_9988801,VITAMINA,5,4.0,20.0,DINHEIRO,,20/10/2023
TXN_7895514,,4,3.0,12.0,CARTEIRA DIGITAL,PARA VIAGEM,06/08/2023
TXN_8432045,BOLO,3,3.0,9.0,CARTÃO DE CRÉDITO,,09/11/2023
TXN_8127433,LANCHE,3,4.0,12.0,,PARA VIAGEM,11/07/2023
TXN_7640914,SALADA,1,5.0,5.0,CARTÃO DE CRÉDITO,,12/02/2023
TXN_4374963,SUCO,1,3.0,3.0,DINHEIRO,PRESENCIAL,04/07/2023
TXN_3212317,SALADA,5,5.0,25.0,,PARA VIAGEM,25/05/2023
TXN_7744874,CAFÉ,1,2.0,2.0,DINHEIRO,,28/06/2023
TXN_7768350,BISCOITO,1,1.0,,DINHEIRO,PRESENCIAL,19/08/2023
TXN_9128859,CAFÉ,2,2.0,4.0,,PARA VIAGEM,28/11/2023
TXN_9375649,BISCOITO,4,1.0,4.0,,PRESENCIAL,06/03/2023
TXN_4401563,SUCO,5,3.0,15.0,CARTEIRA DIGITAL,PARA VIAGEM,20/09/2023
TXN_8502946,VITAMINA,3,4.0,12.0,,PRESENCIAL,15/09/2023
TXN_8687294,VITAMINA,3,4.0,12.0,CARTÃO DE CRÉDITO,,01/08/2023
TXN_2176821,,3,5.0,15.0,CARTEIRA DIGITAL,,05/05/2023
TXN_2529216,CHÁ,3,,4.5,CARTÃO DE CRÉDITO,PRESENCIAL,
TXN_8443384,LANCHE,5,4.0,20.0,CARTEIRA DIGITAL,PRESENCIAL,13/02/2023
TXN_5053064,SALADA,3,5.0,15.0,,,19/06/2023
TXN_7824739,BISCOITO,3,1.0,3.0,CARTEIRA DIGITAL,,17/07/2023
TXN_7226406,BOLO,1,3.0,3.0,CARTÃO DE CRÉDITO,,11/02/2023
TXN_9793806,CHÁ,3,1.5,4.5,CARTEIRA DIGITAL,PARA VIAGEM,25/04/2023
TXN_8195843,BISCOITO,4,1.0,4.0,,,02/06/2023
TXN_6027923,,1,5.0,5.0,CARTEIRA DIGITAL,PARA VIAGEM,23/07/2023
TXN_5438652,LANCHE,4,4.0,16.0,DINHEIRO,,17/03/2023
TXN_8385625,CHÁ,4,1.5,6.0,CARTEIRA DIGITAL,PARA VIAGEM,23/12/2023
TXN_7814715,BISCOITO,5,1.0,5.0,DINHEIRO,,24/04/2023
TXN_6532452,VITAMINA,5,4.0,20.0,DINHEIRO,PARA VIAGEM,24/02/2023
TXN_9706608,VITAMINA,1,4.0,4.0,DINHEIRO,,22/05/2023
TXN_5963749,BOLO,1,3.0,3.0,CARTEIRA DIGITAL,PRESENCIAL,04/11/2023
TXN_6885218,SALADA,1,5.0,5.0,,PRESENCIAL,23/10/2023
TXN_3845871,LANCHE,1,4.0,4.0,,PRESENCIAL,29/10/2023
TXN_5767392,BOLO,5,3.0,15.0,CARTÃO DE CRÉDITO,,24/10/2023
TXN_3014967,SALADA,,5.0,5.0,,,
TXN_8685281,CHÁ,1,,1.5,CARTEIRA DIGITAL,PRESENCIAL,30/07/2023
TXN_3205079,BOLO,5,3.0,15.0,CARTÃO DE CRÉDITO,,07/11/2023
TXN_1523626,BOLO,4,3.0,12.0,,PARA VIAGEM,21/07/2023
TXN_8944202,VITAMINA,3,4.0,12.0,CARTÃO DE CRÉDITO,PARA VIAGEM,08/06/2023
TXN_2402993,BISCOITO,5,1.0,5.0,DINHEIRO,PARA VIAGEM,11/06/2023
TXN_1340358,LANCHE,3,4.0,12.0,DINHEIRO,PARA VIAGEM,09/06/2023
TXN_6959328,LANCHE,3,4.0,12.0,CARTÃO DE CRÉDITO,PARA VIAGEM,23/04/2023
TXN_1613996,SUCO,2,3.0,6.0,,PRESENCIAL,12/10/2023
TXN_9285475,CHÁ,5,1.5,7.5,CARTEIRA DIGITAL,,14/11/2023
TXN_8077929,CHÁ,3,1.5,4.5,CARTEIRA DIGITAL,PARA VIAGEM,06/08/2023
TXN_7899009,,1,2.0,2.0,DINHEIRO,,08/03/2023
TXN_9213505,LANCHE,2,4.0,8.0,,,01/11/2023
TXN_8724602,SUCO,4,3.0,12.0,CARTÃO DE CRÉDITO,PARA VIAGEM,26/06/2023
TXN_9067597,SALADA,4,,20.0,DINHEIRO,PARA VIAGEM,02/11/2023
TXN_9714116,LANCHE,4,4.0,16.0,,PRESENCIAL,17/11/2023
TXN_8987697,BISCOITO,5,1.0,5.0,DINHEIRO,,19/12/2023
TXN_1940778,CHÁ,2,1.5,3.0,DINHEIRO,PRESENCIAL,01/02/2023
TXN_1776070,LANCHE,3,4.0,12.0,,,
TXN_4271502,,2,3.0,6.0,,,03/07/2023
TXN_8124795,SALADA,5,5.0,25.0,,PRESENCIAL,11/08/2023
TXN_7860953,LANCHE,1,4.0,4.0,CARTEIRA DIGITAL,PARA VIAGEM,10/09/2023
TXN_8164119,CHÁ,3,1.5,4.5,CARTÃO DE CRÉDITO,PARA VIAGEM,07/01/2023
TXN_6070523,,4,2.0,8.0,DINHEIRO,,
TXN_7809290,BOLO,1,3.0,3.0,DINHEIRO,PARA VIAGEM,14/10/2023
TXN_5332538,CAFÉ,3,2.0,6.0,,,15/01/2023
TXN_7375024,,1,1.0,1.0,DINHEIRO,PRESENCIAL,10/12/2023
TXN_5675095,LANCHE,4,4.0,16.0,CARTEIRA DIGITAL,PARA VIAGEM,18/05/2023
TXN_4197851,SALADA,,5.0,15.0,CARTEIRA DIGITAL,PRESENCIAL,05/02/2023
TXN_7931086,LANCHE,3,4.0,12.0,CARTÃO DE CRÉDITO,,25/06/2023
TXN_2536573,,2,,8.0,DINHEIRO,PRESENCIAL,24/06/2023
TXN_3374262,,2,1.5,3.0,,PRESENCIAL,14/04/2023
TXN_9110336,BISCOITO,5,1.0,5.0,CARTEIRA DIGITAL,,06/04/2023
TXN_3901665,SUCO,1,3.0,3.0,CARTÃO DE CRÉDITO,PARA VIAGEM,19/10/2023
TXN_9211917,VITAMINA,4,4.0,,,PRESENCIAL,17/12/2023
TXN_7893709,,4,3.0,12.0,CARTÃO DE CRÉDITO,,14/03/2023
TXN_4296023,CHÁ,5,1.5,7.5,CARTEIRA DIGITAL,PRESENCIAL,08/10/2023
TXN_3403409,BOLO,2,3.0,6.0,,,22/02/2023
TXN_1398511,CAFÉ,5,2.0,10.0,,PARA VIAGEM,19/12/2023
TXN_4350854,BISCOITO,2,1.0,2.0,DINHEIRO,PRESENCIAL,31/01/2023
TXN_1867158,BISCOITO,4,1.0,4.0,CARTEIRA DIGITAL,PARA VIAGEM,16/05/2023
TXN_2662711,SUCO,1,3.0,3.0,,,02/11/2023
TXN_4439660,CAFÉ,3,2.0,6.0,,,06/02/2023
TXN_9417252,LANCHE,2,4.0,8.0,CARTÃO DE CRÉDITO,,17/08/2023
TXN_7502558,,5,3.0,15.0,,PRESENCIAL,23/02/2023
TXN_8453282,BISCOITO,3,1.0,3.0,DINHEIRO,,08/03/2023
TXN_5921766,VITAMINA,3,4.0,12.0,,PRESENCIAL,06/11/2023
TXN_7688029,BOLO,5,3.0,15.0,CARTÃO DE CRÉDITO,PRESENCIAL,30/05/2023
TXN_2000331,,3,4.0,12.0,,PARA VIAGEM,30/03/2023
TXN_3420633,SALADA,4,5.0,20.0,CARTEIRA DIGITAL,PARA VIAGEM,11/04/2023
TXN_3431892,BOLO,2,3.0,6.0,,PRESENCIAL,18/07/2023
TXN_5220527,BISCOITO,4,1.0,4.0,CARTEIRA DIGITAL,PARA VIAGEM,06/08/2023
TXN_1205773,SALADA,5,5.0,25.0,DINHEIRO,,27/01/2023
TXN_3061405,VITAMINA,5,4.0,20.0,,PARA VIAGEM,01/12/2023
TXN_8696857,CAFÉ,1,2.0,2.0,CARTEIRA DIGITAL,PARA VIAGEM,01/10/2023
TXN_9668265,BISCOITO,3,1.0,3.0,CARTÃO DE CRÉDITO,,20/06/2023
TXN_3638761,SUCO,5,3.0,15.0,,,
TXN_7463102,VITAMINA,5,4.0,20.0,DINHEIRO,PARA VIAGEM,27/11/2023
TXN_5569954,BISCOITO,4,1.0,4.0,CARTÃO DE CRÉDITO,PRESENCIAL,
TXN_4547294,CHÁ,1,1.5,1.5,,,30/09/2023
TXN_8430882,LANCHE,2,4.0,8.0,CARTEIRA DIGITAL,PARA VIAGEM,17/06/2023
TXN_9114647,SALADA,5,5.0,25.0,CARTEIRA DIGITAL,PRESENCIAL,19/11/2023
TXN_9556442,LANCHE,1,4.0,4.0,CARTEIRA DIGITAL,PARA VIAGEM,
TXN_5413433,SUCO,4,3.0,12.0,CARTEIRA DIGITAL,PRESENCIAL,03/06/2023
TXN_9388222,BISCOITO,1,1.0,1.0,CARTEIRA DIGITAL,PRESENCIAL,21/04/2023
TXN_6618750,VITAMINA,5,4.0,20.0,CARTÃO DE CRÉDITO,,07/03/2023
TXN_6712087,BOLO,2,3.0,6.0,,PRESENCIAL,06/06/2023
TXN_1862184,CAFÉ,4,2.0,8.0,,PRESENCIAL,21/01/2023
TXN_6149800,LANCHE,4,4.0,16.0,CARTEIRA DIGITAL,,05/05/2023
TXN_6433525,VITAMINA,2,4.0,8.0,,,02/09/2023
TXN_2642834,SALADA,2,5.0,10.0,DINHEIRO,,13/11/2023
TXN_6745398,CHÁ,4,1.5,6.0,,,28/02/2023
TXN_5660949,BISCOITO,3,1.0,3.0,CARTÃO DE CRÉDITO,PRESENCIAL,10/01/2023
TXN_9540340,LANCHE,2,4.0,8.0,DINHEIRO,,15/11/2023
TXN_5200292,,4,5.0,20.0,DINHEIRO,,12/01/2023
TXN_4118960,VITAMINA,5,4.0,20.0,CARTÃO DE CRÉDITO,PARA VIAGEM,24/09/2023
TXN_2265543,SALADA,3,5.0,15.0,,PARA VIAGEM,19/02/2023
TXN_7360979,LANCHE,1,4.0,,,PRESENCIAL,16/08/2023
TXN_1849597,LANCHE,2,4.0,8.0,DINHEIRO,,01/11/2023
TXN_3214521,CHÁ,4,1.5,6.0,,,30/06/2023
TXN_5107249,VITAMINA,4,4.0,16.0,DINHEIRO,,20/03/2023
TXN_1941099,,5,1.0,5.0,DINHEIRO,,14/04/2023
TXN_3228646,BISCOITO,5,1.0,5.0,CARTÃO DE CRÉDITO,,19/09/2023
TXN_3295578,,1,3.0,3.0,,PRESENCIAL,04/05/2023
TXN_3717422,SALADA,2,5.0,10.0,DINHEIRO,,15/06/2023
TXN_5350735,CHÁ,2,1.5,3.0,DINHEIRO,,08/04/2023
TXN_1128577,LANCHE,1,4.0,4.0,CARTEIRA DIGITAL,PRESENCIAL,23/11/2023
TXN_6533267,CHÁ,3,1.5,4.5,DINHEIRO,PRESENCIAL,14/07/2023
TXN_1413310,VITAMINA,3,4.0,12.0,,PARA VIAGEM,06/04/2023
TXN_4166020,,4,3.0,12.0,CARTEIRA DIGITAL,PRESENCIAL,18/08/2023
TXN_9496018,,5,1.5,7.5,,PARA VIAGEM,05/01/2023
TXN_5609139,,2,1.5,3.0,CARTEIRA DIGITAL,,13/10/2023
TXN_5087453,CHÁ,3,1.5,4.5,DINHEIRO,PARA VIAGEM,09/04/2023
TXN_3312088,BOLO,,3.0,3.0,CARTEIRA DIGITAL,,17/08/2023
TXN_2049313,,4,1.5,6.0,CARTÃO DE CRÉDITO,,25/12/2023
TXN_4001774,CHÁ,5,1.5,7.5,,PARA VIAGEM,10/02/2023
TXN_9627891,CAFÉ,2,2.0,4.0,CARTÃO DE CRÉDITO,PRESENCIAL,09/01/2023
TXN_5584275,VITAMINA,1,4.0,4.0,CARTÃO DE CRÉDITO,PRESENCIAL,10/07/2023
TXN_1873800,VITAMINA,3,4.0,12.0,,PRESENCIAL,01/02/2023
TXN_3602823,CAFÉ,4,2.0,8.0,,,26/08/2023
TXN_5528426,VITAMINA,4,4.0,16.0,DINHEIRO,PARA VIAGEM,01/06/2023
TXN_7626322,,4,3.0,12.0,DINHEIRO,PARA VIAGEM,21/12/2023
TXN_4432546,CAFÉ,2,2.0,4.0,CARTEIRA DIGITAL,,29/11/2023
TXN_6372031,SUCO,3,3.0,9.0,CARTEIRA DIGITAL,PRESENCIAL,11/08/2023
TXN_6874059,SALADA,4,5.0,20.0,,PARA VIAGEM,12/01/2023
TXN_3843111,VITAMINA,2,4.0,8.0,,,15/09/2023
TXN_8916446,BISCOITO,2,1.0,2.0,DINHEIRO,,19/07/2023
TXN_1823906,SALADA,3,5.0,15.0,CARTEIRA DIGITAL,PRESENCIAL,26/06/2023
TXN_2927941,,4,4.0,16.0,CARTÃO DE CRÉDITO,PARA VIAGEM,29/08/2023
TXN_5972836,,3,4.0,12.0,DINHEIRO,PARA VIAGEM,14/02/2023
TXN_7484638,LANCHE,3,4.0,12.0,CARTEIRA DIGITAL,PRESENCIAL,17/10/2023
TXN_2073647,,3,4.0,12.0,,PRESENCIAL,01/09/2023
TXN_1610137,CAFÉ,3,2.0,6.0,DINHEIRO,PARA VIAGEM,02/04/2023
TXN_9094628,CAFÉ,2,2.0,4.0,,PRESENCIAL,13/02/2023
TXN_2262195,VITAMINA,3,4.0,12.0,DINHEIRO,,13/10/2023
TXN_8047234,SUCO,3,3.0,,CARTÃO DE CRÉDITO,,29/08/2023
TXN_7108012,CHÁ,1,1.5,1.5,CARTEIRA DIGITAL,PARA VIAGEM,31/12/2023
TXN_3272946,SALADA,3,5.0,15.0,CARTÃO DE CRÉDITO,PRESENCIAL,06/09/2023
TXN_6896663,BOLO,3,3.0,9.0,,PRESENCIAL,16/05/2023
TXN_7308096,CHÁ,2,1.5,3.0,DINHEIRO,PARA VIAGEM,13/08/2023
TXN_3607778,VITAMINA,2,4.0,8.0,DINHEIRO,,20/11/2023
TXN_7105069,CAFÉ,1,2.0,,DINHEIRO,PARA VIAGEM,06/12/2023
TXN_7461544,BISCOITO,4,1.0,4.0,CARTÃO DE CRÉDITO,,22/08/2023
TXN_5853281,CAFÉ,4,2.0,8.0,,,29/08/2023
TXN_5488764,CAFÉ,4,2.0,8.0,CARTEIRA DIGITAL,PARA VIAGEM,30/06/2023
TXN_4268746,BOLO,5,3.0,15.0,CARTÃO DE CRÉDITO,PRESENCIAL,12/01/2023
TXN_1767872,SALADA,2,5.0,10.0,CARTÃO DE CRÉDITO,PRESENCIAL,05/01/2023
TXN_9684822,SUCO,1,3.0,3.0,,,18/11/2023
TXN_7208983,SALADA,1,5.0,5.0,CARTEIRA DIGITAL,PRESENCIAL,28/09/2023
TXN_8704128,SUCO,5,3.0,15.0,,,25/02/2023
TXN_7971660,BISCOITO,3,1.0,3.0,DINHEIRO,PARA VIAGEM,02/10/2023
TXN_6179190,CAFÉ,1,2.0,2.0,,PARA VIAGEM,23/07/2023
TXN_9271577,BOLO,2,3.0,6.0,CARTÃO DE CRÉDITO,PRESENCIAL,13/04/2023
TXN_3016203,,1,5.0,5.0,DINHEIRO,PRESENCIAL,16/06/2023
TXN_6440555,VITAMINA,1,4.0,4.0,DINHEIRO,PRESENCIAL,11/07/2023
TXN_5635779,,5,3.0,15.0,DINHEIRO,PRESENCIAL,01/07/2023
TXN_1022126,CHÁ,,1.5,4.5,,,
TXN_9839214,SUCO,1,3.0,3.0,CARTEIRA DIGITAL,,25/12/2023
TXN_7368194,VITAMINA,2,4.0,8.0,CARTÃO DE CRÉDITO,PRESENCIAL,29/10/2023
TXN_1328230,LANCHE,5,4.0,20.0,DINHEIRO,,03/02/2023
TXN_9789310,LANCHE,4,4.0,16.0,CARTÃO DE CRÉDITO,PRESENCIAL,09/05/2023
TXN_6425706,SUCO,1,3.0,3.0,,PARA VIAGEM,09/12/2023
TXN_5996973,LANCHE,5,4.0,20.0,,PRESENCIAL,02/05/2023
TXN_2561970,LANCHE,3,4.0,12.0,,PRESENCIAL,16/03/2023
TXN_7137256,LANCHE,2,4.0,,DINHEIRO,,22/06/2023
TXN_5926982,CAFÉ,4,2.0,8.0,,PARA VIAGEM,16/05/2023
TXN_3398611,LANCHE,5,4.0,20.0,DINHEIRO,,01/10/2023
TXN_4539758,LANCHE,3,4.0,12.0,,PRESENCIAL,01/06/2023
TXN_6259087,LANCHE,2,4.0,8.0,CARTEIRA DIGITAL,PRESENCIAL,27/12/2023
TXN_8152941,CAFÉ,3,2.0,6.0,,PARA VIAGEM,
TXN_2987590,LANCHE,5,4.0,20.0,,PRESENCIAL,17/02/2023
TXN_6687029,LANCHE,2,,8.0,CARTÃO DE CRÉDITO,PRESENCIAL,23/08/2023
TXN_1199898,VITAMINA,1,4.0,4.0,CARTÃO DE CRÉDITO,,26/10/2023
TXN_4787990,BISCOITO,3,1.0,3.0,CARTEIRA DIGITAL,,04/02/2023
TXN_9606045,CHÁ,2,1.5,3.0,CARTEIRA DIGITAL,,14/10/2023
TXN_1569248,CHÁ,1,1.5,1.5,CARTÃO DE CRÉDITO,,14/11/2023
TXN_1151605,CAFÉ,1,2.0,2.0,CARTEIRA DIGITAL,PARA VIAGEM,02/05/2023
TXN_4602430,LANCHE,3,4.0,12.0,CARTÃO DE CRÉDITO,PRESENCIAL,31/01/2023
TXN_3232043,CHÁ,2,1.5,3.0,,PRESENCIAL,05/07/2023
TXN_3251340,SALADA,4,5.0,20.0,,PRESENCIAL,18/06/2023
TXN_7412782,BISCOITO,2,1.0,2.0,CARTEIRA DIGITAL,PARA VIAGEM,28/03/2023
TXN_5663260,LANCHE,4,,16.0,CARTEIRA DIGITAL,,08/10/2023
TXN_5570967,CAFÉ,1,2.0,2.0,CARTÃO DE CRÉDITO,PRESENCIAL,12/12/2023
TXN_8271541,VITAMINA,2,4.0,8.0,,,07/09/2023
TXN_2238658,CHÁ,,1.5,4.5,,PARA VIAGEM,11/08/2023
TXN_2564718,SALADA,5,5.0,25.0,,PARA VIAGEM,10/10/2023
TXN_9050127,LANCHE,,4.0,20.0,CARTÃO DE CRÉDITO,PARA VIAGEM,26/02/2023
TXN_6533450,VITAMINA,1,4.0,4.0,,PRESENCIAL,22/11/2023
TXN_8046891,CAFÉ,1,2.0,2.0,CARTÃO DE CRÉDITO,PARA VIAGEM,24/02/2023
TXN_7770487,VITAMINA,1,4.0,4.0,DINHEIRO,PRESENCIAL,09/08/2023
TXN_2279313,BISCOITO,2,,2.0,CARTEIRA DIGITAL,PRESENCIAL,23/08/2023
TXN_9943050,CHÁ,1,1.5,1.5,CARTEIRA DIGITAL,PARA VIAGEM,16/05/2023
TXN_2694605,BISCOITO,2,1.0,2.0,CARTÃO DE CRÉDITO,PARA VIAGEM,09/11/2023
TXN_2161957,BISCOITO,2,1.0,2.0,,PARA VIAGEM,19/05/2023
TXN_3647474,CAFÉ,4,2.0,8.0,,PARA VIAGEM,05/05/2023
TXN_4877601,,2,1.0,2.0,,,14/07/2023
TXN_7868470,SUCO,3,,9.0,CARTEIRA DIGITAL,,14/04/2023
TXN_1927704,SALADA,2,5.0,10.0,CARTEIRA DIGITAL,PRESENCIAL,05/01/2023
TXN_4819416,SALADA,3,,15.0,,,01/06/2023
TXN_8076152,CHÁ,4,1.5,6.0,CARTEIRA DIGITAL,,18/12/2023
TXN_9409405,,3,2.0,6.0,CARTEIRA DIGITAL,PRESENCIAL,11/02/2023
TXN_4055876,,3,5.0,15.0,CARTÃO DE CRÉDITO,PRESENCIAL,15/10/2023
TXN_1929398,LANCHE,1,4.0,4.0,CARTEIRA DIGITAL,PRESENCIAL,23/02/2023
TXN_2131494,SALADA,2,5.0,10.0,DINHEIRO,,27/02/2023
TXN_3093284,CAFÉ,4,2.0,8.0,CARTEIRA DIGITAL,PRESENCIAL,01/01/2023
TXN_3679245,VITAMINA,4,4.0,16.0,,PRESENCIAL,16/09/2023
TXN_2276426,SUCO,5,3.0,15.0,CARTÃO DE CRÉDITO,PRESENCIAL,21/10/2023
TXN_9608095,CAFÉ,1,2.0,2.0,CARTÃO DE CRÉDITO,PRESENCIAL,07/12/2023
TXN_9587704,SUCO,5,3.0,15.0,DINHEIRO,PARA VIAGEM,29/07/2023
TXN_9863114,SUCO,,3.0,15.0,,PARA VIAGEM,01/02/2023
TXN_2372348,BOLO,2,3.0,6.0,CARTEIRA DIGITAL,PARA VIAGEM,05/01/2023
TXN_6660602,,4,5.0,20.0,,PARA VIAGEM,20/05/2023
TXN_3386311,SUCO,1,3.0,3.0,DINHEIRO,PRESENCIAL,30/11/2023
TXN_7049149,,4,4.0,16.0,,,27/08/2023
TXN_4112230,VITAMINA,5,4.0,20.0,,PARA VIAGEM,19/11/2023
TXN_1675510,LANCHE,3,4.0,12.0,,,09/09/2023
TXN_5853158,,,4.0,16.0,DINHEIRO,PARA VIAGEM,25/09/2023
TXN_4187673,SUCO,2,3.0,6.0,CARTEIRA DIGITAL,,02/04/2023
TXN_3017494,CHÁ,1,1.5,1.5,,PARA VIAGEM,21/11/2023
TXN_8086161,LANCHE,,4.0,8.0,DINHEIRO,PRESENCIAL,10/03/2023
TXN_5729112,CAFÉ,1,2.0,2.0,CARTÃO DE CRÉDITO,,30/06/2023
TXN_4613595,SALADA,3,5.0,15.0,CARTÃO DE CRÉDITO,PARA VIAGEM,07/07/2023
TXN_4152991,LANCHE,5,4.0,20.0,CARTEIRA DIGITAL,PARA VIAGEM,17/12/2023
TXN_1196324,CHÁ,4,1.5,6.0,CARTÃO DE CRÉDITO,PRESENCIAL,26/09/2023
TXN_5944318,BISCOITO,1,1.0,1.0,DINHEIRO,,23/01/2023
TXN_5148823,SUCO,1,3.0,3.0,CARTEIRA DIGITAL,,27/03/2023
TXN_2887528,,2,3.0,6.0,,,23/04/2023
TXN_7312736,BISCOITO,2,1.0,2.0,CARTEIRA DIGITAL,,02/12/2023
TXN_5775717,CHÁ,3,,4.5,,PARA VIAGEM,02/08/2023
TXN_4442095,SALADA,4,5.0,20.0,CARTEIRA DIGITAL,,18/02/2023
TXN_6621007,BOLO,2,3.0,6.0,CARTEIRA DIGITAL,PARA VIAGEM,05/03/2023
TXN_6740691,CHÁ,1,1.5,1.5,DINHEIRO,,06/07/2023
TXN_2548742,SALADA,5,5.0,25.0,CARTEIRA DIGITAL,,
TXN_4359568,CAFÉ,3,2.0,6.0,,,21/12/2023
TXN_3941164,CAFÉ,4,2.0,8.0,,,16/04/2023
TXN_5244931,CAFÉ,1,,2.0,,,30/09/2023
TXN_8181326,CHÁ,5,1.5,7.5,DINHEIRO,,28/02/2023
TXN_8912589,VITAMINA,3,4.0,12.0,DINHEIRO,,19/10/2023
TXN_1234390,BOLO,2,3.0,6.0,CARTEIRA DIGITAL,PARA VIAGEM,02/06/2023
TXN_5336437,CHÁ,5,1.5,7.5,CARTÃO DE CRÉDITO,,07/05/2023
TXN_6271633,SUCO,2,3.0,6.0,CARTEIRA DIGITAL,PRESENCIAL,07/03/2023
TXN_4805204,CHÁ,5,1.5,7.5,CARTEIRA DIGITAL,PRESENCIAL,25/04/2023
TXN_3094786,LANCHE,4,4.0,16.0,CARTÃO DE CRÉDITO,PARA VIAGEM,16/01/2023
TXN_7082667,,4,5.0,20.0,DINHEIRO,PRESENCIAL,03/08/2023
TXN_4807049,BISCOITO,1,1.0,1.0,CARTÃO DE CRÉDITO,,07/06/2023
TXN_1840584,BOLO,5,3.0,15.0,CARTEIRA DIGITAL,,28/05/2023
TXN_8030379,SALADA,4,5.0,20.0,DINHEIRO,PRESENCIAL,21/07/2023
TXN_7746634,BOLO,5,3.0,15.0,CARTEIRA DIGITAL,PRESENCIAL,04/07/2023
TXN_2361290,SALADA,4,5.0,20.0,DINHEIRO,,16/07/2023
TXN_7133645,LANCHE,5,4.0,20.0,CARTÃO DE CRÉDITO,PARA VIAGEM,
TXN_3654299,CAFÉ,1,,2.0,DINHEIRO,PARA VIAGEM,19/09/2023
TXN_8811945,,1,5.0,5.0,,,18/02/2023
TXN_8659963,BOLO,4,3.0,12.0,DINHEIRO,PARA VIAGEM,21/01/2023
TXN_3676131,CAFÉ,3,2.0,6.0,,,11/09/2023
TXN_2935758,VITAMINA,1,4.0,4.0,CARTÃO DE CRÉDITO,PRESENCIAL,03/09/2023
TXN_1711730,SUCO,5,3.0,15.0,,PARA VIAGEM,01/06/2023
TXN_8659575,,2,1.5,3.0,CARTEIRA DIGITAL,,17/12/2023
TXN_5360210,CHÁ,5,1.5,7.5,DINHEIRO,PARA VIAGEM,29/06/2023
TXN_7970325,BOLO,2,3.0,6.0,,PARA VIAGEM,13/03/2023
TXN_8521037,LANCHE,1,4.0,4.0,,PRESENCIAL,21/11/2023
TXN_5473680,CAFÉ,3,2.0,6.0,CARTÃO DE CRÉDITO,PARA VIAGEM,24/12/2023
TXN_6830192,,3,3.0,,CARTEIRA DIGITAL,,02/08/2023
TXN_5999810,,4,4.0,16.0,CARTÃO DE CRÉDITO,PARA VIAGEM,19/06/2023
TXN_6677631,CHÁ,5,1.5,7.5,CARTEIRA DIGITAL,PRESENCIAL,14/12/2023
TXN_9775900,SUCO,4,3.0,12.0,CARTEIRA DIGITAL,PRESENCIAL,29/08/2023
TXN_2097072,CHÁ,4,1.5,6.0,,PRESENCIAL,
TXN_2408143,CAFÉ,2,2.0,4.0,CARTEIRA DIGITAL,,15/11/2023
TXN_6383779,CAFÉ,1,2.0,2.0,,,29/11/2023
TXN_1342359,BOLO,4,3.0,12.0,DINHEIRO,PARA VIAGEM,14/07/2023
TXN_6975499,CAFÉ,1,2.0,,CARTEIRA DIGITAL,PRESENCIAL,03/07/2023
TXN_9861083,LANCHE,5,4.0,20.0,CARTÃO DE CRÉDITO,PRESENCIAL,21/01/2023
TXN_8100384,LANCHE,,4.0,4.0,DINHEIRO,,08/11/2023
TXN_3762778,CAFÉ,5,2.0,10.0,,,14/06/2023
TXN_4548698,SALADA,2,5.0,10.0,DINHEIRO,PARA VIAGEM,04/03/2023
TXN_8735820,CHÁ,2,1.5,3.0,CARTÃO DE CRÉDITO,PARA VIAGEM,08/12/2023
TXN_8803798,VITAMINA,4,4.0,16.0,,,14/07/2023
TXN_1950008,VITAMINA,4,4.0,16.0,CARTEIRA DIGITAL,PRESENCIAL,24/07/2023
TXN_3894173,LANCHE,5,4.0,20.0,CARTEIRA DIGITAL,PARA VIAGEM,07/10/2023
TXN_3630892,,4,1.0,4.0,,PARA VIAGEM,31/01/2023
TXN_7436097,,5,2.0,10.0,,,25/10/2023
TXN_4307602,,4,1.0,4.0,DINHEIRO,PRESENCIAL,30/12/2023
TXN_2394502,BISCOITO,4,,4.0,CARTEIRA DIGITAL,PRESENCIAL,22/12/2023
TXN_5308047,BISCOITO,,,1.0,CARTÃO DE CRÉDITO,,28/10/2023
TXN_5929797,LANCHE,1,4.0,4.0,CARTÃO DE CRÉDITO,PRESENCIAL,12/05/2023
TXN_1228927,CHÁ,2,1.5,3.0,CARTÃO DE CRÉDITO,,28/11/2023
TXN_6486912,CHÁ,2,1.5,3.0,,,10/05/2023
TXN_3447069,SUCO,2,3.0,6.0,CARTÃO DE CRÉDITO,,11/03/2023
TXN_8219298,SUCO,5,3.0,15.0,CARTÃO DE CRÉDITO,,01/09/2023
TXN_1010950,BISCOITO,,1.0,1.0,CARTEIRA DIGITAL,PARA VIAGEM,07/01/2023
TXN_6376329,BOLO,1,3.0,3.0,,PARA VIAGEM,30/03/2023
TXN_1897783,VITAMINA,3,4.0,12.0,DINHEIRO,,02/02/2023
TXN_4831525,BISCOITO,3,,3.0,,,05/08/2023
TXN_2767034,SALADA,4,5.0,20.0,DINHEIRO,,12/08/2023
TXN_9365766,BOLO,4,3.0,12.0,CARTEIRA DIGITAL,PRESENCIAL,13/02/2023
TXN_5680396,LANCHE,2,4.0,8.0,CARTEIRA DIGITAL,,21/12/2023
TXN_3071092,CAFÉ,,,4.0,,,08/09/2023
TXN_6205234,BOLO,5,3.0,15.0,CARTEIRA DIGITAL,,09/04/2023
TXN_4489757,VITAMINA,5,4.0,20.0,CARTÃO DE CRÉDITO,,03/05/2023
TXN_8362750,SALADA,4,5.0,20.0,,PRESENCIAL,01/04/2023
TXN_2422584,CHÁ,1,1.5,1.5,DINHEIRO,PRESENCIAL,28/11/2023
TXN_3966911,CHÁ,3,1.5,4.5,CARTÃO DE CRÉDITO,,16/07/2023
TXN_6880338,BOLO,3,3.0,9.0,CARTEIRA DIGITAL,PARA VIAGEM,06/11/2023
TXN_9362958,SUCO,1,3.0,3.0,DINHEIRO,PRESENCIAL,19/07/2023
TXN_6815741,VITAMINA,2,,8.0,,,13/03/2023
TXN_4032956,CAFÉ,5,2.0,10.0,CARTÃO DE CRÉDITO,,15/03/2023
TXN_7894069,SUCO,2,3.0,6.0,CARTEIRA DIGITAL,PRESENCIAL,20/11/2023
TXN_5296578,CAFÉ,1,2.0,2.0,CARTÃO DE CRÉDITO,PARA VIAGEM,15/04/2023
TXN_2522047,SALADA,1,,5.0,,PARA VIAGEM,05/12/2023
TXN_8211303,SALADA,5,5.0,25.0,,,26/08/2023
TXN_8472252,VITAMINA,1,4.0,4.0,,,04/02/2023
TXN_2435025,SUCO,1,3.0,3.0,DINHEIRO,PRESENCIAL,08/10/2023
TXN_5179156,CAFÉ,5,2.0,10.0,,PRESENCIAL,25/10/2023
TXN_4197090,SUCO,3,3.0,9.0,CARTÃO DE CRÉDITO,PARA VIAGEM,17/11/2023
TXN_4209626,,5,4.0,20.0,CARTÃO DE CRÉDITO,,04/07/2023
TXN_8639995,,3,4.0,12.0,DINHEIRO,,18/04/2023
TXN_1777171,CAFÉ,2,2.0,4.0,,PRESENCIAL,17/08/2023
TXN_5706734,SUCO,1,3.0,3.0,DINHEIRO,,09/09/2023
TXN_6228847,VITAMINA,3,4.0,12.0,DINHEIRO,,13/01/2023
TXN_6479368,VITAMINA,2,4.0,8.0,CARTÃO DE CRÉDITO,PARA VIAGEM,08/09/2023
TXN_6991528,BISCOITO,3,1.0,3.0,CARTEIRA DIGITAL,PARA VIAGEM,17/08/2023
TXN_2154866,CHÁ,2,1.5,3.0,CARTÃO DE CRÉDITO,PARA VIAGEM,11/08/2023
TXN_1333524,BOLO,2,3.0,6.0,CARTÃO DE CRÉDITO,,05/05/2023
TXN_4367044,VITAMINA,,4.0,4.0,DINHEIRO,,02/05/2023
TXN_8903514,SALADA,4,5.0,20.0,,PARA VIAGEM,14/09/2023
TXN_5762828,CHÁ,2,1.5,3.0,CARTEIRA DIGITAL,,23/03/2023
TXN_2099497,SUCO,1,3.0,3.0,,PARA VIAGEM,27/02/2023
TXN_5679935,CAFÉ,2,2.0,4.0,CARTÃO DE CRÉDITO,,19/07/2023
TXN_5236861,CAFÉ,4,2.0,8.0,DINHEIRO,PARA VIAGEM,27/10/2023
TXN_9433035,LANCHE,1,4.0,4.0,DINHEIRO,PRESENCIAL,26/03/2023
TXN_4239051,SUCO,2,3.0,6.0,DINHEIRO,,30/09/2023
TXN_2970600,SALADA,1,5.0,5.0,CARTÃO DE CRÉDITO,PRESENCIAL,18/08/2023
TXN_6226412,SUCO,3,3.0,9.0,,PARA VIAGEM,20/03/2023
TXN_2634805,,4,1.0,4.0,CARTEIRA DIGITAL,PARA VIAGEM,25/06/2023
TXN_7543525,CHÁ,4,1.5,6.0,CARTÃO DE CRÉDITO,PARA VIAGEM,
TXN_2571835,SALADA,3,5.0,15.0,,PRESENCIAL,03/03/2023
TXN_5376589,CAFÉ,5,2.0,10.0,DINHEIRO,PARA VIAGEM,
TXN_3984842,CHÁ,4,1.5,6.0,CARTÃO DE CRÉDITO,PARA VIAGEM,22/03/2023
TXN_1191068,SALADA,1,5.0,5.0,,,19/05/2023
TXN_9154713,CAFÉ,4,,8.0,CARTÃO DE CRÉDITO,PRESENCIAL,13/03/2023
TXN_2897727,VITAMINA,5,4.0,20.0,CARTÃO DE CRÉDITO,PARA VIAGEM,15/02/2023
TXN_3801179,SUCO,2,3.0,6.0,DINHEIRO,PRESENCIAL,07/12/2023
TXN_7116267,VITAMINA,4,4.0,16.0,,,29/07/2023
TXN_9878237,BOLO,1,3.0,,CARTÃO DE CRÉDITO,,06/10/2023
TXN_2153838,CHÁ,4,1.5,,CARTEIRA DIGITAL,PRESENCIAL,19/12/2023
TXN_7835785,SALADA,1,5.0,5.0,DINHEIRO,PRESENCIAL,12/10/2023
TXN_5335079,BOLO,1,3.0,3.0,DINHEIRO,PRESENCIAL,20/02/2023
TXN_7521634,,3,1.0,3.0,,PARA VIAGEM,22/01/2023
TXN_2174821,CAFÉ,1,2.0,2.0,,,08/11/2023
TXN_5951573,SALADA,3,5.0,15.0,DINHEIRO,,22/12/2023
TXN_4612146,BOLO,3,3.0,9.0,DINHEIRO,,31/12/2023
TXN_7954368,BOLO,3,3.0,9.0,CARTÃO DE CRÉDITO,,06/10/2023
TXN_7898391,SALADA,4,5.0,20.0,CARTÃO DE CRÉDITO,,26/02/2023
TXN_5746800,CAFÉ,4,2.0,8.0,CARTÃO DE CRÉDITO,PARA VIAGEM,04/07/2023
TXN_4630658,VITAMINA,1,4.0,4.0,DINHEIRO,PARA VIAGEM,10/07/2023
TXN_6096492,LANCHE,5,4.0,20.0,,PARA VIAGEM,23/12/2023
TXN_8918905,BISCOITO,5,1.0,5.0,CARTEIRA DIGITAL,PRESENCIAL,05/06/2023
TXN_5906365,BISCOITO,1,1.0,1.0,,,13/03/2023
TXN_3956062,CAFÉ,3,2.0,6.0,,PARA VIAGEM,04/06/2023
TXN_6610487,CAFÉ,5,2.0,10.0,CARTEIRA DIGITAL,PARA VIAGEM,18/09/2023
TXN_1381818,SUCO,4,3.0,12.0,CARTÃO DE CRÉDITO,,
TXN_7821658,CAFÉ,5,2.0,10.0,,PRESENCIAL,03/09/2023
TXN_6396940,BISCOITO,2,1.0,2.0,CARTÃO DE CRÉDITO,PARA VIAGEM,26/02/2023
TXN_2556368,VITAMINA,1,4.0,4.0,CARTEIRA DIGITAL,,26/10/2023
TXN_7655838,SUCO,3,3.0,9.0,CARTEIRA DIGITAL,,22/01/2023
TXN_7241859,BISCOITO,1,1.0,1.0,,,
TXN_2807590,VITAMINA,4,4.0,16.0,DINHEIRO,PARA VIAGEM,05/09/2023
TXN_7252860,BISCOITO,3,,3.0,CARTEIRA DIGITAL,PARA VIAGEM,18/06/2023
TXN_5381129,BISCOITO,5,1.0,5.0,,,20/04/2023
TXN_1474329,VITAMINA,2,4.0,8.0,CARTEIRA DIGITAL,PARA VIAGEM,02/03/2023
TXN_5935394,CAFÉ,4,2.0,8.0,CARTEIRA DIGITAL,,16/04/2023
TXN_1488458,CAFÉ,4,2.0,8.0,,,21/08/2023
TXN_7964661,BOLO,3,3.0,9.0,DINHEIRO,,01/04/2023
TXN_2798736,LANCHE,2,4.0,8.0,CARTEIRA DIGITAL,PRESENCIAL,15/01/2023
TXN_5007051,SALADA,2,5.0,10.0,CARTEIRA DIGITAL,,26/12/2023
TXN_2325141,CHÁ,3,1.5,4.5,CARTEIRA DIGITAL,,26/08/2023
TXN_1489194,CAFÉ,3,2.0,6.0,CARTEIRA DIGITAL,PARA VIAGEM,18/07/2023
TXN_9531201,LANCHE,2,4.0,8.0,,,28/05/2023
TXN_7627772,LANCHE,4,4.0,16.0,CARTÃO DE CRÉDITO,PARA VIAGEM,22/10/2023
TXN_4349970,BISCOITO,5,1.0,5.0,,PRESENCIAL,25/05/2023
TXN_3936883,CAFÉ,2,2.0,4.0,CARTEIRA DIGITAL,PRESENCIAL,08/09/2023
TXN_1817275,SALADA,2,5.0,10.0,DINHEIRO,PRESENCIAL,02/09/2023
TXN_8018272,VITAMINA,4,4.0,,,,01/03/2023
TXN_3617989,LANCHE,3,4.0,12.0,CARTÃO DE CRÉDITO,PARA VIAGEM,29/09/2023
TXN_1566564,BISCOITO,3,1.0,3.0,CARTÃO DE CRÉDITO,PARA VIAGEM,08/09/2023
TXN_5170047,SALADA,4,5.0,20.0,DINHEIRO,,15/12/2023
TXN_6513163,BOLO,2,3.0,6.0,CARTEIRA DIGITAL,PARA VIAGEM,01/04/2023
TXN_7014478,VITAMINA,5,4.0,20.0,DINHEIRO,,26/04/2023
TXN_9929732,LANCHE,4,4.0,16.0,CARTÃO DE CRÉDITO,,04/10/2023
TXN_2346362,SUCO,4,3.0,12.0,,PRESENCIAL,30/12/2023
TXN_6748232,,2,4.0,8.0,CARTÃO DE CRÉDITO,PRESENCIAL,
TXN_9039882,VITAMINA,4,4.0,16.0,,PRESENCIAL,31/08/2023
TXN_7440057,SUCO,1,3.0,3.0,CARTÃO DE CRÉDITO,,05/07/2023
TXN_9894831,BOLO,5,3.0,15.0,,,05/07/2023
TXN_2911863,LANCHE,2,4.0,8.0,CARTÃO DE CRÉDITO,PARA VIAGEM,09/07/2023
TXN_1991987,BOLO,3,3.0,9.0,CARTÃO DE CRÉDITO,PRESENCIAL,22/10/2023
TXN_7232524,BISCOITO,3,1.0,3.0,DINHEIRO,PRESENCIAL,23/12/2023
TXN_5315665,CHÁ,3,1.5,4.5,CARTÃO DE CRÉDITO,,
TXN_7476348,CAFÉ,2,2.0,4.0,,PRESENCIAL,09/10/2023
TXN_4165923,LANCHE,3,4.0,12.0,,PARA VIAGEM,14/03/2023
TXN_1467367,LANCHE,3,4.0,12.0,,,18/02/2023
TXN_2018943,VITAMINA,,4.0,20.0,,,27/05/2023
TXN_4234636,VITAMINA,1,4.0,,CARTÃO DE CRÉDITO,PRESENCIAL,30/01/2023
TXN_4750383,CAFÉ,2,2.0,4.0,DINHEIRO,,30/06/2023
TXN_5100579,,2,1.0,2.0,DINHEIRO,PARA VIAGEM,08/10/2023
TXN_1701465,BOLO,1,3.0,3.0,DINHEIRO,,15/06/2023
TXN_8941409,BOLO,3,3.0,9.0,,,12/11/2023
TXN_9598764,SUCO,,3.0,6.0,CARTÃO DE CRÉDITO,PRESENCIAL,06/09/2023
TXN_2834323,,1,1.5,1.5,CARTEIRA DIGITAL,PARA VIAGEM,13/05/2023
TXN_2480488,SUCO,2,3.0,6.0,DINHEIRO,PARA VIAGEM,01/03/2023
TXN_6158834,CAFÉ,2,2.0,4.0,CARTÃO DE CRÉDITO,,23/09/2023
TXN_2345326,BISCOITO,,1.0,3.0,CARTEIRA DIGITAL,PARA VIAGEM,29/01/2023
TXN_8872103,VITAMINA,,4.0,12.0,CARTEIRA DIGITAL,PRESENCIAL,02/07/2023
TXN_9773646,BOLO,4,3.0,,CARTÃO DE CRÉDITO,PARA VIAGEM,01/04/2023
TXN_1442096,BISCOITO,3,1.0,3.0,CARTÃO DE CRÉDITO,PRESENCIAL,27/06/2023
TXN_2337888,CAFÉ,1,2.0,2.0,CARTÃO DE CRÉDITO,PRESENCIAL,10/02/2023
TXN_8297751,SALADA,3,5.0,15.0,DINHEIRO,PARA VIAGEM,08/04/2023
TXN_9675838,BOLO,2,3.0,6.0,CARTEIRA DIGITAL,,06/02/2023
TXN_9241048,BOLO,4,3.0,12.0,CARTÃO DE CRÉDITO,PRESENCIAL,27/08/2023
TXN_1978687,SUCO,2,3.0,6.0,,,13/12/2023
TXN_7548260,SUCO,2,3.0,6.0,DINHEIRO,PARA VIAGEM,27/02/2023
TXN_7047040,SALADA,2,5.0,10.0,,,16/02/2023
TXN_1234907,SUCO,1,3.0,3.0,CARTÃO DE CRÉDITO,PRESENCIAL,02/05/2023
TXN_8821839,LANCHE,5,4.0,20.0,,PARA VIAGEM,11/11/2023
TXN_7543765,BOLO,1,3.0,3.0,,,26/10/2023
TXN_7317475,SALADA,4,5.0,20.0,DINHEIRO,PARA VIAGEM,21/06/2023
TXN_9786525,BOLO,5,3.0,15.0,,PARA VIAGEM,19/02/2023
TXN_9874256,SUCO,3,3.0,9.0,,,17/02/2023
TXN_3120637,LANCHE,3,4.0,12.0,,PARA VIAGEM,11/08/2023
TXN_6754546,BOLO,3,3.0,9.0,,,19/02/2023
TXN_1317114,BISCOITO,2,1.0,2.0,CARTEIRA DIGITAL,PARA VIAGEM,06/11/2023
TXN_3897788,SUCO,,3.0,15.0,CARTEIRA DIGITAL,PRESENCIAL,26/10/2023
TXN_8046087,BOLO,2,3.0,6.0,,PARA VIAGEM,15/04/2023
TXN_6655017,VITAMINA,4,4.0,16.0,DINHEIRO,PARA VIAGEM,04/12/2023
TXN_6610162,BOLO,,3.0,12.0,CARTEIRA DIGITAL,,18/03/2023
TXN_7478306,CHÁ,2,1.5,3.0,CARTEIRA DIGITAL,PRESENCIAL,14/06/2023
TXN_3163567,SALADA,2,5.0,,CARTEIRA DIGITAL,PARA VIAGEM,01/06/2023
TXN_6420900,CHÁ,3,1.5,4.5,,,18/09/2023
TXN_2526267,LANCHE,,4.0,20.0,DINHEIRO,PRESENCIAL,06/04/2023
TXN_3954378,CHÁ,4,1.5,6.0,DINHEIRO,,21/08/2023
TXN_5138053,LANCHE,5,4.0,20.0,,PARA VIAGEM,16/02/2023
TXN_9890279,VITAMINA,4,,16.0,,PRESENCIAL,06/09/2023
TXN_3456057,LANCHE,1,4.0,,,PARA VIAGEM,
TXN_9626920,,2,1.5,3.0,,PRESENCIAL,16/12/2023
TXN_7213830,,5,3.0,15.0,CARTÃO DE CRÉDITO,,04/08/2023
TXN_4224350,CHÁ,2,1.5,3.0,,PRESENCIAL,09/07/2023
TXN_7763212,LANCHE,1,4.0,4.0,CARTÃO DE CRÉDITO,,10/01/2023
TXN_6889357,SALADA,1,5.0,5.0,DINHEIRO,PARA VIAGEM,08/03/2023
TXN_8565218,BOLO,1,3.0,3.0,CARTEIRA DIGITAL,,03/05/2023
TXN_8235675,CHÁ,1,1.5,1.5,CARTÃO DE CRÉDITO,,08/08/2023
TXN_6323915,CHÁ,3,1.5,,CARTÃO DE CRÉDITO,PRESENCIAL,09/02/2023
TXN_4704321,BOLO,3,3.0,,DINHEIRO,,
TXN_3232227,BISCOITO,4,1.0,4.0,,PARA VIAGEM,30/03/2023
TXN_2931403,SUCO,2,3.0,6.0,CARTÃO DE CRÉDITO,PRESENCIAL,29/05/2023
TXN_8036247,CAFÉ,1,2.0,2.0,CARTÃO DE CRÉDITO,PARA VIAGEM,29/09/2023
TXN_4143264,SALADA,1,5.0,5.0,CARTÃO DE CRÉDITO,PARA VIAGEM,17/08/2023
TXN_3709117,VITAMINA,5,4.0,,DINHEIRO,,04/02/2023
TXN_5124519,VITAMINA,3,4.0,12.0,CARTÃO DE CRÉDITO,PRESENCIAL,07/09/2023
TXN_1529845,SUCO,3,3.0,9.0,CARTÃO DE CRÉDITO,PRESENCIAL,25/01/2023
TXN_4615245,LANCHE,4,4.0,16.0,,,26/04/2023
TXN_1464694,LANCHE,1,4.0,,,PRESENCIAL,23/07/2023
TXN_2674372,BISCOITO,4,1.0,4.0,CARTÃO DE CRÉDITO,PARA VIAGEM,14/11/2023
TXN_7215900,CAFÉ,3,2.0,6.0,DINHEIRO,PARA VIAGEM,26/08/2023
TXN_5578380,CHÁ,,1.5,6.0,,PRESENCIAL,
TXN_6622980,SALADA,4,5.0,20.0,CARTEIRA DIGITAL,PARA VIAGEM,26/09/2023
TXN_5744026,SALADA,4,5.0,20.0,,,03/04/2023
TXN_1759314,SALADA,5,5.0,25.0,,,23/08/2023
TXN_2050630,BISCOITO,3,1.0,3.0,,PARA VIAGEM,18/01/2023
TXN_3447575,LANCHE,4,4.0,,CARTÃO DE CRÉDITO,PARA VIAGEM,17/01/2023
TXN_1131785,LANCHE,1,4.0,4.0,DINHEIRO,,19/12/2023
TXN_8572783,SALADA,3,5.0,15.0,,,29/03/2023
TXN_7928378,,3,,12.0,DINHEIRO,,04/07/2023
TXN_4284507,VITAMINA,4,4.0,16.0,,,17/07/2023
TXN_9819697,VITAMINA,3,4.0,12.0,CARTEIRA DIGITAL,PRESENCIAL,16/05/2023
TXN_1731476,LANCHE,1,4.0,4.0,CARTEIRA DIGITAL,PARA VIAGEM,19/04/2023
TXN_4152262,,2,5.0,10.0,CARTEIRA DIGITAL,PRESENCIAL,19/06/2023
TXN_1721342,VITAMINA,5,4.0,20.0,CARTEIRA DIGITAL,PRESENCIAL,23/08/2023
TXN_7278328,VITAMINA,1,4.0,4.0,CARTÃO DE CRÉDITO,,29/01/2023
TXN_6037924,CAFÉ,4,2.0,8.0,,PARA VIAGEM,14/11/2023
TXN_7046631,,4,2.0,8.0,CARTEIRA DIGITAL,PRESENCIAL,18/05/2023
TXN_7979028,LANCHE,3,4.0,12.0,DINHEIRO,PARA VIAGEM,12/07/2023
TXN_2474395,VITAMINA,4,4.0,16.0,CARTEIRA DIGITAL,PARA VIAGEM,28/12/2023
TXN_9168898,SUCO,2,3.0,6.0,DINHEIRO,PARA VIAGEM,28/09/2023
TXN_9675940,SUCO,5,3.0,15.0,CARTÃO DE CRÉDITO,PRESENCIAL,02/06/2023
TXN_3618603,SALADA,4,5.0,20.0,DINHEIRO,,19/03/2023
TXN_9653377,LANCHE,2,4.0,8.0,,PARA VIAGEM,31/07/2023
TXN_1326993,BISCOITO,3,1.0,3.0,,PRESENCIAL,30/12/2023
TXN_7427357,BOLO,4,3.0,12.0,CARTEIRA DIGITAL,PRESENCIAL,31/10/2023
TXN_5806624,BISCOITO,5,1.0,5.0,CARTÃO DE CRÉDITO,PRESENCIAL,09/07/2023
TXN_8329144,,2,4.0,8.0,CARTEIRA DIGITAL,PRESENCIAL,04/03/2023
TXN_6670371,CHÁ,3,1.5,4.5,CARTÃO DE CRÉDITO,PARA VIAGEM,01/05/2023
TXN_8708588,CAFÉ,5,2.0,10.0,CARTEIRA DIGITAL,,03/06/2023
TXN_6755874,VITAMINA,3,4.0,,,PRESENCIAL,12/04/2023
TXN_7777864,BISCOITO,3,1.0,,,PRESENCIAL,06/02/2023
TXN_1309055,,2,2.0,4.0,CARTÃO DE CRÉDITO,PARA VIAGEM,09/11/2023
TXN_2250398,,3,3.0,9.0,CARTEIRA DIGITAL,,31/05/2023
TXN_8698717,CAFÉ,4,2.0,8.0,CARTEIRA DIGITAL,,11/05/2023
TXN_2302259,SUCO,3,3.0,9.0,CARTÃO DE CRÉDITO,PARA VIAGEM,20/09/2023
TXN_7004494,CAFÉ,4,2.0,8.0,,PARA VIAGEM,17/03/2023
TXN_1302920,CAFÉ,2,2.0,4.0,,,16/08/2023
TXN_8175702,CHÁ,1,1.5,1.5,,PARA VIAGEM,27/08/2023
TXN_4921865,CHÁ,2,1.5,3.0,CARTEIRA DIGITAL,PRESENCIAL,06/02/2023
TXN_7755372,SUCO,5,3.0,15.0,,PARA VIAGEM,10/01/2023
TXN_7218134,BOLO,5,3.0,,DINHEIRO,,14/01/2023
TXN_2897794,BISCOITO,4,1.0,4.0,CARTÃO DE CRÉDITO,PARA VIAGEM,29/01/2023
TXN_5743616,BOLO,4,3.0,12.0,,,14/12/2023
TXN_4623642,LANCHE,1,4.0,4.0,DINHEIRO,PARA VIAGEM,12/09/2023
TXN_6047710,VITAMINA,3,4.0,12.0,,PARA VIAGEM,16/06/2023
TXN_2813872,SALADA,1,5.0,5.0,CARTÃO DE CRÉDITO,PARA VIAGEM,01/05/2023
TXN_1891978,SALADA,4,5.0,20.0,CARTEIRA DIGITAL,PRESENCIAL,13/09/2023
TXN_6626928,LANCHE,2,4.0,8.0,,PRESENCIAL,10/05/2023
TXN_6320502,SUCO,4,3.0,12.0,CARTÃO DE CRÉDITO,,16/08/2023
TXN_1797690,BOLO,5,3.0,15.0,CARTÃO DE CRÉDITO,PARA VIAGEM,10/08/2023
TXN_4587806,BISCOITO,4,1.0,,,,27/07/2023
TXN_7735127,VITAMINA,1,4.0,,,PARA VIAGEM,22/02/2023
TXN_9831537,BOLO,4,3.0,12.0,CARTÃO DE CRÉDITO,,07/08/2023
TXN_7866805,LANCHE,3,4.0,12.0,CARTEIRA DIGITAL,PRESENCIAL,14/03/2023
TXN_1760092,CAFÉ,1,2.0,2.0,CARTÃO DE CRÉDITO,PARA VIAGEM,15/04/2023
TXN_1887555,SUCO,2,3.0,6.0,DINHEIRO,PRESENCIAL,08/01/2023
TXN_9872258,SUCO,4,3.0,12.0,DINHEIRO,PARA VIAGEM,24/07/2023
TXN_2437725,LANCHE,4,4.0,16.0,CARTÃO DE CRÉDITO,PARA VIAGEM,27/01/2023
TXN_3240077,,4,4.0,16.0,DINHEIRO,,14/12/2023
TXN_6581580,CAFÉ,3,2.0,6.0,,PRESENCIAL,18/06/2023
TXN_6440109,BOLO,2,3.0,6.0,,PRESENCIAL,09/09/2023
TXN_8790282,CAFÉ,3,2.0,6.0,,,18/10/2023
TXN_7581760,CAFÉ,3,2.0,6.0,,,13/08/2023
TXN_2903973,BOLO,2,3.0,6.0,CARTÃO DE CRÉDITO,PARA VIAGEM,26/12/2023
TXN_9107842,CHÁ,2,1.5,3.0,,PARA VIAGEM,04/12/2023
TXN_8306630,LANCHE,2,4.0,8.0,CARTÃO DE CRÉDITO,PRESENCIAL,26/04/2023
TXN_2194660,,1,5.0,5.0,,,
TXN_4612207,SUCO,5,3.0,15.0,CARTEIRA DIGITAL,,21/01/2023
TXN_1811216,LANCHE,1,4.0,4.0,CARTEIRA DIGITAL,PARA VIAGEM,18/01/2023
TXN_3739424,,1,3.0,3.0,CARTÃO DE CRÉDITO,,03/06/2023
TXN_9487384,BOLO,1,3.0,3.0,CARTÃO DE CRÉDITO,,27/11/2023
TXN_2205690,BISCOITO,5,1.0,5.0,,PRESENCIAL,02/03/2023
TXN_9219961,CAFÉ,5,2.0,10.0,CARTÃO DE CRÉDITO,,04/04/2023
TXN_6425954,LANCHE,2,4.0,8.0,,PRESENCIAL,28/03/2023
TXN_9131153,VITAMINA,3,4.0,12.0,,PARA VIAGEM,17/11/2023
TXN_1332623,BISCOITO,2,1.0,2.0,,PARA VIAGEM,15/07/2023
TXN_9248370,,2,1.0,2.0,CARTÃO DE CRÉDITO,PRESENCIAL,17/02/2023
TXN_5549522,SUCO,5,3.0,15.0,CARTEIRA DIGITAL,PARA VIAGEM,16/12/2023
TXN_4234750,SUCO,2,3.0,6.0,DINHEIRO,,03/09/2023
TXN_9694799,CHÁ,3,1.5,4.5,DINHEIRO,PARA VIAGEM,14/04/2023
TXN_6733436,SUCO,2,3.0,6.0,CARTÃO DE CRÉDITO,PARA VIAGEM,02/02/2023
TXN_4423879,SUCO,5,,15.0,,,12/02/2023
TXN_8496788,SUCO,4,3.0,12.0,DINHEIRO,,14/06/2023
TXN_3131168,LANCHE,3,4.0,12.0,DINHEIRO,,24/03/2023
TXN_1995528,CAFÉ,5,2.0,10.0,,PRESENCIAL,24/06/2023
TXN_2311707,CHÁ,5,,7.5,DINHEIRO,PRESENCIAL,03/08/2023
TXN_9617269,CAFÉ,1,2.0,2.0,CARTEIRA DIGITAL,,
TXN_1727281,SUCO,4,3.0,12.0,,PARA VIAGEM,05/01/2023
TXN_2437112,BISCOITO,3,1.0,3.0,,,06/04/2023
TXN_8240436,SALADA,5,5.0,25.0,,PRESENCIAL,05/07/2023
TXN_4177796,SUCO,4,3.0,,DINHEIRO,PARA VIAGEM,17/04/2023
TXN_9761314,,4,4.0,16.0,CARTÃO DE CRÉDITO,,14/12/2023
TXN_2905118,CHÁ,5,1.5,7.5,CARTEIRA DIGITAL,PARA VIAGEM,04/03/2023
TXN_8058105,CHÁ,3,1.5,4.5,DINHEIRO,,07/03/2023
TXN_5005793,LANCHE,4,4.0,16.0,CARTÃO DE CRÉDITO,PRESENCIAL,21/01/2023
TXN_2840861,CHÁ,2,1.5,3.0,CARTEIRA DIGITAL,PARA VIAGEM,31/05/2023
TXN_1088497,LANCHE,1,4.0,4.0,CARTEIRA DIGITAL,PARA VIAGEM,05/07/2023
TXN_4083872,SALADA,2,5.0,10.0,CARTEIRA DIGITAL,PARA VIAGEM,05/08/2023
TXN_5296083,LANCHE,3,4.0,12.0,,,08/12/2023
TXN_3052953,CAFÉ,5,2.0,10.0,CARTEIRA DIGITAL,,28/02/2023
TXN_2017793,CHÁ,,1.5,4.5,CARTEIRA DIGITAL,,18/07/2023
TXN_4064326,BISCOITO,2,1.0,2.0,DINHEIRO,PARA VIAGEM,07/01/2023
TXN_8749775,BOLO,5,3.0,15.0,DINHEIRO,PARA VIAGEM,30/10/2023
TXN_6541284,CHÁ,4,1.5,6.0,DINHEIRO,PARA VIAGEM,01/03/2023
TXN_7937905,SALADA,5,5.0,25.0,,,15/10/2023
TXN_1311519,VITAMINA,5,4.0,20.0,DINHEIRO,,28/01/2023
TXN_8209509,BISCOITO,4,1.0,4.0,,PARA VIAGEM,09/11/2023
TXN_3413156,SUCO,1,3.0,3.0,CARTÃO DE CRÉDITO,PRESENCIAL,16/10/2023
TXN_3130302,VITAMINA,3,4.0,12.0,CARTÃO DE CRÉDITO,PRESENCIAL,
TXN_7418152,BISCOITO,4,1.0,4.0,DINHEIRO,PARA VIAGEM,21/09/2023
TXN_7991782,SUCO,2,3.0,6.0,,PRESENCIAL,11/01/2023
TXN_2822949,VITAMINA,2,4.0,8.0,CARTEIRA DIGITAL,,19/11/2023
TXN_5868082,CAFÉ,5,2.0,10.0,CARTÃO DE CRÉDITO,PRESENCIAL,22/10/2023
TXN_1559521,,5,2.0,10.0,,PRESENCIAL,05/07/2023
TXN_2250898,VITAMINA,,4.0,12.0,CARTÃO DE CRÉDITO,,23/12/2023
TXN_2947622,VITAMINA,5,4.0,20.0,,,06/08/2023
TXN_1413335,SALADA,1,5.0,5.0,CARTEIRA DIGITAL,PARA VIAGEM,17/05/2023
TXN_7086603,BOLO,4,3.0,,CARTÃO DE CRÉDITO,,18/03/2023
TXN_6919325,BOLO,3,3.0,9.0,DINHEIRO,,05/02/2023
TXN_7286934,VITAMINA,2,4.0,8.0,CARTÃO DE CRÉDITO,PRESENCIAL,27/03/2023
TXN_5213014,LANCHE,3,4.0,,CARTÃO DE CRÉDITO,,09/05/2023
TXN_3121483,SALADA,2,5.0,10.0,,PARA VIAGEM,06/01/2023
TXN_1670848,BOLO,2,,6.0,CARTÃO DE CRÉDITO,,04/08/2023
TXN_7595042,SALADA,1,5.0,5.0,,PARA VIAGEM,03/04/2023
TXN_3447594,,1,5.0,5.0,CARTEIRA DIGITAL,PRESENCIAL,24/02/2023
TXN_9250024,BISCOITO,2,1.0,2.0,CARTEIRA DIGITAL,,21/03/2023
TXN_1353266,VITAMINA,1,4.0,4.0,CARTEIRA DIGITAL,PARA VIAGEM,30/08/2023
TXN_3950331,CHÁ,5,1.5,7.5,CARTEIRA DIGITAL,,02/03/2023
TXN_3766657,VITAMINA,5,4.0,20.0,,,16/08/2023
TXN_6034596,,1,5.0,5.0,,PARA VIAGEM,07/04/2023
TXN_7233393,SUCO,5,3.0,15.0,CARTÃO DE CRÉDITO,PRESENCIAL,22/11/2023
TXN_8273645,SUCO,2,3.0,6.0,DINHEIRO,PARA VIAGEM,02/11/2023
TXN_2474286,SUCO,2,3.0,6.0,CARTEIRA DIGITAL,PRESENCIAL,09/12/2023
TXN_5145016,LANCHE,1,4.0,4.0,DINHEIRO,PARA VIAGEM,
TXN_6700141,LANCHE,1,4.0,4.0,DINHEIRO,PARA VIAGEM,12/04/2023
TXN_4006771,BISCOITO,3,1.0,3.0,CARTÃO DE CRÉDITO,,06/02/2023
TXN_4406290,CAFÉ,5,2.0,10.0,,PRESENCIAL,02/07/2023
TXN_2714524,LANCHE,4,4.0,16.0,DINHEIRO,PARA VIAGEM,02/01/2023
TXN_3585097,CAFÉ,3,2.0,6.0,,PARA VIAGEM,31/05/2023
TXN_5432582,SUCO,3,3.0,9.0,,,30/08/2023
TXN_5367923,LANCHE,4,4.0,16.0,,,19/04/2023
TXN_4030519,VITAMINA,2,4.0,8.0,CARTEIRA DIGITAL,PARA VIAGEM,22/01/2023
TXN_8716594,SALADA,4,5.0,20.0,CARTÃO DE CRÉDITO,PARA VIAGEM,26/08/2023
TXN_5159483,SUCO,2,3.0,6.0,CARTEIRA DIGITAL,PRESENCIAL,24/05/2023
TXN_6347482,CHÁ,2,1.5,3.0,CARTEIRA DIGITAL,,10/07/2023
TXN_4688236,CAFÉ,4,2.0,8.0,DINHEIRO,PRESENCIAL,05/07/2023
TXN_7021722,CHÁ,3,1.5,4.5,,PARA VIAGEM,27/07/2023
TXN_1466002,,3,3.0,9.0,,,23/11/2023
TXN_4878020,BOLO,3,3.0,9.0,,PRESENCIAL,17/03/2023
TXN_3158921,LANCHE,1,4.0,4.0,CARTEIRA DIGITAL,PRESENCIAL,16/04/2023
TXN_8555334,CAFÉ,1,2.0,2.0,,PRESENCIAL,16/06/2023
TXN_9749790,CHÁ,3,,4.5,,PARA VIAGEM,17/10/2023
TXN_7476268,SUCO,2,3.0,6.0,CARTÃO DE CRÉDITO,,07/06/2023
TXN_2741928,BOLO,1,3.0,3.0,CARTEIRA DIGITAL,PRESENCIAL,06/10/2023
TXN_8477945,BISCOITO,4,1.0,4.0,,PRESENCIAL,19/07/2023
TXN_2838958,CAFÉ,1,2.0,2.0,DINHEIRO,PARA VIAGEM,10/03/2023
TXN_4937411,SUCO,1,3.0,3.0,,PARA VIAGEM,21/08/2023
TXN_1293509,SUCO,3,3.0,9.0,DINHEIRO,PRESENCIAL,
TXN_1124655,SALADA,3,5.0,15.0,DINHEIRO,,23/10/2023
TXN_1367723,CAFÉ,3,2.0,,DINHEIRO,PRESENCIAL,25/10/2023
TXN_1710476,SUCO,4,3.0,12.0,CARTEIRA DIGITAL,PARA VIAGEM,22/05/2023
TXN_2248497,SALADA,2,5.0,10.0,DINHEIRO,PARA VIAGEM,07/03/2023
TXN_9403754,BOLO,5,3.0,15.0,CARTÃO DE CRÉDITO,PARA VIAGEM,19/06/2023
TXN_2457189,,3,4.0,12.0,CARTEIRA DIGITAL,PARA VIAGEM,28/08/2023
TXN_2495788,BISCOITO,2,1.0,2.0,CARTÃO DE CRÉDITO,PARA VIAGEM,16/12/2023
TXN_7528294,SUCO,3,3.0,9.0,CARTEIRA DIGITAL,,27/09/2023
TXN_2844982,BISCOITO,1,1.0,1.0,CARTEIRA DIGITAL,PARA VIAGEM,04/03/2023
TXN_9345439,CAFÉ,2,2.0,4.0,DINHEIRO,PARA VIAGEM,07/08/2023
TXN_4558455,,3,5.0,15.0,CARTÃO DE CRÉDITO,PRESENCIAL,
TXN_6347567,SUCO,5,,15.0,DINHEIRO,PRESENCIAL,31/03/2023
TXN_9710430,LANCHE,3,4.0,12.0,CARTÃO DE CRÉDITO,PARA VIAGEM,10/01/2023
TXN_8859035,BOLO,3,3.0,9.0,CARTEIRA DIGITAL,PARA VIAGEM,19/01/2023
TXN_7131251,CHÁ,2,1.5,3.0,,PRESENCIAL,28/06/2023
TXN_9577339,BOLO,2,3.0,6.0,CARTEIRA DIGITAL,,10/03/2023
TXN_9206049,BISCOITO,1,1.0,1.0,CARTÃO DE CRÉDITO,PRESENCIAL,17/09/2023
TXN_8748070,BISCOITO,2,1.0,2.0,CARTÃO DE CRÉDITO,PRESENCIAL,31/07/2023
TXN_1079241,SUCO,3,3.0,9.0,CARTEIRA DIGITAL,PARA VIAGEM,16/07/2023
TXN_8250845,BISCOITO,1,1.0,1.0,DINHEIRO,,09/12/2023
TXN_7878520,LANCHE,3,4.0,12.0,CARTEIRA DIGITAL,PARA VIAGEM,29/08/2023
TXN_8990101,VITAMINA,5,,20.0,,PRESENCIAL,25/11/2023
TXN_8789137,LANCHE,1,4.0,4.0,,PARA VIAGEM,25/09/2023
TXN_1236779,SUCO,3,,9.0,CARTÃO DE CRÉDITO,PRESENCIAL,29/12/2023
TXN_6846861,VITAMINA,4,4.0,16.0,,PRESENCIAL,26/11/2023
TXN_7682621,LANCHE,4,4.0,16.0,DINHEIRO,PARA VIAGEM,07/11/2023
TXN_2770536,VITAMINA,2,4.0,8.0,,PRESENCIAL,03/11/2023
TXN_3291900,VITAMINA,4,4.0,16.0,DINHEIRO,PARA VIAGEM,04/05/2023
TXN_1390917,LANCHE,1,4.0,4.0,CARTÃO DE CRÉDITO,,16/01/2023
TXN_5406411,,5,4.0,20.0,CARTÃO DE CRÉDITO,PRESENCIAL,14/04/2023
TXN_4628338,CAFÉ,,2.0,,DINHEIRO,,25/12/2023
TXN_4532280,CAFÉ,,2.0,10.0,CARTÃO DE CRÉDITO,,10/01/2023
TXN_2879543,SUCO,5,3.0,15.0,,,30/03/2023
TXN_7334418,BISCOITO,2,1.0,2.0,CARTEIRA DIGITAL,,24/03/2023
TXN_7927109,CHÁ,1,1.5,1.5,DINHEIRO,,18/04/2023
TXN_9352814,CHÁ,4,1.5,6.0,DINHEIRO,,10/09/2023
TXN_8872984,SALADA,5,,,CARTÃO DE CRÉDITO,PRESENCIAL,23/08/2023
TXN_8305586,CAFÉ,4,2.0,8.0,DINHEIRO,,06/01/2023
TXN_6501091,SUCO,2,3.0,6.0,CARTEIRA DIGITAL,PARA VIAGEM,07/05/2023
TXN_8197935,LANCHE,5,,20.0,DINHEIRO,PRESENCIAL,28/03/2023
TXN_8349096,BISCOITO,5,1.0,5.0,,,12/12/2023
TXN_1721366,VITAMINA,5,4.0,20.0,CARTEIRA DIGITAL,PRESENCIAL,09/04/2023
TXN_3924170,CHÁ,3,1.5,4.5,CARTÃO DE CRÉDITO,PRESENCIAL,07/08/2023
TXN_6206421,LANCHE,2,4.0,8.0,,PRESENCIAL,06/04/2023
TXN_3740465,BISCOITO,4,1.0,4.0,CARTEIRA DIGITAL,,08/03/2023
TXN_5227798,SALADA,4,5.0,20.0,DINHEIRO,,02/09/2023
TXN_9374286,CAFÉ,5,2.0,10.0,DINHEIRO,PRESENCIAL,07/08/2023
TXN_6577619,SALADA,3,5.0,15.0,CARTÃO DE CRÉDITO,PRESENCIAL,22/07/2023
TXN_5154112,BOLO,3,3.0,9.0,CARTÃO DE CRÉDITO,PARA VIAGEM,
TXN_5209716,,,1.0,5.0,DINHEIRO,,06/10/2023
TXN_6412590,SALADA,1,5.0,5.0,CARTEIRA DIGITAL,,12/06/2023
TXN_1577802,SUCO,2,3.0,6.0,CARTÃO DE CRÉDITO,PRESENCIAL,29/11/2023
TXN_3202346,SALADA,2,5.0,10.0,,PRESENCIAL,19/11/2023
TXN_2141924,SALADA,5,5.0,25.0,DINHEIRO,PRESENCIAL,27/11/2023
TXN_6775972,CAFÉ,3,2.0,6.0,CARTÃO DE CRÉDITO,,15/09/2023
TXN_8799599,CAFÉ,1,2.0,2.0,CARTÃO DE CRÉDITO,,10/09/2023
TXN_2866735,BISCOITO,4,1.0,4.0,DINHEIRO,PARA VIAGEM,13/03/2023
TXN_2199500,VITAMINA,1,4.0,4.0,CARTÃO DE CRÉDITO,,04/04/2023
TXN_3402368,,2,1.5,3.0,,PRESENCIAL,01/02/2023
TXN_8279269,VITAMINA,4,4.0,16.0,CARTEIRA DIGITAL,,14/06/2023
TXN_2829951,VITAMINA,4,4.0,16.0,CARTÃO DE CRÉDITO,,28/06/2023
TXN_6748374,SALADA,1,5.0,5.0,CARTÃO DE CRÉDITO,PARA VIAGEM,24/07/2023
TXN_5056971,CHÁ,4,1.5,6.0,DINHEIRO,PARA VIAGEM,22/08/2023
TXN_8675052,BISCOITO,3,1.0,3.0,CARTÃO DE CRÉDITO,,23/11/2023
TXN_6481150,SALADA,4,5.0,20.0,CARTEIRA DIGITAL,PRESENCIAL,30/03/2023
TXN_2371827,BISCOITO,5,1.0,5.0,DINHEIRO,PRESENCIAL,03/04/2023
TXN_3677109,BOLO,5,3.0,15.0,CARTEIRA DIGITAL,,02/12/2023
TXN_5457767,BOLO,3,3.0,9.0,DINHEIRO,PRESENCIAL,14/08/2023
TXN_1704642,,5,3.0,15.0,CARTEIRA DIGITAL,PRESENCIAL,
TXN_3661311,SUCO,2,3.0,6.0,CARTEIRA DIGITAL,,30/04/2023
TXN_5520841,BOLO,1,3.0,3.0,,PARA VIAGEM,04/09/2023
TXN_6443522,VITAMINA,4,4.0,16.0,CARTEIRA DIGITAL,PRESENCIAL,22/06/2023
TXN_4907008,CAFÉ,3,2.0,6.0,,PRESENCIAL,30/10/2023
TXN_9833793,BISCOITO,1,,1.0,,PARA VIAGEM,01/12/2023
TXN_6297375,CAFÉ,5,2.0,,,,16/07/2023
TXN_1641000,LANCHE,2,4.0,8.0,DINHEIRO,,19/08/2023
TXN_8588174,,3,5.0,15.0,,PRESENCIAL,07/02/2023
TXN_1228888,BISCOITO,1,1.0,1.0,CARTÃO DE CRÉDITO,PRESENCIAL,05/10/2023
TXN_2917349,CHÁ,4,1.5,,,,15/01/2023
TXN_8099578,CAFÉ,3,2.0,6.0,,PARA VIAGEM,02/03/2023
TXN_9949241,SALADA,1,5.0,5.0,,PRESENCIAL,26/07/2023
TXN_5662517,CHÁ,2,,3.0,CARTÃO DE CRÉDITO,PARA VIAGEM,05/01/2023
TXN_3221795,LANCHE,5,4.0,20.0,DINHEIRO,,01/10/2023
TXN_8432624,SUCO,3,3.0,9.0,DINHEIRO,PARA VIAGEM,24/06/2023
TXN_1883231,SUCO,5,3.0,15.0,,PRESENCIAL,21/10/2023
TXN_2490699,CAFÉ,1,2.0,2.0,DINHEIRO,,05/10/2023
TXN_1898102,BOLO,4,3.0,12.0,CARTÃO DE CRÉDITO,PARA VIAGEM,17/10/2023
TXN_9614646,CAFÉ,,2.0,6.0,,PRESENCIAL,18/03/2023
TXN_6142529,CHÁ,5,1.5,7.5,CARTÃO DE CRÉDITO,PRESENCIAL,21/07/2023
TXN_9279935,CAFÉ,2,2.0,4.0,CARTEIRA DIGITAL,PRESENCIAL,02/06/2023
TXN_3233211,CHÁ,2,1.5,3.0,,PARA VIAGEM,07/06/2023
TXN_1607650,BISCOITO,2,1.0,2.0,,,27/04/2023
TXN_1873852,,3,3.0,9.0,CARTEIRA DIGITAL,PARA VIAGEM,07/07/2023
TXN_2501656,BOLO,5,3.0,15.0,CARTEIRA DIGITAL,PARA VIAGEM,02/07/2023
TXN_6125085,,3,3.0,9.0,,PARA VIAGEM,24/05/2023
TXN_8917809,SALADA,5,5.0,25.0,DINHEIRO,,29/07/2023
TXN_8850815,VITAMINA,5,4.0,20.0,,,23/07/2023
TXN_6959065,CAFÉ,5,2.0,10.0,CARTEIRA DIGITAL,PARA VIAGEM,05/05/2023
TXN_4784154,CHÁ,,1.5,7.5,CARTÃO DE CRÉDITO,PRESENCIAL,06/09/2023
TXN_1893337,BOLO,2,3.0,6.0,,PARA VIAGEM,16/05/2023
TXN_4865947,CHÁ,2,1.5,3.0,DINHEIRO,PARA VIAGEM,
TXN_5468350,SALADA,4,5.0,20.0,CARTÃO DE CRÉDITO,PRESENCIAL,
TXN_6907555,CHÁ,2,1.5,3.0,CARTÃO DE CRÉDITO,,21/09/2023
TXN_2437751,LANCHE,1,4.0,4.0,,PRESENCIAL,18/03/2023
TXN_8285283,SUCO,5,3.0,15.0,CARTEIRA DIGITAL,,21/09/2023
TXN_4795208,LANCHE,,4.0,8.0,CARTEIRA DIGITAL,PARA VIAGEM,03/05/2023
TXN_5426405,CHÁ,5,1.5,7.5,,PRESENCIAL,26/11/2023
TXN_6794035,LANCHE,1,4.0,4.0,CARTEIRA DIGITAL,,04/11/2023
TXN_6265760,BOLO,1,3.0,3.0,CARTÃO DE CRÉDITO,PARA VIAGEM,21/06/2023
TXN_9905396,SALADA,1,5.0,5.0,,,20/08/2023
TXN_1955127,SUCO,5,3.0,15.0,,PRESENCIAL,18/02/2023
TXN_1296879,BOLO,1,3.0,3.0,,PARA VIAGEM,17/11/2023
TXN_8882176,BISCOITO,4,1.0,4.0,DINHEIRO,PARA VIAGEM,28/03/2023
TXN_7052672,SUCO,1,3.0,3.0,,PRESENCIAL,29/06/2023
TXN_3492861,BISCOITO,5,1.0,5.0,DINHEIRO,,09/11/2023
TXN_3655322,SUCO,3,3.0,9.0,CARTEIRA DIGITAL,PARA VIAGEM,03/10/2023
TXN_7584389,CAFÉ,4,,8.0,DINHEIRO,,09/03/2023
TXN_5734319,CAFÉ,5,2.0,10.0,DINHEIRO,PARA VIAGEM,01/06/2023
TXN_2535662,SUCO,1,3.0,3.0,DINHEIRO,,01/05/2023
TXN_8436360,SUCO,2,3.0,6.0,,,16/12/2023
TXN_1370465,BISCOITO,4,1.0,,CARTEIRA DIGITAL,,25/03/2023
TXN_7343660,SALADA,5,5.0,25.0,CARTÃO DE CRÉDITO,PRESENCIAL,06/08/2023
TXN_7777602,SALADA,1,5.0,5.0,DINHEIRO,,26/04/2023
TXN_3430805,SUCO,4,3.0,12.0,CARTÃO DE CRÉDITO,,12/11/2023
TXN_3886176,BISCOITO,4,1.0,4.0,DINHEIRO,,
TXN_8219472,BISCOITO,4,1.0,4.0,CARTÃO DE CRÉDITO,,09/11/2023
TXN_7171303,LANCHE,1,4.0,4.0,,,30/04/2023
TXN_2330694,SALADA,3,5.0,15.0,DINHEIRO,PRESENCIAL,31/05/2023
TXN_4476076,VITAMINA,2,4.0,8.0,CARTEIRA DIGITAL,PARA VIAGEM,26/03/2023
TXN_4183749,BOLO,4,3.0,12.0,CARTÃO DE CRÉDITO,PARA VIAGEM,25/01/2023
TXN_8132145,CHÁ,1,1.5,1.5,CARTEIRA DIGITAL,,04/08/2023
TXN_9286960,BISCOITO,3,1.0,3.0,DINHEIRO,,26/12/2023
TXN_6901619,CHÁ,2,1.5,,CARTEIRA DIGITAL,PRESENCIAL,16/10/2023
TXN_6699343,SUCO,,3.0,9.0,,PARA VIAGEM,31/10/2023
TXN_4461853,BOLO,5,3.0,15.0,CARTÃO DE CRÉDITO,PRESENCIAL,
TXN_2184573,CHÁ,4,1.5,6.0,,PARA VIAGEM,26/04/2023
TXN_4779439,,4,3.0,12.0,,PRESENCIAL,23/08/2023
TXN_1789504,,1,5.0,5.0,CARTÃO DE CRÉDITO,,12/06/2023
TXN_6337189,BOLO,1,3.0,3.0,,,11/04/2023
TXN_6071905,BOLO,1,3.0,3.0,,PRESENCIAL,06/11/2023
TXN_7847913,VITAMINA,3,4.0,,CARTEIRA DIGITAL,PRESENCIAL,17/05/2023
TXN_1792405,CHÁ,3,1.5,4.5,CARTEIRA DIGITAL,PARA VIAGEM,06/07/2023
TXN_6101067,VITAMINA,1,4.0,4.0,CARTÃO DE CRÉDITO,PARA VIAGEM,05/09/2023
TXN_2260070,SALADA,1,5.0,5.0,DINHEIRO,,06/10/2023
TXN_5641209,SALADA,,5.0,15.0,,PARA VIAGEM,03/12/2023
TXN_3994585,BOLO,3,3.0,9.0,CARTEIRA DIGITAL,PRESENCIAL,24/07/2023
TXN_5202752,VITAMINA,5,4.0,20.0,CARTÃO DE CRÉDITO,PARA VIAGEM,08/05/2023
TXN_8714850,SUCO,5,3.0,15.0,DINHEIRO,PRESENCIAL,30/04/2023
TXN_3504925,VITAMINA,5,4.0,,DINHEIRO,,21/09/2023
TXN_4919285,CAFÉ,4,2.0,8.0,DINHEIRO,PARA VIAGEM,15/10/2023
TXN_4876398,SALADA,2,5.0,10.0,DINHEIRO,,21/04/2023
TXN_5456362,VITAMINA,4,4.0,16.0,CARTÃO DE CRÉDITO,,06/07/2023
TXN_4377249,CAFÉ,3,2.0,6.0,CARTEIRA DIGITAL,,26/07/2023
TXN_6566716,CAFÉ,,2.0,2.0,CARTÃO DE CRÉDITO,,01/01/2023
TXN_1571824,BISCOITO,4,1.0,4.0,DINHEIRO,PARA VIAGEM,16/10/2023
TXN_3920273,VITAMINA,4,4.0,16.0,CARTEIRA DIGITAL,PRESENCIAL,05/09/2023
TXN_8222593,LANCHE,4,4.0,16.0,CARTÃO DE CRÉDITO,,11/05/2023
TXN_5054719,LANCHE,2,4.0,8.0,CARTÃO DE CRÉDITO,,17/04/2023
TXN_2242015,CHÁ,2,1.5,3.0,DINHEIRO,,26/08/2023
TXN_5208377,,2,1.5,3.0,,PARA VIAGEM,06/03/2023
TXN_1322520,,5,5.0,25.0,DINHEIRO,,12/07/2023
TXN_7268387,SUCO,3,3.0,9.0,CARTÃO DE CRÉDITO,PARA VIAGEM,09/04/2023
TXN_6268823,VITAMINA,2,4.0,8.0,CARTEIRA DIGITAL,PARA VIAGEM,18/04/2023
TXN_5578828,BISCOITO,4,1.0,4.0,DINHEIRO,PRESENCIAL,12/05/2023
TXN_5727550,CAFÉ,3,2.0,6.0,CARTEIRA DIGITAL,,11/10/2023
TXN_9597063,CAFÉ,2,2.0,4.0,CARTEIRA DIGITAL,PRESENCIAL,20/07/2023
TXN_6867132,BOLO,2,3.0,6.0,DINHEIRO,PRESENCIAL,01/02/2023
TXN_1971865,BOLO,1,3.0,3.0,CARTEIRA DIGITAL,PARA VIAGEM,11/04/2023
TXN_6067546,CHÁ,5,,7.5,CARTEIRA DIGITAL,PARA VIAGEM,25/08/2023
TXN_3699636,,3,5.0,15.0,CARTEIRA DIGITAL,,12/01/2023
TXN_6724588,SUCO,2,3.0,6.0,CARTEIRA DIGITAL,PRESENCIAL,16/10/2023
TXN_2929426,SALADA,5,5.0,25.0,DINHEIRO,PARA VIAGEM,29/01/2023
TXN_9669749,SALADA,4,5.0,20.0,CARTÃO DE CRÉDITO,,26/03/2023
TXN_9105374,SUCO,4,3.0,12.0,CARTEIRA DIGITAL,PRESENCIAL,25/01/2023
TXN_6553641,SALADA,1,5.0,5.0,DINHEIRO,PRESENCIAL,
TXN_3346749,CHÁ,2,1.5,3.0,,,06/05/2023
TXN_5594043,BOLO,4,3.0,12.0,DINHEIRO,,22/06/2023
TXN_1170807,VITAMINA,5,4.0,20.0,,PRESENCIAL,15/09/2023
TXN_2882571,BOLO,1,3.0,3.0,CARTÃO DE CRÉDITO,PRESENCIAL,24/05/2023
TXN_6640488,CHÁ,3,1.5,4.5,CARTÃO DE CRÉDITO,PARA VIAGEM,01/04/2023
TXN_7621512,SALADA,4,5.0,20.0,CARTEIRA DIGITAL,PRESENCIAL,24/07/2023
TXN_9529846,VITAMINA,5,4.0,20.0,,,23/09/2023
TXN_3338458,BOLO,5,3.0,15.0,DINHEIRO,,27/10/2023
TXN_3104867,SUCO,3,3.0,9.0,CARTEIRA DIGITAL,,28/03/2023
TXN_9286019,VITAMINA,4,4.0,,DINHEIRO,PARA VIAGEM,28/05/2023
TXN_1923263,LANCHE,4,4.0,16.0,CARTEIRA DIGITAL,PRESENCIAL,12/03/2023
TXN_3172621,LANCHE,4,4.0,16.0,,PARA VIAGEM,15/10/2023
TXN_5830991,BISCOITO,4,1.0,4.0,,PARA VIAGEM,07/11/2023
TXN_8719561,,3,3.0,9.0,,,13/09/2023
TXN_7396497,,5,4.0,20.0,CARTÃO DE CRÉDITO,PRESENCIAL,10/02/2023
TXN_7629728,CAFÉ,4,2.0,8.0,CARTEIRA DIGITAL,PRESENCIAL,15/12/2023
TXN_2831842,BOLO,2,3.0,6.0,,,20/05/2023
TXN_8903958,SUCO,2,3.0,6.0,CARTEIRA DIGITAL,PARA VIAGEM,12/11/2023
TXN_8951525,SUCO,3,3.0,9.0,,,08/06/2023
TXN_7511261,SUCO,3,3.0,9.0,,,26/03/2023
TXN_3896128,BOLO,1,3.0,,,PRESENCIAL,04/01/2023
TXN_6554101,VITAMINA,3,4.0,12.0,,,15/02/2023
TXN_3500571,SUCO,3,3.0,9.0,,PARA VIAGEM,03/05/2023
TXN_6761273,SUCO,5,3.0,,CARTEIRA DIGITAL,,13/10/2023
TXN_6076602,CHÁ,4,1.5,6.0,CARTÃO DE CRÉDITO,PRESENCIAL,07/02/2023
TXN_9196658,BISCOITO,1,,1.0,,PARA VIAGEM,12/06/2023
TXN_7330330,BISCOITO,2,1.0,2.0,,PRESENCIAL,16/10/2023
TXN_8953489,SUCO,5,3.0,15.0,,PRESENCIAL,
TXN_2340643,SALADA,5,5.0,25.0,DINHEIRO,PRESENCIAL,05/01/2023
TXN_4397349,LANCHE,2,4.0,8.0,,,08/06/2023
TXN_1072984,CHÁ,4,1.5,6.0,CARTEIRA DIGITAL,,11/01/2023
TXN_3238759,LANCHE,5,4.0,20.0,CARTEIRA DIGITAL,PRESENCIAL,20/07/2023
TXN_9802771,VITAMINA,2,4.0,8.0,,,11/02/2023
TXN_3858607,SALADA,5,5.0,25.0,CARTEIRA DIGITAL,,02/12/2023
TXN_3585602,SUCO,2,3.0,6.0,DINHEIRO,PRESENCIAL,17/04/2023
TXN_8096618,CAFÉ,4,2.0,,CARTEIRA DIGITAL,PRESENCIAL,20/02/2023
TXN_8363711,VITAMINA,2,4.0,8.0,,PRESENCIAL,21/05/2023
TXN_2639283,SUCO,5,3.0,15.0,CARTEIRA DIGITAL,PARA VIAGEM,13/08/2023
TXN_1505837,LANCHE,3,4.0,12.0,CARTÃO DE CRÉDITO,PRESENCIAL,15/12/2023
TXN_2566299,SUCO,2,3.0,6.0,DINHEIRO,,20/08/2023
TXN_7292790,BISCOITO,4,1.0,4.0,DINHEIRO,PRESENCIAL,13/06/2023
TXN_7631496,BISCOITO,3,1.0,3.0,CARTEIRA DIGITAL,PRESENCIAL,05/11/2023
TXN_6251282,SUCO,4,3.0,12.0,DINHEIRO,,15/11/2023
TXN_6266750,LANCHE,1,4.0,4.0,DINHEIRO,,21/04/2023
TXN_6770844,SUCO,1,3.0,3.0,CARTEIRA DIGITAL,PRESENCIAL,08/05/2023
TXN_4152460,LANCHE,,4.0,12.0,DINHEIRO,PARA VIAGEM,01/05/2023
TXN_4699911,CAFÉ,2,2.0,4.0,CARTEIRA DIGITAL,PARA VIAGEM,21/07/2023
TXN_3472433,CAFÉ,4,2.0,8.0,CARTÃO DE CRÉDITO,PARA VIAGEM,29/10/2023
TXN_7179827,SUCO,4,3.0,12.0,CARTÃO DE CRÉDITO,PRESENCIAL,28/06/2023
TXN_7568112,SALADA,,5.0,25.0,DINHEIRO,,29/06/2023
TXN_9800351,CHÁ,3,1.5,4.5,DINHEIRO,,16/06/2023
TXN_4216821,CHÁ,2,1.5,3.0,,,02/07/2023
TXN_6378070,,3,4.0,12.0,CARTEIRA DIGITAL,,26/09/2023
TXN_2889185,,2,4.0,8.0,,,21/10/2023
TXN_5188872,BOLO,3,3.0,9.0,,PRESENCIAL,21/07/2023
TXN_9927220,SUCO,5,3.0,15.0,DINHEIRO,,14/09/2023
TXN_5118799,BISCOITO,2,,,DINHEIRO,PARA VIAGEM,23/04/2023
TXN_2110490,,1,5.0,5.0,DINHEIRO,PRESENCIAL,29/08/2023
TXN_7187578,SALADA,5,5.0,25.0,,PRESENCIAL,20/11/2023
TXN_4914203,,1,2.0,2.0,CARTÃO DE CRÉDITO,,02/12/2023
TXN_6046363,VITAMINA,5,4.0,20.0,CARTEIRA DIGITAL,PARA VIAGEM,20/03/2023
TXN_2920578,VITAMINA,4,4.0,16.0,DINHEIRO,,06/09/2023
TXN_7117210,SUCO,4,3.0,12.0,CARTEIRA DIGITAL,PRESENCIAL,25/09/2023
TXN_5823330,SALADA,3,5.0,15.0,CARTEIRA DIGITAL,PRESENCIAL,19/10/2023
TXN_8155540,SALADA,5,5.0,25.0,CARTÃO DE CRÉDITO,PARA VIAGEM,19/03/2023
TXN_2418609,LANCHE,2,4.0,8.0,CARTEIRA DIGITAL,PRESENCIAL,06/09/2023
TXN_8570149,CHÁ,1,1.5,1.5,CARTÃO DE CRÉDITO,,03/06/2023
TXN_4382802,LANCHE,1,4.0,4.0,CARTEIRA DIGITAL,PARA VIAGEM,17/07/2023
TXN_9970964,VITAMINA,2,4.0,8.0,CARTÃO DE CRÉDITO,PARA VIAGEM,07/07/2023
TXN_5946779,LANCHE,1,4.0,4.0,DINHEIRO,PRESENCIAL,25/05/2023
TXN_2253622,LANCHE,5,,,CARTEIRA DIGITAL,PARA VIAGEM,30/09/2023
TXN_8982328,SUCO,1,3.0,3.0,CARTÃO DE CRÉDITO,PRESENCIAL,20/10/2023
TXN_9969706,BOLO,5,3.0,15.0,,PRESENCIAL,17/03/2023
TXN_1915046,LANCHE,5,4.0,20.0,,,12/04/2023
TXN_4624019,BISCOITO,1,1.0,1.0,DINHEIRO,,12/02/2023
TXN_1773856,BOLO,2,3.0,6.0,,,11/08/2023
TXN_6667083,BOLO,1,3.0,3.0,DINHEIRO,,19/03/2023
TXN_8639879,,2,5.0,10.0,,PARA VIAGEM,09/03/2023
TXN_5144090,CAFÉ,5,2.0,10.0,CARTEIRA DIGITAL,,15/05/2023
TXN_1322421,SUCO,4,3.0,12.0,CARTÃO DE CRÉDITO,PARA VIAGEM,05/03/2023
TXN_4474441,CAFÉ,4,2.0,8.0,CARTÃO DE CRÉDITO,,23/08/2023
TXN_6598343,SUCO,4,3.0,12.0,,,10/07/2023
TXN_1297663,VITAMINA,5,,20.0,CARTÃO DE CRÉDITO,,12/09/2023
TXN_4972634,LANCHE,5,4.0,20.0,CARTÃO DE CRÉDITO,PRESENCIAL,22/07/2023
TXN_7362776,BISCOITO,,1.0,5.0,,PRESENCIAL,26/01/2023
TXN_8159772,BOLO,1,3.0,3.0,CARTÃO DE CRÉDITO,PRESENCIAL,02/10/2023
TXN_7137800,CHÁ,1,1.5,1.5,,PARA VIAGEM,22/02/2023
TXN_4360970,CHÁ,3,1.5,4.5,CARTEIRA DIGITAL,PARA VIAGEM,28/06/2023
TXN_6529863,SALADA,3,5.0,15.0,,PARA VIAGEM,16/08/2023
TXN_3886583,CHÁ,3,1.5,4.5,CARTEIRA DIGITAL,PRESENCIAL,03/05/2023
TXN_9315004,LANCHE,5,,20.0,CARTEIRA DIGITAL,PRESENCIAL,21/12/2023
TXN_1624458,CHÁ,,1.5,6.0,CARTEIRA DIGITAL,,
TXN_4039864,BOLO,2,3.0,6.0,DINHEIRO,PRESENCIAL,24/07/2023
TXN_8901988,,5,1.5,,CARTEIRA DIGITAL,PRESENCIAL,21/01/2023
TXN_8103754,SALADA,5,5.0,25.0,DINHEIRO,PARA VIAGEM,29/01/2023
TXN_6318017,CHÁ,3,1.5,4.5,DINHEIRO,PRESENCIAL,23/06/2023
TXN_9608271,CAFÉ,2,2.0,4.0,,,24/10/2023
TXN_4583009,SALADA,5,5.0,25.0,CARTÃO DE CRÉDITO,PRESENCIAL,08/01/2023
TXN_2536821,SALADA,5,5.0,25.0,,PARA VIAGEM,01/12/2023
TXN_5820621,BISCOITO,5,1.0,,,PRESENCIAL,01/12/2023
TXN_2878994,LANCHE,1,4.0,4.0,,,19/05/2023
TXN_8014973,,3,5.0,15.0,,PRESENCIAL,09/08/2023
TXN_6492477,CAFÉ,5,2.0,10.0,,,03/02/2023
TXN_8549600,CAFÉ,,2.0,6.0,CARTEIRA DIGITAL,PARA VIAGEM,19/11/2023
TXN_4496616,SALADA,5,5.0,25.0,,PARA VIAGEM,07/10/2023
TXN_3190538,CAFÉ,2,2.0,4.0,CARTEIRA DIGITAL,,03/06/2023
TXN_8863649,BISCOITO,1,1.0,1.0,CARTÃO DE CRÉDITO,PRESENCIAL,05/03/2023
TXN_8078312,BISCOITO,1,1.0,1.0,,,24/09/2023
TXN_6306644,,2,3.0,6.0,CARTEIRA DIGITAL,,15/06/2023
TXN_9836829,BISCOITO,,1.0,5.0,,PARA VIAGEM,15/10/2023
TXN_8942829,SALADA,5,5.0,25.0,DINHEIRO,,11/03/2023
TXN_1604072,CAFÉ,2,2.0,4.0,,,01/01/2023
TXN_3673322,,2,5.0,10.0,CARTÃO DE CRÉDITO,PARA VIAGEM,24/04/2023
TXN_1830432,BISCOITO,3,1.0,3.0,CARTEIRA DIGITAL,PARA VIAGEM,02/11/2023
TXN_4314504,BOLO,1,3.0,3.0,,PRESENCIAL,01/06/2023
TXN_2880516,CHÁ,1,1.5,1.5,DINHEIRO,PRESENCIAL,26/03/2023
TXN_4649079,BISCOITO,4,1.0,4.0,,PARA VIAGEM,26/07/2023
TXN_6383336,BOLO,2,3.0,6.0,,PARA VIAGEM,21/01/2023
TXN_7605163,SALADA,1,5.0,5.0,,PARA VIAGEM,15/08/2023
TXN_2294603,CHÁ,1,1.5,1.5,CARTÃO DE CRÉDITO,PARA VIAGEM,02/09/2023
TXN_7097760,CAFÉ,3,2.0,6.0,CARTEIRA DIGITAL,,24/10/2023
TXN_1998357,BOLO,2,3.0,6.0,CARTEIRA DIGITAL,,
TXN_1220061,LANCHE,3,4.0,12.0,CARTEIRA DIGITAL,PRESENCIAL,03/09/2023
TXN_9944500,VITAMINA,,4.0,,DINHEIRO,PRESENCIAL,03/01/2023
TXN_1329167,CHÁ,5,1.5,7.5,,PARA VIAGEM,14/01/2023
TXN_3463337,SUCO,5,3.0,15.0,CARTÃO DE CRÉDITO,PRESENCIAL,20/09/2023
TXN_8016623,CHÁ,2,1.5,3.0,DINHEIRO,PARA VIAGEM,09/05/2023
TXN_9525078,SALADA,5,5.0,25.0,,PARA VIAGEM,23/07/2023
TXN_2841233,BISCOITO,1,1.0,1.0,DINHEIRO,PARA VIAGEM,01/12/2023
TXN_1458905,LANCHE,1,4.0,4.0,CARTEIRA DIGITAL,PARA VIAGEM,19/02/2023
TXN_3977520,CAFÉ,5,2.0,10.0,,,08/08/2023
TXN_3330279,BOLO,1,3.0,3.0,CARTÃO DE CRÉDITO,,13/11/2023
TXN_6234882,BISCOITO,4,1.0,4.0,CARTÃO DE CRÉDITO,,01/01/2023
TXN_9970653,,5,4.0,20.0,CARTEIRA DIGITAL,PARA VIAGEM,30/12/2023
TXN_4185160,,2,2.0,4.0,CARTÃO DE CRÉDITO,PRESENCIAL,04/05/2023
TXN_6093955,CHÁ,5,1.5,,,PARA VIAGEM,01/01/2023
TXN_2074343,,3,4.0,12.0,CARTEIRA DIGITAL,PRESENCIAL,30/05/2023
TXN_7994903,VITAMINA,4,4.0,16.0,CARTÃO DE CRÉDITO,PRESENCIAL,09/01/2023
TXN_3109161,LANCHE,3,4.0,12.0,CARTEIRA DIGITAL,,11/09/2023
TXN_2185727,SALADA,4,5.0,20.0,CARTEIRA DIGITAL,PRESENCIAL,08/10/2023
TXN_8971366,SUCO,2,3.0,6.0,CARTEIRA DIGITAL,PRESENCIAL,24/08/2023
TXN_3669866,CHÁ,3,1.5,4.5,CARTEIRA DIGITAL,PRESENCIAL,10/05/2023
TXN_9395223,BISCOITO,4,1.0,4.0,CARTÃO DE CRÉDITO,PRESENCIAL,29/12/2023
TXN_7963892,SALADA,1,,5.0,,PARA VIAGEM,15/08/2023
TXN_6325639,SUCO,3,3.0,,,PRESENCIAL,19/07/2023
TXN_3856510,VITAMINA,5,,20.0,DINHEIRO,,21/10/2023
TXN_4779192,BISCOITO,5,1.0,5.0,CARTEIRA DIGITAL,,06/11/2023
TXN_4163126,LANCHE,3,4.0,12.0,CARTEIRA DIGITAL,PARA VIAGEM,
TXN_5808719,SUCO,1,3.0,3.0,DINHEIRO,PRESENCIAL,01/10/2023
TXN_2817210,BOLO,4,3.0,12.0,,,10/11/2023
TXN_1985396,LANCHE,3,4.0,12.0,DINHEIRO,PRESENCIAL,23/01/2023
TXN_7625340,,2,1.0,2.0,CARTÃO DE CRÉDITO,PRESENCIAL,20/01/2023
TXN_1533652,CHÁ,3,1.5,4.5,DINHEIRO,PRESENCIAL,17/08/2023
TXN_6345619,BOLO,5,3.0,15.0,CARTEIRA DIGITAL,PARA VIAGEM,09/12/2023
TXN_3218971,LANCHE,5,4.0,20.0,CARTÃO DE CRÉDITO,,13/06/2023
TXN_8127681,VITAMINA,1,4.0,4.0,CARTÃO DE CRÉDITO,PARA VIAGEM,02/09/2023
TXN_7328604,SALADA,2,5.0,10.0,CARTÃO DE CRÉDITO,,25/02/2023
TXN_4574757,SUCO,2,3.0,6.0,,PRESENCIAL,05/08/2023
TXN_9505924,BOLO,4,3.0,12.0,,,17/03/2023
TXN_9482559,BISCOITO,1,1.0,1.0,,PRESENCIAL,04/08/2023
TXN_7705153,CHÁ,1,1.5,1.5,CARTEIRA DIGITAL,PRESENCIAL,25/01/2023
TXN_7037557,SALADA,4,5.0,20.0,DINHEIRO,,02/05/2023
TXN_9517548,CAFÉ,3,2.0,6.0,DINHEIRO,PARA VIAGEM,25/01/2023
TXN_4467046,SALADA,4,5.0,20.0,CARTEIRA DIGITAL,PARA VIAGEM,27/09/2023
TXN_5074212,SUCO,5,3.0,15.0,,,14/05/2023
TXN_8167530,BOLO,3,3.0,9.0,DINHEIRO,PRESENCIAL,08/03/2023
TXN_2158361,,2,3.0,6.0,,,27/07/2023
TXN_5492822,CAFÉ,4,2.0,8.0,CARTEIRA DIGITAL,PARA VIAGEM,16/12/2023
TXN_8538125,BOLO,5,3.0,15.0,CARTEIRA DIGITAL,,30/05/2023
TXN_1091115,LANCHE,5,4.0,20.0,DINHEIRO,PARA VIAGEM,04/11/2023
TXN_5350286,LANCHE,5,4.0,20.0,CARTÃO DE CRÉDITO,,18/02/2023
TXN_1534223,BOLO,3,3.0,9.0,CARTÃO DE CRÉDITO,,30/01/2023
TXN_6403951,CHÁ,,1.5,4.5,CARTÃO DE CRÉDITO,PARA VIAGEM,13/07/2023
TXN_7961171,SUCO,3,3.0,9.0,DINHEIRO,PRESENCIAL,27/01/2023
TXN_6312039,BOLO,,3.0,15.0,,PRESENCIAL,29/09/2023
TXN_6177334,SUCO,1,3.0,3.0,CARTÃO DE CRÉDITO,PRESENCIAL,15/02/2023
TXN_7466297,BISCOITO,1,1.0,1.0,CARTEIRA DIGITAL,,13/07/2023
TXN_2693278,CHÁ,3,1.5,4.5,,,26/11/2023
TXN_3561149,SUCO,4,3.0,12.0,CARTEIRA DIGITAL,PARA VIAGEM,20/05/2023
TXN_2227825,LANCHE,5,4.0,20.0,CARTÃO DE CRÉDITO,,05/06/2023
TXN_9965686,BOLO,4,3.0,12.0,CARTÃO DE CRÉDITO,PARA VIAGEM,02/10/2023
TXN_5303413,CAFÉ,1,2.0,2.0,CARTEIRA DIGITAL,PRESENCIAL,21/06/2023
TXN_5328814,CHÁ,3,1.5,4.5,DINHEIRO,,18/10/2023
TXN_9658354,,3,1.5,4.5,CARTÃO DE CRÉDITO,PRESENCIAL,12/11/2023
TXN_8538315,CAFÉ,,2.0,2.0,CARTEIRA DIGITAL,,27/07/2023
TXN_2334962,SUCO,5,3.0,15.0,,,31/01/2023
TXN_9321776,BOLO,1,3.0,3.0,,,23/04/2023
TXN_2574545,CAFÉ,,2.0,4.0,,PRESENCIAL,
TXN_7625537,SUCO,3,3.0,9.0,,PARA VIAGEM,09/12/2023
TXN_8722491,VITAMINA,4,4.0,16.0,DINHEIRO,,24/04/2023
TXN_4129569,BISCOITO,4,,4.0,CARTEIRA DIGITAL,,27/08/2023
TXN_6018020,BISCOITO,2,1.0,2.0,CARTÃO DE CRÉDITO,PARA VIAGEM,12/01/2023
TXN_3305132,BOLO,4,3.0,12.0,CARTÃO DE CRÉDITO,PARA VIAGEM,30/01/2023
TXN_7951885,SALADA,3,5.0,15.0,CARTÃO DE CRÉDITO,,08/12/2023
TXN_9090875,BOLO,2,3.0,6.0,,PRESENCIAL,19/04/2023
TXN_9175684,CHÁ,3,1.5,4.5,,,16/09/2023
TXN_1640649,BISCOITO,4,1.0,4.0,,PRESENCIAL,05/12/2023
TXN_9845746,BOLO,1,3.0,3.0,CARTEIRA DIGITAL,PRESENCIAL,23/09/2023
TXN_1547704,CAFÉ,5,2.0,10.0,DINHEIRO,PRESENCIAL,14/02/2023
TXN_3422774,,2,4.0,8.0,CARTEIRA DIGITAL,PRESENCIAL,09/07/2023
TXN_8477415,SALADA,2,5.0,10.0,CARTÃO DE CRÉDITO,,01/05/2023
TXN_1039367,LANCHE,3,4.0,,DINHEIRO,,12/03/2023
TXN_5433982,SALADA,5,5.0,25.0,CARTEIRA DIGITAL,,07/07/2023
TXN_4469550,,3,3.0,9.0,CARTÃO DE CRÉDITO,PRESENCIAL,10/05/2023
TXN_2838588,CAFÉ,2,2.0,4.0,,PRESENCIAL,28/01/2023
TXN_6135727,SUCO,4,3.0,12.0,CARTEIRA DIGITAL,PARA VIAGEM,15/12/2023
TXN_3660227,SUCO,4,3.0,12.0,CARTÃO DE CRÉDITO,PARA VIAGEM,13/05/2023
TXN_5640232,LANCHE,4,,16.0,CARTEIRA DIGITAL,,08/04/2023
TXN_4064310,CHÁ,4,1.5,6.0,DINHEIRO,PARA VIAGEM,24/07/2023
TXN_7418562,LANCHE,4,4.0,,,,15/01/2023
TXN_2978326,VITAMINA,3,4.0,12.0,DINHEIRO,,02/12/2023
TXN_9616828,CAFÉ,2,2.0,4.0,CARTEIRA DIGITAL,PARA VIAGEM,20/12/2023
TXN_1522122,BISCOITO,5,1.0,5.0,CARTÃO DE CRÉDITO,PRESENCIAL,14/02/2023
TXN_2360229,LANCHE,1,4.0,4.0,CARTEIRA DIGITAL,,18/06/2023
TXN_7840510,,4,3.0,12.0,,PARA VIAGEM,07/08/2023
TXN_5285666,CAFÉ,5,2.0,10.0,DINHEIRO,,20/03/2023
TXN_5029453,LANCHE,2,4.0,8.0,CARTEIRA DIGITAL,PRESENCIAL,24/06/2023
TXN_6117421,BOLO,2,3.0,6.0,DINHEIRO,,04/05/2023
TXN_8759461,CHÁ,2,1.5,3.0,DINHEIRO,PRESENCIAL,31/01/2023
TXN_2962728,SALADA,4,5.0,20.0,CARTÃO DE CRÉDITO,,05/12/2023
TXN_6527482,SUCO,1,3.0,3.0,,PARA VIAGEM,27/08/2023
TXN_4256200,CHÁ,5,1.5,7.5,,,29/06/2023
TXN_6276679,BISCOITO,3,1.0,3.0,CARTEIRA DIGITAL,PARA VIAGEM,08/11/2023
TXN_2507188,CAFÉ,1,2.0,2.0,CARTÃO DE CRÉDITO,,04/02/2023
TXN_9386165,LANCHE,2,4.0,8.0,CARTEIRA DIGITAL,PRESENCIAL,01/06/2023
TXN_6064232,CHÁ,2,1.5,3.0,CARTÃO DE CRÉDITO,PARA VIAGEM,09/04/2023
TXN_3604017,BOLO,4,3.0,12.0,CARTEIRA DIGITAL,PRESENCIAL,21/09/2023
TXN_3486548,CHÁ,1,1.5,1.5,CARTEIRA DIGITAL,,08/07/2023
TXN_1465584,LANCHE,1,4.0,4.0,CARTÃO DE CRÉDITO,PRESENCIAL,29/04/2023
TXN_9285925,,5,3.0,15.0,DINHEIRO,PRESENCIAL,20/06/2023
TXN_7662502,BOLO,1,3.0,3.0,,PRESENCIAL,06/03/2023
TXN_3212505,LANCHE,3,4.0,12.0,CARTÃO DE CRÉDITO,,15/07/2023
TXN_7331903,,1,5.0,5.0,,PARA VIAGEM,23/05/2023
TXN_2311188,BOLO,2,3.0,6.0,CARTEIRA DIGITAL,,07/09/2023
TXN_6344806,SUCO,3,3.0,9.0,CARTÃO DE CRÉDITO,,08/05/2023
TXN_4891221,BISCOITO,5,1.0,5.0,,PARA VIAGEM,09/12/2023
TXN_1316036,,2,3.0,6.0,DINHEIRO,PARA VIAGEM,27/10/2023
TXN_7419274,SUCO,2,3.0,6.0,DINHEIRO,PARA VIAGEM,18/12/2023
TXN_2178059,LANCHE,4,4.0,16.0,,PRESENCIAL,24/03/2023
TXN_2205071,CAFÉ,5,2.0,10.0,CARTÃO DE CRÉDITO,PRESENCIAL,23/11/2023
TXN_5790078,SUCO,4,3.0,12.0,CARTEIRA DIGITAL,PARA VIAGEM,16/04/2023
TXN_4119210,CHÁ,3,1.5,4.5,DINHEIRO,PRESENCIAL,02/05/2023
TXN_2349072,VITAMINA,5,4.0,20.0,DINHEIRO,PARA VIAGEM,06/09/2023
TXN_3670103,CHÁ,2,1.5,3.0,,PRESENCIAL,30/04/2023
TXN_1933628,,2,3.0,6.0,DINHEIRO,PRESENCIAL,27/08/2023
TXN_6444911,SUCO,5,3.0,15.0,CARTÃO DE CRÉDITO,,11/02/2023
TXN_4186842,SUCO,5,3.0,15.0,,PARA VIAGEM,29/10/2023
TXN_2194305,LANCHE,2,4.0,8.0,CARTÃO DE CRÉDITO,PARA VIAGEM,16/09/2023
TXN_2002049,CAFÉ,5,2.0,10.0,,,17/03/2023
TXN_4837447,BOLO,2,3.0,6.0,CARTEIRA DIGITAL,PARA VIAGEM,06/11/2023
TXN_5517185,VITAMINA,3,4.0,12.0,CARTEIRA DIGITAL,,05/11/2023
TXN_9658905,,5,1.5,7.5,DINHEIRO,PARA VIAGEM,16/05/2023
TXN_3373997,SALADA,4,5.0,20.0,,,01/02/2023
TXN_1950343,BISCOITO,2,1.0,2.0,,,25/07/2023
TXN_4477016,LANCHE,4,4.0,,,PRESENCIAL,12/04/2023
TXN_2644403,CHÁ,4,1.5,6.0,,,22/12/2023
TXN_7006741,LANCHE,,4.0,8.0,CARTEIRA DIGITAL,,30/12/2023
TXN_7246698,LANCHE,3,4.0,12.0,,PRESENCIAL,22/06/2023
TXN_8063016,BISCOITO,1,1.0,,DINHEIRO,,27/02/2023
TXN_9215670,CAFÉ,3,,6.0,DINHEIRO,PARA VIAGEM,04/05/2023
TXN_6780463,CHÁ,3,1.5,4.5,,,26/10/2023
TXN_5975573,,1,1.0,1.0,,PARA VIAGEM,20/01/2023
TXN_5560669,SALADA,5,5.0,25.0,CARTÃO DE CRÉDITO,,30/06/2023
TXN_4046095,SUCO,2,3.0,6.0,CARTEIRA DIGITAL,PARA VIAGEM,12/10/2023
TXN_6559598,SUCO,1,3.0,3.0,CARTEIRA DIGITAL,,08/05/2023
TXN_9707159,BOLO,5,3.0,15.0,CARTÃO DE CRÉDITO,PRESENCIAL,10/11/2023
TXN_9983518,CHÁ,2,1.5,3.0,CARTÃO DE CRÉDITO,PRESENCIAL,18/07/2023
TXN_1714348,LANCHE,2,4.0,8.0,DINHEIRO,PARA VIAGEM,31/12/2023
TXN_8211288,VITAMINA,1,4.0,4.0,DINHEIRO,PRESENCIAL,23/04/2023
TXN_7035067,SALADA,2,,10.0,DINHEIRO,,29/09/2023
TXN_6335423,CAFÉ,2,2.0,4.0,CARTÃO DE CRÉDITO,PRESENCIAL,18/06/2023
TXN_9475783,LANCHE,5,4.0,20.0,CARTÃO DE CRÉDITO,PARA VIAGEM,11/02/2023
TXN_4108869,VITAMINA,5,4.0,20.0,,,02/05/2023
TXN_6011341,SUCO,4,3.0,12.0,,PRESENCIAL,21/12/2023
TXN_5257531,CHÁ,2,1.5,3.0,,,10/04/2023
TXN_1645743,BISCOITO,4,1.0,4.0,CARTEIRA DIGITAL,PARA VIAGEM,02/07/2023
TXN_8167311,SALADA,1,5.0,5.0,,PARA VIAGEM,09/10/2023
TXN_2377667,VITAMINA,3,4.0,12.0,CARTEIRA DIGITAL,PARA VIAGEM,27/10/2023
TXN_9554670,,4,3.0,12.0,CARTÃO DE CRÉDITO,PRESENCIAL,20/06/2023
TXN_3312574,BISCOITO,2,1.0,2.0,,,03/11/2023
TXN_9208629,BOLO,1,3.0,3.0,,PARA VIAGEM,30/03/2023
TXN_6846085,BISCOITO,4,1.0,4.0,CARTEIRA DIGITAL,,26/02/2023
TXN_5430200,LANCHE,,4.0,12.0,CARTÃO DE CRÉDITO,PARA VIAGEM,12/11/2023
TXN_5135172,,4,5.0,20.0,CARTEIRA DIGITAL,PRESENCIAL,10/12/2023
TXN_2282416,CHÁ,,1.5,6.0,,PARA VIAGEM,29/04/2023
TXN_6716151,LANCHE,3,4.0,12.0,CARTEIRA DIGITAL,PARA VIAGEM,26/01/2023
TXN_5303258,LANCHE,4,4.0,16.0,CARTEIRA DIGITAL,PRESENCIAL,28/09/2023
TXN_2947683,BOLO,3,3.0,9.0,,PRESENCIAL,14/05/2023
TXN_8831659,LANCHE,1,4.0,4.0,CARTÃO DE CRÉDITO,,29/01/2023
TXN_8980495,,,4.0,16.0,CARTÃO DE CRÉDITO,PARA VIAGEM,17/11/2023
TXN_9129298,,1,2.0,2.0,,,19/12/2023
TXN_2188342,CAFÉ,3,2.0,6.0,DINHEIRO,,10/09/2023
TXN_3843943,CHÁ,5,1.5,7.5,,PARA VIAGEM,01/07/2023
TXN_4989644,SUCO,5,,15.0,CARTEIRA DIGITAL,,13/11/2023
TXN_9456357,BOLO,3,3.0,9.0,CARTÃO DE CRÉDITO,,21/02/2023
TXN_9549021,SALADA,2,5.0,10.0,,,25/11/2023
TXN_9263030,LANCHE,5,4.0,20.0,DINHEIRO,PARA VIAGEM,03/07/2023
TXN_9732454,VITAMINA,5,,20.0,,PRESENCIAL,28/07/2023
TXN_4129476,CAFÉ,2,2.0,4.0,DINHEIRO,,24/10/2023
TXN_7060691,SALADA,5,5.0,25.0,CARTÃO DE CRÉDITO,,25/10/2023
TXN_8048357,SALADA,4,5.0,20.0,,PRESENCIAL,
TXN_5528787,SUCO,2,3.0,6.0,CARTEIRA DIGITAL,,22/10/2023
TXN_8952145,BOLO,3,3.0,9.0,CARTÃO DE CRÉDITO,PARA VIAGEM,28/01/2023
TXN_8062811,CAFÉ,2,2.0,,DINHEIRO,PARA VIAGEM,07/04/2023
TXN_9710982,,4,,16.0,,,03/03/2023
TXN_2020445,VITAMINA,2,4.0,8.0,DINHEIRO,,06/03/2023
TXN_7855761,BISCOITO,1,1.0,1.0,DINHEIRO,PRESENCIAL,10/01/2023
TXN_9455977,CHÁ,1,1.5,1.5,CARTEIRA DIGITAL,PARA VIAGEM,10/03/2023
TXN_6684056,VITAMINA,2,4.0,,,,14/09/2023
TXN_6085326,BOLO,2,3.0,6.0,,,22/08/2023
TXN_4528522,CAFÉ,5,2.0,10.0,CARTEIRA DIGITAL,PARA VIAGEM,04/12/2023
TXN_7049861,BOLO,5,3.0,15.0,DINHEIRO,PRESENCIAL,20/01/2023
TXN_7312448,CHÁ,1,1.5,1.5,,,16/01/2023
TXN_2201857,VITAMINA,,4.0,4.0,,PARA VIAGEM,19/02/2023
TXN_4982382,SALADA,1,5.0,5.0,DINHEIRO,,05/01/2023
TXN_9001844,LANCHE,1,4.0,4.0,DINHEIRO,PARA VIAGEM,02/08/2023
TXN_9104710,SALADA,5,5.0,25.0,DINHEIRO,PARA VIAGEM,20/03/2023
TXN_8266662,CAFÉ,5,2.0,10.0,CARTÃO DE CRÉDITO,,09/04/2023
TXN_9178213,,2,2.0,4.0,CARTEIRA DIGITAL,PARA VIAGEM,27/02/2023
TXN_7755216,SALADA,5,5.0,25.0,,PRESENCIAL,03/02/2023
TXN_2241162,SUCO,3,3.0,,,,09/08/2023
TXN_5757933,CHÁ,1,1.5,1.5,DINHEIRO,,20/02/2023
TXN_8859144,BOLO,1,3.0,3.0,CARTEIRA DIGITAL,PARA VIAGEM,15/01/2023
TXN_8740257,BOLO,5,3.0,15.0,CARTEIRA DIGITAL,,09/06/2023
TXN_4271034,VITAMINA,3,4.0,12.0,CARTEIRA DIGITAL,PRESENCIAL,28/02/2023
TXN_2741424,CHÁ,4,1.5,6.0,CARTÃO DE CRÉDITO,PRESENCIAL,03/05/2023
TXN_4709135,LANCHE,2,4.0,8.0,CARTÃO DE CRÉDITO,PARA VIAGEM,
TXN_6676143,LANCHE,5,4.0,20.0,DINHEIRO,PRESENCIAL,21/05/2023
TXN_2199647,SALADA,1,5.0,5.0,DINHEIRO,,05/05/2023
TXN_3016079,VITAMINA,3,4.0,12.0,CARTEIRA DIGITAL,PARA VIAGEM,24/09/2023
TXN_3140950,SUCO,5,3.0,15.0,CARTÃO DE CRÉDITO,,
TXN_6881662,SALADA,2,5.0,10.0,CARTEIRA DIGITAL,PARA VIAGEM,10/07/2023
TXN_4238818,CAFÉ,2,2.0,4.0,CARTEIRA DIGITAL,,05/04/2023
TXN_2146829,SALADA,4,5.0,20.0,DINHEIRO,,26/12/2023
TXN_8131537,VITAMINA,2,4.0,8.0,CARTÃO DE CRÉDITO,,03/12/2023
TXN_9812021,CHÁ,5,1.5,7.5,CARTÃO DE CRÉDITO,PRESENCIAL,12/02/2023
TXN_7947711,SALADA,3,5.0,15.0,CARTEIRA DIGITAL,PARA VIAGEM,06/12/2023
TXN_6774688,SALADA,1,5.0,5.0,CARTÃO DE CRÉDITO,,18/01/2023
TXN_3949676,SUCO,4,3.0,12.0,CARTÃO DE CRÉDITO,PRESENCIAL,21/12/2023
TXN_4283693,SALADA,2,5.0,10.0,DINHEIRO,PRESENCIAL,05/01/2023
TXN_2274945,LANCHE,4,4.0,16.0,DINHEIRO,PRESENCIAL,29/03/2023
TXN_5757196,SUCO,5,3.0,,,PRESENCIAL,
TXN_6787259,LANCHE,2,4.0,8.0,CARTÃO DE CRÉDITO,PRESENCIAL,18/08/2023
TXN_7062893,VITAMINA,2,4.0,,CARTEIRA DIGITAL,PRESENCIAL,15/10/2023
TXN_7482834,LANCHE,,4.0,20.0,,PRESENCIAL,16/05/2023
TXN_8533584,BISCOITO,2,1.0,2.0,DINHEIRO,PARA VIAGEM,11/03/2023
TXN_4311369,VITAMINA,2,4.0,8.0,CARTEIRA DIGITAL,PARA VIAGEM,18/08/2023
TXN_7123353,BISCOITO,4,1.0,4.0,,PRESENCIAL,08/02/2023
TXN_8230414,LANCHE,4,4.0,16.0,DINHEIRO,,20/11/2023
TXN_3738314,LANCHE,4,4.0,16.0,,,06/08/2023
TXN_3200434,BOLO,4,3.0,12.0,,,18/02/2023
TXN_7485706,BISCOITO,5,1.0,5.0,CARTÃO DE CRÉDITO,PARA VIAGEM,15/11/2023
TXN_9908225,VITAMINA,5,4.0,20.0,CARTÃO DE CRÉDITO,PRESENCIAL,04/01/2023
TXN_7163533,VITAMINA,4,4.0,16.0,CARTÃO DE CRÉDITO,PARA VIAGEM,17/08/2023
TXN_6867995,BISCOITO,3,1.0,3.0,CARTEIRA DIGITAL,PRESENCIAL,15/10/2023
TXN_9563685,SALADA,1,5.0,5.0,CARTÃO DE CRÉDITO,,28/07/2023
TXN_3345675,BISCOITO,4,1.0,4.0,,,23/09/2023
TXN_9890734,VITAMINA,4,4.0,16.0,,PARA VIAGEM,17/04/2023
TXN_7697294,VITAMINA,3,4.0,12.0,,,17/01/2023
TXN_5256055,SALADA,5,5.0,25.0,CARTÃO DE CRÉDITO,PARA VIAGEM,07/02/2023
TXN_3399674,VITAMINA,5,,20.0,CARTEIRA DIGITAL,,09/12/2023
TXN_6067979,LANCHE,1,4.0,4.0,CARTÃO DE CRÉDITO,PRESENCIAL,29/07/2023
TXN_4340811,BOLO,5,3.0,15.0,,PRESENCIAL,15/04/2023
TXN_6515226,SUCO,1,3.0,3.0,CARTEIRA DIGITAL,,05/01/2023
TXN_6069730,SUCO,1,3.0,3.0,DINHEIRO,PRESENCIAL,05/02/2023
TXN_2396191,SUCO,4,3.0,12.0,CARTÃO DE CRÉDITO,,12/05/2023
TXN_5223162,SUCO,3,3.0,9.0,CARTEIRA DIGITAL,,29/10/2023
TXN_4224401,SALADA,3,5.0,15.0,CARTEIRA DIGITAL,PRESENCIAL,18/12/2023
TXN_9298882,LANCHE,3,4.0,12.0,,,13/01/2023
TXN_1048616,CHÁ,1,1.5,,DINHEIRO,,10/10/2023
TXN_5896141,VITAMINA,5,4.0,20.0,,PRESENCIAL,08/03/2023
TXN_8549341,BOLO,5,3.0,15.0,DINHEIRO,PARA VIAGEM,
TXN_6929664,CAFÉ,1,2.0,2.0,,PARA VIAGEM,05/03/2023
TXN_1570632,LANCHE,5,4.0,,CARTEIRA DIGITAL,,28/02/2023
TXN_4650811,CHÁ,5,1.5,7.5,DINHEIRO,,26/09/2023
TXN_9858152,VITAMINA,2,4.0,8.0,CARTEIRA DIGITAL,PRESENCIAL,28/01/2023
TXN_2666773,SUCO,3,3.0,9.0,CARTÃO DE CRÉDITO,,29/06/2023
TXN_1387062,,5,4.0,20.0,CARTÃO DE CRÉDITO,,22/08/2023
TXN_4060332,VITAMINA,3,4.0,12.0,CARTÃO DE CRÉDITO,PARA VIAGEM,10/07/2023
TXN_2780349,CAFÉ,5,2.0,10.0,DINHEIRO,,12/11/2023
TXN_5923474,BOLO,4,3.0,12.0,,PRESENCIAL,
TXN_2905218,VITAMINA,5,4.0,20.0,DINHEIRO,PRESENCIAL,03/09/2023
TXN_2041190,SUCO,1,3.0,3.0,CARTEIRA DIGITAL,,04/11/2023
TXN_8269366,LANCHE,1,4.0,4.0,,,31/10/2023
TXN_8277583,BISCOITO,5,1.0,5.0,CARTEIRA DIGITAL,PARA VIAGEM,15/08/2023
TXN_3785049,LANCHE,4,4.0,16.0,,,26/11/2023
TXN_8819928,CAFÉ,5,2.0,10.0,,,03/06/2023
TXN_2078317,CHÁ,1,1.5,1.5,DINHEIRO,PRESENCIAL,21/09/2023
TXN_8657361,,4,2.0,8.0,,PARA VIAGEM,24/01/2023
TXN_4442954,CAFÉ,2,2.0,4.0,DINHEIRO,,15/12/2023
TXN_8076449,SUCO,3,3.0,9.0,,PARA VIAGEM,
TXN_1560873,BISCOITO,2,1.0,2.0,,PARA VIAGEM,19/07/2023
TXN_7057481,VITAMINA,3,4.0,12.0,DINHEIRO,PRESENCIAL,11/07/2023
TXN_6869767,VITAMINA,2,4.0,,CARTEIRA DIGITAL,PARA VIAGEM,06/06/2023
TXN_3705445,BISCOITO,5,,,DINHEIRO,PRESENCIAL,13/09/2023
TXN_9714665,SALADA,1,5.0,5.0,,PARA VIAGEM,11/11/2023
TXN_4155770,SALADA,5,5.0,25.0,,PRESENCIAL,20/09/2023
TXN_1828494,SUCO,2,3.0,6.0,CARTEIRA DIGITAL,PARA VIAGEM,21/07/2023
TXN_5992635,CAFÉ,4,2.0,8.0,CARTEIRA DIGITAL,PARA VIAGEM,
TXN_6011304,BOLO,4,3.0,,DINHEIRO,,20/11/2023
TXN_6223157,SALADA,1,5.0,5.0,,PARA VIAGEM,13/09/2023
TXN_8526084,BOLO,5,3.0,15.0,,PARA VIAGEM,05/03/2023
TXN_3509609,VITAMINA,3,4.0,12.0,CARTEIRA DIGITAL,PARA VIAGEM,25/12/2023
TXN_4276442,BOLO,4,3.0,12.0,CARTÃO DE CRÉDITO,PRESENCIAL,25/01/2023
TXN_4532475,CAFÉ,,2.0,2.0,CARTEIRA DIGITAL,,23/04/2023
TXN_7956243,BOLO,4,3.0,12.0,DINHEIRO,PARA VIAGEM,23/05/2023
TXN_4798335,LANCHE,5,4.0,20.0,,PARA VIAGEM,16/02/2023
TXN_9336674,SALADA,4,5.0,20.0,,,18/01/2023
TXN_5257169,SUCO,4,3.0,12.0,CARTÃO DE CRÉDITO,,12/01/2023
TXN_5929633,BOLO,3,3.0,9.0,,PRESENCIAL,27/02/2023
TXN_9323014,BISCOITO,3,1.0,3.0,,PRESENCIAL,15/08/2023
TXN_5764902,CHÁ,,1.5,7.5,,PARA VIAGEM,22/03/2023
TXN_1473693,VITAMINA,4,4.0,16.0,,PARA VIAGEM,14/05/2023
TXN_3827851,CAFÉ,1,2.0,2.0,,,09/01/2023
TXN_9087746,CAFÉ,4,2.0,,CARTEIRA DIGITAL,,03/04/2023
TXN_3709853,VITAMINA,2,4.0,8.0,CARTÃO DE CRÉDITO,PARA VIAGEM,21/08/2023
TXN_9665245,,1,1.0,1.0,,PARA VIAGEM,17/10/2023
TXN_9486849,BOLO,,3.0,3.0,DINHEIRO,PARA VIAGEM,17/03/2023
TXN_7581536,VITAMINA,2,,8.0,DINHEIRO,,29/12/2023
TXN_1408709,VITAMINA,5,4.0,20.0,DINHEIRO,PARA VIAGEM,14/04/2023
TXN_6494850,CAFÉ,,2.0,4.0,DINHEIRO,,08/07/2023
TXN_4003040,BISCOITO,4,1.0,4.0,CARTÃO DE CRÉDITO,PRESENCIAL,12/09/2023
TXN_1021087,LANCHE,1,4.0,4.0,,,01/11/2023
TXN_1082717,,,,9.0,CARTEIRA DIGITAL,PRESENCIAL,13/12/2023
TXN_2530326,LANCHE,5,4.0,20.0,,PRESENCIAL,06/05/2023
TXN_1309653,SALADA,2,5.0,10.0,DINHEIRO,PRESENCIAL,
TXN_9781679,LANCHE,2,4.0,8.0,CARTÃO DE CRÉDITO,PARA VIAGEM,08/09/2023
TXN_8208915,SUCO,,3.0,6.0,DINHEIRO,,09/05/2023
TXN_5499117,SALADA,4,5.0,20.0,CARTEIRA DIGITAL,,16/07/2023
TXN_8566499,SALADA,,5.0,25.0,CARTEIRA DIGITAL,PRESENCIAL,27/12/2023
TXN_8510450,,4,3.0,12.0,,,04/01/2023
TXN_9370771,SUCO,5,3.0,15.0,DINHEIRO,PRESENCIAL,21/08/2023
TXN_5914284,CAFÉ,2,2.0,4.0,CARTÃO DE CRÉDITO,PARA VIAGEM,25/06/2023
TXN_9590819,CAFÉ,3,2.0,6.0,,PRESENCIAL,21/11/2023
TXN_9878649,VITAMINA,5,4.0,20.0,DINHEIRO,PARA VIAGEM,18/09/2023
TXN_5909816,SUCO,5,3.0,15.0,DINHEIRO,PARA VIAGEM,19/09/2023
TXN_9461980,SALADA,1,5.0,5.0,CARTÃO DE CRÉDITO,PRESENCIAL,14/04/2023
TXN_8090470,LANCHE,4,4.0,16.0,CARTEIRA DIGITAL,PARA VIAGEM,18/11/2023
TXN_9041473,VITAMINA,2,4.0,8.0,CARTEIRA DIGITAL,,
TXN_6052534,SALADA,4,5.0,20.0,DINHEIRO,,19/02/2023
TXN_1392546,BOLO,,3.0,6.0,CARTEIRA DIGITAL,PRESENCIAL,06/12/2023
TXN_8128146,,2,3.0,6.0,DINHEIRO,PRESENCIAL,16/05/2023
TXN_2119325,BOLO,5,3.0,15.0,,PRESENCIAL,13/11/2023
TXN_9067752,VITAMINA,2,4.0,8.0,CARTEIRA DIGITAL,PARA VIAGEM,24/04/2023
TXN_8211133,CHÁ,2,1.5,3.0,,PARA VIAGEM,31/08/2023
TXN_2331025,BISCOITO,2,1.0,2.0,DINHEIRO,,28/04/2023
TXN_3543133,CHÁ,2,1.5,3.0,,,08/04/2023
TXN_2640771,BISCOITO,2,1.0,2.0,CARTEIRA DIGITAL,PARA VIAGEM,27/01/2023
TXN_1103883,BISCOITO,5,1.0,5.0,CARTÃO DE CRÉDITO,,09/08/2023
TXN_8593064,VITAMINA,4,4.0,16.0,DINHEIRO,PARA VIAGEM,12/03/2023
TXN_1803599,,1,4.0,4.0,CARTEIRA DIGITAL,PARA VIAGEM,30/08/2023
TXN_2873573,CAFÉ,3,2.0,6.0,,PRESENCIAL,11/01/2023
TXN_9223045,CHÁ,5,,7.5,CARTÃO DE CRÉDITO,PRESENCIAL,29/10/2023
TXN_9502424,,4,3.0,12.0,DINHEIRO,,06/09/2023
TXN_8659330,CHÁ,4,1.5,6.0,CARTÃO DE CRÉDITO,PARA VIAGEM,20/08/2023
TXN_5615754,VITAMINA,5,,20.0,CARTEIRA DIGITAL,PARA VIAGEM,16/04/2023
TXN_2898571,VITAMINA,3,4.0,12.0,,,10/05/2023
TXN_1584851,VITAMINA,1,4.0,4.0,CARTÃO DE CRÉDITO,,10/04/2023
TXN_9430262,CAFÉ,5,2.0,10.0,,,16/03/2023
TXN_9042309,CAFÉ,2,2.0,4.0,DINHEIRO,,03/12/2023
TXN_4816652,LANCHE,1,4.0,4.0,,,17/07/2023
TXN_8127929,,5,1.0,5.0,CARTÃO DE CRÉDITO,PARA VIAGEM,08/10/2023
TXN_8567172,CAFÉ,3,2.0,,,PRESENCIAL,05/02/2023
TXN_2317867,CHÁ,5,1.5,7.5,DINHEIRO,PRESENCIAL,23/01/2023
TXN_4416436,CAFÉ,3,2.0,6.0,CARTEIRA DIGITAL,,17/05/2023
TXN_7467621,SALADA,4,5.0,20.0,CARTÃO DE CRÉDITO,PARA VIAGEM,28/01/2023
TXN_5005999,SALADA,4,5.0,20.0,DINHEIRO,,09/01/2023
TXN_8664295,VITAMINA,2,4.0,8.0,CARTÃO DE CRÉDITO,,23/02/2023
TXN_4831311,,2,2.0,4.0,DINHEIRO,PARA VIAGEM,15/07/2023
TXN_2528186,,2,2.0,4.0,DINHEIRO,,17/06/2023
TXN_4971093,VITAMINA,4,4.0,16.0,,PARA VIAGEM,27/03/2023
TXN_3602272,VITAMINA,3,4.0,12.0,CARTEIRA DIGITAL,PARA VIAGEM,15/02/2023
TXN_4913329,CAFÉ,5,2.0,10.0,CARTÃO DE CRÉDITO,PARA VIAGEM,30/10/2023
TXN_8830809,LANCHE,5,4.0,20.0,CARTEIRA DIGITAL,PRESENCIAL,31/07/2023
TXN_7223387,SUCO,3,3.0,9.0,DINHEIRO,,17/12/2023
TXN_1629092,BISCOITO,3,1.0,3.0,CARTÃO DE CRÉDITO,,13/02/2023
TXN_4363360,VITAMINA,1,4.0,,CARTÃO DE CRÉDITO,,22/12/2023
TXN_9689507,SALADA,3,5.0,,DINHEIRO,PRESENCIAL,10/06/2023
TXN_3317406,LANCHE,3,4.0,12.0,,PARA VIAGEM,04/01/2023
TXN_9662632,SALADA,4,5.0,20.0,CARTEIRA DIGITAL,PRESENCIAL,10/08/2023
TXN_1364211,SALADA,2,5.0,10.0,,PRESENCIAL,08/03/2023
TXN_1102876,BISCOITO,1,1.0,1.0,DINHEIRO,,
TXN_2673294,CAFÉ,3,2.0,,DINHEIRO,,11/11/2023
TXN_2112848,BISCOITO,4,1.0,4.0,CARTÃO DE CRÉDITO,PRESENCIAL,16/10/2023
TXN_1801691,SALADA,1,5.0,5.0,,PARA VIAGEM,18/05/2023
TXN_6424195,CAFÉ,3,2.0,6.0,,PARA VIAGEM,14/09/2023
TXN_7854162,BOLO,5,3.0,15.0,CARTEIRA DIGITAL,,
TXN_6923480,CAFÉ,3,2.0,6.0,DINHEIRO,PARA VIAGEM,27/10/2023
TXN_7416669,CHÁ,3,1.5,4.5,,,28/09/2023
TXN_3693990,BISCOITO,2,1.0,2.0,,PRESENCIAL,19/07/2023
TXN_8652632,CHÁ,1,1.5,,CARTEIRA DIGITAL,,12/01/2023
TXN_4141765,BOLO,5,3.0,15.0,,,17/12/2023
TXN_8180793,BISCOITO,4,1.0,4.0,CARTEIRA DIGITAL,,17/11/2023
TXN_8875195,LANCHE,5,4.0,20.0,CARTÃO DE CRÉDITO,PRESENCIAL,21/08/2023
TXN_9928552,LANCHE,5,4.0,20.0,CARTÃO DE CRÉDITO,PARA VIAGEM,13/06/2023
TXN_3456748,SUCO,2,3.0,6.0,DINHEIRO,PRESENCIAL,30/01/2023
TXN_5680687,SALADA,4,5.0,,CARTÃO DE CRÉDITO,,22/11/2023
TXN_9349736,LANCHE,5,4.0,20.0,DINHEIRO,,18/03/2023
TXN_7558010,SUCO,4,3.0,12.0,,,27/03/2023
TXN_8172897,BISCOITO,3,1.0,3.0,,PARA VIAGEM,14/03/2023
TXN_8540794,BOLO,4,3.0,12.0,DINHEIRO,,06/04/2023
TXN_5966744,CHÁ,3,1.5,4.5,,PRESENCIAL,13/12/2023
TXN_3132921,CHÁ,,1.5,7.5,CARTÃO DE CRÉDITO,PRESENCIAL,10/01/2023
TXN_7029719,,2,5.0,10.0,CARTEIRA DIGITAL,,18/06/2023
TXN_3912440,CHÁ,2,1.5,3.0,,PRESENCIAL,21/05/2023
TXN_4276702,,1,1.0,1.0,CARTÃO DE CRÉDITO,PRESENCIAL,17/11/2023
TXN_7657615,SUCO,3,3.0,,CARTÃO DE CRÉDITO,,17/07/2023
TXN_4020074,BISCOITO,3,1.0,3.0,,,01/03/2023
TXN_8942747,BISCOITO,5,1.0,5.0,,PARA VIAGEM,14/12/2023
TXN_3902815,SUCO,5,3.0,15.0,,,28/06/2023
TXN_8235042,,1,4.0,4.0,CARTÃO DE CRÉDITO,,
TXN_6218380,BISCOITO,4,1.0,4.0,DINHEIRO,PRESENCIAL,07/02/2023
TXN_6905143,CAFÉ,5,,,DINHEIRO,,09/08/2023
TXN_3839691,CAFÉ,4,2.0,8.0,CARTÃO DE CRÉDITO,PRESENCIAL,13/02/2023
TXN_4866254,SALADA,4,5.0,20.0,DINHEIRO,,18/03/2023
TXN_8935781,CAFÉ,2,2.0,4.0,,,10/09/2023
TXN_2559020,BOLO,1,3.0,3.0,CARTEIRA DIGITAL,PARA VIAGEM,20/07/2023
TXN_8607376,CAFÉ,5,2.0,10.0,DINHEIRO,PRESENCIAL,13/06/2023
TXN_5858713,BISCOITO,2,1.0,2.0,CARTÃO DE CRÉDITO,PRESENCIAL,05/03/2023
TXN_7064604,CAFÉ,,2.0,6.0,CARTEIRA DIGITAL,,26/03/2023
TXN_3312690,BISCOITO,3,1.0,3.0,CARTÃO DE CRÉDITO,PRESENCIAL,01/03/2023
TXN_1547555,VITAMINA,3,4.0,,,PARA VIAGEM,
TXN_8687088,BISCOITO,2,1.0,2.0,CARTÃO DE CRÉDITO,PRESENCIAL,11/05/2023
TXN_3440487,,5,2.0,10.0,DINHEIRO,,22/10/2023
TXN_9618881,CAFÉ,5,2.0,10.0,,,15/02/2023
TXN_5139074,BOLO,1,3.0,3.0,CARTEIRA DIGITAL,PARA VIAGEM,16/11/2023
TXN_2799785,SUCO,1,3.0,3.0,DINHEIRO,,25/01/2023
TXN_4466681,,,2.0,4.0,DINHEIRO,PARA VIAGEM,12/01/2023
TXN_9292025,,2,5.0,10.0,CARTEIRA DIGITAL,PRESENCIAL,25/03/2023
TXN_8155535,BOLO,1,3.0,3.0,,PARA VIAGEM,13/03/2023
TXN_5301926,BOLO,1,3.0,3.0,CARTEIRA DIGITAL,PARA VIAGEM,13/11/2023
TXN_3307518,SUCO,5,3.0,,DINHEIRO,PARA VIAGEM,
TXN_2379467,CAFÉ,5,2.0,10.0,,,01/04/2023
TXN_1837617,SUCO,3,3.0,9.0,,,16/01/2023
TXN_3454881,SALADA,1,5.0,5.0,DINHEIRO,PRESENCIAL,29/11/2023
TXN_4472969,SUCO,1,3.0,3.0,CARTÃO DE CRÉDITO,,15/09/2023
TXN_1905459,VITAMINA,3,4.0,12.0,CARTEIRA DIGITAL,,18/08/2023
TXN_8799945,CAFÉ,2,,4.0,DINHEIRO,,24/11/2023
TXN_4361614,VITAMINA,2,4.0,8.0,,PARA VIAGEM,28/04/2023
TXN_1665056,SALADA,5,5.0,25.0,DINHEIRO,,05/01/2023
TXN_2904046,VITAMINA,1,4.0,4.0,CARTÃO DE CRÉDITO,PRESENCIAL,11/12/2023
TXN_9743274,CHÁ,5,1.5,7.5,,,25/01/2023
TXN_5518232,SALADA,3,5.0,15.0,,PARA VIAGEM,01/05/2023
TXN_3770267,BOLO,2,3.0,6.0,,,21/10/2023
TXN_7177709,SUCO,5,,15.0,,PARA VIAGEM,08/03/2023
TXN_6246494,CAFÉ,3,,6.0,,PRESENCIAL,31/03/2023
TXN_6540200,CHÁ,2,1.5,3.0,CARTEIRA DIGITAL,PRESENCIAL,23/10/2023
TXN_7486118,LANCHE,4,4.0,16.0,,PARA VIAGEM,22/05/2023
TXN_5424614,BOLO,1,3.0,3.0,,PRESENCIAL,12/11/2023
TXN_6271598,SUCO,5,3.0,15.0,DINHEIRO,,18/08/2023
TXN_7562313,BOLO,2,3.0,6.0,,,15/12/2023
TXN_9188774,CHÁ,1,1.5,1.5,CARTEIRA DIGITAL,PARA VIAGEM,14/04/2023
TXN_9685716,BISCOITO,2,1.0,2.0,CARTEIRA DIGITAL,,26/02/2023
TXN_7493800,BOLO,5,3.0,15.0,CARTÃO DE CRÉDITO,PARA VIAGEM,16/08/2023
TXN_6833564,VITAMINA,5,4.0,20.0,,,21/04/2023
TXN_9411395,CAFÉ,5,2.0,10.0,,,12/05/2023
TXN_8413251,LANCHE,3,4.0,12.0,DINHEIRO,PARA VIAGEM,18/08/2023
TXN_6990331,SUCO,1,3.0,3.0,CARTEIRA DIGITAL,,30/07/2023
TXN_6007721,,4,4.0,16.0,DINHEIRO,PRESENCIAL,21/08/2023
TXN_2107161,BISCOITO,4,1.0,4.0,CARTÃO DE CRÉDITO,,
TXN_2715086,SUCO,2,3.0,6.0,DINHEIRO,,03/11/2023
TXN_1444932,VITAMINA,1,4.0,4.0,DINHEIRO,PRESENCIAL,24/05/2023
TXN_2747156,BISCOITO,1,1.0,1.0,,PRESENCIAL,29/01/2023
TXN_6901094,SALADA,1,5.0,5.0,DINHEIRO,PRESENCIAL,
TXN_5065748,BOLO,5,3.0,15.0,CARTÃO DE CRÉDITO,PRESENCIAL,19/07/2023
TXN_8014645,BOLO,2,3.0,6.0,DINHEIRO,PARA VIAGEM,06/07/2023
TXN_2910247,VITAMINA,4,4.0,16.0,CARTEIRA DIGITAL,,02/12/2023
TXN_2111973,CHÁ,4,1.5,6.0,CARTEIRA DIGITAL,PRESENCIAL,
TXN_3251591,LANCHE,,4.0,12.0,,PARA VIAGEM,26/01/2023
TXN_4549977,BISCOITO,1,1.0,1.0,DINHEIRO,,21/08/2023
TXN_1736294,CAFÉ,3,2.0,6.0,CARTEIRA DIGITAL,,06/09/2023
TXN_1698600,SALADA,4,5.0,20.0,DINHEIRO,PARA VIAGEM,31/07/2023
TXN_3463568,SALADA,2,5.0,10.0,CARTEIRA DIGITAL,PRESENCIAL,12/04/2023
TXN_6773319,CHÁ,4,1.5,,,PARA VIAGEM,03/05/2023
TXN_5504920,BOLO,5,,15.0,DINHEIRO,PARA VIAGEM,30/09/2023
TXN_8392086,VITAMINA,4,4.0,16.0,,,12/07/2023
TXN_9968926,SUCO,2,3.0,6.0,CARTEIRA DIGITAL,PARA VIAGEM,15/03/2023
TXN_4719069,SUCO,2,3.0,6.0,CARTEIRA DIGITAL,,04/01/2023
TXN_3809941,BISCOITO,4,1.0,4.0,CARTÃO DE CRÉDITO,,01/11/2023
TXN_1935119,CAFÉ,4,2.0,8.0,CARTÃO DE CRÉDITO,PARA VIAGEM,15/07/2023
TXN_8246369,SUCO,1,3.0,,CARTÃO DE CRÉDITO,,16/10/2023
TXN_2009782,SALADA,5,5.0,25.0,CARTÃO DE CRÉDITO,,11/05/2023
TXN_4635230,LANCHE,3,4.0,12.0,,PRESENCIAL,10/06/2023
TXN_9583176,BISCOITO,5,1.0,5.0,,PRESENCIAL,03/05/2023
TXN_6784478,BISCOITO,2,1.0,2.0,CARTÃO DE CRÉDITO,PARA VIAGEM,21/12/2023
TXN_9349471,CAFÉ,3,2.0,6.0,CARTEIRA DIGITAL,,
TXN_3866162,BOLO,5,3.0,15.0,DINHEIRO,PARA VIAGEM,08/06/2023
TXN_7612056,BISCOITO,5,1.0,5.0,CARTÃO DE CRÉDITO,,08/03/2023
TXN_5349355,,2,5.0,10.0,CARTEIRA DIGITAL,PRESENCIAL,10/05/2023
TXN_9259900,SALADA,4,5.0,20.0,CARTEIRA DIGITAL,,07/08/2023
TXN_4650834,SALADA,3,5.0,15.0,CARTEIRA DIGITAL,PARA VIAGEM,14/07/2023
TXN_6576987,SALADA,3,,15.0,CARTÃO DE CRÉDITO,PARA VIAGEM,12/03/2023
TXN_1192970,CAFÉ,2,2.0,4.0,CARTEIRA DIGITAL,PARA VIAGEM,17/06/2023
TXN_7645464,CHÁ,5,1.5,7.5,DINHEIRO,PARA VIAGEM,17/08/2023
TXN_4205860,SALADA,5,5.0,25.0,,,10/09/2023
TXN_9495855,SUCO,2,3.0,6.0,DINHEIRO,PRESENCIAL,18/04/2023
TXN_5712248,LANCHE,5,4.0,20.0,,PARA VIAGEM,02/03/2023
TXN_4582966,SUCO,2,3.0,6.0,,,28/10/2023
TXN_4203885,CHÁ,3,1.5,4.5,DINHEIRO,,11/05/2023
TXN_1887083,SUCO,1,3.0,3.0,CARTEIRA DIGITAL,,05/05/2023
TXN_5602640,VITAMINA,5,4.0,20.0,,PARA VIAGEM,01/04/2023
TXN_8285410,CAFÉ,4,2.0,8.0,CARTÃO DE CRÉDITO,,10/09/2023
TXN_5654663,SUCO,,3.0,3.0,,PARA VIAGEM,31/07/2023
TXN_6687699,SALADA,4,5.0,20.0,DINHEIRO,PRESENCIAL,11/09/2023
TXN_4331281,BOLO,,3.0,9.0,CARTEIRA DIGITAL,PARA VIAGEM,03/02/2023
TXN_2390146,CAFÉ,3,2.0,6.0,,,24/06/2023
TXN_9478033,BOLO,2,3.0,6.0,,PRESENCIAL,08/04/2023
TXN_8546777,BOLO,4,3.0,12.0,,PRESENCIAL,16/03/2023
TXN_6433362,BISCOITO,2,1.0,2.0,DINHEIRO,PRESENCIAL,07/12/2023
TXN_4991594,VITAMINA,2,4.0,8.0,CARTÃO DE CRÉDITO,PRESENCIAL,08/12/2023
TXN_9016451,BISCOITO,3,1.0,3.0,,,16/10/2023
TXN_3516296,LANCHE,3,4.0,12.0,,PRESENCIAL,29/05/2023
TXN_9464961,LANCHE,4,4.0,,DINHEIRO,PRESENCIAL,23/11/2023
TXN_7445257,CAFÉ,1,2.0,2.0,,,02/04/2023
TXN_4463677,SALADA,5,5.0,25.0,CARTEIRA DIGITAL,PRESENCIAL,27/02/2023
TXN_4886990,SALADA,3,5.0,15.0,,PARA VIAGEM,17/12/2023
TXN_4962147,BOLO,2,3.0,6.0,,,07/02/2023
TXN_5575420,VITAMINA,3,4.0,12.0,,PRESENCIAL,26/06/2023
TXN_1687822,SALADA,4,5.0,20.0,CARTÃO DE CRÉDITO,PARA VIAGEM,
TXN_3628566,CAFÉ,5,2.0,10.0,,,17/08/2023
TXN_5297746,CAFÉ,3,2.0,6.0,CARTÃO DE CRÉDITO,PRESENCIAL,11/07/2023
TXN_5230719,BOLO,5,3.0,15.0,CARTÃO DE CRÉDITO,,23/03/2023
TXN_9244886,CAFÉ,1,2.0,2.0,,PARA VIAGEM,09/02/2023
TXN_8145813,SUCO,4,3.0,12.0,CARTEIRA DIGITAL,PRESENCIAL,10/02/2023
TXN_4179797,CHÁ,2,1.5,3.0,,,06/11/2023
TXN_7485379,SUCO,1,3.0,3.0,CARTÃO DE CRÉDITO,,27/03/2023
TXN_3171150,,1,3.0,3.0,CARTEIRA DIGITAL,,06/02/2023
TXN_7988991,CHÁ,4,1.5,6.0,CARTEIRA DIGITAL,PRESENCIAL,
TXN_3801485,CAFÉ,5,2.0,10.0,CARTÃO DE CRÉDITO,PRESENCIAL,10/11/2023
TXN_2312908,CAFÉ,3,2.0,6.0,DINHEIRO,PRESENCIAL,07/02/2023
TXN_6826342,,2,3.0,6.0,CARTÃO DE CRÉDITO,,30/03/2023
TXN_3620213,CAFÉ,2,2.0,4.0,CARTÃO DE CRÉDITO,PRESENCIAL,09/09/2023
TXN_4030181,VITAMINA,5,4.0,20.0,CARTÃO DE CRÉDITO,,20/09/2023
TXN_1664563,VITAMINA,3,4.0,12.0,DINHEIRO,,28/04/2023
TXN_2002730,VITAMINA,2,4.0,8.0,,PARA VIAGEM,27/09/2023
TXN_9662827,CHÁ,1,1.5,1.5,,,30/09/2023
TXN_9579691,BISCOITO,5,1.0,5.0,CARTÃO DE CRÉDITO,PRESENCIAL,16/01/2023
TXN_4131020,LANCHE,2,4.0,8.0,CARTÃO DE CRÉDITO,,15/06/2023
TXN_3462602,BOLO,3,3.0,9.0,CARTÃO DE CRÉDITO,PRESENCIAL,27/08/2023
TXN_1149624,BOLO,3,3.0,,,,14/09/2023
TXN_2628157,CAFÉ,,2.0,8.0,CARTEIRA DIGITAL,,26/10/2023
TXN_9152120,LANCHE,4,4.0,16.0,DINHEIRO,PARA VIAGEM,28/03/2023
TXN_9018195,BOLO,5,3.0,15.0,DINHEIRO,,07/10/2023
TXN_7799711,VITAMINA,5,,20.0,CARTEIRA DIGITAL,PARA VIAGEM,03/12/2023
TXN_6697374,VITAMINA,2,4.0,8.0,,,31/07/2023
TXN_9014681,,,4.0,12.0,,PRESENCIAL,03/01/2023
TXN_4366417,LANCHE,3,4.0,12.0,,PARA VIAGEM,10/10/2023
TXN_3930313,BISCOITO,3,1.0,3.0,CARTÃO DE CRÉDITO,PARA VIAGEM,
TXN_7511351,CHÁ,4,1.5,6.0,DINHEIRO,PARA VIAGEM,07/10/2023
TXN_5205595,SUCO,1,3.0,3.0,,PRESENCIAL,01/03/2023
TXN_8276063,CAFÉ,1,2.0,2.0,CARTÃO DE CRÉDITO,,06/01/2023
TXN_1020478,CAFÉ,1,2.0,2.0,CARTEIRA DIGITAL,PARA VIAGEM,09/03/2023
TXN_5176767,VITAMINA,4,4.0,16.0,,PARA VIAGEM,03/05/2023
TXN_6043396,LANCHE,3,4.0,12.0,,PRESENCIAL,07/10/2023
TXN_4975029,VITAMINA,4,4.0,16.0,DINHEIRO,PRESENCIAL,23/04/2023
TXN_9493077,BOLO,4,3.0,12.0,CARTÃO DE CRÉDITO,,10/01/2023
TXN_3493771,BOLO,2,3.0,6.0,,,13/02/2023
TXN_8640673,SUCO,2,3.0,6.0,DINHEIRO,PRESENCIAL,11/09/2023
TXN_4793771,BOLO,4,3.0,12.0,DINHEIRO,,26/12/2023
TXN_8107005,SUCO,3,3.0,9.0,,,15/09/2023
TXN_7857126,BISCOITO,4,1.0,4.0,DINHEIRO,PARA VIAGEM,21/08/2023
TXN_2940613,SUCO,4,3.0,12.0,DINHEIRO,,28/06/2023
TXN_2407379,VITAMINA,4,4.0,16.0,CARTEIRA DIGITAL,,13/03/2023
TXN_3376952,CHÁ,2,,3.0,,PARA VIAGEM,23/10/2023
TXN_4083004,LANCHE,5,4.0,20.0,,PARA VIAGEM,06/03/2023
TXN_3635628,LANCHE,3,4.0,12.0,CARTEIRA DIGITAL,PRESENCIAL,28/10/2023
TXN_3554772,CHÁ,3,1.5,4.5,CARTÃO DE CRÉDITO,,06/10/2023
TXN_9454387,SALADA,2,5.0,10.0,DINHEIRO,PARA VIAGEM,02/01/2023
TXN_9660362,BOLO,2,3.0,6.0,CARTÃO DE CRÉDITO,PARA VIAGEM,16/08/2023
TXN_9281939,,3,1.5,4.5,DINHEIRO,PRESENCIAL,22/05/2023
TXN_2347248,SALADA,1,5.0,5.0,CARTÃO DE CRÉDITO,,11/11/2023
TXN_3732426,LANCHE,2,4.0,8.0,CARTEIRA DIGITAL,,07/03/2023
TXN_8675558,CHÁ,5,1.5,7.5,,PRESENCIAL,23/05/2023
TXN_1963345,VITAMINA,4,4.0,16.0,,PRESENCIAL,12/10/2023
TXN_6332405,SUCO,3,3.0,9.0,CARTEIRA DIGITAL,PARA VIAGEM,03/12/2023
TXN_8946323,CHÁ,2,,3.0,DINHEIRO,,23/08/2023
TXN_1529961,VITAMINA,4,4.0,16.0,CARTÃO DE CRÉDITO,,29/09/2023
TXN_8860052,BOLO,5,3.0,15.0,CARTÃO DE CRÉDITO,PARA VIAGEM,18/07/2023
TXN_6732833,SALADA,1,5.0,5.0,CARTEIRA DIGITAL,PRESENCIAL,21/07/2023
TXN_1983705,,3,3.0,9.0,DINHEIRO,PARA VIAGEM,
TXN_6232398,SUCO,2,3.0,6.0,DINHEIRO,PRESENCIAL,05/07/2023
TXN_2391245,,4,2.0,8.0,CARTEIRA DIGITAL,PRESENCIAL,13/04/2023
TXN_7670296,SUCO,2,3.0,6.0,DINHEIRO,PARA VIAGEM,25/01/2023
TXN_6128086,CHÁ,4,,6.0,CARTEIRA DIGITAL,PARA VIAGEM,26/12/2023
TXN_1141405,BISCOITO,1,1.0,1.0,,,
TXN_4898346,VITAMINA,2,4.0,8.0,DINHEIRO,,07/05/2023
TXN_2807324,LANCHE,2,4.0,8.0,DINHEIRO,,13/11/2023
TXN_4428486,VITAMINA,1,4.0,4.0,,,28/07/2023
TXN_4430772,CAFÉ,5,2.0,10.0,CARTÃO DE CRÉDITO,,11/01/2023
TXN_7251108,,,3.0,9.0,CARTÃO DE CRÉDITO,PRESENCIAL,04/10/2023
TXN_3987718,CHÁ,4,1.5,6.0,,,24/12/2023
TXN_6658070,SUCO,2,3.0,6.0,DINHEIRO,PARA VIAGEM,03/11/2023
TXN_6007437,SUCO,1,3.0,3.0,CARTÃO DE CRÉDITO,,22/11/2023
TXN_6030518,LANCHE,3,4.0,12.0,,PRESENCIAL,20/12/2023
TXN_4228838,CAFÉ,5,2.0,10.0,CARTÃO DE CRÉDITO,PARA VIAGEM,22/09/2023
TXN_3303518,SUCO,4,3.0,12.0,,PRESENCIAL,30/06/2023
TXN_9719921,SALADA,5,5.0,25.0,CARTÃO DE CRÉDITO,,28/07/2023
TXN_1272118,BISCOITO,4,1.0,4.0,CARTÃO DE CRÉDITO,PARA VIAGEM,21/04/2023
TXN_4060215,SALADA,3,5.0,15.0,CARTÃO DE CRÉDITO,PRESENCIAL,12/01/2023
TXN_2569119,SUCO,1,3.0,3.0,CARTÃO DE CRÉDITO,PARA VIAGEM,04/08/2023
TXN_2894945,CAFÉ,2,2.0,4.0,,,28/02/2023
TXN_7992512,LANCHE,5,4.0,20.0,CARTÃO DE CRÉDITO,PRESENCIAL,17/07/2023
TXN_2771512,,4,3.0,12.0,CARTEIRA DIGITAL,PARA VIAGEM,23/12/2023
TXN_6109953,,3,3.0,9.0,CARTEIRA DIGITAL,PARA VIAGEM,22/04/2023
TXN_5728193,LANCHE,1,4.0,4.0,CARTÃO DE CRÉDITO,PRESENCIAL,
TXN_2417271,CHÁ,4,1.5,6.0,CARTÃO DE CRÉDITO,PARA VIAGEM,01/02/2023
TXN_8156455,BOLO,2,3.0,6.0,DINHEIRO,,12/02/2023
TXN_7063005,BOLO,1,3.0,3.0,,,18/01/2023
TXN_9425096,VITAMINA,5,4.0,20.0,CARTÃO DE CRÉDITO,PRESENCIAL,12/06/2023
TXN_6236737,SUCO,5,3.0,15.0,DINHEIRO,PRESENCIAL,19/03/2023
TXN_9691364,BISCOITO,3,1.0,3.0,CARTÃO DE CRÉDITO,PRESENCIAL,02/03/2023
TXN_4688280,,1,1.5,1.5,,,16/02/2023
TXN_1770648,LANCHE,4,4.0,16.0,CARTÃO DE CRÉDITO,,30/09/2023
TXN_1524602,,3,2.0,6.0,DINHEIRO,PARA VIAGEM,11/05/2023
TXN_5289658,VITAMINA,2,4.0,8.0,CARTEIRA DIGITAL,PARA VIAGEM,
TXN_2602732,SALADA,4,5.0,20.0,CARTEIRA DIGITAL,,09/06/2023
TXN_5132482,SUCO,2,3.0,6.0,CARTEIRA DIGITAL,PRESENCIAL,21/12/2023
TXN_3281605,,1,1.5,1.5,,PARA VIAGEM,27/07/2023
TXN_9969836,BISCOITO,5,1.0,5.0,CARTEIRA DIGITAL,PARA VIAGEM,06/04/2023
TXN_7938279,CHÁ,3,1.5,4.5,DINHEIRO,PARA VIAGEM,17/03/2023
TXN_8712307,,5,3.0,15.0,DINHEIRO,PRESENCIAL,10/04/2023
TXN_8595386,BISCOITO,4,1.0,4.0,CARTÃO DE CRÉDITO,,04/08/2023
TXN_6398450,CHÁ,2,1.5,3.0,CARTEIRA DIGITAL,PRESENCIAL,19/11/2023
TXN_3042552,,1,3.0,3.0,DINHEIRO,,08/09/2023
TXN_7084298,BOLO,3,3.0,9.0,,PARA VIAGEM,18/02/2023
TXN_8384428,BISCOITO,1,1.0,1.0,CARTEIRA DIGITAL,PRESENCIAL,11/08/2023
TXN_6541329,BISCOITO,2,1.0,2.0,DINHEIRO,PARA VIAGEM,28/09/2023
TXN_7667139,LANCHE,3,4.0,12.0,CARTÃO DE CRÉDITO,PARA VIAGEM,05/12/2023
TXN_1268811,SALADA,1,5.0,5.0,,,04/01/2023
TXN_9190025,CHÁ,4,1.5,6.0,CARTEIRA DIGITAL,,
TXN_5056808,SUCO,1,3.0,,CARTÃO DE CRÉDITO,,25/02/2023
TXN_9191048,BOLO,5,3.0,15.0,CARTEIRA DIGITAL,,18/09/2023
TXN_5105810,BISCOITO,5,,5.0,,PARA VIAGEM,17/01/2023
TXN_3272613,BISCOITO,2,1.0,2.0,DINHEIRO,,30/03/2023
TXN_3690903,CAFÉ,3,2.0,6.0,,PRESENCIAL,22/10/2023
TXN_1938413,VITAMINA,4,4.0,16.0,CARTEIRA DIGITAL,,01/04/2023
TXN_1396019,CAFÉ,4,2.0,8.0,DINHEIRO,PRESENCIAL,03/12/2023
TXN_6989000,CHÁ,2,1.5,3.0,,PARA VIAGEM,24/02/2023
TXN_4811225,CHÁ,5,1.5,7.5,DINHEIRO,PARA VIAGEM,01/11/2023
TXN_2193333,CAFÉ,4,2.0,8.0,,PARA VIAGEM,21/07/2023
TXN_4564220,CHÁ,1,1.5,1.5,CARTEIRA DIGITAL,PARA VIAGEM,09/05/2023
TXN_5414186,VITAMINA,1,4.0,4.0,CARTÃO DE CRÉDITO,PARA VIAGEM,24/04/2023
TXN_1740742,CHÁ,4,1.5,6.0,CARTEIRA DIGITAL,PRESENCIAL,06/10/2023
TXN_2547084,LANCHE,1,4.0,4.0,DINHEIRO,,16/12/2023
TXN_8879936,BOLO,5,3.0,15.0,,PARA VIAGEM,25/07/2023
TXN_1605677,CHÁ,5,1.5,7.5,,,15/01/2023
TXN_6070787,LANCHE,3,4.0,12.0,,PRESENCIAL,26/02/2023
TXN_3441457,SALADA,2,,10.0,CARTEIRA DIGITAL,,20/10/2023
TXN_1236759,CAFÉ,1,2.0,2.0,CARTÃO DE CRÉDITO,PRESENCIAL,26/01/2023
TXN_9239309,SALADA,4,5.0,,,,
TXN_7196144,VITAMINA,3,4.0,12.0,,,28/03/2023
TXN_3981406,SALADA,4,5.0,20.0,,,17/04/2023
TXN_2152054,BOLO,2,3.0,6.0,CARTEIRA DIGITAL,,11/05/2023
TXN_9339037,BISCOITO,2,1.0,2.0,,PARA VIAGEM,21/07/2023
TXN_7308629,SALADA,4,5.0,20.0,,PARA VIAGEM,24/11/2023
TXN_9407636,VITAMINA,4,4.0,16.0,DINHEIRO,,01/10/2023
TXN_4755860,SUCO,5,3.0,15.0,CARTEIRA DIGITAL,PRESENCIAL,28/10/2023
TXN_6118079,CAFÉ,1,2.0,2.0,,PARA VIAGEM,01/07/2023
TXN_6415784,SALADA,3,5.0,15.0,,,16/08/2023
TXN_1755817,SALADA,5,5.0,25.0,CARTEIRA DIGITAL,PARA VIAGEM,17/07/2023
TXN_4417326,LANCHE,3,4.0,12.0,CARTEIRA DIGITAL,,
TXN_2090061,VITAMINA,4,4.0,,,,23/06/2023
TXN_8128656,VITAMINA,5,4.0,20.0,,PRESENCIAL,24/04/2023
TXN_6714749,LANCHE,1,4.0,4.0,CARTÃO DE CRÉDITO,PARA VIAGEM,02/08/2023
TXN_1103495,SUCO,1,3.0,3.0,DINHEIRO,PARA VIAGEM,
TXN_8099424,BOLO,4,3.0,12.0,,PARA VIAGEM,02/04/2023
TXN_5103036,SUCO,2,3.0,6.0,,PARA VIAGEM,04/12/2023
TXN_6013024,SUCO,3,3.0,9.0,CARTÃO DE CRÉDITO,PARA VIAGEM,06/09/2023
TXN_8065852,LANCHE,1,4.0,4.0,CARTÃO DE CRÉDITO,PRESENCIAL,17/07/2023
TXN_2035283,,3,4.0,12.0,,,14/01/2023
TXN_3695238,SALADA,5,5.0,25.0,DINHEIRO,PARA VIAGEM,20/04/2023
TXN_1336727,VITAMINA,2,,8.0,,PRESENCIAL,18/10/2023
TXN_5724548,BOLO,5,3.0,15.0,,,12/08/2023
TXN_3521791,CAFÉ,1,2.0,2.0,,PARA VIAGEM,11/06/2023
TXN_2678484,CAFÉ,1,2.0,2.0,,,27/03/2023
TXN_6696619,BOLO,3,3.0,9.0,,PARA VIAGEM,19/03/2023
TXN_2734718,CHÁ,2,1.5,3.0,,,16/08/2023
TXN_7465693,,,4.0,12.0,CARTEIRA DIGITAL,,04/09/2023
TXN_8241649,CHÁ,5,1.5,7.5,,,15/03/2023
TXN_6125646,BISCOITO,2,1.0,2.0,,,12/06/2023
TXN_8639973,BISCOITO,5,1.0,5.0,,,06/07/2023
TXN_1349640,SUCO,2,3.0,6.0,CARTÃO DE CRÉDITO,PRESENCIAL,17/06/2023
TXN_3719842,BOLO,3,3.0,9.0,DINHEIRO,,05/05/2023
TXN_3863940,SALADA,2,5.0,10.0,,,18/06/2023
TXN_9660030,BOLO,5,3.0,15.0,CARTÃO DE CRÉDITO,PRESENCIAL,24/11/2023
TXN_9649503,BOLO,1,3.0,3.0,CARTÃO DE CRÉDITO,PARA VIAGEM,02/01/2023
TXN_6618160,CHÁ,5,1.5,7.5,DINHEIRO,PARA VIAGEM,13/03/2023
TXN_9121241,LANCHE,5,4.0,20.0,,PARA VIAGEM,18/03/2023
TXN_4419474,SUCO,2,3.0,6.0,,PRESENCIAL,04/02/2023
TXN_5639485,BISCOITO,3,1.0,3.0,CARTÃO DE CRÉDITO,,02/07/2023
TXN_9997263,BISCOITO,2,1.0,2.0,,,05/03/2023
TXN_4590013,CHÁ,5,1.5,7.5,DINHEIRO,PARA VIAGEM,19/04/2023
TXN_4958354,LANCHE,4,,16.0,CARTÃO DE CRÉDITO,PARA VIAGEM,01/05/2023
TXN_9240476,CAFÉ,5,2.0,10.0,,,29/04/2023
TXN_2457961,CAFÉ,2,2.0,4.0,CARTÃO DE CRÉDITO,PRESENCIAL,08/06/2023
TXN_6494145,BISCOITO,2,1.0,2.0,DINHEIRO,,18/08/2023
TXN_2142941,BISCOITO,5,1.0,5.0,CARTEIRA DIGITAL,,03/11/2023
TXN_2405666,,2,3.0,6.0,DINHEIRO,PARA VIAGEM,20/04/2023
TXN_4125871,SUCO,4,3.0,12.0,,,16/12/2023
TXN_7102166,CAFÉ,4,2.0,8.0,,,08/12/2023
TXN_1492585,LANCHE,,4.0,12.0,DINHEIRO,PARA VIAGEM,17/01/2023
TXN_2208949,BOLO,4,3.0,12.0,DINHEIRO,PARA VIAGEM,05/08/2023
TXN_9815454,SUCO,5,3.0,15.0,CARTEIRA DIGITAL,,05/12/2023
TXN_6806968,BISCOITO,4,1.0,4.0,DINHEIRO,PARA VIAGEM,03/07/2023
TXN_3751420,LANCHE,5,4.0,20.0,,PARA VIAGEM,20/11/2023
TXN_3439155,SALADA,3,5.0,15.0,,PARA VIAGEM,30/07/2023
TXN_5564198,BOLO,4,3.0,12.0,DINHEIRO,,06/06/2023
TXN_3446643,VITAMINA,1,4.0,4.0,,,01/06/2023
TXN_1770073,BISCOITO,2,1.0,2.0,,PARA VIAGEM,03/12/2023
TXN_7328209,LANCHE,3,4.0,12.0,CARTÃO DE CRÉDITO,,01/03/2023
TXN_4252608,SUCO,3,3.0,9.0,CARTÃO DE CRÉDITO,PRESENCIAL,23/08/2023
TXN_7221831,CAFÉ,3,2.0,6.0,CARTÃO DE CRÉDITO,,26/03/2023
TXN_4548565,SUCO,4,3.0,12.0,,PRESENCIAL,17/02/2023
TXN_7400015,SUCO,4,,12.0,DINHEIRO,,27/01/2023
TXN_4749986,CHÁ,5,1.5,7.5,,PARA VIAGEM,26/05/2023
TXN_1917336,LANCHE,3,4.0,12.0,DINHEIRO,PRESENCIAL,12/04/2023
TXN_5238755,BISCOITO,3,1.0,3.0,,PARA VIAGEM,01/06/2023
TXN_1822234,SALADA,2,,10.0,DINHEIRO,,15/10/2023
TXN_1342487,SUCO,3,3.0,9.0,CARTÃO DE CRÉDITO,,21/09/2023
TXN_7413282,BOLO,5,3.0,15.0,,,13/10/2023
TXN_5713298,VITAMINA,2,4.0,8.0,CARTÃO DE CRÉDITO,,14/07/2023
TXN_3045673,VITAMINA,3,4.0,12.0,CARTEIRA DIGITAL,,24/06/2023
TXN_2662720,SUCO,5,3.0,15.0,,,18/09/2023
TXN_8966922,SUCO,4,3.0,12.0,,PARA VIAGEM,10/11/2023
TXN_7311815,BISCOITO,4,1.0,4.0,,PARA VIAGEM,11/05/2023
TXN_8211198,SUCO,3,3.0,9.0,CARTÃO DE CRÉDITO,,24/01/2023
TXN_6476719,SUCO,5,3.0,15.0,DINHEIRO,PARA VIAGEM,04/06/2023
TXN_1556480,CHÁ,5,1.5,,,,06/02/2023
TXN_3009994,,5,1.0,5.0,CARTÃO DE CRÉDITO,PRESENCIAL,13/09/2023
TXN_8992377,BOLO,4,,12.0,CARTÃO DE CRÉDITO,PARA VIAGEM,12/07/2023
TXN_5504130,BOLO,3,3.0,9.0,,,24/06/2023
TXN_7153455,CAFÉ,4,2.0,8.0,CARTEIRA DIGITAL,PARA VIAGEM,02/07/2023
TXN_8821579,VITAMINA,4,4.0,16.0,,PARA VIAGEM,06/12/2023
TXN_6873127,BISCOITO,1,1.0,1.0,,PRESENCIAL,02/02/2023
TXN_9923952,BISCOITO,4,1.0,4.0,,PARA VIAGEM,08/08/2023
TXN_7383137,CAFÉ,2,2.0,4.0,CARTÃO DE CRÉDITO,PRESENCIAL,02/12/2023
TXN_4766317,BISCOITO,2,1.0,2.0,,PARA VIAGEM,23/09/2023
TXN_6335297,BOLO,3,3.0,9.0,,,16/10/2023
TXN_9334593,LANCHE,3,4.0,12.0,DINHEIRO,,23/04/2023
TXN_2441029,BOLO,5,3.0,15.0,DINHEIRO,PRESENCIAL,18/05/2023
TXN_8260461,BISCOITO,2,,2.0,CARTEIRA DIGITAL,,29/10/2023
TXN_4801947,SUCO,1,3.0,3.0,CARTEIRA DIGITAL,PARA VIAGEM,01/01/2023
TXN_4323120,CAFÉ,5,2.0,10.0,,,29/08/2023
TXN_5947264,SALADA,1,5.0,5.0,,PRESENCIAL,07/03/2023
TXN_9072628,SALADA,4,5.0,20.0,CARTEIRA DIGITAL,,29/12/2023
TXN_8282744,CHÁ,2,1.5,3.0,,PARA VIAGEM,16/06/2023
TXN_2547156,BISCOITO,3,1.0,3.0,CARTEIRA DIGITAL,PARA VIAGEM,18/08/2023
TXN_2428781,SALADA,,5.0,,,PRESENCIAL,09/05/2023
TXN_8621278,SALADA,2,5.0,10.0,DINHEIRO,PARA VIAGEM,01/02/2023
TXN_2616353,VITAMINA,3,4.0,12.0,DINHEIRO,PARA VIAGEM,24/06/2023
TXN_9731999,LANCHE,,4.0,16.0,,PARA VIAGEM,26/11/2023
TXN_3608237,SALADA,1,5.0,5.0,CARTEIRA DIGITAL,PARA VIAGEM,26/11/2023
TXN_2423167,BOLO,3,3.0,9.0,CARTEIRA DIGITAL,PARA VIAGEM,29/06/2023
TXN_5742202,SALADA,2,5.0,10.0,DINHEIRO,PARA VIAGEM,
TXN_6695451,SALADA,1,5.0,5.0,CARTÃO DE CRÉDITO,,28/07/2023
TXN_6098702,CAFÉ,3,2.0,6.0,CARTÃO DE CRÉDITO,,15/10/2023
TXN_8972184,SUCO,,3.0,12.0,,,17/08/2023
TXN_2010507,BOLO,3,3.0,9.0,,,23/05/2023
TXN_1390754,BOLO,2,3.0,6.0,,PARA VIAGEM,08/11/2023
TXN_4925291,VITAMINA,2,4.0,,CARTEIRA DIGITAL,,22/09/2023
TXN_8345383,CHÁ,5,1.5,7.5,,PARA VIAGEM,14/10/2023
TXN_3910293,BOLO,4,3.0,12.0,DINHEIRO,PRESENCIAL,30/01/2023
TXN_4696969,SALADA,1,5.0,5.0,CARTÃO DE CRÉDITO,,29/09/2023
TXN_4568379,BISCOITO,3,1.0,3.0,CARTEIRA DIGITAL,PRESENCIAL,28/05/2023
TXN_8745942,BISCOITO,3,1.0,3.0,DINHEIRO,,03/05/2023
TXN_1827937,CAFÉ,1,2.0,2.0,,PARA VIAGEM,
TXN_2496907,CAFÉ,2,2.0,4.0,CARTÃO DE CRÉDITO,,28/11/2023
TXN_3043371,VITAMINA,1,4.0,4.0,,,04/12/2023
TXN_2687149,CAFÉ,5,2.0,10.0,,,24/03/2023
TXN_9752207,LANCHE,4,4.0,16.0,,PRESENCIAL,15/10/2023
TXN_7223850,SALADA,2,5.0,10.0,CARTÃO DE CRÉDITO,,05/02/2023
TXN_5421917,CHÁ,5,1.5,7.5,,,03/05/2023
TXN_3812053,CAFÉ,5,2.0,10.0,,PRESENCIAL,03/04/2023
TXN_8437195,BOLO,1,3.0,3.0,DINHEIRO,,10/12/2023
TXN_3880494,LANCHE,4,4.0,16.0,DINHEIRO,PARA VIAGEM,17/12/2023
TXN_2755642,BOLO,,3.0,9.0,CARTEIRA DIGITAL,PRESENCIAL,24/03/2023
TXN_9320353,SALADA,5,5.0,25.0,DINHEIRO,PRESENCIAL,10/01/2023
TXN_8837015,SUCO,3,3.0,9.0,CARTÃO DE CRÉDITO,PRESENCIAL,11/06/2023
TXN_1856538,CAFÉ,3,2.0,6.0,DINHEIRO,,01/11/2023
TXN_2933439,SALADA,4,5.0,20.0,CARTEIRA DIGITAL,,14/04/2023
TXN_2667131,LANCHE,2,4.0,8.0,CARTÃO DE CRÉDITO,PARA VIAGEM,10/10/2023
TXN_5536056,VITAMINA,3,4.0,12.0,CARTEIRA DIGITAL,PARA VIAGEM,22/12/2023
TXN_3846628,SUCO,1,3.0,3.0,,PARA VIAGEM,16/10/2023
TXN_9043894,BOLO,1,3.0,3.0,CARTEIRA DIGITAL,,28/07/2023
TXN_9354349,SUCO,1,,3.0,CARTÃO DE CRÉDITO,,12/02/2023
TXN_3655950,BISCOITO,1,1.0,1.0,,PRESENCIAL,25/11/2023
TXN_4483585,VITAMINA,5,4.0,20.0,,PARA VIAGEM,26/12/2023
TXN_2332364,BOLO,2,3.0,6.0,CARTÃO DE CRÉDITO,,10/08/2023
TXN_5878649,SALADA,3,5.0,15.0,,PARA VIAGEM,15/02/2023
TXN_2716940,CAFÉ,1,2.0,2.0,,,27/11/2023
TXN_2496249,SUCO,4,3.0,12.0,DINHEIRO,PARA VIAGEM,
TXN_9020641,BOLO,4,3.0,12.0,CARTÃO DE CRÉDITO,PRESENCIAL,27/06/2023
TXN_5931551,LANCHE,4,4.0,,,PRESENCIAL,28/03/2023
TXN_5812552,BOLO,1,,3.0,,,17/09/2023
TXN_8899417,,3,5.0,15.0,CARTEIRA DIGITAL,,
TXN_2259102,LANCHE,2,4.0,,,,19/02/2023
TXN_7041367,BISCOITO,4,1.0,4.0,,,04/01/2023
TXN_1005377,BOLO,5,,15.0,CARTEIRA DIGITAL,PARA VIAGEM,03/06/2023
TXN_7262554,SALADA,3,5.0,15.0,CARTÃO DE CRÉDITO,,08/07/2023
TXN_9705971,SUCO,2,3.0,6.0,CARTÃO DE CRÉDITO,PARA VIAGEM,02/09/2023
TXN_4809626,CAFÉ,5,2.0,10.0,DINHEIRO,PARA VIAGEM,18/02/2023
TXN_5171248,BOLO,5,3.0,15.0,CARTEIRA DIGITAL,PRESENCIAL,14/06/2023
TXN_2201235,CHÁ,1,1.5,1.5,CARTEIRA DIGITAL,,17/12/2023
TXN_2907979,SUCO,3,3.0,9.0,DINHEIRO,,18/06/2023
TXN_7229918,CAFÉ,2,,4.0,CARTEIRA DIGITAL,PARA VIAGEM,24/03/2023
TXN_5179245,SUCO,3,3.0,9.0,CARTÃO DE CRÉDITO,,17/04/2023
TXN_5010968,VITAMINA,2,4.0,8.0,CARTEIRA DIGITAL,,03/12/2023
TXN_6294315,BISCOITO,2,1.0,2.0,CARTEIRA DIGITAL,,04/04/2023
TXN_8487985,SUCO,5,3.0,15.0,,PARA VIAGEM,09/05/2023
TXN_8552898,CAFÉ,5,2.0,10.0,CARTÃO DE CRÉDITO,PARA VIAGEM,06/11/2023
TXN_1307428,,4,1.5,6.0,CARTÃO DE CRÉDITO,,
TXN_4787754,SUCO,2,3.0,6.0,CARTEIRA DIGITAL,PARA VIAGEM,31/08/2023
TXN_9176533,BOLO,3,3.0,9.0,CARTÃO DE CRÉDITO,,14/10/2023
TXN_1228474,VITAMINA,4,4.0,,,PRESENCIAL,20/11/2023
TXN_9376428,,1,5.0,5.0,CARTÃO DE CRÉDITO,PARA VIAGEM,30/10/2023
TXN_3678804,,3,2.0,6.0,CARTEIRA DIGITAL,,20/10/2023
TXN_6021363,LANCHE,2,4.0,8.0,CARTÃO DE CRÉDITO,PARA VIAGEM,11/01/2023
TXN_8518812,BISCOITO,3,1.0,3.0,,PRESENCIAL,22/06/2023
TXN_5573436,CAFÉ,1,,2.0,,PARA VIAGEM,22/02/2023
TXN_3274591,SUCO,5,3.0,15.0,,PARA VIAGEM,09/04/2023
TXN_2477650,BISCOITO,1,1.0,1.0,DINHEIRO,PARA VIAGEM,24/10/2023
TXN_4987376,CHÁ,2,1.5,3.0,CARTEIRA DIGITAL,PARA VIAGEM,20/08/2023
TXN_3099819,,4,2.0,8.0,CARTEIRA DIGITAL,PARA VIAGEM,
TXN_9196694,BOLO,4,3.0,12.0,,PRESENCIAL,23/03/2023
TXN_2735598,CHÁ,5,,7.5,CARTÃO DE CRÉDITO,PARA VIAGEM,30/06/2023
TXN_7362526,SUCO,1,3.0,3.0,CARTÃO DE CRÉDITO,PARA VIAGEM,16/09/2023
TXN_3584252,SALADA,,5.0,10.0,CARTEIRA DIGITAL,PARA VIAGEM,19/12/2023
TXN_4854751,,3,5.0,15.0,CARTÃO DE CRÉDITO,,
TXN_6324687,VITAMINA,1,4.0,4.0,CARTÃO DE CRÉDITO,PARA VIAGEM,03/03/2023
TXN_2716377,SUCO,4,3.0,12.0,DINHEIRO,,03/01/2023
TXN_4002142,BOLO,5,3.0,15.0,,,27/06/2023
TXN_9417438,SALADA,1,5.0,5.0,,PRESENCIAL,05/01/2023
TXN_4757873,CHÁ,1,1.5,1.5,CARTÃO DE CRÉDITO,PRESENCIAL,12/09/2023
TXN_6283718,VITAMINA,3,4.0,12.0,CARTEIRA DIGITAL,PARA VIAGEM,20/07/2023
TXN_2019127,SALADA,1,5.0,5.0,DINHEIRO,,03/08/2023
TXN_2007652,SUCO,2,3.0,6.0,CARTEIRA DIGITAL,,09/12/2023
TXN_3048882,SUCO,2,3.0,6.0,DINHEIRO,PARA VIAGEM,30/12/2023
TXN_3241510,CHÁ,5,1.5,7.5,CARTÃO DE CRÉDITO,,05/10/2023
TXN_1978239,SALADA,4,5.0,20.0,,PRESENCIAL,20/09/2023
TXN_3286168,VITAMINA,5,4.0,20.0,CARTEIRA DIGITAL,,25/06/2023
TXN_5922981,SALADA,5,5.0,25.0,CARTEIRA DIGITAL,PARA VIAGEM,10/11/2023
TXN_4108567,CAFÉ,2,2.0,4.0,DINHEIRO,PARA VIAGEM,14/08/2023
TXN_5217434,CAFÉ,1,2.0,2.0,,PARA VIAGEM,22/09/2023
TXN_6691792,,3,3.0,9.0,,PARA VIAGEM,21/06/2023
TXN_4822216,BOLO,1,3.0,3.0,,,03/09/2023
TXN_9246986,CHÁ,4,1.5,6.0,DINHEIRO,PARA VIAGEM,08/09/2023
TXN_3931393,LANCHE,2,4.0,8.0,CARTEIRA DIGITAL,,18/11/2023
TXN_1429325,VITAMINA,2,4.0,8.0,DINHEIRO,,20/04/2023
TXN_2888655,BISCOITO,,1.0,4.0,CARTEIRA DIGITAL,,17/12/2023
TXN_3648160,CAFÉ,5,2.0,10.0,,PARA VIAGEM,03/12/2023
TXN_5832513,SUCO,4,3.0,12.0,DINHEIRO,PRESENCIAL,02/11/2023
TXN_6053755,BISCOITO,4,1.0,4.0,CARTEIRA DIGITAL,PARA VIAGEM,18/01/2023
TXN_4437520,VITAMINA,3,4.0,12.0,CARTÃO DE CRÉDITO,,28/07/2023
TXN_4995281,SALADA,4,5.0,20.0,CARTÃO DE CRÉDITO,,25/02/2023
TXN_6105807,VITAMINA,3,,,CARTÃO DE CRÉDITO,PARA VIAGEM,18/01/2023
TXN_8384699,,3,,15.0,,PRESENCIAL,16/12/2023
TXN_3549667,LANCHE,,4.0,12.0,CARTEIRA DIGITAL,PARA VIAGEM,29/01/2023
TXN_2566211,CHÁ,2,1.5,3.0,DINHEIRO,,26/09/2023
TXN_3206842,,4,5.0,20.0,DINHEIRO,,30/04/2023
TXN_8970135,SUCO,4,3.0,12.0,,PRESENCIAL,26/03/2023
TXN_3222612,,3,3.0,,DINHEIRO,PARA VIAGEM,25/01/2023
TXN_6361593,LANCHE,4,4.0,16.0,CARTEIRA DIGITAL,PARA VIAGEM,29/08/2023
TXN_9375445,VITAMINA,2,,8.0,,PRESENCIAL,22/10/2023
TXN_4943552,,5,3.0,15.0,,PARA VIAGEM,14/04/2023
TXN_1532390,CHÁ,5,1.5,7.5,CARTEIRA DIGITAL,,08/04/2023
TXN_8020606,BOLO,4,3.0,,,PARA VIAGEM,10/10/2023
TXN_2729959,VITAMINA,4,4.0,16.0,CARTEIRA DIGITAL,PRESENCIAL,01/02/2023
TXN_4582054,,2,5.0,10.0,CARTEIRA DIGITAL,PARA VIAGEM,27/08/2023
TXN_2134763,SUCO,3,3.0,9.0,CARTÃO DE CRÉDITO,PARA VIAGEM,28/03/2023
TXN_1633607,SUCO,1,3.0,3.0,DINHEIRO,PARA VIAGEM,13/03/2023
TXN_5124999,CAFÉ,5,2.0,10.0,CARTEIRA DIGITAL,,11/04/2023
TXN_7647190,SALADA,,5.0,25.0,CARTÃO DE CRÉDITO,PARA VIAGEM,22/02/2023
TXN_3514890,VITAMINA,5,4.0,20.0,,PRESENCIAL,02/08/2023
TXN_2921765,CHÁ,2,1.5,3.0,CARTÃO DE CRÉDITO,PARA VIAGEM,
TXN_5845583,CHÁ,4,1.5,6.0,DINHEIRO,PRESENCIAL,19/10/2023
TXN_6692318,CHÁ,2,1.5,3.0,DINHEIRO,PRESENCIAL,20/08/2023
TXN_9571019,CAFÉ,2,2.0,4.0,DINHEIRO,PRESENCIAL,22/06/2023
TXN_6451595,SUCO,2,3.0,6.0,CARTÃO DE CRÉDITO,PARA VIAGEM,26/03/2023
TXN_4797429,SALADA,5,5.0,25.0,CARTEIRA DIGITAL,PRESENCIAL,07/11/2023
TXN_7255755,LANCHE,5,4.0,20.0,,,19/10/2023
TXN_6925284,SUCO,5,3.0,15.0,CARTEIRA DIGITAL,PARA VIAGEM,21/01/2023
TXN_2925996,BOLO,3,3.0,9.0,DINHEIRO,PARA VIAGEM,11/04/2023
TXN_3944582,CHÁ,5,1.5,7.5,,PRESENCIAL,21/10/2023
TXN_7653452,LANCHE,1,4.0,4.0,CARTÃO DE CRÉDITO,,
TXN_5750248,SALADA,4,5.0,20.0,CARTEIRA DIGITAL,PRESENCIAL,20/07/2023
TXN_1020983,SUCO,1,3.0,3.0,CARTEIRA DIGITAL,,23/03/2023
TXN_9072817,BISCOITO,5,1.0,5.0,,PARA VIAGEM,18/07/2023
TXN_1732639,BISCOITO,4,1.0,4.0,,PRESENCIAL,
TXN_7416196,VITAMINA,2,4.0,8.0,DINHEIRO,PRESENCIAL,20/10/2023
TXN_7276452,CAFÉ,3,2.0,6.0,CARTEIRA DIGITAL,,05/06/2023
TXN_2610195,BOLO,2,3.0,6.0,,,25/10/2023
TXN_7971761,SALADA,1,5.0,5.0,CARTÃO DE CRÉDITO,PRESENCIAL,
TXN_9281392,BISCOITO,2,1.0,2.0,CARTEIRA DIGITAL,,06/08/2023
TXN_8386253,CHÁ,4,1.5,6.0,DINHEIRO,,11/05/2023
TXN_7995960,SUCO,1,3.0,3.0,CARTEIRA DIGITAL,,11/01/2023
TXN_7663739,BISCOITO,5,1.0,5.0,CARTÃO DE CRÉDITO,,27/03/2023
TXN_3936339,,5,3.0,15.0,CARTEIRA DIGITAL,PRESENCIAL,08/09/2023
TXN_7784608,CAFÉ,5,2.0,10.0,,,01/06/2023
TXN_7132021,VITAMINA,2,4.0,8.0,CARTÃO DE CRÉDITO,PRESENCIAL,
TXN_6438980,SALADA,2,5.0,10.0,CARTÃO DE CRÉDITO,PARA VIAGEM,10/11/2023
TXN_2196926,SUCO,2,3.0,6.0,CARTEIRA DIGITAL,,27/07/2023
TXN_9582506,BISCOITO,2,1.0,2.0,CARTÃO DE CRÉDITO,,28/04/2023
TXN_2424839,SUCO,4,3.0,12.0,CARTEIRA DIGITAL,PRESENCIAL,28/09/2023
TXN_5215704,LANCHE,5,4.0,20.0,CARTÃO DE CRÉDITO,,31/10/2023
TXN_1982031,BISCOITO,4,1.0,4.0,DINHEIRO,PARA VIAGEM,03/02/2023
TXN_3060286,CHÁ,2,1.5,3.0,DINHEIRO,PARA VIAGEM,10/08/2023
TXN_7878231,,,5.0,5.0,DINHEIRO,,15/05/2023
TXN_9329112,VITAMINA,3,4.0,12.0,,,
TXN_1643029,BISCOITO,3,1.0,3.0,,,11/09/2023
TXN_2764625,CHÁ,1,1.5,1.5,DINHEIRO,PRESENCIAL,03/12/2023
TXN_6086123,SUCO,3,3.0,9.0,CARTÃO DE CRÉDITO,PARA VIAGEM,17/11/2023
TXN_1796259,SUCO,1,3.0,3.0,,PRESENCIAL,29/04/2023
TXN_4078284,CAFÉ,1,2.0,2.0,CARTÃO DE CRÉDITO,,14/05/2023
TXN_4389662,VITAMINA,1,4.0,4.0,DINHEIRO,PARA VIAGEM,09/08/2023
TXN_1992699,BISCOITO,2,1.0,2.0,,PARA VIAGEM,08/05/2023
TXN_9389300,SALADA,3,5.0,15.0,CARTÃO DE CRÉDITO,PARA VIAGEM,14/01/2023
TXN_5409951,CAFÉ,3,2.0,6.0,,,23/06/2023
TXN_2147448,CAFÉ,4,2.0,8.0,CARTÃO DE CRÉDITO,PRESENCIAL,27/11/2023
TXN_9826170,SUCO,2,3.0,6.0,,,06/12/2023
TXN_4949509,VITAMINA,4,4.0,16.0,,,20/04/2023
TXN_9857832,CHÁ,3,1.5,4.5,DINHEIRO,PRESENCIAL,31/03/2023
TXN_5038122,SALADA,1,5.0,,,,11/08/2023
TXN_8984085,SALADA,1,5.0,5.0,,,17/08/2023
TXN_8830264,SALADA,1,5.0,5.0,DINHEIRO,,23/11/2023
TXN_9696074,CAFÉ,4,2.0,8.0,,PARA VIAGEM,24/06/2023
TXN_9579637,CHÁ,4,1.5,6.0,CARTEIRA DIGITAL,,26/06/2023
TXN_7907786,CHÁ,5,,7.5,DINHEIRO,,20/09/2023
TXN_5316852,CAFÉ,2,2.0,4.0,CARTEIRA DIGITAL,,08/04/2023
TXN_1292430,VITAMINA,1,4.0,4.0,CARTÃO DE CRÉDITO,PARA VIAGEM,09/03/2023
TXN_5226399,,4,3.0,12.0,,PARA VIAGEM,19/01/2023
TXN_2470530,BOLO,1,3.0,3.0,CARTEIRA DIGITAL,PARA VIAGEM,21/03/2023
TXN_6498718,CAFÉ,4,2.0,8.0,,,18/03/2023
TXN_1602435,VITAMINA,1,4.0,4.0,DINHEIRO,,01/12/2023
TXN_1434598,LANCHE,5,4.0,20.0,DINHEIRO,PARA VIAGEM,18/11/2023
TXN_9871036,VITAMINA,1,4.0,4.0,,PARA VIAGEM,02/07/2023
TXN_2073001,CAFÉ,2,2.0,4.0,CARTEIRA DIGITAL,,22/11/2023
TXN_9284622,,1,2.0,,CARTÃO DE CRÉDITO,,15/05/2023
TXN_7815076,SUCO,5,3.0,,DINHEIRO,,16/12/2023
TXN_6897172,CAFÉ,4,2.0,8.0,CARTEIRA DIGITAL,,08/12/2023
TXN_3783903,CHÁ,4,1.5,6.0,,,25/06/2023
TXN_4378637,BISCOITO,1,1.0,1.0,,PARA VIAGEM,12/05/2023
TXN_7514047,,1,5.0,,DINHEIRO,,08/03/2023
TXN_4375708,LANCHE,4,4.0,16.0,CARTÃO DE CRÉDITO,PARA VIAGEM,01/08/2023
TXN_9775984,SUCO,2,3.0,6.0,CARTÃO DE CRÉDITO,PRESENCIAL,09/10/2023
TXN_1708928,VITAMINA,1,4.0,4.0,,,
TXN_2352685,BISCOITO,1,1.0,1.0,DINHEIRO,PARA VIAGEM,
TXN_1625754,BOLO,5,3.0,15.0,CARTEIRA DIGITAL,PRESENCIAL,03/08/2023
TXN_9567915,BOLO,1,3.0,3.0,CARTEIRA DIGITAL,PARA VIAGEM,30/06/2023
TXN_4062634,SALADA,2,5.0,10.0,CARTÃO DE CRÉDITO,PRESENCIAL,05/04/2023
TXN_6624397,SUCO,4,3.0,12.0,DINHEIRO,PARA VIAGEM,30/04/2023
TXN_2991733,CHÁ,5,1.5,7.5,CARTÃO DE CRÉDITO,,13/04/2023
TXN_8978924,SALADA,5,5.0,25.0,DINHEIRO,,09/10/2023
TXN_2404800,LANCHE,5,4.0,20.0,DINHEIRO,PRESENCIAL,28/01/2023
TXN_4501915,SUCO,4,3.0,12.0,CARTÃO DE CRÉDITO,PARA VIAGEM,04/12/2023
TXN_6273431,,2,3.0,6.0,,PRESENCIAL,05/04/2023
TXN_7166936,BISCOITO,,1.0,4.0,,PRESENCIAL,25/09/2023
TXN_7645250,SUCO,2,3.0,6.0,,,09/10/2023
TXN_9231480,BISCOITO,4,1.0,4.0,DINHEIRO,,28/08/2023
TXN_4247105,CAFÉ,5,2.0,10.0,DINHEIRO,PRESENCIAL,14/04/2023
TXN_8732935,BISCOITO,4,1.0,4.0,CARTÃO DE CRÉDITO,PARA VIAGEM,06/08/2023
TXN_5108867,,,3.0,9.0,DINHEIRO,PARA VIAGEM,19/03/2023
TXN_3270584,BOLO,3,3.0,9.0,CARTÃO DE CRÉDITO,PARA VIAGEM,10/01/2023
TXN_8258798,CAFÉ,3,,6.0,DINHEIRO,PRESENCIAL,18/10/2023
TXN_7412012,CAFÉ,1,2.0,2.0,DINHEIRO,PRESENCIAL,02/08/2023
TXN_1927324,LANCHE,1,4.0,4.0,CARTEIRA DIGITAL,PARA VIAGEM,29/08/2023
TXN_9159655,BISCOITO,5,1.0,5.0,DINHEIRO,,21/03/2023
TXN_1293057,CHÁ,2,1.5,3.0,CARTEIRA DIGITAL,,03/07/2023
TXN_8829698,BOLO,2,3.0,,DINHEIRO,,19/03/2023
TXN_5056351,SUCO,1,3.0,3.0,,PARA VIAGEM,24/04/2023
TXN_4431264,VITAMINA,2,4.0,8.0,,,14/11/2023
TXN_7371782,CHÁ,3,1.5,4.5,DINHEIRO,PRESENCIAL,26/02/2023
TXN_7631505,LANCHE,4,4.0,16.0,DINHEIRO,PRESENCIAL,08/07/2023
TXN_4331770,SALADA,4,5.0,20.0,,,04/06/2023
TXN_2593909,SUCO,2,3.0,6.0,DINHEIRO,PRESENCIAL,25/02/2023
TXN_9728062,CAFÉ,1,2.0,2.0,DINHEIRO,,01/05/2023
TXN_7664606,BISCOITO,2,1.0,2.0,CARTEIRA DIGITAL,,05/07/2023
TXN_3359911,BISCOITO,4,1.0,4.0,,PRESENCIAL,18/06/2023
TXN_3745153,VITAMINA,4,4.0,16.0,CARTEIRA DIGITAL,PRESENCIAL,30/06/2023
TXN_2019258,SUCO,4,3.0,12.0,CARTÃO DE CRÉDITO,,03/02/2023
TXN_8153957,CAFÉ,1,2.0,2.0,CARTEIRA DIGITAL,PARA VIAGEM,12/10/2023
TXN_3437948,VITAMINA,2,4.0,8.0,DINHEIRO,,02/11/2023
TXN_6874195,SUCO,3,3.0,9.0,DINHEIRO,PARA VIAGEM,22/04/2023
TXN_3234146,SUCO,1,3.0,3.0,,PARA VIAGEM,14/11/2023
TXN_5172383,SUCO,3,3.0,9.0,DINHEIRO,PRESENCIAL,28/03/2023
TXN_9288999,BISCOITO,3,1.0,3.0,CARTÃO DE CRÉDITO,PRESENCIAL,01/05/2023
TXN_4205407,VITAMINA,5,4.0,20.0,CARTEIRA DIGITAL,,27/04/2023
TXN_8325722,LANCHE,2,4.0,8.0,,PARA VIAGEM,27/05/2023
TXN_3050797,LANCHE,3,4.0,12.0,CARTÃO DE CRÉDITO,,28/09/2023
TXN_8731991,SALADA,,5.0,20.0,,PRESENCIAL,20/01/2023
TXN_7387416,SUCO,3,3.0,9.0,DINHEIRO,,15/12/2023
TXN_2244418,SALADA,5,5.0,25.0,DINHEIRO,PARA VIAGEM,15/10/2023
TXN_2638644,,1,1.5,1.5,,,08/03/2023
TXN_3886177,BOLO,3,3.0,9.0,,PARA VIAGEM,17/07/2023
TXN_2334047,CHÁ,1,1.5,1.5,,PARA VIAGEM,08/11/2023
TXN_3888864,LANCHE,1,4.0,4.0,CARTÃO DE CRÉDITO,PRESENCIAL,13/10/2023
TXN_6972491,LANCHE,1,4.0,4.0,,PARA VIAGEM,02/07/2023
TXN_8886791,CHÁ,2,1.5,3.0,DINHEIRO,,09/07/2023
TXN_4356114,SUCO,2,3.0,6.0,DINHEIRO,PARA VIAGEM,05/05/2023
TXN_2097023,SALADA,3,5.0,15.0,CARTEIRA DIGITAL,PARA VIAGEM,10/11/2023
TXN_2726749,SUCO,4,3.0,12.0,,PARA VIAGEM,19/05/2023
TXN_3357336,BOLO,4,3.0,12.0,,PRESENCIAL,20/02/2023
TXN_3529354,SUCO,2,3.0,6.0,CARTÃO DE CRÉDITO,PARA VIAGEM,06/09/2023
TXN_9738339,SUCO,1,3.0,3.0,,PRESENCIAL,09/07/2023
TXN_9389963,,5,4.0,,,PARA VIAGEM,28/02/2023
TXN_6837879,,5,3.0,15.0,CARTEIRA DIGITAL,,09/04/2023
TXN_1046659,VITAMINA,3,4.0,12.0,,PARA VIAGEM,14/12/2023
TXN_2032049,SALADA,2,5.0,10.0,CARTÃO DE CRÉDITO,,12/10/2023
TXN_1444479,,1,3.0,3.0,CARTÃO DE CRÉDITO,,10/12/2023
TXN_7251037,SALADA,3,5.0,15.0,CARTÃO DE CRÉDITO,PRESENCIAL,17/08/2023
TXN_9891576,LANCHE,3,4.0,12.0,CARTEIRA DIGITAL,PARA VIAGEM,28/04/2023
TXN_5315818,SALADA,1,5.0,5.0,CARTEIRA DIGITAL,,06/02/2023
TXN_9830755,BISCOITO,5,1.0,5.0,CARTEIRA DIGITAL,PARA VIAGEM,24/06/2023
TXN_8833319,SALADA,1,5.0,,,PARA VIAGEM,01/10/2023
TXN_4353750,BOLO,2,3.0,6.0,CARTÃO DE CRÉDITO,,02/03/2023
TXN_8809659,SUCO,2,3.0,6.0,DINHEIRO,PARA VIAGEM,16/01/2023
TXN_2104550,CAFÉ,4,2.0,,CARTÃO DE CRÉDITO,PRESENCIAL,08/09/2023
TXN_7554731,BOLO,1,3.0,3.0,CARTÃO DE CRÉDITO,PRESENCIAL,02/02/2023
TXN_8743142,BISCOITO,1,1.0,1.0,CARTEIRA DIGITAL,PRESENCIAL,
TXN_8652021,BOLO,1,3.0,3.0,CARTÃO DE CRÉDITO,PRESENCIAL,23/09/2023
TXN_3744962,SALADA,1,5.0,5.0,,PRESENCIAL,26/07/2023
TXN_7312277,SUCO,4,3.0,12.0,,PRESENCIAL,07/09/2023
TXN_2342308,BISCOITO,5,,5.0,CARTEIRA DIGITAL,,20/05/2023
TXN_7797507,LANCHE,5,4.0,20.0,CARTEIRA DIGITAL,PARA VIAGEM,06/06/2023
TXN_3121360,BOLO,3,3.0,9.0,CARTEIRA DIGITAL,,21/01/2023
TXN_5568416,BOLO,5,3.0,15.0,CARTÃO DE CRÉDITO,,06/09/2023
TXN_7032922,LANCHE,4,4.0,16.0,,,18/08/2023
TXN_5734186,SUCO,3,3.0,9.0,DINHEIRO,,03/04/2023
TXN_5107025,CHÁ,2,,3.0,,PRESENCIAL,19/02/2023
TXN_7975387,VITAMINA,,4.0,8.0,CARTÃO DE CRÉDITO,PARA VIAGEM,23/03/2023
TXN_5209346,VITAMINA,3,4.0,12.0,CARTÃO DE CRÉDITO,PRESENCIAL,22/02/2023
TXN_8947660,CAFÉ,1,2.0,2.0,,PRESENCIAL,03/09/2023
TXN_6752053,VITAMINA,4,4.0,16.0,,,13/05/2023
TXN_6571385,CHÁ,4,1.5,6.0,DINHEIRO,PARA VIAGEM,06/01/2023
TXN_6430534,CHÁ,5,1.5,7.5,DINHEIRO,PARA VIAGEM,29/01/2023
TXN_6467414,CHÁ,3,1.5,4.5,DINHEIRO,,06/01/2023
TXN_2861912,CAFÉ,3,2.0,6.0,,PRESENCIAL,25/03/2023
TXN_8347965,SALADA,1,,5.0,DINHEIRO,PARA VIAGEM,17/03/2023
TXN_9693344,CHÁ,4,1.5,6.0,CARTÃO DE CRÉDITO,PARA VIAGEM,15/01/2023
TXN_9801552,LANCHE,4,4.0,16.0,CARTÃO DE CRÉDITO,PARA VIAGEM,20/04/2023
TXN_1929109,LANCHE,5,4.0,20.0,,,
TXN_8082317,SUCO,3,3.0,9.0,DINHEIRO,PARA VIAGEM,18/08/2023
TXN_1569729,VITAMINA,5,4.0,20.0,DINHEIRO,PARA VIAGEM,16/07/2023
TXN_8126049,LANCHE,3,4.0,12.0,,,
TXN_2644962,VITAMINA,2,4.0,,,,09/04/2023
TXN_8991609,SALADA,4,5.0,20.0,CARTEIRA DIGITAL,PRESENCIAL,19/06/2023
TXN_5000665,BOLO,3,3.0,9.0,CARTEIRA DIGITAL,PRESENCIAL,28/11/2023
TXN_2161255,LANCHE,3,4.0,12.0,,,08/06/2023
TXN_6549359,,3,1.5,4.5,DINHEIRO,,21/04/2023
TXN_8833173,VITAMINA,4,4.0,16.0,CARTEIRA DIGITAL,,14/03/2023
TXN_8449081,BISCOITO,2,1.0,2.0,,PRESENCIAL,24/02/2023
TXN_7153321,SALADA,5,5.0,25.0,CARTÃO DE CRÉDITO,PARA VIAGEM,19/12/2023
TXN_2935761,VITAMINA,4,4.0,16.0,CARTEIRA DIGITAL,,01/04/2023
TXN_7328705,BISCOITO,4,1.0,4.0,CARTEIRA DIGITAL,PARA VIAGEM,09/09/2023
TXN_1419790,LANCHE,3,4.0,12.0,,,06/01/2023
TXN_8970187,BOLO,1,3.0,3.0,CARTEIRA DIGITAL,PARA VIAGEM,13/03/2023
TXN_4385632,CHÁ,5,1.5,7.5,,PARA VIAGEM,18/06/2023
TXN_4343133,BISCOITO,4,1.0,4.0,CARTEIRA DIGITAL,,04/03/2023
TXN_7712544,BISCOITO,3,,3.0,DINHEIRO,,06/05/2023
TXN_6904952,SALADA,4,5.0,20.0,CARTEIRA DIGITAL,PARA VIAGEM,04/04/2023
TXN_4023091,VITAMINA,3,4.0,12.0,CARTÃO DE CRÉDITO,,24/07/2023
TXN_6005707,SUCO,4,3.0,,DINHEIRO,,06/02/2023
TXN_9824238,CHÁ,5,1.5,7.5,DINHEIRO,PRESENCIAL,14/07/2023
TXN_2867795,BISCOITO,1,1.0,1.0,CARTÃO DE CRÉDITO,,26/06/2023
TXN_8434259,CHÁ,2,1.5,3.0,CARTEIRA DIGITAL,,
TXN_5437961,LANCHE,3,,12.0,,PRESENCIAL,30/06/2023
TXN_3440463,BOLO,1,3.0,,CARTÃO DE CRÉDITO,PARA VIAGEM,04/04/2023
TXN_1242840,VITAMINA,1,4.0,4.0,CARTÃO DE CRÉDITO,,26/08/2023
TXN_2997717,BOLO,4,3.0,12.0,CARTÃO DE CRÉDITO,,19/10/2023
TXN_4440412,LANCHE,3,4.0,12.0,DINHEIRO,PARA VIAGEM,15/04/2023
TXN_9897583,CAFÉ,2,,4.0,CARTEIRA DIGITAL,PARA VIAGEM,20/01/2023
TXN_9772498,BOLO,4,3.0,12.0,DINHEIRO,,21/08/2023
TXN_7908929,CHÁ,2,1.5,3.0,CARTEIRA DIGITAL,,18/11/2023
TXN_6411390,SUCO,1,3.0,,DINHEIRO,,07/09/2023
TXN_5784400,BOLO,4,3.0,12.0,CARTEIRA DIGITAL,,25/11/2023
TXN_9660737,BISCOITO,,1.0,5.0,DINHEIRO,,19/05/2023
TXN_9719954,CHÁ,1,1.5,1.5,CARTEIRA DIGITAL,,
TXN_3287282,,2,1.5,3.0,CARTEIRA DIGITAL,PARA VIAGEM,23/09/2023
TXN_7368518,,3,3.0,9.0,,,14/03/2023
TXN_6068074,VITAMINA,2,4.0,8.0,DINHEIRO,PRESENCIAL,01/06/2023
TXN_2265329,BOLO,5,3.0,15.0,CARTÃO DE CRÉDITO,,23/12/2023
TXN_8500316,LANCHE,4,4.0,16.0,,,10/03/2023
TXN_4235472,SALADA,5,5.0,25.0,,PARA VIAGEM,22/12/2023
TXN_1701798,CAFÉ,2,2.0,4.0,DINHEIRO,PARA VIAGEM,24/07/2023
TXN_4352950,CAFÉ,1,2.0,2.0,CARTEIRA DIGITAL,,06/02/2023
TXN_4807899,CAFÉ,5,2.0,10.0,CARTEIRA DIGITAL,PARA VIAGEM,03/07/2023
TXN_4916085,SUCO,1,3.0,3.0,CARTEIRA DIGITAL,,03/03/2023
TXN_2764819,,1,3.0,3.0,CARTÃO DE CRÉDITO,PARA VIAGEM,23/02/2023
TXN_2102950,CAFÉ,5,2.0,10.0,CARTEIRA DIGITAL,PARA VIAGEM,07/12/2023
TXN_5530180,BISCOITO,5,1.0,5.0,,PRESENCIAL,06/09/2023
TXN_6774559,BISCOITO,2,1.0,2.0,,,18/02/2023
TXN_7914312,LANCHE,5,4.0,20.0,,PRESENCIAL,06/06/2023
TXN_5282804,LANCHE,1,4.0,4.0,CARTÃO DE CRÉDITO,,01/12/2023
TXN_6526078,LANCHE,5,4.0,20.0,DINHEIRO,,07/11/2023
TXN_4070040,BOLO,1,3.0,3.0,,,
TXN_7668576,,2,3.0,6.0,,,08/11/2023
TXN_2210019,LANCHE,3,4.0,12.0,DINHEIRO,PRESENCIAL,05/12/2023
TXN_4727260,CHÁ,2,1.5,3.0,,,30/01/2023
TXN_2617632,VITAMINA,4,4.0,16.0,CARTEIRA DIGITAL,,17/10/2023
TXN_5585601,BOLO,4,3.0,12.0,,PARA VIAGEM,28/05/2023
TXN_8019306,SUCO,1,3.0,3.0,CARTÃO DE CRÉDITO,,21/05/2023
TXN_6469563,SUCO,5,3.0,15.0,CARTÃO DE CRÉDITO,,04/03/2023
TXN_4059695,SALADA,3,5.0,15.0,DINHEIRO,PARA VIAGEM,30/12/2023
TXN_2393287,,2,3.0,6.0,DINHEIRO,,14/04/2023
TXN_3799280,CAFÉ,5,2.0,10.0,DINHEIRO,,23/09/2023
TXN_1454024,BISCOITO,5,1.0,5.0,CARTEIRA DIGITAL,,
TXN_2749862,SALADA,4,5.0,,CARTEIRA DIGITAL,,19/07/2023
TXN_3863625,SALADA,5,,25.0,DINHEIRO,PRESENCIAL,04/09/2023
TXN_2928676,BISCOITO,1,1.0,1.0,CARTÃO DE CRÉDITO,,09/06/2023
TXN_4030763,SALADA,2,5.0,10.0,,PARA VIAGEM,17/06/2023
TXN_6853830,,5,1.5,7.5,,PRESENCIAL,13/07/2023
TXN_3877643,SUCO,4,3.0,12.0,DINHEIRO,PRESENCIAL,15/11/2023
TXN_9395554,,4,2.0,8.0,DINHEIRO,PARA VIAGEM,31/03/2023
TXN_3755657,VITAMINA,2,4.0,8.0,CARTEIRA DIGITAL,PRESENCIAL,24/03/2023
TXN_6987232,SUCO,5,3.0,15.0,CARTEIRA DIGITAL,,02/06/2023
TXN_8045032,SUCO,4,3.0,12.0,,PRESENCIAL,20/02/2023
TXN_3288233,SUCO,5,3.0,15.0,DINHEIRO,,24/12/2023
TXN_4231121,CAFÉ,4,2.0,8.0,,,01/09/2023
TXN_8932087,,,3.0,3.0,CARTEIRA DIGITAL,PARA VIAGEM,30/10/2023
TXN_6189486,,5,4.0,20.0,,PARA VIAGEM,23/03/2023
TXN_2489067,SUCO,2,3.0,6.0,,PARA VIAGEM,05/07/2023
TXN_7293600,BOLO,3,3.0,,CARTEIRA DIGITAL,,28/10/2023
TXN_3147874,BISCOITO,1,1.0,1.0,CARTEIRA DIGITAL,PARA VIAGEM,
TXN_5279293,LANCHE,3,4.0,12.0,CARTEIRA DIGITAL,PARA VIAGEM,11/11/2023
TXN_3488082,LANCHE,1,4.0,4.0,CARTEIRA DIGITAL,PRESENCIAL,12/04/2023
TXN_3342106,LANCHE,1,4.0,4.0,CARTÃO DE CRÉDITO,PRESENCIAL,14/01/2023
TXN_3713880,SALADA,5,5.0,25.0,,PRESENCIAL,30/06/2023
TXN_1967032,CHÁ,1,1.5,1.5,CARTEIRA DIGITAL,PARA VIAGEM,12/01/2023
TXN_6587151,VITAMINA,4,,16.0,CARTÃO DE CRÉDITO,,07/10/2023
TXN_2630698,LANCHE,2,4.0,8.0,,PARA VIAGEM,22/08/2023
TXN_3632558,CAFÉ,2,,4.0,DINHEIRO,PARA VIAGEM,10/08/2023
TXN_8228500,CHÁ,3,1.5,4.5,,PRESENCIAL,15/04/2023
TXN_9708632,CAFÉ,5,2.0,10.0,,PRESENCIAL,
TXN_3543930,SUCO,2,3.0,6.0,CARTÃO DE CRÉDITO,PARA VIAGEM,10/10/2023
TXN_1037464,,5,4.0,20.0,CARTEIRA DIGITAL,,14/02/2023
TXN_3508619,VITAMINA,4,4.0,16.0,,,04/09/2023
TXN_4553403,CAFÉ,5,2.0,10.0,,PRESENCIAL,20/06/2023
TXN_5747509,BISCOITO,2,1.0,2.0,DINHEIRO,PRESENCIAL,30/10/2023
TXN_7910572,LANCHE,4,4.0,16.0,,PARA VIAGEM,07/07/2023
TXN_9012517,CAFÉ,2,2.0,4.0,CARTÃO DE CRÉDITO,PRESENCIAL,21/10/2023
TXN_8237192,LANCHE,3,4.0,12.0,,,03/10/2023
TXN_5303092,CHÁ,2,1.5,3.0,CARTÃO DE CRÉDITO,PRESENCIAL,05/05/2023
TXN_3136657,BOLO,,3.0,6.0,DINHEIRO,PRESENCIAL,21/09/2023
TXN_3865641,BOLO,5,3.0,15.0,CARTEIRA DIGITAL,PRESENCIAL,15/09/2023
TXN_1049697,CHÁ,3,,4.5,DINHEIRO,PRESENCIAL,08/10/2023
TXN_3420316,LANCHE,3,4.0,12.0,,PARA VIAGEM,31/10/2023
TXN_6568307,CAFÉ,1,2.0,2.0,DINHEIRO,PRESENCIAL,16/07/2023
TXN_8281347,SUCO,4,3.0,12.0,CARTÃO DE CRÉDITO,PRESENCIAL,11/08/2023
TXN_8353202,LANCHE,4,4.0,16.0,CARTEIRA DIGITAL,PRESENCIAL,14/06/2023
TXN_7377398,SUCO,2,3.0,6.0,DINHEIRO,PARA VIAGEM,26/02/2023
TXN_6915068,SUCO,2,3.0,6.0,DINHEIRO,PRESENCIAL,26/11/2023
TXN_8704802,VITAMINA,3,4.0,12.0,,,30/08/2023
TXN_1983422,BISCOITO,2,1.0,2.0,CARTEIRA DIGITAL,PRESENCIAL,26/06/2023
TXN_1603186,BOLO,3,3.0,,DINHEIRO,PARA VIAGEM,13/10/2023
TXN_5572520,VITAMINA,5,4.0,20.0,DINHEIRO,PARA VIAGEM,14/05/2023
TXN_2021680,SUCO,3,3.0,9.0,,PARA VIAGEM,16/08/2023
TXN_9220900,BISCOITO,4,,4.0,,,19/06/2023
TXN_6123007,CAFÉ,3,2.0,6.0,CARTEIRA DIGITAL,,28/05/2023
TXN_2832660,VITAMINA,2,4.0,8.0,CARTÃO DE CRÉDITO,,08/01/2023
TXN_7697496,SALADA,1,5.0,5.0,,PARA VIAGEM,18/06/2023
TXN_9802838,CHÁ,1,1.5,1.5,,PARA VIAGEM,15/02/2023
TXN_4011509,VITAMINA,4,4.0,16.0,CARTEIRA DIGITAL,,10/11/2023
TXN_6786730,CAFÉ,1,2.0,2.0,CARTÃO DE CRÉDITO,,15/04/2023
TXN_3641356,SUCO,3,,9.0,CARTÃO DE CRÉDITO,PRESENCIAL,26/07/2023
TXN_8245502,SALADA,1,5.0,5.0,CARTÃO DE CRÉDITO,,16/03/2023
TXN_3645818,,1,1.0,1.0,CARTEIRA DIGITAL,PARA VIAGEM,18/03/2023
TXN_1318238,LANCHE,1,4.0,,CARTEIRA DIGITAL,PARA VIAGEM,23/09/2023
TXN_1970180,BOLO,2,3.0,6.0,CARTEIRA DIGITAL,PARA VIAGEM,02/08/2023
TXN_5415223,CHÁ,2,1.5,3.0,DINHEIRO,PRESENCIAL,02/09/2023
TXN_4777601,CHÁ,1,1.5,1.5,CARTÃO DE CRÉDITO,PRESENCIAL,18/08/2023
TXN_2023651,LANCHE,,4.0,,DINHEIRO,PRESENCIAL,25/05/2023
TXN_5110688,SALADA,3,5.0,15.0,CARTEIRA DIGITAL,,09/05/2023
TXN_7497122,LANCHE,5,4.0,20.0,CARTEIRA DIGITAL,PARA VIAGEM,23/03/2023
TXN_4870483,CAFÉ,1,2.0,2.0,,PARA VIAGEM,03/03/2023
TXN_3003979,CHÁ,,1.5,1.5,CARTEIRA DIGITAL,PARA VIAGEM,08/01/2023
TXN_3838923,SUCO,4,3.0,12.0,,PARA VIAGEM,03/06/2023
TXN_1998143,,1,1.0,1.0,CARTEIRA DIGITAL,PRESENCIAL,10/12/2023
TXN_2458782,SALADA,1,5.0,5.0,DINHEIRO,,15/04/2023
TXN_1256513,CAFÉ,4,2.0,8.0,CARTÃO DE CRÉDITO,PRESENCIAL,21/02/2023
TXN_6266187,CHÁ,5,1.5,7.5,CARTÃO DE CRÉDITO,PRESENCIAL,
TXN_9432758,BISCOITO,3,1.0,3.0,DINHEIRO,PARA VIAGEM,02/10/2023
TXN_1254663,CAFÉ,3,2.0,,,,15/08/2023
TXN_7174856,LANCHE,1,4.0,4.0,DINHEIRO,PARA VIAGEM,03/05/2023
TXN_5548756,BISCOITO,4,1.0,4.0,CARTÃO DE CRÉDITO,,09/09/2023
TXN_2736267,SALADA,5,5.0,25.0,,PRESENCIAL,17/03/2023
TXN_7595907,,5,,15.0,,PRESENCIAL,24/04/2023
TXN_1990997,SALADA,1,5.0,5.0,CARTEIRA DIGITAL,,27/03/2023
TXN_3820150,CHÁ,1,1.5,1.5,,,10/05/2023
TXN_7325508,SALADA,4,5.0,20.0,CARTÃO DE CRÉDITO,PARA VIAGEM,27/05/2023
TXN_5398134,CAFÉ,2,2.0,4.0,CARTÃO DE CRÉDITO,,01/10/2023
TXN_2150872,,5,,15.0,DINHEIRO,PARA VIAGEM,18/03/2023
TXN_6563365,SUCO,,3.0,12.0,,PARA VIAGEM,
TXN_9669616,CAFÉ,,2.0,,,,03/06/2023
TXN_1936447,BISCOITO,2,1.0,2.0,DINHEIRO,,28/10/2023
TXN_8469087,SALADA,2,5.0,10.0,CARTEIRA DIGITAL,PARA VIAGEM,06/11/2023
TXN_5556985,SUCO,3,3.0,9.0,CARTEIRA DIGITAL,PRESENCIAL,
TXN_8621589,SUCO,5,3.0,15.0,CARTEIRA DIGITAL,,15/11/2023
TXN_9901097,CAFÉ,1,2.0,2.0,DINHEIRO,,07/01/2023
TXN_8783484,VITAMINA,1,4.0,4.0,DINHEIRO,PRESENCIAL,20/11/2023
TXN_9599703,BOLO,2,3.0,6.0,CARTEIRA DIGITAL,PRESENCIAL,25/09/2023
TXN_1353248,LANCHE,3,4.0,12.0,DINHEIRO,,03/09/2023
TXN_2470745,LANCHE,,4.0,8.0,CARTEIRA DIGITAL,,10/01/2023
TXN_1266598,BOLO,4,3.0,12.0,CARTEIRA DIGITAL,,05/04/2023
TXN_5445994,SUCO,1,3.0,3.0,CARTÃO DE CRÉDITO,PRESENCIAL,11/06/2023
TXN_5689687,BOLO,5,3.0,15.0,,PRESENCIAL,04/06/2023
TXN_2208733,SUCO,1,3.0,3.0,,PARA VIAGEM,20/06/2023
TXN_1547245,LANCHE,,4.0,,,PARA VIAGEM,11/09/2023
TXN_4694285,CHÁ,3,1.5,4.5,,PRESENCIAL,25/01/2023
TXN_3829375,SUCO,5,,15.0,DINHEIRO,,18/12/2023
TXN_1932224,CAFÉ,1,2.0,2.0,CARTÃO DE CRÉDITO,,09/09/2023
TXN_5468153,VITAMINA,5,4.0,20.0,CARTEIRA DIGITAL,PRESENCIAL,15/12/2023
TXN_9363711,CAFÉ,5,2.0,10.0,CARTEIRA DIGITAL,PARA VIAGEM,23/11/2023
TXN_6845073,BISCOITO,1,1.0,1.0,CARTÃO DE CRÉDITO,PRESENCIAL,05/04/2023
TXN_1621227,CAFÉ,2,2.0,4.0,DINHEIRO,,
TXN_1691313,LANCHE,2,4.0,8.0,CARTEIRA DIGITAL,PARA VIAGEM,17/03/2023
TXN_4007522,BOLO,2,3.0,,DINHEIRO,PARA VIAGEM,20/12/2023
TXN_3175177,SUCO,3,3.0,9.0,CARTÃO DE CRÉDITO,,24/10/2023
TXN_9282265,SALADA,2,5.0,10.0,CARTÃO DE CRÉDITO,,20/03/2023
TXN_8265257,CAFÉ,1,2.0,2.0,,PRESENCIAL,25/10/2023
TXN_5425668,BISCOITO,5,1.0,5.0,DINHEIRO,PARA VIAGEM,09/04/2023
TXN_7738455,CHÁ,3,1.5,4.5,CARTEIRA DIGITAL,,05/06/2023
TXN_7349681,SALADA,1,,5.0,DINHEIRO,PRESENCIAL,09/08/2023
TXN_2660576,LANCHE,1,4.0,4.0,,,15/05/2023
TXN_2101934,VITAMINA,4,4.0,16.0,DINHEIRO,PRESENCIAL,27/11/2023
TXN_1525583,LANCHE,3,,,DINHEIRO,PARA VIAGEM,20/05/2023
TXN_6110108,CHÁ,,1.5,7.5,,PARA VIAGEM,10/02/2023
TXN_9205425,LANCHE,3,4.0,12.0,CARTEIRA DIGITAL,PARA VIAGEM,16/09/2023
TXN_9306482,VITAMINA,2,4.0,8.0,CARTEIRA DIGITAL,PARA VIAGEM,16/01/2023
TXN_8407849,BISCOITO,2,1.0,2.0,,,05/05/2023
TXN_3162244,LANCHE,,4.0,20.0,CARTEIRA DIGITAL,PRESENCIAL,15/12/2023
TXN_9121687,LANCHE,2,4.0,8.0,,PRESENCIAL,13/05/2023
TXN_3182191,BOLO,5,3.0,15.0,CARTEIRA DIGITAL,,21/07/2023
TXN_4734366,VITAMINA,1,4.0,4.0,CARTÃO DE CRÉDITO,PARA VIAGEM,20/08/2023
TXN_4430006,SUCO,5,3.0,15.0,,,14/01/2023
TXN_7341975,SUCO,2,3.0,6.0,CARTEIRA DIGITAL,,29/07/2023
TXN_8787149,SUCO,1,3.0,3.0,,,20/04/2023
TXN_4224284,BISCOITO,2,1.0,2.0,,PARA VIAGEM,04/09/2023
TXN_2177436,BOLO,,3.0,3.0,,PARA VIAGEM,13/03/2023
TXN_5097542,BOLO,5,3.0,15.0,DINHEIRO,,15/05/2023
TXN_4260738,CAFÉ,2,2.0,4.0,,PRESENCIAL,15/11/2023
TXN_5402821,SALADA,4,5.0,20.0,,,29/11/2023
TXN_4130343,CAFÉ,4,2.0,8.0,CARTÃO DE CRÉDITO,PRESENCIAL,08/12/2023
TXN_3028667,SUCO,2,3.0,6.0,,PARA VIAGEM,24/11/2023
TXN_8592808,,1,4.0,4.0,CARTÃO DE CRÉDITO,,02/04/2023
TXN_5875201,,,4.0,4.0,,PRESENCIAL,31/01/2023
TXN_6849062,CAFÉ,5,2.0,10.0,DINHEIRO,,30/07/2023
TXN_4336844,VITAMINA,4,4.0,16.0,,,09/07/2023
TXN_6090715,SUCO,3,3.0,9.0,CARTÃO DE CRÉDITO,PRESENCIAL,14/11/2023
TXN_9162014,BOLO,1,3.0,3.0,DINHEIRO,,21/07/2023
TXN_4751689,VITAMINA,5,4.0,,DINHEIRO,PRESENCIAL,28/07/2023
TXN_2200163,CAFÉ,4,2.0,8.0,DINHEIRO,,13/03/2023
TXN_7310903,VITAMINA,3,4.0,12.0,CARTÃO DE CRÉDITO,,10/09/2023
TXN_7155957,SALADA,5,5.0,25.0,CARTEIRA DIGITAL,PRESENCIAL,22/02/2023
TXN_4350828,SUCO,2,3.0,6.0,CARTEIRA DIGITAL,PRESENCIAL,16/02/2023
TXN_7539585,VITAMINA,5,4.0,20.0,,,20/10/2023
TXN_6868763,,3,3.0,9.0,CARTEIRA DIGITAL,PRESENCIAL,13/01/2023
TXN_6156180,CAFÉ,,2.0,10.0,DINHEIRO,,25/07/2023
TXN_4970127,CHÁ,1,1.5,1.5,CARTEIRA DIGITAL,PRESENCIAL,09/12/2023
TXN_9567719,LANCHE,5,4.0,20.0,CARTEIRA DIGITAL,PRESENCIAL,24/01/2023
TXN_2950265,SALADA,3,5.0,15.0,CARTÃO DE CRÉDITO,,23/08/2023
TXN_1556609,LANCHE,1,4.0,4.0,CARTEIRA DIGITAL,,21/07/2023
TXN_2203547,SUCO,3,3.0,9.0,,PRESENCIAL,01/07/2023
TXN_1084010,VITAMINA,2,4.0,8.0,CARTÃO DE CRÉDITO,PRESENCIAL,11/08/2023
TXN_4218637,CHÁ,5,1.5,7.5,DINHEIRO,,31/08/2023
TXN_2245465,SALADA,2,5.0,10.0,CARTEIRA DIGITAL,,27/12/2023
TXN_4742049,SUCO,1,3.0,3.0,CARTÃO DE CRÉDITO,PARA VIAGEM,10/09/2023
TXN_9889005,BOLO,3,3.0,9.0,,,16/12/2023
TXN_4840522,VITAMINA,3,4.0,12.0,,PRESENCIAL,16/06/2023
TXN_2585392,SALADA,4,5.0,20.0,,,12/07/2023
TXN_3135264,,2,3.0,6.0,CARTEIRA DIGITAL,,25/08/2023
TXN_2180562,SALADA,2,5.0,10.0,,PARA VIAGEM,02/07/2023
TXN_5905580,,3,1.0,3.0,DINHEIRO,PARA VIAGEM,20/02/2023
TXN_5993677,BOLO,4,3.0,12.0,,PARA VIAGEM,28/01/2023
TXN_8984991,VITAMINA,3,4.0,12.0,CARTÃO DE CRÉDITO,,17/05/2023
TXN_3522597,,3,1.5,4.5,CARTEIRA DIGITAL,PRESENCIAL,04/02/2023
TXN_6123633,SALADA,3,5.0,15.0,,,16/01/2023
TXN_6769554,CAFÉ,5,2.0,10.0,CARTÃO DE CRÉDITO,PARA VIAGEM,06/02/2023
TXN_5761414,VITAMINA,1,4.0,4.0,CARTEIRA DIGITAL,,02/10/2023
TXN_5157516,SALADA,3,5.0,15.0,,PRESENCIAL,09/10/2023
TXN_2614633,CAFÉ,4,2.0,8.0,CARTEIRA DIGITAL,PRESENCIAL,23/04/2023
TXN_3781240,BOLO,5,3.0,15.0,,PARA VIAGEM,27/05/2023
TXN_7068823,,4,4.0,16.0,,PARA VIAGEM,28/06/2023
TXN_2085081,BOLO,2,3.0,6.0,DINHEIRO,,14/03/2023
TXN_3399636,SUCO,3,3.0,9.0,CARTEIRA DIGITAL,PARA VIAGEM,07/08/2023
TXN_8587529,BISCOITO,2,1.0,2.0,CARTÃO DE CRÉDITO,PARA VIAGEM,09/07/2023
TXN_1476775,SALADA,3,5.0,15.0,CARTÃO DE CRÉDITO,,01/11/2023
TXN_6945985,CHÁ,3,1.5,4.5,CARTEIRA DIGITAL,PRESENCIAL,13/02/2023
TXN_4117627,BOLO,3,3.0,9.0,CARTÃO DE CRÉDITO,PRESENCIAL,22/06/2023
TXN_7530300,CAFÉ,3,2.0,6.0,CARTEIRA DIGITAL,,08/05/2023
TXN_7071783,BISCOITO,4,1.0,4.0,DINHEIRO,,04/07/2023
TXN_3676305,SALADA,5,5.0,25.0,CARTÃO DE CRÉDITO,,14/06/2023
TXN_8867827,CHÁ,1,1.5,1.5,CARTEIRA DIGITAL,,14/01/2023
TXN_9061106,BOLO,4,3.0,12.0,CARTEIRA DIGITAL,PARA VIAGEM,04/11/2023
TXN_1245485,BOLO,1,,3.0,CARTEIRA DIGITAL,,15/05/2023
TXN_1357780,CHÁ,4,,6.0,,PRESENCIAL,23/10/2023
TXN_4075053,,3,4.0,12.0,CARTEIRA DIGITAL,PARA VIAGEM,27/02/2023
TXN_6113724,CAFÉ,1,,2.0,CARTEIRA DIGITAL,PARA VIAGEM,26/03/2023
TXN_6496176,BISCOITO,4,1.0,4.0,,PRESENCIAL,26/07/2023
TXN_2381411,CAFÉ,5,2.0,10.0,DINHEIRO,PRESENCIAL,30/07/2023
TXN_9210096,VITAMINA,3,4.0,12.0,,,25/05/2023
TXN_4563544,LANCHE,5,4.0,20.0,,,10/06/2023
TXN_2546684,SUCO,,3.0,,CARTEIRA DIGITAL,PARA VIAGEM,08/04/2023
TXN_4623468,CAFÉ,5,2.0,10.0,CARTÃO DE CRÉDITO,PARA VIAGEM,
TXN_2168277,BISCOITO,1,1.0,1.0,,PARA VIAGEM,02/06/2023
TXN_9178545,SUCO,4,3.0,12.0,DINHEIRO,PRESENCIAL,24/01/2023
TXN_8535886,CHÁ,5,1.5,7.5,CARTÃO DE CRÉDITO,PRESENCIAL,13/05/2023
TXN_1037486,SALADA,5,5.0,25.0,CARTEIRA DIGITAL,PRESENCIAL,
TXN_7978452,BOLO,5,3.0,15.0,CARTEIRA DIGITAL,,03/10/2023
TXN_8488163,LANCHE,4,4.0,,,,19/01/2023
TXN_6926855,LANCHE,3,4.0,12.0,DINHEIRO,PARA VIAGEM,12/01/2023
TXN_9869593,BOLO,2,3.0,6.0,CARTEIRA DIGITAL,PARA VIAGEM,03/10/2023
TXN_3055407,CHÁ,2,1.5,3.0,,,03/06/2023
TXN_4981027,CAFÉ,3,2.0,6.0,,,02/08/2023
TXN_5332773,CAFÉ,2,2.0,4.0,CARTEIRA DIGITAL,PARA VIAGEM,04/05/2023
TXN_5946554,BOLO,2,3.0,,,,01/03/2023
TXN_7508715,VITAMINA,2,4.0,8.0,DINHEIRO,PRESENCIAL,11/12/2023
TXN_9728789,BISCOITO,3,1.0,3.0,DINHEIRO,PRESENCIAL,29/03/2023
TXN_8061866,SALADA,4,5.0,20.0,DINHEIRO,PARA VIAGEM,13/12/2023
TXN_8961034,SUCO,2,3.0,6.0,,,21/01/2023
TXN_1099119,VITAMINA,4,4.0,16.0,DINHEIRO,,09/02/2023
TXN_2421387,BISCOITO,4,1.0,4.0,,,09/04/2023
TXN_8627017,CHÁ,4,1.5,6.0,DINHEIRO,PRESENCIAL,28/01/2023
TXN_7468084,CAFÉ,5,2.0,10.0,CARTÃO DE CRÉDITO,,14/06/2023
TXN_1185069,SALADA,1,5.0,5.0,CARTEIRA DIGITAL,,21/02/2023
TXN_5100941,BISCOITO,5,1.0,,CARTEIRA DIGITAL,,11/07/2023
TXN_6428745,BOLO,1,3.0,3.0,,PARA VIAGEM,02/06/2023
TXN_4096757,SALADA,5,5.0,25.0,CARTÃO DE CRÉDITO,PRESENCIAL,20/07/2023
TXN_6057914,VITAMINA,2,4.0,8.0,CARTEIRA DIGITAL,,18/03/2023
TXN_2517078,LANCHE,2,4.0,8.0,,PRESENCIAL,07/03/2023
TXN_2890321,CHÁ,3,1.5,4.5,DINHEIRO,PRESENCIAL,13/06/2023
TXN_4808812,VITAMINA,4,4.0,16.0,,,31/05/2023
TXN_1866707,VITAMINA,3,4.0,12.0,DINHEIRO,,05/06/2023
TXN_9745609,SALADA,3,5.0,15.0,,,05/02/2023
TXN_8488298,BOLO,3,3.0,9.0,DINHEIRO,,03/11/2023
TXN_2515796,CHÁ,3,1.5,4.5,CARTÃO DE CRÉDITO,PARA VIAGEM,06/02/2023
TXN_2369294,LANCHE,2,4.0,8.0,DINHEIRO,PARA VIAGEM,07/09/2023
TXN_9444736,CHÁ,5,1.5,7.5,CARTÃO DE CRÉDITO,PARA VIAGEM,23/04/2023
TXN_4764398,LANCHE,2,4.0,8.0,CARTÃO DE CRÉDITO,,13/06/2023
TXN_8696392,SUCO,,3.0,3.0,,,16/04/2023
TXN_1993675,BISCOITO,3,1.0,3.0,DINHEIRO,PARA VIAGEM,09/01/2023
TXN_7754136,BISCOITO,1,1.0,1.0,CARTÃO DE CRÉDITO,PRESENCIAL,12/07/2023
TXN_4873173,CAFÉ,5,2.0,10.0,DINHEIRO,PARA VIAGEM,08/10/2023
TXN_7221126,CHÁ,5,1.5,7.5,CARTEIRA DIGITAL,PRESENCIAL,11/10/2023
TXN_4537288,BISCOITO,1,1.0,1.0,DINHEIRO,,25/02/2023
TXN_5492760,BOLO,2,3.0,6.0,,PARA VIAGEM,
TXN_5079166,SALADA,5,5.0,25.0,CARTÃO DE CRÉDITO,PARA VIAGEM,15/04/2023
TXN_4597600,BISCOITO,5,1.0,,,PARA VIAGEM,15/11/2023
TXN_6568440,BISCOITO,1,1.0,1.0,,PARA VIAGEM,15/06/2023
TXN_1713639,BISCOITO,1,1.0,1.0,,,04/08/2023
TXN_4780352,SALADA,,5.0,5.0,CARTEIRA DIGITAL,PARA VIAGEM,12/01/2023
TXN_6419344,SUCO,1,3.0,3.0,DINHEIRO,PRESENCIAL,26/05/2023
TXN_3669068,BOLO,5,3.0,15.0,DINHEIRO,PARA VIAGEM,17/01/2023
TXN_2201248,CHÁ,1,,1.5,DINHEIRO,PARA VIAGEM,20/07/2023
TXN_4432252,VITAMINA,5,4.0,20.0,CARTÃO DE CRÉDITO,,16/02/2023
TXN_6595038,BISCOITO,2,,2.0,,,08/02/2023
TXN_2940895,BOLO,4,3.0,12.0,,,20/02/2023
TXN_9796122,SALADA,3,5.0,15.0,,,
TXN_4069354,SALADA,1,5.0,5.0,,,18/08/2023
TXN_9737509,CHÁ,5,1.5,7.5,CARTEIRA DIGITAL,PRESENCIAL,27/11/2023
TXN_8749404,CAFÉ,4,2.0,8.0,CARTEIRA DIGITAL,PRESENCIAL,16/12/2023
TXN_2069068,BOLO,5,3.0,15.0,,PRESENCIAL,15/06/2023
TXN_7010812,,2,5.0,10.0,CARTEIRA DIGITAL,PRESENCIAL,13/11/2023
TXN_6411385,SALADA,4,5.0,20.0,DINHEIRO,PARA VIAGEM,06/06/2023
TXN_4375698,LANCHE,,4.0,20.0,CARTÃO DE CRÉDITO,PRESENCIAL,30/12/2023
TXN_4768744,CHÁ,5,1.5,7.5,DINHEIRO,PRESENCIAL,14/05/2023
TXN_5260646,CHÁ,4,1.5,6.0,DINHEIRO,PARA VIAGEM,18/11/2023
TXN_2393219,SUCO,4,3.0,12.0,CARTEIRA DIGITAL,PRESENCIAL,27/12/2023
TXN_4544172,SUCO,1,3.0,3.0,CARTEIRA DIGITAL,PARA VIAGEM,20/05/2023
TXN_1180623,LANCHE,5,4.0,20.0,,PRESENCIAL,23/09/2023
TXN_8275137,SALADA,4,5.0,20.0,DINHEIRO,,16/11/2023
TXN_3758861,VITAMINA,3,4.0,12.0,CARTÃO DE CRÉDITO,,03/07/2023
TXN_6279736,SALADA,1,5.0,5.0,,,25/08/2023
TXN_8661276,BISCOITO,1,1.0,1.0,CARTEIRA DIGITAL,PRESENCIAL,07/01/2023
TXN_5974796,LANCHE,4,4.0,16.0,DINHEIRO,PRESENCIAL,09/11/2023
TXN_9880967,BISCOITO,,1.0,3.0,CARTÃO DE CRÉDITO,PRESENCIAL,15/01/2023
TXN_5452978,SALADA,2,5.0,10.0,DINHEIRO,PRESENCIAL,10/04/2023
TXN_7231153,,1,5.0,5.0,DINHEIRO,PRESENCIAL,15/06/2023
TXN_6455517,BOLO,2,3.0,6.0,DINHEIRO,,04/08/2023
TXN_4038488,,3,3.0,9.0,CARTÃO DE CRÉDITO,,05/12/2023
TXN_3933290,CAFÉ,1,2.0,2.0,,,05/08/2023
TXN_9655661,SUCO,1,3.0,3.0,CARTEIRA DIGITAL,,07/06/2023
TXN_7932830,,2,3.0,6.0,,PARA VIAGEM,08/01/2023
TXN_1931190,BISCOITO,3,1.0,3.0,,PARA VIAGEM,31/12/2023
TXN_8633758,,1,5.0,5.0,CARTÃO DE CRÉDITO,PARA VIAGEM,24/09/2023
TXN_4887189,VITAMINA,3,4.0,12.0,DINHEIRO,PARA VIAGEM,19/07/2023
TXN_7687146,CAFÉ,1,2.0,2.0,CARTEIRA DIGITAL,PARA VIAGEM,02/12/2023
TXN_9728414,CHÁ,1,1.5,1.5,CARTÃO DE CRÉDITO,PARA VIAGEM,11/01/2023
TXN_3081950,BISCOITO,1,1.0,1.0,CARTEIRA DIGITAL,,01/05/2023
TXN_7589318,BOLO,4,3.0,12.0,DINHEIRO,PRESENCIAL,21/09/2023
TXN_9452972,LANCHE,3,4.0,12.0,CARTEIRA DIGITAL,,10/02/2023
TXN_9299563,SUCO,5,3.0,15.0,CARTÃO DE CRÉDITO,,27/03/2023
TXN_2273499,,3,2.0,,DINHEIRO,PARA VIAGEM,27/01/2023
TXN_3374343,BOLO,2,3.0,6.0,,,02/09/2023
TXN_8732269,BOLO,2,3.0,6.0,CARTÃO DE CRÉDITO,PARA VIAGEM,11/01/2023
TXN_6763296,CAFÉ,5,,10.0,DINHEIRO,,04/10/2023
TXN_3758250,SALADA,3,5.0,15.0,DINHEIRO,PRESENCIAL,08/09/2023
TXN_7764304,BOLO,,,3.0,CARTÃO DE CRÉDITO,PARA VIAGEM,09/01/2023
TXN_8697749,BISCOITO,3,1.0,3.0,,PARA VIAGEM,24/07/2023
TXN_6904247,,3,4.0,12.0,CARTÃO DE CRÉDITO,,19/09/2023
TXN_6027798,BISCOITO,2,1.0,2.0,CARTEIRA DIGITAL,,26/05/2023
TXN_4482692,SALADA,2,5.0,10.0,,,14/04/2023
TXN_8196921,CAFÉ,4,2.0,8.0,CARTÃO DE CRÉDITO,PARA VIAGEM,19/05/2023
TXN_9289408,CAFÉ,4,2.0,8.0,CARTEIRA DIGITAL,,23/09/2023
TXN_3771902,SUCO,5,,15.0,DINHEIRO,PARA VIAGEM,31/03/2023
TXN_8506937,SALADA,1,5.0,,,PRESENCIAL,07/09/2023
TXN_6706566,,3,1.0,3.0,DINHEIRO,,01/09/2023
TXN_6217375,VITAMINA,5,4.0,20.0,DINHEIRO,,07/12/2023
TXN_3779320,CHÁ,4,1.5,6.0,CARTÃO DE CRÉDITO,PRESENCIAL,27/03/2023
TXN_2894525,SUCO,3,,9.0,,PARA VIAGEM,16/04/2023
TXN_9789876,SALADA,4,5.0,20.0,DINHEIRO,PARA VIAGEM,05/09/2023
TXN_9129403,LANCHE,3,4.0,12.0,CARTÃO DE CRÉDITO,,05/12/2023
TXN_2944325,LANCHE,4,4.0,16.0,DINHEIRO,,18/12/2023
TXN_5591155,VITAMINA,4,4.0,16.0,,PARA VIAGEM,14/05/2023
TXN_6532832,BISCOITO,5,1.0,,DINHEIRO,PRESENCIAL,23/06/2023
TXN_5992166,SUCO,5,3.0,15.0,DINHEIRO,PARA VIAGEM,01/10/2023
TXN_6895165,CAFÉ,3,2.0,6.0,CARTÃO DE CRÉDITO,PARA VIAGEM,18/02/2023
TXN_3410147,SUCO,,3.0,3.0,,,30/09/2023
TXN_6269306,VITAMINA,5,4.0,20.0,CARTÃO DE CRÉDITO,,29/08/2023
TXN_2132747,LANCHE,2,4.0,8.0,,PRESENCIAL,19/12/2023
TXN_6241505,VITAMINA,4,4.0,16.0,DINHEIRO,PARA VIAGEM,20/11/2023
TXN_7965585,VITAMINA,5,4.0,20.0,,PARA VIAGEM,30/01/2023
TXN_1950063,SALADA,2,5.0,10.0,DINHEIRO,,24/02/2023
TXN_4682737,CAFÉ,2,2.0,4.0,DINHEIRO,PARA VIAGEM,03/02/2023
TXN_4376376,,3,5.0,15.0,CARTEIRA DIGITAL,,05/09/2023
TXN_9061471,BOLO,1,3.0,3.0,CARTEIRA DIGITAL,PARA VIAGEM,13/07/2023
TXN_8932070,,3,4.0,12.0,CARTEIRA DIGITAL,PRESENCIAL,03/12/2023
TXN_8410979,VITAMINA,3,4.0,12.0,CARTEIRA DIGITAL,PRESENCIAL,02/05/2023
TXN_3710523,LANCHE,3,4.0,12.0,CARTEIRA DIGITAL,,03/10/2023
TXN_8014289,SUCO,5,3.0,15.0,CARTEIRA DIGITAL,PRESENCIAL,04/12/2023
TXN_1888294,SUCO,3,3.0,9.0,DINHEIRO,,03/07/2023
TXN_8628615,,1,2.0,2.0,CARTÃO DE CRÉDITO,PARA VIAGEM,03/08/2023
TXN_2648236,VITAMINA,2,4.0,8.0,CARTÃO DE CRÉDITO,PRESENCIAL,10/09/2023
TXN_1837817,CHÁ,2,1.5,3.0,DINHEIRO,,13/08/2023
TXN_8467229,,3,1.5,4.5,,PARA VIAGEM,02/02/2023
TXN_4197575,SALADA,2,5.0,10.0,CARTÃO DE CRÉDITO,,21/01/2023
TXN_5863650,CHÁ,1,1.5,1.5,CARTEIRA DIGITAL,PRESENCIAL,09/08/2023
TXN_7371295,,3,3.0,9.0,,,28/03/2023
TXN_1292476,SUCO,4,3.0,12.0,CARTEIRA DIGITAL,PARA VIAGEM,07/09/2023
TXN_4872708,CAFÉ,5,2.0,10.0,DINHEIRO,,16/11/2023
TXN_1299936,CAFÉ,1,2.0,2.0,,PARA VIAGEM,27/03/2023
TXN_2199236,VITAMINA,5,4.0,20.0,,PARA VIAGEM,06/10/2023
TXN_1311237,BISCOITO,4,1.0,4.0,CARTÃO DE CRÉDITO,,11/11/2023
TXN_9265423,SUCO,1,,3.0,,,20/10/2023
TXN_5808749,SALADA,1,5.0,5.0,DINHEIRO,PARA VIAGEM,25/01/2023
TXN_7677646,LANCHE,5,4.0,20.0,,,15/02/2023
TXN_3894165,VITAMINA,5,4.0,20.0,CARTÃO DE CRÉDITO,,31/03/2023
TXN_5270067,BOLO,3,3.0,9.0,CARTEIRA DIGITAL,,09/03/2023
TXN_9326761,CHÁ,1,1.5,1.5,,,02/01/2023
TXN_2168513,BOLO,1,3.0,3.0,CARTEIRA DIGITAL,PRESENCIAL,09/02/2023
TXN_3947116,LANCHE,1,4.0,4.0,,PARA VIAGEM,13/01/2023
TXN_7248722,BOLO,3,3.0,9.0,DINHEIRO,PARA VIAGEM,06/04/2023
TXN_9989458,VITAMINA,3,4.0,12.0,DINHEIRO,,16/02/2023
TXN_1850339,BISCOITO,5,1.0,5.0,DINHEIRO,PARA VIAGEM,17/01/2023
TXN_9934619,BISCOITO,1,1.0,1.0,,PRESENCIAL,11/02/2023
TXN_4551353,CHÁ,5,1.5,7.5,CARTEIRA DIGITAL,PRESENCIAL,17/08/2023
TXN_6657245,LANCHE,1,4.0,4.0,,PRESENCIAL,25/10/2023
TXN_1786141,VITAMINA,4,4.0,16.0,,,12/03/2023
TXN_6405088,SUCO,1,3.0,3.0,,PRESENCIAL,24/07/2023
TXN_1185003,,5,3.0,15.0,DINHEIRO,PARA VIAGEM,06/01/2023
TXN_4550558,BISCOITO,,1.0,,CARTÃO DE CRÉDITO,PRESENCIAL,04/08/2023
TXN_9555291,,3,4.0,12.0,CARTÃO DE CRÉDITO,,21/09/2023
TXN_8571432,SUCO,2,3.0,6.0,DINHEIRO,,07/12/2023
TXN_6744096,CAFÉ,1,2.0,2.0,CARTEIRA DIGITAL,PRESENCIAL,15/11/2023
TXN_8512204,,4,4.0,16.0,DINHEIRO,PARA VIAGEM,01/06/2023
TXN_3485502,SUCO,2,3.0,6.0,,,25/12/2023
TXN_5188843,VITAMINA,2,4.0,8.0,DINHEIRO,PRESENCIAL,06/02/2023
TXN_4821343,BISCOITO,1,1.0,1.0,CARTÃO DE CRÉDITO,PRESENCIAL,16/09/2023
TXN_4988100,CAFÉ,1,2.0,2.0,CARTEIRA DIGITAL,PRESENCIAL,
TXN_7791428,VITAMINA,5,,20.0,CARTEIRA DIGITAL,PARA VIAGEM,10/10/2023
TXN_8725610,LANCHE,2,4.0,8.0,,PARA VIAGEM,11/02/2023
TXN_8404563,CHÁ,1,1.5,1.5,DINHEIRO,PRESENCIAL,22/01/2023
TXN_8942133,SALADA,3,5.0,15.0,DINHEIRO,PARA VIAGEM,04/10/2023
TXN_1122699,,5,5.0,25.0,CARTEIRA DIGITAL,PRESENCIAL,14/10/2023
TXN_9230208,SUCO,3,3.0,9.0,CARTÃO DE CRÉDITO,,13/05/2023
TXN_4932916,,1,2.0,2.0,,PARA VIAGEM,13/12/2023
TXN_8980468,VITAMINA,5,4.0,20.0,DINHEIRO,,24/08/2023
TXN_4175635,SALADA,3,5.0,15.0,,PARA VIAGEM,26/05/2023
TXN_2851446,SALADA,2,,10.0,CARTÃO DE CRÉDITO,PARA VIAGEM,08/10/2023
TXN_8359693,LANCHE,2,4.0,8.0,CARTEIRA DIGITAL,PRESENCIAL,23/10/2023
TXN_9432268,SALADA,,5.0,20.0,,PARA VIAGEM,25/01/2023
TXN_2244902,CAFÉ,5,2.0,10.0,CARTÃO DE CRÉDITO,,13/02/2023
TXN_5561958,VITAMINA,4,4.0,16.0,CARTEIRA DIGITAL,,24/07/2023
TXN_6963106,LANCHE,1,4.0,4.0,DINHEIRO,PRESENCIAL,01/06/2023
TXN_6008133,CAFÉ,3,2.0,6.0,CARTEIRA DIGITAL,,08/11/2023
TXN_9119194,BOLO,,3.0,9.0,DINHEIRO,PARA VIAGEM,29/01/2023
TXN_2551074,BISCOITO,1,1.0,1.0,DINHEIRO,,17/09/2023
TXN_1899827,CAFÉ,5,2.0,10.0,CARTÃO DE CRÉDITO,PARA VIAGEM,24/06/2023
TXN_3046572,SALADA,4,5.0,20.0,DINHEIRO,,16/05/2023
TXN_6397921,,1,4.0,4.0,,PRESENCIAL,01/12/2023
TXN_8701063,LANCHE,2,4.0,8.0,,,23/08/2023
TXN_9157625,CHÁ,5,1.5,7.5,CARTÃO DE CRÉDITO,PARA VIAGEM,10/02/2023
TXN_7865037,CAFÉ,1,2.0,2.0,CARTEIRA DIGITAL,,05/06/2023
TXN_8410376,CAFÉ,4,2.0,8.0,CARTEIRA DIGITAL,,02/07/2023
TXN_4192665,CAFÉ,1,2.0,2.0,DINHEIRO,,15/07/2023
TXN_5433077,BOLO,4,3.0,12.0,DINHEIRO,PRESENCIAL,29/11/2023
TXN_1844925,CHÁ,5,1.5,7.5,DINHEIRO,,21/10/2023
TXN_7215311,CHÁ,1,1.5,1.5,,,31/07/2023
TXN_8003664,LANCHE,1,4.0,4.0,CARTÃO DE CRÉDITO,,26/11/2023
TXN_3872616,BOLO,2,3.0,6.0,,PARA VIAGEM,23/10/2023
TXN_3659483,VITAMINA,3,4.0,,DINHEIRO,,14/05/2023
TXN_1688499,VITAMINA,2,4.0,8.0,CARTÃO DE CRÉDITO,,23/03/2023
TXN_5632556,SUCO,4,3.0,,CARTEIRA DIGITAL,PRESENCIAL,16/05/2023
TXN_7954416,CAFÉ,1,2.0,2.0,CARTEIRA DIGITAL,PRESENCIAL,04/06/2023
TXN_7845656,SUCO,3,3.0,9.0,CARTÃO DE CRÉDITO,PARA VIAGEM,
TXN_7421687,CAFÉ,5,2.0,10.0,CARTÃO DE CRÉDITO,PRESENCIAL,18/11/2023
TXN_2444134,,2,4.0,8.0,CARTÃO DE CRÉDITO,PRESENCIAL,16/01/2023
TXN_3793672,BISCOITO,5,1.0,5.0,CARTÃO DE CRÉDITO,,14/01/2023
TXN_1903825,SALADA,4,5.0,20.0,CARTEIRA DIGITAL,PARA VIAGEM,01/04/2023
TXN_4267136,CHÁ,1,1.5,1.5,CARTÃO DE CRÉDITO,PRESENCIAL,02/08/2023
TXN_6281616,CAFÉ,4,2.0,8.0,,,19/08/2023
TXN_6567287,BISCOITO,4,1.0,4.0,CARTEIRA DIGITAL,PARA VIAGEM,
TXN_3743107,CAFÉ,4,2.0,8.0,DINHEIRO,,14/01/2023
TXN_6739664,SALADA,3,5.0,15.0,DINHEIRO,,12/09/2023
TXN_8343149,SUCO,,3.0,15.0,CARTEIRA DIGITAL,PRESENCIAL,28/10/2023
TXN_2376870,,5,4.0,20.0,CARTEIRA DIGITAL,,
TXN_2025634,,1,4.0,4.0,,,
TXN_7187140,SUCO,2,3.0,6.0,CARTÃO DE CRÉDITO,PRESENCIAL,25/05/2023
TXN_6988675,CAFÉ,1,2.0,2.0,,PRESENCIAL,24/02/2023
TXN_1108326,BOLO,2,3.0,,,PARA VIAGEM,
TXN_6544160,SALADA,,5.0,5.0,,,05/02/2023
TXN_3053494,,5,3.0,15.0,CARTEIRA DIGITAL,PRESENCIAL,11/06/2023
TXN_9653700,,1,3.0,3.0,CARTÃO DE CRÉDITO,,12/03/2023
TXN_4623303,VITAMINA,3,4.0,12.0,,PRESENCIAL,29/01/2023
TXN_7568175,SALADA,1,5.0,5.0,DINHEIRO,PRESENCIAL,06/11/2023
TXN_4968258,VITAMINA,2,4.0,8.0,,PARA VIAGEM,14/05/2023
TXN_8843061,VITAMINA,1,4.0,4.0,DINHEIRO,PARA VIAGEM,10/11/2023
TXN_5666241,BISCOITO,,1.0,4.0,,PARA VIAGEM,18/07/2023
TXN_7079566,SUCO,4,3.0,12.0,CARTEIRA DIGITAL,PRESENCIAL,20/10/2023
TXN_3937788,VITAMINA,1,4.0,4.0,DINHEIRO,PRESENCIAL,27/06/2023
TXN_3397034,BOLO,4,3.0,12.0,,,11/04/2023
TXN_8343414,SALADA,2,5.0,10.0,CARTÃO DE CRÉDITO,PARA VIAGEM,28/02/2023
TXN_4204491,VITAMINA,2,4.0,8.0,CARTEIRA DIGITAL,,25/04/2023
TXN_4801327,BOLO,5,3.0,15.0,DINHEIRO,PRESENCIAL,03/02/2023
TXN_4276482,LANCHE,4,4.0,16.0,,PARA VIAGEM,26/08/2023
TXN_6025054,CAFÉ,1,2.0,2.0,CARTÃO DE CRÉDITO,PARA VIAGEM,10/03/2023
TXN_1485725,SALADA,5,5.0,25.0,,PRESENCIAL,10/12/2023
TXN_9929033,CAFÉ,2,2.0,4.0,DINHEIRO,PARA VIAGEM,17/02/2023
TXN_1888706,BISCOITO,1,1.0,1.0,,PARA VIAGEM,26/11/2023
TXN_7495804,SUCO,3,3.0,9.0,CARTÃO DE CRÉDITO,PARA VIAGEM,24/11/2023
TXN_5133476,SUCO,4,3.0,12.0,,,17/03/2023
TXN_5542500,LANCHE,3,,12.0,CARTÃO DE CRÉDITO,,19/07/2023
TXN_5895330,SALADA,5,5.0,25.0,,PRESENCIAL,12/05/2023
TXN_5351447,SALADA,4,5.0,20.0,,,20/07/2023
TXN_8505782,BISCOITO,2,1.0,2.0,,PRESENCIAL,24/11/2023
TXN_8365530,,4,,16.0,,PARA VIAGEM,10/03/2023
TXN_2357107,LANCHE,1,4.0,4.0,,PRESENCIAL,05/07/2023
TXN_1371708,BISCOITO,2,1.0,2.0,,PARA VIAGEM,14/03/2023
TXN_6265785,,5,5.0,25.0,CARTÃO DE CRÉDITO,PARA VIAGEM,26/08/2023
TXN_6806563,CAFÉ,1,2.0,2.0,,,16/04/2023
TXN_8183734,BISCOITO,2,1.0,2.0,CARTEIRA DIGITAL,PRESENCIAL,25/08/2023
TXN_6882503,CHÁ,1,1.5,1.5,,PRESENCIAL,02/01/2023
TXN_2785654,CHÁ,1,1.5,1.5,CARTÃO DE CRÉDITO,PARA VIAGEM,21/02/2023
TXN_1453579,LANCHE,5,4.0,20.0,,,21/01/2023
TXN_1121833,CAFÉ,4,2.0,8.0,CARTÃO DE CRÉDITO,PRESENCIAL,16/03/2023
TXN_1277989,,5,1.5,7.5,,PRESENCIAL,09/08/2023
TXN_8249996,,,1.0,4.0,CARTEIRA DIGITAL,,19/09/2023
TXN_7471281,LANCHE,5,4.0,20.0,,,16/06/2023
TXN_1512159,BOLO,2,3.0,6.0,CARTÃO DE CRÉDITO,PRESENCIAL,25/11/2023
TXN_4008899,SALADA,4,5.0,20.0,,,07/05/2023
TXN_4566950,CAFÉ,2,2.0,4.0,DINHEIRO,PARA VIAGEM,29/09/2023
TXN_6648081,SALADA,4,5.0,20.0,,PARA VIAGEM,24/04/2023
TXN_5094936,CAFÉ,4,2.0,8.0,,PRESENCIAL,12/07/2023
TXN_8154928,CHÁ,3,1.5,,CARTÃO DE CRÉDITO,,26/07/2023
TXN_6550707,CAFÉ,1,2.0,,CARTEIRA DIGITAL,,01/03/2023
TXN_3676019,SUCO,4,3.0,12.0,CARTEIRA DIGITAL,,07/11/2023
TXN_2486026,CHÁ,5,,7.5,CARTEIRA DIGITAL,PRESENCIAL,26/03/2023
TXN_9644830,BISCOITO,1,1.0,1.0,,,24/11/2023
TXN_3219378,SALADA,3,5.0,15.0,CARTEIRA DIGITAL,PRESENCIAL,04/12/2023
TXN_6372515,BISCOITO,1,1.0,1.0,CARTEIRA DIGITAL,PRESENCIAL,22/11/2023
TXN_4692681,CHÁ,2,1.5,3.0,,,02/06/2023
TXN_9364172,CHÁ,4,1.5,6.0,,PARA VIAGEM,18/03/2023
TXN_4745933,SALADA,1,5.0,5.0,CARTEIRA DIGITAL,PRESENCIAL,05/11/2023
TXN_6540267,SALADA,2,5.0,10.0,,PARA VIAGEM,26/09/2023
TXN_6994245,CAFÉ,4,2.0,8.0,CARTEIRA DIGITAL,PRESENCIAL,30/12/2023
TXN_8973007,CAFÉ,5,2.0,10.0,,PARA VIAGEM,07/02/2023
TXN_5108183,VITAMINA,,4.0,16.0,CARTÃO DE CRÉDITO,,31/08/2023
TXN_8103630,BISCOITO,1,1.0,1.0,CARTEIRA DIGITAL,PARA VIAGEM,08/03/2023
TXN_2575160,CHÁ,5,1.5,7.5,,,02/01/2023
TXN_8002309,LANCHE,1,4.0,4.0,,,04/04/2023
TXN_3252542,LANCHE,5,4.0,20.0,CARTEIRA DIGITAL,PRESENCIAL,22/09/2023
TXN_4775220,SUCO,3,3.0,9.0,,PARA VIAGEM,21/07/2023
TXN_4413197,CHÁ,4,1.5,6.0,CARTEIRA DIGITAL,,06/09/2023
TXN_1283149,SALADA,2,5.0,10.0,CARTÃO DE CRÉDITO,PRESENCIAL,23/01/2023
TXN_6822426,BOLO,5,3.0,15.0,CARTEIRA DIGITAL,PRESENCIAL,27/05/2023
TXN_8210816,SALADA,4,5.0,20.0,CARTEIRA DIGITAL,PARA VIAGEM,12/08/2023
TXN_5896728,SUCO,4,3.0,12.0,CARTEIRA DIGITAL,PARA VIAGEM,06/10/2023
TXN_4407308,CHÁ,4,1.5,6.0,CARTEIRA DIGITAL,PRESENCIAL,19/09/2023
TXN_7710078,SUCO,2,3.0,6.0,CARTÃO DE CRÉDITO,PARA VIAGEM,05/12/2023
TXN_5206046,LANCHE,3,4.0,12.0,,PRESENCIAL,
TXN_6016707,SUCO,1,3.0,3.0,DINHEIRO,PRESENCIAL,27/06/2023
TXN_7895436,BOLO,3,3.0,9.0,,,09/09/2023
TXN_3600632,,4,2.0,8.0,DINHEIRO,PARA VIAGEM,09/12/2023
TXN_4565969,CAFÉ,3,2.0,6.0,,PARA VIAGEM,16/03/2023
TXN_7821478,BOLO,4,,12.0,DINHEIRO,PRESENCIAL,24/05/2023
TXN_2971555,BOLO,1,3.0,3.0,DINHEIRO,,24/02/2023
TXN_1465364,CHÁ,4,1.5,6.0,CARTEIRA DIGITAL,PRESENCIAL,
TXN_9664173,LANCHE,1,4.0,4.0,,PRESENCIAL,20/03/2023
TXN_4049270,,5,2.0,10.0,CARTEIRA DIGITAL,PRESENCIAL,28/07/2023
TXN_4731715,CAFÉ,5,2.0,10.0,,,14/03/2023
TXN_3377626,BISCOITO,5,1.0,5.0,DINHEIRO,PRESENCIAL,23/07/2023
TXN_5753111,SALADA,1,5.0,5.0,CARTÃO DE CRÉDITO,,25/04/2023
TXN_2054549,VITAMINA,,4.0,4.0,,PRESENCIAL,07/04/2023
TXN_6996548,CAFÉ,,2.0,2.0,CARTÃO DE CRÉDITO,,24/06/2023
TXN_6761402,,1,2.0,2.0,,PARA VIAGEM,31/08/2023
TXN_1983842,BOLO,5,3.0,15.0,CARTEIRA DIGITAL,,16/03/2023
TXN_4982165,CHÁ,1,1.5,1.5,CARTÃO DE CRÉDITO,PARA VIAGEM,12/04/2023
TXN_5679295,CHÁ,5,,7.5,,PARA VIAGEM,30/04/2023
TXN_9194266,SALADA,5,5.0,25.0,DINHEIRO,,30/10/2023
TXN_1141920,CAFÉ,4,2.0,8.0,CARTEIRA DIGITAL,,26/10/2023
TXN_8878500,SALADA,4,5.0,20.0,,,24/02/2023
TXN_1012349,,4,3.0,12.0,DINHEIRO,PRESENCIAL,08/07/2023
TXN_3811655,VITAMINA,2,4.0,,,,
TXN_1581562,CAFÉ,2,2.0,4.0,DINHEIRO,PRESENCIAL,01/01/2023
TXN_6762236,SUCO,4,3.0,12.0,,PRESENCIAL,17/01/2023
TXN_1041891,BISCOITO,5,1.0,5.0,,,09/08/2023
TXN_6467796,,5,2.0,10.0,CARTÃO DE CRÉDITO,PARA VIAGEM,25/10/2023
TXN_8701045,,2,3.0,6.0,DINHEIRO,PRESENCIAL,07/06/2023
TXN_9656325,,2,2.0,4.0,CARTÃO DE CRÉDITO,PARA VIAGEM,31/03/2023
TXN_2716560,LANCHE,4,4.0,16.0,CARTÃO DE CRÉDITO,PARA VIAGEM,29/08/2023
TXN_4141941,CAFÉ,2,2.0,4.0,CARTEIRA DIGITAL,PRESENCIAL,18/05/2023
TXN_4633505,,3,1.5,4.5,CARTEIRA DIGITAL,PARA VIAGEM,25/08/2023
TXN_5283053,SUCO,4,3.0,12.0,CARTEIRA DIGITAL,,30/04/2023
TXN_1054912,LANCHE,3,4.0,12.0,DINHEIRO,,02/08/2023
TXN_9100081,SUCO,1,3.0,3.0,DINHEIRO,,18/08/2023
TXN_5129701,VITAMINA,2,4.0,8.0,CARTÃO DE CRÉDITO,PARA VIAGEM,09/11/2023
TXN_7021592,SALADA,4,5.0,20.0,CARTÃO DE CRÉDITO,PRESENCIAL,01/07/2023
TXN_8644119,LANCHE,,4.0,20.0,,,01/10/2023
TXN_3041142,VITAMINA,3,4.0,12.0,CARTEIRA DIGITAL,,22/12/2023
TXN_5618631,CAFÉ,5,2.0,10.0,CARTÃO DE CRÉDITO,PRESENCIAL,21/12/2023
TXN_6496379,LANCHE,1,4.0,4.0,DINHEIRO,PARA VIAGEM,24/12/2023
TXN_1486119,BISCOITO,4,1.0,4.0,,,24/08/2023
TXN_2386202,SALADA,4,5.0,20.0,DINHEIRO,PRESENCIAL,22/01/2023
TXN_6836109,CAFÉ,4,2.0,8.0,,PARA VIAGEM,09/04/2023
TXN_9190061,SALADA,5,5.0,25.0,DINHEIRO,PARA VIAGEM,14/06/2023
TXN_1691512,VITAMINA,1,4.0,4.0,,,25/03/2023
TXN_1059293,,5,4.0,20.0,,,04/12/2023
TXN_8813052,CHÁ,4,1.5,6.0,,PRESENCIAL,
TXN_2495471,SALADA,3,5.0,15.0,CARTÃO DE CRÉDITO,PARA VIAGEM,22/10/2023
TXN_7708201,SALADA,3,5.0,15.0,DINHEIRO,,04/01/2023
TXN_2038871,CHÁ,2,1.5,3.0,,PARA VIAGEM,15/07/2023
TXN_7195393,SALADA,2,5.0,10.0,CARTÃO DE CRÉDITO,PRESENCIAL,24/01/2023
TXN_8022892,LANCHE,4,4.0,16.0,CARTEIRA DIGITAL,PRESENCIAL,07/08/2023
TXN_4298189,CAFÉ,1,2.0,2.0,CARTEIRA DIGITAL,PRESENCIAL,13/10/2023
TXN_4967446,LANCHE,1,4.0,4.0,,PRESENCIAL,11/07/2023
TXN_3368231,CHÁ,3,1.5,4.5,,,11/08/2023
TXN_7353699,CHÁ,5,1.5,7.5,CARTEIRA DIGITAL,,20/07/2023
TXN_6888998,CAFÉ,5,2.0,10.0,,,27/02/2023
TXN_3541304,LANCHE,3,4.0,12.0,DINHEIRO,PRESENCIAL,22/04/2023
TXN_8188818,CHÁ,2,1.5,3.0,,,07/10/2023
TXN_9431971,VITAMINA,1,4.0,4.0,CARTÃO DE CRÉDITO,,17/07/2023
TXN_4543742,CAFÉ,3,2.0,6.0,CARTEIRA DIGITAL,,28/03/2023
TXN_5961027,BOLO,2,3.0,6.0,DINHEIRO,PRESENCIAL,
TXN_1807140,SALADA,,5.0,5.0,DINHEIRO,,22/03/2023
TXN_3007866,SUCO,4,3.0,12.0,CARTÃO DE CRÉDITO,PRESENCIAL,14/04/2023
TXN_6779377,VITAMINA,5,4.0,20.0,,PRESENCIAL,06/10/2023
TXN_7053830,CAFÉ,3,2.0,6.0,CARTEIRA DIGITAL,,14/02/2023
TXN_3660048,BOLO,1,,3.0,CARTÃO DE CRÉDITO,,
TXN_6522299,CHÁ,2,1.5,3.0,DINHEIRO,,29/08/2023
TXN_5811766,BOLO,5,,15.0,CARTEIRA DIGITAL,PRESENCIAL,
TXN_2848421,BISCOITO,1,1.0,1.0,CARTEIRA DIGITAL,PRESENCIAL,07/08/2023
TXN_4935533,,1,4.0,4.0,,PRESENCIAL,12/06/2023
TXN_2389320,CAFÉ,2,2.0,4.0,,PARA VIAGEM,26/07/2023
TXN_8423155,CAFÉ,1,2.0,2.0,,PARA VIAGEM,03/07/2023
TXN_6053617,LANCHE,2,4.0,8.0,CARTÃO DE CRÉDITO,,25/11/2023
TXN_8384372,CHÁ,4,1.5,6.0,CARTEIRA DIGITAL,,07/08/2023
TXN_3426338,SALADA,1,5.0,5.0,DINHEIRO,PRESENCIAL,31/07/2023
TXN_4581359,SUCO,2,3.0,6.0,CARTÃO DE CRÉDITO,,22/03/2023
TXN_3561451,SALADA,4,5.0,20.0,CARTÃO DE CRÉDITO,,31/05/2023
TXN_7768989,LANCHE,2,4.0,,DINHEIRO,PRESENCIAL,02/10/2023
TXN_5963316,CHÁ,2,1.5,,CARTÃO DE CRÉDITO,PARA VIAGEM,25/06/2023
TXN_4265942,CAFÉ,5,2.0,10.0,,,24/04/2023
TXN_6014389,BISCOITO,5,1.0,5.0,CARTÃO DE CRÉDITO,PRESENCIAL,21/07/2023
TXN_7358729,BISCOITO,2,1.0,2.0,DINHEIRO,PARA VIAGEM,25/02/2023
TXN_9815521,LANCHE,3,4.0,12.0,CARTÃO DE CRÉDITO,PRESENCIAL,26/05/2023
TXN_8325221,,2,2.0,4.0,CARTÃO DE CRÉDITO,,17/11/2023
TXN_8267031,BOLO,,3.0,6.0,,PARA VIAGEM,28/03/2023
TXN_1950187,CHÁ,2,1.5,3.0,CARTÃO DE CRÉDITO,PARA VIAGEM,13/04/2023
TXN_9518691,SALADA,2,5.0,10.0,CARTÃO DE CRÉDITO,,30/03/2023
TXN_3612790,VITAMINA,1,,4.0,,,01/09/2023
TXN_5436816,SALADA,3,5.0,15.0,CARTÃO DE CRÉDITO,,04/08/2023
TXN_7896586,LANCHE,2,4.0,8.0,CARTÃO DE CRÉDITO,,04/09/2023
TXN_5835004,VITAMINA,5,4.0,20.0,CARTÃO DE CRÉDITO,PRESENCIAL,14/04/2023
TXN_3774886,LANCHE,3,4.0,12.0,,,01/06/2023
TXN_5950951,SALADA,1,5.0,,CARTÃO DE CRÉDITO,PRESENCIAL,10/04/2023
TXN_3918096,SUCO,4,3.0,12.0,,,17/08/2023
TXN_2786231,SUCO,1,3.0,3.0,DINHEIRO,PARA VIAGEM,17/08/2023
TXN_3803063,,4,,12.0,CARTÃO DE CRÉDITO,PARA VIAGEM,23/11/2023
TXN_4262451,CAFÉ,1,2.0,2.0,CARTEIRA DIGITAL,PARA VIAGEM,16/10/2023
TXN_4773210,CAFÉ,1,2.0,2.0,CARTÃO DE CRÉDITO,,29/11/2023
TXN_1231366,LANCHE,3,4.0,12.0,CARTEIRA DIGITAL,PARA VIAGEM,28/11/2023
TXN_6596377,BISCOITO,5,,5.0,,,02/08/2023
TXN_2713279,BISCOITO,4,1.0,4.0,CARTEIRA DIGITAL,PRESENCIAL,12/02/2023
TXN_4247602,SALADA,5,5.0,25.0,CARTÃO DE CRÉDITO,PARA VIAGEM,13/07/2023
TXN_2446298,SUCO,,3.0,15.0,,PRESENCIAL,21/05/2023
TXN_7258784,,4,2.0,8.0,DINHEIRO,PRESENCIAL,21/09/2023
TXN_5164540,CHÁ,2,1.5,3.0,,PARA VIAGEM,05/01/2023
TXN_6488040,SALADA,1,5.0,,CARTEIRA DIGITAL,PARA VIAGEM,20/05/2023
TXN_9850842,CHÁ,3,,4.5,,,23/01/2023
TXN_7269738,BISCOITO,3,1.0,3.0,DINHEIRO,,26/05/2023
TXN_2638760,BOLO,5,3.0,15.0,DINHEIRO,,09/02/2023
TXN_3459152,BOLO,,3.0,9.0,CARTEIRA DIGITAL,,28/06/2023
TXN_8013818,CHÁ,2,1.5,3.0,,,24/07/2023
TXN_8077367,CHÁ,,,7.5,CARTÃO DE CRÉDITO,,27/02/2023
TXN_6643922,CAFÉ,5,2.0,10.0,CARTEIRA DIGITAL,PRESENCIAL,24/06/2023
TXN_8388056,SALADA,1,5.0,5.0,CARTÃO DE CRÉDITO,,23/06/2023
TXN_4728936,SUCO,4,3.0,12.0,CARTEIRA DIGITAL,PARA VIAGEM,27/02/2023
TXN_6386388,CHÁ,3,1.5,4.5,CARTÃO DE CRÉDITO,PARA VIAGEM,21/05/2023
TXN_9443285,BOLO,2,3.0,6.0,CARTÃO DE CRÉDITO,,27/05/2023
TXN_6377838,BOLO,2,3.0,6.0,CARTEIRA DIGITAL,PARA VIAGEM,19/02/2023
TXN_7483986,SALADA,2,5.0,10.0,,PARA VIAGEM,24/03/2023
TXN_7719510,SUCO,3,3.0,9.0,CARTÃO DE CRÉDITO,PARA VIAGEM,14/08/2023
TXN_7908153,BISCOITO,3,1.0,3.0,DINHEIRO,PRESENCIAL,19/01/2023
TXN_3083412,CAFÉ,5,,10.0,CARTÃO DE CRÉDITO,PRESENCIAL,
TXN_8159649,,4,2.0,8.0,,PRESENCIAL,15/06/2023
TXN_5391160,SUCO,2,3.0,6.0,DINHEIRO,PRESENCIAL,09/03/2023
TXN_8324715,LANCHE,5,4.0,20.0,CARTÃO DE CRÉDITO,,21/03/2023
TXN_7353685,LANCHE,2,4.0,,,PRESENCIAL,
TXN_1985223,VITAMINA,3,4.0,12.0,CARTEIRA DIGITAL,PARA VIAGEM,21/09/2023
TXN_2944460,SALADA,1,5.0,5.0,CARTEIRA DIGITAL,PRESENCIAL,16/04/2023
TXN_6957157,BOLO,1,3.0,3.0,,,01/02/2023
TXN_5693294,,3,3.0,9.0,CARTÃO DE CRÉDITO,,30/12/2023
TXN_2887257,BISCOITO,3,1.0,3.0,CARTÃO DE CRÉDITO,PRESENCIAL,27/08/2023
TXN_3986876,BOLO,3,3.0,9.0,DINHEIRO,PARA VIAGEM,06/11/2023
TXN_1066604,LANCHE,5,4.0,20.0,CARTÃO DE CRÉDITO,,18/05/2023
TXN_2494494,CAFÉ,1,2.0,2.0,DINHEIRO,,13/06/2023
TXN_4464373,BISCOITO,2,1.0,2.0,CARTEIRA DIGITAL,PRESENCIAL,22/04/2023
TXN_7844770,BOLO,2,3.0,6.0,CARTEIRA DIGITAL,,31/01/2023
TXN_9968943,VITAMINA,1,4.0,4.0,CARTEIRA DIGITAL,,25/07/2023
TXN_4051488,BISCOITO,4,1.0,4.0,,PARA VIAGEM,09/06/2023
TXN_2668838,BOLO,4,3.0,12.0,,PARA VIAGEM,11/05/2023
TXN_8039752,,2,2.0,4.0,,PARA VIAGEM,28/11/2023
TXN_3388908,BISCOITO,4,,4.0,,PARA VIAGEM,22/11/2023
TXN_2096487,,5,4.0,20.0,CARTEIRA DIGITAL,PARA VIAGEM,09/08/2023
TXN_8795794,LANCHE,3,4.0,12.0,DINHEIRO,PRESENCIAL,13/02/2023
TXN_4627457,BOLO,3,3.0,9.0,,PRESENCIAL,13/12/2023
TXN_2352308,BISCOITO,2,1.0,2.0,DINHEIRO,,10/11/2023
TXN_3980743,SALADA,1,5.0,5.0,,PARA VIAGEM,21/09/2023
TXN_6538210,VITAMINA,1,4.0,4.0,,PRESENCIAL,29/12/2023
TXN_3749051,,,4.0,12.0,,PARA VIAGEM,19/04/2023
TXN_6683798,BISCOITO,1,1.0,,CARTEIRA DIGITAL,PARA VIAGEM,26/07/2023
TXN_7246683,VITAMINA,1,4.0,4.0,CARTEIRA DIGITAL,PARA VIAGEM,17/05/2023
TXN_6755348,,5,4.0,20.0,,,23/06/2023
TXN_3691228,BOLO,3,3.0,9.0,DINHEIRO,PARA VIAGEM,26/10/2023
TXN_7407946,SALADA,3,5.0,15.0,CARTÃO DE CRÉDITO,,26/03/2023
TXN_8635803,CHÁ,2,1.5,3.0,DINHEIRO,,17/03/2023
TXN_9550508,VITAMINA,5,,20.0,,,18/11/2023
TXN_8010562,LANCHE,1,4.0,4.0,DINHEIRO,,23/07/2023
TXN_2501648,BOLO,2,3.0,6.0,CARTÃO DE CRÉDITO,,05/12/2023
TXN_9455679,SALADA,5,5.0,25.0,,PARA VIAGEM,18/05/2023
TXN_8105705,SUCO,1,3.0,3.0,CARTEIRA DIGITAL,PARA VIAGEM,17/10/2023
TXN_9676096,BOLO,3,3.0,9.0,CARTEIRA DIGITAL,,05/04/2023
TXN_8476828,,3,1.5,4.5,,PARA VIAGEM,25/10/2023
TXN_2126034,CAFÉ,4,,8.0,DINHEIRO,PRESENCIAL,30/10/2023
TXN_2151258,BOLO,3,3.0,9.0,CARTÃO DE CRÉDITO,,09/08/2023
TXN_3672345,CHÁ,3,1.5,4.5,CARTÃO DE CRÉDITO,,17/10/2023
TXN_6793298,CHÁ,2,1.5,3.0,CARTÃO DE CRÉDITO,,14/04/2023
TXN_3951329,LANCHE,,4.0,4.0,CARTÃO DE CRÉDITO,PARA VIAGEM,28/12/2023
TXN_7480853,VITAMINA,2,,8.0,CARTEIRA DIGITAL,PRESENCIAL,07/10/2023
TXN_4944024,VITAMINA,2,4.0,8.0,,PARA VIAGEM,26/09/2023
TXN_6687528,SUCO,2,3.0,6.0,,,06/05/2023
TXN_5531648,CAFÉ,5,2.0,10.0,DINHEIRO,PARA VIAGEM,23/01/2023
TXN_8789736,CAFÉ,2,2.0,4.0,CARTÃO DE CRÉDITO,,06/05/2023
TXN_9938977,BOLO,5,3.0,15.0,DINHEIRO,PRESENCIAL,18/12/2023
TXN_2730798,CHÁ,4,1.5,6.0,CARTÃO DE CRÉDITO,,01/12/2023
TXN_3749801,BOLO,5,3.0,,CARTÃO DE CRÉDITO,PARA VIAGEM,03/01/2023
TXN_3326626,BOLO,2,3.0,6.0,DINHEIRO,PARA VIAGEM,26/09/2023
TXN_4843989,CHÁ,4,1.5,6.0,CARTEIRA DIGITAL,PARA VIAGEM,30/09/2023
TXN_6606514,SUCO,1,3.0,3.0,CARTÃO DE CRÉDITO,PRESENCIAL,25/06/2023
TXN_6187752,VITAMINA,5,4.0,20.0,,PARA VIAGEM,24/12/2023
TXN_1666190,VITAMINA,4,4.0,16.0,,PARA VIAGEM,28/07/2023
TXN_9438576,BISCOITO,1,1.0,1.0,CARTÃO DE CRÉDITO,PRESENCIAL,05/05/2023
TXN_1344947,BOLO,3,3.0,9.0,,PARA VIAGEM,16/02/2023
TXN_4978922,BISCOITO,4,1.0,4.0,DINHEIRO,,
TXN_3951552,SALADA,2,,10.0,DINHEIRO,PRESENCIAL,25/03/2023
TXN_3916668,SUCO,2,3.0,6.0,CARTEIRA DIGITAL,,14/05/2023
TXN_4789941,LANCHE,3,4.0,12.0,CARTÃO DE CRÉDITO,,17/04/2023
TXN_6957001,CHÁ,4,1.5,6.0,,PRESENCIAL,08/08/2023
TXN_3536893,SALADA,2,5.0,10.0,,,16/05/2023
TXN_4519915,VITAMINA,,4.0,4.0,CARTEIRA DIGITAL,PRESENCIAL,15/05/2023
TXN_3269434,SUCO,1,3.0,3.0,DINHEIRO,,01/02/2023
TXN_3291988,SUCO,2,3.0,6.0,CARTÃO DE CRÉDITO,,03/07/2023
TXN_7083611,BOLO,2,3.0,6.0,,,15/05/2023
TXN_1875220,CHÁ,3,1.5,4.5,DINHEIRO,PRESENCIAL,07/03/2023
TXN_1926712,CAFÉ,5,2.0,,CARTÃO DE CRÉDITO,,31/01/2023
TXN_5552114,LANCHE,2,4.0,8.0,,PRESENCIAL,13/06/2023
TXN_5672583,SUCO,2,3.0,,DINHEIRO,PARA VIAGEM,09/04/2023
TXN_3717444,VITAMINA,3,4.0,12.0,,,07/09/2023
TXN_1899114,CHÁ,3,1.5,4.5,CARTEIRA DIGITAL,PARA VIAGEM,05/04/2023
TXN_2625388,CAFÉ,5,2.0,10.0,CARTEIRA DIGITAL,PRESENCIAL,09/02/2023
TXN_7153665,SALADA,5,5.0,25.0,DINHEIRO,PRESENCIAL,31/07/2023
TXN_9161256,VITAMINA,2,4.0,8.0,CARTEIRA DIGITAL,PRESENCIAL,01/01/2023
TXN_2010060,,1,3.0,3.0,DINHEIRO,,09/11/2023
TXN_9077843,CHÁ,3,1.5,4.5,,,28/03/2023
TXN_5611262,,2,5.0,10.0,CARTEIRA DIGITAL,PRESENCIAL,22/05/2023
TXN_3255254,SUCO,4,3.0,12.0,DINHEIRO,,23/03/2023
TXN_9275800,VITAMINA,3,4.0,12.0,DINHEIRO,,01/05/2023
TXN_2430215,,2,1.0,2.0,CARTEIRA DIGITAL,,10/04/2023
TXN_1372003,CHÁ,4,1.5,6.0,CARTEIRA DIGITAL,PARA VIAGEM,13/10/2023
TXN_7364110,CAFÉ,5,2.0,10.0,DINHEIRO,,
TXN_7202644,VITAMINA,5,4.0,20.0,,PARA VIAGEM,01/08/2023
TXN_5330387,CAFÉ,3,2.0,6.0,,,21/10/2023
TXN_2119809,SALADA,5,5.0,25.0,CARTEIRA DIGITAL,PRESENCIAL,21/04/2023
TXN_5587224,SALADA,2,5.0,10.0,,PRESENCIAL,05/01/2023
TXN_6332132,SUCO,3,3.0,9.0,,PARA VIAGEM,
TXN_2185661,LANCHE,4,4.0,,DINHEIRO,,16/03/2023
TXN_2491186,SALADA,5,5.0,25.0,,,28/11/2023
TXN_1891217,CHÁ,5,1.5,7.5,,,02/04/2023
TXN_8977555,BOLO,2,3.0,,DINHEIRO,,21/07/2023
TXN_7179922,BOLO,2,3.0,6.0,,PRESENCIAL,05/09/2023
TXN_5114283,CHÁ,1,1.5,1.5,CARTEIRA DIGITAL,PRESENCIAL,28/05/2023
TXN_1528454,CAFÉ,2,2.0,4.0,,PRESENCIAL,22/03/2023
TXN_5615114,CHÁ,4,1.5,6.0,CARTEIRA DIGITAL,,31/10/2023
TXN_4968659,CHÁ,5,1.5,7.5,CARTÃO DE CRÉDITO,,18/03/2023
TXN_4858666,BOLO,3,3.0,9.0,CARTÃO DE CRÉDITO,,18/03/2023
TXN_3502394,,3,2.0,6.0,CARTÃO DE CRÉDITO,PRESENCIAL,02/09/2023
TXN_4754723,CAFÉ,2,2.0,4.0,CARTÃO DE CRÉDITO,,
TXN_1902009,,2,3.0,6.0,CARTÃO DE CRÉDITO,,12/04/2023
TXN_8492074,CHÁ,3,1.5,4.5,CARTEIRA DIGITAL,PRESENCIAL,12/11/2023
TXN_6355908,LANCHE,3,4.0,12.0,CARTÃO DE CRÉDITO,,28/03/2023
TXN_6856530,VITAMINA,5,4.0,20.0,CARTEIRA DIGITAL,,11/11/2023
TXN_1180397,VITAMINA,3,4.0,12.0,CARTÃO DE CRÉDITO,PARA VIAGEM,05/04/2023
TXN_4747863,BISCOITO,2,1.0,2.0,CARTEIRA DIGITAL,PRESENCIAL,04/10/2023
TXN_3979966,VITAMINA,5,4.0,20.0,,PARA VIAGEM,23/08/2023
TXN_5127984,LANCHE,3,4.0,12.0,DINHEIRO,PRESENCIAL,12/11/2023
TXN_9904214,LANCHE,5,4.0,20.0,,PARA VIAGEM,13/03/2023
TXN_9948753,CHÁ,2,1.5,3.0,,PARA VIAGEM,09/05/2023
TXN_8263172,,2,3.0,6.0,,PARA VIAGEM,30/12/2023
TXN_1196223,SUCO,3,3.0,9.0,CARTEIRA DIGITAL,PRESENCIAL,14/10/2023
TXN_2401073,CAFÉ,4,2.0,8.0,CARTÃO DE CRÉDITO,,10/02/2023
TXN_9639089,SUCO,4,3.0,12.0,CARTÃO DE CRÉDITO,PRESENCIAL,14/05/2023
TXN_8654093,CAFÉ,3,2.0,6.0,CARTEIRA DIGITAL,,29/11/2023
TXN_1038397,BISCOITO,3,1.0,3.0,,PRESENCIAL,20/05/2023
TXN_8872715,BISCOITO,2,1.0,2.0,CARTEIRA DIGITAL,PARA VIAGEM,
TXN_4638979,SALADA,1,5.0,5.0,,,28/06/2023
TXN_5506097,,5,4.0,20.0,DINHEIRO,PARA VIAGEM,04/05/2023
TXN_9579984,SALADA,5,5.0,25.0,CARTÃO DE CRÉDITO,,25/12/2023
TXN_6087578,CHÁ,1,1.5,1.5,CARTÃO DE CRÉDITO,,17/12/2023
TXN_5297299,CAFÉ,5,2.0,10.0,,,04/10/2023
TXN_7526174,SUCO,3,3.0,9.0,CARTÃO DE CRÉDITO,,06/08/2023
TXN_5401244,SALADA,1,5.0,5.0,CARTÃO DE CRÉDITO,PRESENCIAL,08/07/2023
TXN_7470034,VITAMINA,5,4.0,20.0,CARTEIRA DIGITAL,PARA VIAGEM,
TXN_7775760,BOLO,4,3.0,,,,21/02/2023
TXN_5820892,SUCO,1,3.0,3.0,CARTEIRA DIGITAL,,14/11/2023
TXN_3801338,LANCHE,3,4.0,12.0,CARTÃO DE CRÉDITO,,03/11/2023
TXN_1521861,,5,3.0,15.0,DINHEIRO,PRESENCIAL,02/04/2023
TXN_8365857,VITAMINA,5,4.0,20.0,CARTEIRA DIGITAL,PARA VIAGEM,06/10/2023
TXN_9349657,BISCOITO,2,1.0,2.0,CARTÃO DE CRÉDITO,PRESENCIAL,14/03/2023
TXN_4503716,BOLO,1,3.0,3.0,,,12/11/2023
TXN_5679014,CAFÉ,1,2.0,2.0,,PRESENCIAL,12/06/2023
TXN_1161606,LANCHE,5,4.0,20.0,CARTÃO DE CRÉDITO,PARA VIAGEM,20/09/2023
TXN_5938359,BISCOITO,2,1.0,2.0,CARTÃO DE CRÉDITO,,02/06/2023
TXN_7565894,SALADA,1,5.0,5.0,DINHEIRO,PARA VIAGEM,15/07/2023
TXN_1987311,VITAMINA,1,4.0,4.0,,PRESENCIAL,03/08/2023
TXN_4656387,BISCOITO,2,1.0,2.0,CARTEIRA DIGITAL,,25/07/2023
TXN_9277276,BOLO,4,3.0,12.0,CARTÃO DE CRÉDITO,PARA VIAGEM,15/09/2023
TXN_1576076,CAFÉ,3,2.0,6.0,DINHEIRO,PARA VIAGEM,07/10/2023
TXN_3676632,VITAMINA,4,4.0,16.0,CARTÃO DE CRÉDITO,,11/12/2023
TXN_9945457,BISCOITO,4,1.0,4.0,DINHEIRO,,28/06/2023
TXN_6508674,,2,3.0,6.0,,PARA VIAGEM,09/02/2023
TXN_4579086,BOLO,2,3.0,6.0,CARTÃO DE CRÉDITO,PRESENCIAL,20/07/2023
TXN_2421873,CAFÉ,2,2.0,4.0,CARTÃO DE CRÉDITO,,18/02/2023
TXN_3601382,SALADA,3,5.0,15.0,,,12/02/2023
TXN_2323650,CHÁ,4,1.5,6.0,CARTEIRA DIGITAL,,09/10/2023
TXN_3587916,SALADA,3,5.0,15.0,DINHEIRO,PRESENCIAL,09/07/2023
TXN_8914956,BISCOITO,2,1.0,2.0,CARTÃO DE CRÉDITO,,13/05/2023
TXN_9080521,CAFÉ,2,2.0,4.0,CARTÃO DE CRÉDITO,PRESENCIAL,24/01/2023
TXN_1450705,BISCOITO,5,1.0,5.0,,,07/10/2023
TXN_9648941,CAFÉ,2,2.0,4.0,DINHEIRO,PARA VIAGEM,30/06/2023
TXN_9989719,VITAMINA,2,4.0,8.0,CARTÃO DE CRÉDITO,PARA VIAGEM,26/11/2023
TXN_8409154,BOLO,4,3.0,12.0,CARTEIRA DIGITAL,,20/06/2023
TXN_4630633,LANCHE,1,4.0,4.0,,PARA VIAGEM,22/10/2023
TXN_8332592,SUCO,,3.0,15.0,,,25/03/2023
TXN_5736595,CAFÉ,3,2.0,6.0,CARTÃO DE CRÉDITO,,14/08/2023
TXN_2264883,SUCO,2,3.0,6.0,CARTÃO DE CRÉDITO,PARA VIAGEM,24/12/2023
TXN_6137394,LANCHE,1,4.0,4.0,,PRESENCIAL,22/11/2023
TXN_4127927,SALADA,5,5.0,25.0,,PARA VIAGEM,04/08/2023
TXN_7256205,SUCO,4,3.0,,DINHEIRO,,08/04/2023
TXN_1766527,,4,5.0,,CARTEIRA DIGITAL,,07/02/2023
TXN_7591982,SALADA,1,5.0,5.0,DINHEIRO,,28/02/2023
TXN_5530273,BOLO,3,3.0,9.0,CARTEIRA DIGITAL,,13/01/2023
TXN_2958213,,5,1.0,5.0,,,15/08/2023
TXN_2057961,SUCO,2,3.0,6.0,,PRESENCIAL,04/10/2023
TXN_9705027,BISCOITO,2,1.0,,DINHEIRO,,
TXN_6367976,SUCO,1,3.0,3.0,CARTEIRA DIGITAL,,16/10/2023
TXN_9921277,BOLO,,3.0,3.0,,PARA VIAGEM,29/01/2023
TXN_4867316,LANCHE,1,4.0,4.0,CARTEIRA DIGITAL,,28/11/2023
TXN_6704173,VITAMINA,2,4.0,8.0,CARTÃO DE CRÉDITO,,24/07/2023
TXN_9510130,SALADA,4,5.0,20.0,DINHEIRO,,06/03/2023
TXN_1192009,CAFÉ,1,2.0,2.0,,,18/05/2023
TXN_2899889,SALADA,2,5.0,10.0,,PRESENCIAL,09/12/2023
TXN_7172693,,5,5.0,25.0,CARTÃO DE CRÉDITO,PRESENCIAL,23/03/2023
TXN_6862603,SALADA,4,5.0,20.0,CARTÃO DE CRÉDITO,PARA VIAGEM,17/04/2023
TXN_5761207,VITAMINA,3,4.0,12.0,CARTÃO DE CRÉDITO,,19/04/2023
TXN_9852820,SALADA,2,5.0,10.0,CARTÃO DE CRÉDITO,PRESENCIAL,27/08/2023
TXN_5939783,BISCOITO,2,1.0,2.0,,PARA VIAGEM,
TXN_2062604,CAFÉ,2,2.0,4.0,DINHEIRO,PRESENCIAL,
TXN_9531812,LANCHE,2,4.0,8.0,CARTEIRA DIGITAL,PRESENCIAL,04/02/2023
TXN_1423173,VITAMINA,5,4.0,20.0,CARTÃO DE CRÉDITO,,02/10/2023
TXN_9811007,BISCOITO,5,1.0,5.0,CARTÃO DE CRÉDITO,,07/03/2023
TXN_4346813,SALADA,5,5.0,25.0,,,07/07/2023
TXN_4383311,BOLO,2,,6.0,,PRESENCIAL,23/09/2023
TXN_5935353,,2,,8.0,CARTÃO DE CRÉDITO,,01/05/2023
TXN_6778796,BOLO,5,3.0,15.0,DINHEIRO,,29/11/2023
TXN_2119373,SALADA,4,5.0,20.0,CARTÃO DE CRÉDITO,PRESENCIAL,30/06/2023
TXN_6803555,CHÁ,2,1.5,3.0,CARTEIRA DIGITAL,PARA VIAGEM,31/05/2023
TXN_7010218,BISCOITO,4,1.0,4.0,,PARA VIAGEM,29/04/2023
TXN_1707537,BOLO,3,3.0,,CARTEIRA DIGITAL,PARA VIAGEM,17/10/2023
TXN_8470187,SUCO,3,3.0,9.0,,PARA VIAGEM,28/06/2023
TXN_6087604,LANCHE,4,4.0,16.0,CARTEIRA DIGITAL,,27/01/2023
TXN_9825905,CAFÉ,1,2.0,2.0,CARTEIRA DIGITAL,,04/01/2023
TXN_2086557,VITAMINA,2,4.0,8.0,DINHEIRO,PRESENCIAL,13/01/2023
TXN_9077087,SUCO,1,3.0,3.0,,PRESENCIAL,08/05/2023
TXN_7714902,CAFÉ,4,2.0,8.0,DINHEIRO,,10/09/2023
TXN_2154477,BOLO,4,3.0,12.0,,,11/02/2023
TXN_5949199,CHÁ,5,1.5,7.5,,PRESENCIAL,28/02/2023
TXN_8209124,CAFÉ,2,2.0,4.0,DINHEIRO,,05/10/2023
TXN_7519611,,4,1.5,6.0,CARTÃO DE CRÉDITO,PRESENCIAL,08/10/2023
TXN_1318943,,2,2.0,,DINHEIRO,PRESENCIAL,13/06/2023
TXN_4502922,,1,4.0,4.0,CARTÃO DE CRÉDITO,PARA VIAGEM,23/06/2023
TXN_4554194,VITAMINA,3,,12.0,CARTÃO DE CRÉDITO,PARA VIAGEM,04/10/2023
TXN_3418612,CHÁ,3,1.5,4.5,CARTEIRA DIGITAL,,31/01/2023
TXN_2539469,BOLO,2,3.0,6.0,CARTÃO DE CRÉDITO,PARA VIAGEM,24/09/2023
TXN_2764544,SUCO,4,3.0,12.0,DINHEIRO,PRESENCIAL,02/04/2023
TXN_8672939,VITAMINA,1,4.0,4.0,,,02/11/2023
TXN_1499346,BOLO,5,3.0,15.0,,,09/12/2023
TXN_9930357,SUCO,1,3.0,3.0,CARTÃO DE CRÉDITO,,
TXN_7631216,SUCO,5,3.0,15.0,CARTÃO DE CRÉDITO,,16/02/2023
TXN_3116803,CAFÉ,1,2.0,2.0,CARTÃO DE CRÉDITO,PRESENCIAL,10/09/2023
TXN_6050844,CHÁ,2,1.5,3.0,,,12/03/2023
TXN_7403963,LANCHE,4,4.0,16.0,DINHEIRO,PRESENCIAL,27/07/2023
TXN_2708387,CHÁ,4,1.5,6.0,CARTÃO DE CRÉDITO,,12/11/2023
TXN_7916758,VITAMINA,1,4.0,4.0,,PARA VIAGEM,14/10/2023
TXN_2944717,BISCOITO,2,1.0,2.0,DINHEIRO,,11/12/2023
TXN_7571571,LANCHE,2,4.0,8.0,CARTÃO DE CRÉDITO,,09/04/2023
TXN_7250085,CAFÉ,4,2.0,8.0,,PARA VIAGEM,19/09/2023
TXN_1892102,,3,4.0,12.0,DINHEIRO,,23/03/2023
TXN_7039529,BISCOITO,3,1.0,,CARTEIRA DIGITAL,PRESENCIAL,19/01/2023
TXN_1452931,CHÁ,1,1.5,1.5,CARTEIRA DIGITAL,,08/07/2023
TXN_5148201,VITAMINA,5,4.0,20.0,,,18/11/2023
TXN_7322317,CHÁ,1,,,,,16/03/2023
TXN_4648214,SALADA,1,5.0,5.0,,,15/02/2023
TXN_7902691,SUCO,,3.0,9.0,CARTEIRA DIGITAL,PARA VIAGEM,13/10/2023
TXN_4966750,BISCOITO,3,1.0,3.0,CARTEIRA DIGITAL,PRESENCIAL,24/12/2023
TXN_7740239,CHÁ,2,1.5,3.0,,,26/01/2023
TXN_6901162,,3,4.0,12.0,CARTEIRA DIGITAL,PRESENCIAL,
TXN_3689579,,2,4.0,8.0,CARTEIRA DIGITAL,PARA VIAGEM,02/12/2023
TXN_7770188,SUCO,5,3.0,15.0,CARTEIRA DIGITAL,PRESENCIAL,28/10/2023
TXN_5088167,CAFÉ,5,2.0,10.0,CARTÃO DE CRÉDITO,,02/09/2023
TXN_1865302,BISCOITO,5,1.0,5.0,CARTÃO DE CRÉDITO,PRESENCIAL,16/08/2023
TXN_4224423,SUCO,3,3.0,9.0,DINHEIRO,PARA VIAGEM,27/08/2023
TXN_8269956,VITAMINA,,4.0,20.0,,PARA VIAGEM,02/08/2023
TXN_9263959,BISCOITO,,1.0,5.0,DINHEIRO,,
TXN_3879052,CAFÉ,3,2.0,6.0,CARTÃO DE CRÉDITO,,14/12/2023
TXN_7340284,,5,1.0,5.0,,PARA VIAGEM,05/09/2023
TXN_9809696,VITAMINA,1,4.0,4.0,,PARA VIAGEM,05/01/2023
TXN_5719592,CAFÉ,1,2.0,2.0,CARTÃO DE CRÉDITO,PRESENCIAL,07/08/2023
TXN_6121301,VITAMINA,5,4.0,20.0,CARTEIRA DIGITAL,PARA VIAGEM,07/01/2023
TXN_2097987,LANCHE,2,4.0,8.0,CARTEIRA DIGITAL,PRESENCIAL,
TXN_7514279,SALADA,1,5.0,5.0,CARTÃO DE CRÉDITO,PRESENCIAL,04/02/2023
TXN_5153408,VITAMINA,1,4.0,4.0,CARTÃO DE CRÉDITO,PARA VIAGEM,22/08/2023
TXN_4678948,SUCO,3,3.0,9.0,,PARA VIAGEM,02/07/2023
TXN_8918253,,3,,12.0,CARTEIRA DIGITAL,,07/09/2023
TXN_7292662,LANCHE,1,4.0,4.0,,PRESENCIAL,
TXN_1209852,BISCOITO,2,1.0,2.0,CARTÃO DE CRÉDITO,PRESENCIAL,18/11/2023
TXN_4367311,CAFÉ,5,2.0,10.0,,PRESENCIAL,26/02/2023
TXN_5985513,,,4.0,8.0,CARTÃO DE CRÉDITO,,02/08/2023
TXN_2086325,CAFÉ,2,2.0,4.0,CARTÃO DE CRÉDITO,,14/08/2023
TXN_4062032,CHÁ,5,1.5,7.5,CARTEIRA DIGITAL,,28/10/2023
TXN_4329558,,4,2.0,8.0,,,22/04/2023
TXN_2029301,CHÁ,5,1.5,7.5,CARTEIRA DIGITAL,,06/08/2023
TXN_4508067,VITAMINA,5,4.0,20.0,CARTÃO DE CRÉDITO,PARA VIAGEM,19/03/2023
TXN_6637315,BOLO,3,3.0,9.0,DINHEIRO,,02/12/2023
TXN_3660347,VITAMINA,5,4.0,20.0,,PRESENCIAL,
TXN_4251500,BISCOITO,4,1.0,,CARTEIRA DIGITAL,PARA VIAGEM,11/11/2023
TXN_1516961,LANCHE,3,4.0,12.0,CARTÃO DE CRÉDITO,PARA VIAGEM,01/11/2023
TXN_5033660,CAFÉ,2,2.0,4.0,,,12/09/2023
TXN_9506595,,3,1.5,4.5,DINHEIRO,PRESENCIAL,10/07/2023
TXN_6646684,BISCOITO,3,1.0,3.0,DINHEIRO,,01/06/2023
TXN_6866644,LANCHE,1,4.0,4.0,,,22/07/2023
TXN_7228322,BISCOITO,1,1.0,,CARTÃO DE CRÉDITO,,18/02/2023
TXN_3595118,SUCO,2,3.0,6.0,DINHEIRO,PRESENCIAL,03/02/2023
TXN_4040941,BISCOITO,1,1.0,1.0,DINHEIRO,PRESENCIAL,20/02/2023
TXN_7753584,CAFÉ,4,2.0,8.0,,PARA VIAGEM,
TXN_4738349,VITAMINA,2,4.0,8.0,CARTEIRA DIGITAL,,06/02/2023
TXN_9436284,CAFÉ,3,2.0,6.0,CARTÃO DE CRÉDITO,,28/03/2023
TXN_1221801,VITAMINA,2,4.0,8.0,,,17/06/2023
TXN_3185929,SALADA,3,5.0,15.0,,PARA VIAGEM,27/07/2023
TXN_2332609,,5,4.0,20.0,CARTÃO DE CRÉDITO,PRESENCIAL,17/05/2023
TXN_4183705,CHÁ,2,1.5,3.0,CARTÃO DE CRÉDITO,PRESENCIAL,23/11/2023
TXN_5459138,VITAMINA,2,4.0,8.0,CARTEIRA DIGITAL,PRESENCIAL,
TXN_7435096,,4,1.5,6.0,,PRESENCIAL,21/10/2023
TXN_2561471,LANCHE,1,4.0,4.0,,PRESENCIAL,12/07/2023
TXN_3098503,SALADA,1,5.0,,CARTÃO DE CRÉDITO,PARA VIAGEM,31/05/2023
TXN_1148060,BISCOITO,5,1.0,5.0,DINHEIRO,,12/10/2023
TXN_5151780,SALADA,4,5.0,20.0,DINHEIRO,PARA VIAGEM,24/06/2023
TXN_3398955,BISCOITO,3,1.0,3.0,DINHEIRO,,19/10/2023
TXN_8140360,CAFÉ,4,2.0,8.0,CARTEIRA DIGITAL,PARA VIAGEM,05/05/2023
TXN_4448318,CAFÉ,4,2.0,8.0,CARTEIRA DIGITAL,,07/08/2023
TXN_8341520,LANCHE,3,4.0,,,PARA VIAGEM,24/06/2023
TXN_9883214,SUCO,3,3.0,9.0,,,04/04/2023
TXN_2912934,BISCOITO,5,1.0,5.0,CARTÃO DE CRÉDITO,,01/04/2023
TXN_7694996,SALADA,4,5.0,20.0,,PRESENCIAL,11/03/2023
TXN_5660244,BOLO,5,3.0,15.0,CARTEIRA DIGITAL,,04/10/2023
TXN_7873479,BISCOITO,1,1.0,1.0,CARTÃO DE CRÉDITO,PARA VIAGEM,18/03/2023
TXN_7771516,LANCHE,3,4.0,12.0,,,26/05/2023
TXN_1166001,,,3.0,15.0,DINHEIRO,,
TXN_6775304,CHÁ,4,1.5,6.0,DINHEIRO,PRESENCIAL,08/03/2023
TXN_3801966,LANCHE,4,4.0,16.0,CARTEIRA DIGITAL,PRESENCIAL,14/01/2023
TXN_2849095,,3,2.0,6.0,CARTEIRA DIGITAL,PRESENCIAL,13/07/2023
TXN_1749930,SALADA,5,5.0,25.0,,PRESENCIAL,01/07/2023
TXN_2210925,SUCO,4,3.0,12.0,DINHEIRO,PRESENCIAL,06/07/2023
TXN_6810969,,1,4.0,4.0,,PRESENCIAL,08/03/2023
TXN_2651789,BISCOITO,1,1.0,1.0,,PARA VIAGEM,10/02/2023
TXN_7750963,CHÁ,4,1.5,6.0,CARTÃO DE CRÉDITO,PRESENCIAL,09/06/2023
TXN_8134280,BISCOITO,1,1.0,1.0,CARTEIRA DIGITAL,PARA VIAGEM,29/01/2023
TXN_2231082,BOLO,,3.0,15.0,DINHEIRO,PRESENCIAL,03/05/2023
TXN_2014042,BISCOITO,4,1.0,4.0,CARTEIRA DIGITAL,PARA VIAGEM,27/10/2023
TXN_1132293,CHÁ,4,1.5,6.0,,,05/07/2023
TXN_3550177,SALADA,5,5.0,25.0,DINHEIRO,,13/09/2023
TXN_5326795,BISCOITO,2,1.0,2.0,,,05/04/2023
TXN_1993503,BISCOITO,4,1.0,4.0,CARTÃO DE CRÉDITO,,16/08/2023
TXN_4097922,SALADA,3,5.0,15.0,DINHEIRO,,16/01/2023
TXN_2317041,CHÁ,3,,4.5,DINHEIRO,PRESENCIAL,15/01/2023
TXN_4648031,CHÁ,4,1.5,6.0,CARTEIRA DIGITAL,,04/09/2023
TXN_4942960,SUCO,1,3.0,3.0,,PARA VIAGEM,12/04/2023
TXN_8740501,SALADA,5,5.0,25.0,,,05/02/2023
TXN_4523273,BOLO,4,,12.0,CARTEIRA DIGITAL,,17/10/2023
TXN_7276478,LANCHE,5,4.0,20.0,DINHEIRO,PARA VIAGEM,07/09/2023
TXN_6036240,BOLO,4,3.0,12.0,CARTÃO DE CRÉDITO,PRESENCIAL,30/10/2023
TXN_1449866,SALADA,4,5.0,20.0,DINHEIRO,,21/09/2023
TXN_2882871,SALADA,3,5.0,15.0,CARTÃO DE CRÉDITO,PARA VIAGEM,30/08/2023
TXN_1047450,CAFÉ,2,2.0,4.0,DINHEIRO,PRESENCIAL,19/11/2023
TXN_9673685,SALADA,1,5.0,5.0,DINHEIRO,PRESENCIAL,11/12/2023
TXN_3547569,VITAMINA,4,4.0,16.0,CARTEIRA DIGITAL,PRESENCIAL,04/08/2023
TXN_2866587,LANCHE,3,4.0,12.0,CARTÃO DE CRÉDITO,,16/09/2023
TXN_1629218,CAFÉ,,2.0,6.0,CARTEIRA DIGITAL,,27/06/2023
TXN_2964982,LANCHE,1,4.0,4.0,CARTEIRA DIGITAL,PRESENCIAL,15/04/2023
TXN_5974791,BISCOITO,2,1.0,2.0,DINHEIRO,,22/10/2023
TXN_1005472,CAFÉ,4,2.0,8.0,CARTÃO DE CRÉDITO,,21/04/2023
TXN_7202898,BISCOITO,4,1.0,4.0,,,18/07/2023
TXN_4511996,,3,3.0,9.0,CARTEIRA DIGITAL,,18/09/2023
TXN_9896694,LANCHE,4,4.0,16.0,DINHEIRO,,16/02/2023
TXN_9881555,,5,3.0,15.0,DINHEIRO,PRESENCIAL,09/04/2023
TXN_9853220,BISCOITO,,1.0,5.0,CARTÃO DE CRÉDITO,PRESENCIAL,02/04/2023
TXN_2354774,CAFÉ,5,2.0,10.0,,PRESENCIAL,
TXN_5723229,SUCO,5,3.0,15.0,CARTEIRA DIGITAL,PARA VIAGEM,23/06/2023
TXN_1065721,LANCHE,4,4.0,16.0,DINHEIRO,PARA VIAGEM,06/12/2023
TXN_4921791,SALADA,4,5.0,20.0,CARTÃO DE CRÉDITO,,
TXN_3692789,LANCHE,,4.0,8.0,CARTÃO DE CRÉDITO,,
TXN_8155446,SALADA,3,5.0,15.0,CARTEIRA DIGITAL,PARA VIAGEM,20/12/2023
TXN_2253852,BISCOITO,2,1.0,2.0,CARTÃO DE CRÉDITO,PARA VIAGEM,26/08/2023
TXN_2810187,CAFÉ,,2.0,8.0,,PRESENCIAL,17/10/2023
TXN_4962500,SUCO,5,3.0,15.0,,PARA VIAGEM,
TXN_6994752,SUCO,4,3.0,12.0,DINHEIRO,PARA VIAGEM,17/06/2023
TXN_7598654,CAFÉ,3,2.0,6.0,CARTÃO DE CRÉDITO,,26/11/2023
TXN_8039560,,5,2.0,10.0,CARTEIRA DIGITAL,,29/03/2023
TXN_6785331,BOLO,1,3.0,3.0,,,12/04/2023
TXN_8260297,SALADA,2,5.0,10.0,DINHEIRO,PRESENCIAL,04/07/2023
TXN_7152012,LANCHE,3,4.0,12.0,CARTEIRA DIGITAL,PRESENCIAL,02/04/2023
TXN_7907366,CAFÉ,4,2.0,8.0,CARTEIRA DIGITAL,,13/01/2023
TXN_3830888,CAFÉ,4,2.0,8.0,,PRESENCIAL,20/02/2023
TXN_1565027,,3,1.5,,,,16/03/2023
TXN_5618377,LANCHE,2,4.0,8.0,,PRESENCIAL,02/04/2023
TXN_3645674,CHÁ,4,1.5,6.0,DINHEIRO,PARA VIAGEM,18/07/2023
TXN_2464236,BISCOITO,5,1.0,5.0,CARTEIRA DIGITAL,,02/04/2023
TXN_4543793,LANCHE,2,4.0,8.0,DINHEIRO,PRESENCIAL,12/10/2023
TXN_5745921,LANCHE,2,4.0,8.0,,PRESENCIAL,01/03/2023
TXN_7229419,SALADA,2,5.0,10.0,,PARA VIAGEM,15/05/2023
TXN_9247075,SALADA,3,5.0,15.0,,PRESENCIAL,05/07/2023
TXN_6960459,CAFÉ,1,2.0,,CARTÃO DE CRÉDITO,PRESENCIAL,24/07/2023
TXN_4679083,BOLO,5,3.0,,,PARA VIAGEM,25/12/2023
TXN_3313534,BISCOITO,2,1.0,2.0,CARTEIRA DIGITAL,PRESENCIAL,05/01/2023
TXN_4969431,SALADA,4,5.0,20.0,CARTÃO DE CRÉDITO,PARA VIAGEM,11/04/2023
TXN_2977905,VITAMINA,3,4.0,12.0,,,23/06/2023
TXN_5341204,CAFÉ,,2.0,2.0,,,24/07/2023
TXN_2147706,SUCO,5,3.0,,,,23/03/2023
TXN_3663592,VITAMINA,2,4.0,8.0,,PARA VIAGEM,26/08/2023
TXN_4459351,VITAMINA,5,4.0,20.0,CARTÃO DE CRÉDITO,,08/12/2023
TXN_2976052,BISCOITO,5,1.0,5.0,,PARA VIAGEM,01/11/2023
TXN_1373048,SALADA,5,5.0,25.0,,PRESENCIAL,31/08/2023
TXN_2575331,BISCOITO,5,1.0,5.0,DINHEIRO,PRESENCIAL,20/03/2023
TXN_4764236,SUCO,1,3.0,3.0,CARTEIRA DIGITAL,,29/05/2023
TXN_3544380,SUCO,1,3.0,3.0,CARTÃO DE CRÉDITO,PRESENCIAL,13/09/2023
TXN_2104473,BOLO,3,3.0,9.0,CARTEIRA DIGITAL,PARA VIAGEM,01/01/2023
TXN_3819405,SUCO,4,3.0,12.0,CARTEIRA DIGITAL,PRESENCIAL,16/02/2023
TXN_3512665,SALADA,5,5.0,25.0,CARTÃO DE CRÉDITO,,16/10/2023
TXN_1696813,BISCOITO,3,1.0,3.0,DINHEIRO,PRESENCIAL,02/04/2023
TXN_4631228,,1,3.0,3.0,CARTEIRA DIGITAL,,07/10/2023
TXN_2084232,,4,1.5,6.0,CARTEIRA DIGITAL,PARA VIAGEM,11/10/2023
TXN_5399303,CAFÉ,2,2.0,4.0,,,02/11/2023
TXN_1251960,LANCHE,5,,20.0,CARTEIRA DIGITAL,PARA VIAGEM,20/11/2023
TXN_1984774,CHÁ,3,1.5,4.5,DINHEIRO,PARA VIAGEM,13/11/2023
TXN_9886794,BOLO,1,3.0,3.0,DINHEIRO,,06/06/2023
TXN_3821298,,5,4.0,20.0,CARTÃO DE CRÉDITO,,26/04/2023
TXN_1057760,SUCO,4,3.0,12.0,CARTÃO DE CRÉDITO,PARA VIAGEM,20/02/2023
TXN_2294778,BISCOITO,,1.0,3.0,CARTEIRA DIGITAL,,29/05/2023
TXN_6091431,CHÁ,3,1.5,4.5,CARTÃO DE CRÉDITO,,16/11/2023
TXN_1728644,CAFÉ,1,2.0,2.0,DINHEIRO,PARA VIAGEM,07/04/2023
TXN_6993624,BOLO,4,3.0,12.0,DINHEIRO,,09/05/2023
TXN_4003831,BISCOITO,1,1.0,1.0,CARTÃO DE CRÉDITO,,
TXN_9018366,SUCO,5,,15.0,DINHEIRO,,31/03/2023
TXN_7708810,VITAMINA,1,4.0,4.0,DINHEIRO,,09/06/2023
TXN_8726874,LANCHE,2,4.0,8.0,,PARA VIAGEM,30/09/2023
TXN_4190431,CHÁ,3,1.5,4.5,CARTEIRA DIGITAL,,23/09/2023
TXN_5201123,SALADA,2,5.0,10.0,CARTEIRA DIGITAL,PARA VIAGEM,12/07/2023
TXN_6172528,VITAMINA,3,4.0,12.0,CARTÃO DE CRÉDITO,PRESENCIAL,18/05/2023
TXN_1193551,BISCOITO,1,1.0,1.0,,PARA VIAGEM,07/01/2023
TXN_9877722,LANCHE,5,4.0,20.0,CARTEIRA DIGITAL,PRESENCIAL,
TXN_2702861,BISCOITO,4,,4.0,CARTEIRA DIGITAL,PARA VIAGEM,02/06/2023
TXN_4255580,,1,,3.0,DINHEIRO,,
TXN_1256851,LANCHE,4,4.0,16.0,,PRESENCIAL,29/07/2023
TXN_4146795,CHÁ,5,1.5,7.5,DINHEIRO,PRESENCIAL,29/10/2023
TXN_2203873,CHÁ,3,1.5,4.5,CARTEIRA DIGITAL,,26/01/2023
TXN_5018462,VITAMINA,5,4.0,20.0,DINHEIRO,PRESENCIAL,28/11/2023
TXN_6133971,VITAMINA,5,4.0,20.0,CARTÃO DE CRÉDITO,,18/04/2023
TXN_1417400,BISCOITO,2,1.0,2.0,DINHEIRO,PRESENCIAL,20/03/2023
TXN_4239859,SUCO,1,,3.0,,,03/02/2023
TXN_5369010,,4,5.0,20.0,DINHEIRO,PARA VIAGEM,23/04/2023
TXN_4877436,SUCO,4,3.0,12.0,,,08/10/2023
TXN_9697670,,3,3.0,9.0,DINHEIRO,PARA VIAGEM,29/12/2023
TXN_8643596,CAFÉ,5,2.0,10.0,CARTÃO DE CRÉDITO,,29/03/2023
TXN_1654784,BISCOITO,5,1.0,5.0,,PRESENCIAL,31/12/2023
TXN_4422898,SALADA,2,5.0,10.0,CARTÃO DE CRÉDITO,PRESENCIAL,20/04/2023
TXN_4175191,LANCHE,2,4.0,8.0,DINHEIRO,,20/11/2023
TXN_3196388,SALADA,3,5.0,15.0,DINHEIRO,PRESENCIAL,04/03/2023
TXN_6960031,LANCHE,5,4.0,20.0,CARTEIRA DIGITAL,PARA VIAGEM,25/04/2023
TXN_8963106,CAFÉ,5,2.0,10.0,DINHEIRO,PRESENCIAL,01/04/2023
TXN_7167980,VITAMINA,3,4.0,,,,05/10/2023
TXN_8732716,CHÁ,3,1.5,4.5,,,29/12/2023
TXN_3530118,BOLO,5,3.0,15.0,CARTEIRA DIGITAL,,14/11/2023
TXN_7875743,BOLO,5,3.0,15.0,DINHEIRO,PARA VIAGEM,17/04/2023
TXN_1526920,LANCHE,5,4.0,20.0,CARTEIRA DIGITAL,PARA VIAGEM,
TXN_1933315,SUCO,2,3.0,6.0,CARTEIRA DIGITAL,PRESENCIAL,29/09/2023
TXN_5674503,BOLO,3,3.0,9.0,,PARA VIAGEM,14/12/2023
TXN_5252187,LANCHE,1,4.0,4.0,DINHEIRO,,20/01/2023
TXN_4668931,SUCO,3,3.0,9.0,DINHEIRO,PRESENCIAL,09/07/2023
TXN_2504703,VITAMINA,5,4.0,20.0,CARTEIRA DIGITAL,PARA VIAGEM,09/01/2023
TXN_3113428,SUCO,2,3.0,6.0,DINHEIRO,PRESENCIAL,30/10/2023
TXN_9663941,SUCO,4,3.0,12.0,DINHEIRO,PRESENCIAL,
TXN_7595115,LANCHE,2,4.0,8.0,,PARA VIAGEM,17/04/2023
TXN_9034955,BISCOITO,1,1.0,1.0,CARTÃO DE CRÉDITO,PRESENCIAL,07/09/2023
TXN_7856009,BOLO,2,3.0,6.0,,,27/05/2023
TXN_2375919,LANCHE,3,4.0,12.0,,,23/11/2023
TXN_9344399,BISCOITO,2,1.0,2.0,,,04/12/2023
TXN_1091243,LANCHE,2,4.0,8.0,,PRESENCIAL,06/01/2023
TXN_8800741,CAFÉ,4,,8.0,,,26/06/2023
TXN_3546303,CHÁ,2,1.5,3.0,CARTEIRA DIGITAL,PARA VIAGEM,11/09/2023
TXN_7595096,SUCO,1,3.0,3.0,,,02/11/2023
TXN_4788849,BISCOITO,1,,1.0,,PARA VIAGEM,13/03/2023
TXN_7838802,BISCOITO,2,1.0,2.0,CARTÃO DE CRÉDITO,PARA VIAGEM,20/11/2023
TXN_6736326,SALADA,2,5.0,10.0,CARTÃO DE CRÉDITO,PRESENCIAL,14/04/2023
TXN_2536021,BISCOITO,5,1.0,5.0,,PARA VIAGEM,02/10/2023
TXN_2065683,,3,,6.0,,,21/09/2023
TXN_5538696,CAFÉ,2,2.0,4.0,,PRESENCIAL,30/08/2023
TXN_8434651,,4,3.0,12.0,CARTEIRA DIGITAL,,27/01/2023
TXN_4635386,CHÁ,1,1.5,1.5,CARTÃO DE CRÉDITO,PARA VIAGEM,
TXN_5466291,SALADA,1,5.0,5.0,CARTÃO DE CRÉDITO,,19/09/2023
TXN_2643389,LANCHE,2,4.0,8.0,CARTÃO DE CRÉDITO,,24/08/2023
TXN_9817135,SALADA,1,5.0,5.0,CARTEIRA DIGITAL,,25/03/2023
TXN_7426086,CAFÉ,4,2.0,8.0,,,13/01/2023
TXN_9327861,CHÁ,5,1.5,7.5,CARTÃO DE CRÉDITO,PRESENCIAL,17/07/2023
TXN_3971440,BOLO,4,3.0,12.0,CARTEIRA DIGITAL,PARA VIAGEM,22/10/2023
TXN_8494583,BISCOITO,5,1.0,5.0,CARTÃO DE CRÉDITO,PRESENCIAL,29/11/2023
TXN_8083377,CHÁ,4,1.5,6.0,CARTEIRA DIGITAL,PRESENCIAL,06/01/2023
TXN_6883187,SUCO,2,,6.0,,,16/11/2023
TXN_8340038,CHÁ,1,1.5,1.5,CARTEIRA DIGITAL,PRESENCIAL,15/07/2023
TXN_2275799,LANCHE,3,4.0,12.0,CARTEIRA DIGITAL,PRESENCIAL,04/10/2023
TXN_3497691,VITAMINA,4,4.0,16.0,CARTÃO DE CRÉDITO,,06/09/2023
TXN_5881237,BISCOITO,2,1.0,2.0,,,14/08/2023
TXN_2271705,CHÁ,5,1.5,7.5,,,20/07/2023
TXN_1640172,SALADA,,5.0,5.0,,,13/04/2023
TXN_4618211,VITAMINA,4,4.0,16.0,DINHEIRO,,12/09/2023
TXN_9618563,VITAMINA,1,4.0,4.0,,PARA VIAGEM,24/02/2023
TXN_4374260,BISCOITO,1,1.0,,DINHEIRO,,20/04/2023
TXN_1946773,LANCHE,4,4.0,16.0,DINHEIRO,,28/08/2023
TXN_4387523,BOLO,3,3.0,9.0,,,07/02/2023
TXN_7661094,SALADA,4,5.0,20.0,DINHEIRO,,21/07/2023
TXN_6766664,CAFÉ,3,2.0,6.0,,,21/05/2023
TXN_9055374,LANCHE,1,4.0,,,PARA VIAGEM,
TXN_1861717,CHÁ,2,1.5,3.0,DINHEIRO,PRESENCIAL,10/11/2023
TXN_3421079,VITAMINA,1,4.0,4.0,CARTÃO DE CRÉDITO,PRESENCIAL,18/12/2023
TXN_1637131,,4,,6.0,DINHEIRO,,
TXN_7636536,BISCOITO,2,1.0,2.0,DINHEIRO,,06/05/2023
TXN_4971607,VITAMINA,5,4.0,20.0,DINHEIRO,PRESENCIAL,30/03/2023
TXN_1852436,SUCO,4,,12.0,,,
TXN_9701622,BISCOITO,5,1.0,5.0,CARTEIRA DIGITAL,,24/09/2023
TXN_6966241,SUCO,2,3.0,6.0,CARTEIRA DIGITAL,PRESENCIAL,13/04/2023
TXN_9252700,,3,3.0,9.0,CARTÃO DE CRÉDITO,,24/08/2023
TXN_1124900,,4,4.0,16.0,CARTÃO DE CRÉDITO,PRESENCIAL,08/09/2023
TXN_3964624,CHÁ,3,1.5,4.5,,PRESENCIAL,20/09/2023
TXN_2226371,BOLO,1,3.0,3.0,DINHEIRO,,18/11/2023
TXN_5744797,BOLO,,,3.0,DINHEIRO,PRESENCIAL,20/12/2023
TXN_5777164,VITAMINA,1,4.0,4.0,CARTÃO DE CRÉDITO,PARA VIAGEM,07/02/2023
TXN_5817802,CAFÉ,5,2.0,10.0,,PRESENCIAL,13/02/2023
TXN_3787234,CHÁ,2,1.5,3.0,CARTEIRA DIGITAL,PRESENCIAL,15/03/2023
TXN_4525646,BOLO,3,3.0,9.0,CARTÃO DE CRÉDITO,,07/07/2023
TXN_7004303,,3,4.0,12.0,DINHEIRO,PRESENCIAL,06/10/2023
TXN_8649416,BOLO,5,3.0,15.0,CARTÃO DE CRÉDITO,PARA VIAGEM,21/09/2023
TXN_3219599,,2,3.0,6.0,,,22/08/2023
TXN_1394131,SUCO,4,3.0,12.0,,PARA VIAGEM,13/06/2023
TXN_9237291,SUCO,2,3.0,6.0,CARTÃO DE CRÉDITO,,22/09/2023
TXN_9520855,BOLO,4,3.0,12.0,,,11/01/2023
TXN_4565080,VITAMINA,4,4.0,16.0,CARTEIRA DIGITAL,PRESENCIAL,28/09/2023
TXN_8348710,CAFÉ,1,2.0,2.0,DINHEIRO,PRESENCIAL,27/12/2023
TXN_5127819,SUCO,3,3.0,9.0,,,03/04/2023
TXN_7496394,VITAMINA,4,4.0,16.0,,,12/06/2023
TXN_8495889,BOLO,1,3.0,3.0,DINHEIRO,PARA VIAGEM,26/06/2023
TXN_5064188,LANCHE,4,4.0,16.0,CARTÃO DE CRÉDITO,,08/12/2023
TXN_6104335,VITAMINA,2,4.0,8.0,CARTÃO DE CRÉDITO,,13/11/2023
TXN_5313435,SALADA,4,5.0,,DINHEIRO,,18/02/2023
TXN_6700745,SUCO,3,3.0,,,PRESENCIAL,23/04/2023
TXN_9897215,BOLO,3,3.0,,CARTÃO DE CRÉDITO,,22/11/2023
TXN_7764175,SALADA,3,5.0,15.0,DINHEIRO,PRESENCIAL,02/09/2023
TXN_3027490,BISCOITO,3,1.0,3.0,,PARA VIAGEM,25/02/2023
TXN_5368297,VITAMINA,2,4.0,8.0,,PARA VIAGEM,04/10/2023
TXN_2053125,SALADA,1,5.0,5.0,CARTEIRA DIGITAL,,26/07/2023
TXN_2522828,VITAMINA,4,4.0,16.0,CARTÃO DE CRÉDITO,,15/01/2023
TXN_6616787,,2,3.0,6.0,,PRESENCIAL,29/09/2023
TXN_6419317,LANCHE,4,4.0,16.0,CARTÃO DE CRÉDITO,,25/02/2023
TXN_5939950,LANCHE,2,4.0,8.0,DINHEIRO,,16/06/2023
TXN_4607296,BOLO,5,3.0,15.0,,PRESENCIAL,02/04/2023
TXN_8316135,SALADA,3,5.0,15.0,CARTEIRA DIGITAL,PARA VIAGEM,06/11/2023
TXN_7910956,CAFÉ,5,2.0,10.0,CARTEIRA DIGITAL,PRESENCIAL,21/07/2023
TXN_1142233,CHÁ,5,1.5,7.5,CARTEIRA DIGITAL,PARA VIAGEM,01/09/2023
TXN_9810581,,1,3.0,3.0,DINHEIRO,,20/11/2023
TXN_2588566,,3,5.0,15.0,,PARA VIAGEM,10/01/2023
TXN_3786518,SALADA,1,5.0,,CARTÃO DE CRÉDITO,PRESENCIAL,16/09/2023
TXN_2009407,SUCO,5,,15.0,DINHEIRO,PARA VIAGEM,05/05/2023
TXN_9163155,,4,2.0,,CARTÃO DE CRÉDITO,PARA VIAGEM,23/04/2023
TXN_8272750,SALADA,5,,25.0,,,18/05/2023
TXN_2532563,SALADA,4,5.0,20.0,,PARA VIAGEM,
TXN_8532735,CAFÉ,2,2.0,4.0,DINHEIRO,PARA VIAGEM,28/07/2023
TXN_1697299,VITAMINA,3,4.0,12.0,DINHEIRO,PRESENCIAL,08/10/2023
TXN_5785639,SALADA,1,5.0,5.0,CARTÃO DE CRÉDITO,,10/04/2023
TXN_8445753,CHÁ,4,1.5,6.0,DINHEIRO,PARA VIAGEM,07/04/2023
TXN_3641519,,5,1.0,5.0,CARTEIRA DIGITAL,PRESENCIAL,08/06/2023
TXN_1985278,LANCHE,3,4.0,12.0,,PRESENCIAL,13/02/2023
TXN_6612143,CHÁ,5,1.5,7.5,DINHEIRO,PRESENCIAL,07/11/2023
TXN_8352416,SALADA,1,5.0,,CARTEIRA DIGITAL,PRESENCIAL,26/07/2023
TXN_5498693,BOLO,4,3.0,12.0,,,13/05/2023
TXN_2644561,,4,4.0,16.0,CARTEIRA DIGITAL,,13/09/2023
TXN_8912001,BISCOITO,,1.0,1.0,CARTÃO DE CRÉDITO,,27/03/2023
TXN_8330837,SUCO,3,3.0,9.0,CARTEIRA DIGITAL,,13/10/2023
TXN_3703482,BOLO,4,3.0,,,,08/01/2023
TXN_3455103,SALADA,1,5.0,5.0,CARTEIRA DIGITAL,PARA VIAGEM,22/04/2023
TXN_1496962,VITAMINA,5,4.0,20.0,,PRESENCIAL,17/12/2023
TXN_4216294,CHÁ,4,1.5,6.0,DINHEIRO,PRESENCIAL,19/10/2023
TXN_3002889,CAFÉ,3,2.0,6.0,CARTEIRA DIGITAL,,22/10/2023
TXN_4275827,,2,1.5,3.0,DINHEIRO,PARA VIAGEM,21/04/2023
TXN_6044312,BOLO,2,3.0,6.0,,PRESENCIAL,03/01/2023
TXN_4008135,BISCOITO,5,1.0,5.0,DINHEIRO,PARA VIAGEM,25/11/2023
TXN_5336876,VITAMINA,,4.0,12.0,CARTÃO DE CRÉDITO,,07/07/2023
TXN_8990020,LANCHE,4,4.0,16.0,,PRESENCIAL,09/09/2023
TXN_5654331,CAFÉ,4,2.0,8.0,DINHEIRO,PRESENCIAL,31/07/2023
TXN_1213938,SALADA,5,5.0,25.0,CARTEIRA DIGITAL,PARA VIAGEM,06/07/2023
TXN_2522182,SALADA,2,5.0,,CARTEIRA DIGITAL,PRESENCIAL,11/11/2023
TXN_5329431,LANCHE,3,4.0,,CARTÃO DE CRÉDITO,PRESENCIAL,03/10/2023
TXN_9647494,,2,4.0,8.0,CARTÃO DE CRÉDITO,,21/10/2023
TXN_8482887,SALADA,1,5.0,5.0,CARTEIRA DIGITAL,PARA VIAGEM,29/10/2023
TXN_3883425,VITAMINA,5,4.0,20.0,CARTEIRA DIGITAL,,09/07/2023
TXN_4434185,VITAMINA,5,,20.0,CARTÃO DE CRÉDITO,PARA VIAGEM,30/04/2023
TXN_7388851,VITAMINA,1,4.0,4.0,CARTEIRA DIGITAL,,30/09/2023
TXN_8460225,VITAMINA,5,4.0,20.0,,PRESENCIAL,23/02/2023
TXN_5471175,BISCOITO,4,1.0,4.0,DINHEIRO,,16/04/2023
TXN_1874601,CAFÉ,4,2.0,8.0,,,10/12/2023
TXN_3641001,VITAMINA,3,4.0,12.0,CARTEIRA DIGITAL,,10/11/2023
TXN_6446441,SALADA,3,5.0,15.0,CARTEIRA DIGITAL,,18/02/2023
TXN_9718216,SUCO,4,3.0,12.0,,,07/07/2023
TXN_7391138,CHÁ,5,1.5,7.5,DINHEIRO,,23/08/2023
TXN_9548077,CHÁ,2,1.5,3.0,DINHEIRO,PRESENCIAL,05/07/2023
TXN_9185022,LANCHE,3,4.0,12.0,CARTEIRA DIGITAL,PRESENCIAL,19/06/2023
TXN_6841993,SUCO,3,3.0,9.0,DINHEIRO,PARA VIAGEM,15/09/2023
TXN_1701766,BOLO,4,3.0,12.0,,,22/11/2023
TXN_9541057,SUCO,4,3.0,12.0,DINHEIRO,PRESENCIAL,24/04/2023
TXN_4699706,CAFÉ,5,2.0,10.0,,PRESENCIAL,04/12/2023
TXN_2451247,CHÁ,4,1.5,6.0,CARTEIRA DIGITAL,PARA VIAGEM,14/02/2023
TXN_6272908,SUCO,3,3.0,9.0,DINHEIRO,PARA VIAGEM,01/12/2023
TXN_9093708,LANCHE,3,,12.0,CARTÃO DE CRÉDITO,PRESENCIAL,08/12/2023
TXN_7785034,VITAMINA,4,4.0,16.0,,PARA VIAGEM,09/11/2023
TXN_4048690,BOLO,3,3.0,9.0,DINHEIRO,PRESENCIAL,06/09/2023
TXN_4971992,BOLO,2,3.0,6.0,,,24/09/2023
TXN_6738516,LANCHE,,4.0,20.0,DINHEIRO,,07/10/2023
TXN_3919995,CHÁ,3,1.5,4.5,DINHEIRO,PARA VIAGEM,26/01/2023
TXN_3522385,VITAMINA,4,4.0,16.0,CARTÃO DE CRÉDITO,PARA VIAGEM,19/03/2023
TXN_3140020,SUCO,5,3.0,15.0,,PRESENCIAL,19/06/2023
TXN_9756401,SALADA,3,5.0,15.0,DINHEIRO,PRESENCIAL,04/02/2023
TXN_1937081,BOLO,2,3.0,6.0,CARTÃO DE CRÉDITO,,07/06/2023
TXN_9668584,BISCOITO,2,,2.0,CARTEIRA DIGITAL,,13/12/2023
TXN_2544072,BISCOITO,1,1.0,1.0,,PRESENCIAL,17/08/2023
TXN_7260110,SALADA,5,5.0,25.0,CARTÃO DE CRÉDITO,PRESENCIAL,07/03/2023
TXN_1588687,CAFÉ,2,2.0,4.0,CARTEIRA DIGITAL,PARA VIAGEM,22/08/2023
TXN_2886505,CHÁ,3,1.5,4.5,,,05/09/2023
TXN_3864453,BISCOITO,5,1.0,5.0,CARTEIRA DIGITAL,,15/11/2023
TXN_5346027,LANCHE,2,4.0,8.0,,,19/12/2023
TXN_3674876,VITAMINA,5,4.0,20.0,DINHEIRO,PARA VIAGEM,
TXN_8690361,VITAMINA,3,4.0,12.0,,,12/07/2023
TXN_8419805,BOLO,5,3.0,15.0,,PRESENCIAL,24/07/2023
TXN_3125699,SUCO,1,3.0,3.0,CARTÃO DE CRÉDITO,PARA VIAGEM,05/02/2023
TXN_5106316,LANCHE,5,4.0,,CARTEIRA DIGITAL,PARA VIAGEM,23/01/2023
TXN_5666369,SUCO,2,3.0,6.0,CARTEIRA DIGITAL,PRESENCIAL,17/07/2023
TXN_7712807,VITAMINA,4,4.0,16.0,CARTÃO DE CRÉDITO,,17/02/2023
TXN_8199561,BISCOITO,4,1.0,4.0,,,31/07/2023
TXN_4334932,CAFÉ,2,2.0,4.0,,PRESENCIAL,27/12/2023
TXN_4082099,SUCO,2,3.0,6.0,CARTÃO DE CRÉDITO,PRESENCIAL,01/06/2023
TXN_9191700,CHÁ,5,1.5,7.5,,PRESENCIAL,01/10/2023
TXN_2249212,BOLO,2,3.0,6.0,,,
TXN_9921392,CAFÉ,5,2.0,10.0,,,28/06/2023
TXN_7125395,SALADA,1,,5.0,DINHEIRO,PARA VIAGEM,23/07/2023
TXN_4521701,BOLO,4,3.0,12.0,,PRESENCIAL,08/10/2023
TXN_4243930,,5,4.0,20.0,DINHEIRO,PRESENCIAL,07/06/2023
TXN_1418829,VITAMINA,1,4.0,4.0,,PARA VIAGEM,19/09/2023
TXN_8955306,CAFÉ,3,2.0,6.0,CARTÃO DE CRÉDITO,PRESENCIAL,14/10/2023
TXN_7851403,CAFÉ,5,2.0,10.0,CARTÃO DE CRÉDITO,PARA VIAGEM,06/03/2023
TXN_5288715,SUCO,3,3.0,9.0,CARTEIRA DIGITAL,,19/04/2023
TXN_7108056,SUCO,3,3.0,9.0,CARTÃO DE CRÉDITO,,25/01/2023
TXN_9950775,,4,5.0,20.0,CARTÃO DE CRÉDITO,PARA VIAGEM,20/02/2023
TXN_9688601,SUCO,1,3.0,3.0,,PRESENCIAL,16/10/2023
TXN_9924732,LANCHE,,4.0,,CARTÃO DE CRÉDITO,PRESENCIAL,18/01/2023
TXN_8807429,BISCOITO,4,1.0,4.0,CARTEIRA DIGITAL,,21/07/2023
TXN_3340550,SUCO,2,3.0,6.0,CARTEIRA DIGITAL,,02/05/2023
TXN_4380808,SUCO,4,3.0,12.0,,PRESENCIAL,30/04/2023
TXN_6403012,SUCO,5,3.0,15.0,DINHEIRO,PRESENCIAL,23/07/2023
TXN_4176272,CAFÉ,1,2.0,2.0,CARTEIRA DIGITAL,,06/06/2023
TXN_9293877,SUCO,,3.0,15.0,CARTEIRA DIGITAL,,24/08/2023
TXN_8609510,,5,3.0,15.0,,PARA VIAGEM,08/05/2023
TXN_2294776,SUCO,4,3.0,12.0,CARTÃO DE CRÉDITO,PARA VIAGEM,10/04/2023
TXN_8068515,BISCOITO,1,1.0,,DINHEIRO,PARA VIAGEM,16/06/2023
TXN_7915173,,3,1.0,3.0,DINHEIRO,PARA VIAGEM,
TXN_2556999,CHÁ,1,1.5,1.5,CARTÃO DE CRÉDITO,PARA VIAGEM,14/08/2023
TXN_3816131,SUCO,3,3.0,9.0,,,23/01/2023
TXN_6564856,CHÁ,5,1.5,7.5,CARTEIRA DIGITAL,PARA VIAGEM,16/02/2023
TXN_4822256,VITAMINA,1,4.0,4.0,CARTÃO DE CRÉDITO,,11/11/2023
TXN_9397870,BOLO,2,,6.0,,,23/05/2023
TXN_4976485,SALADA,5,5.0,25.0,,PARA VIAGEM,10/07/2023
TXN_4856060,SUCO,1,3.0,3.0,DINHEIRO,,29/07/2023
TXN_3967103,CAFÉ,5,2.0,10.0,DINHEIRO,,14/11/2023
TXN_8746881,BOLO,2,3.0,6.0,,,07/11/2023
TXN_4569448,,1,3.0,3.0,,,
TXN_8732682,SALADA,5,5.0,25.0,CARTÃO DE CRÉDITO,PRESENCIAL,07/04/2023
TXN_3687257,CHÁ,4,1.5,,CARTÃO DE CRÉDITO,PARA VIAGEM,27/03/2023
TXN_3616839,BOLO,4,3.0,12.0,CARTEIRA DIGITAL,,01/04/2023
TXN_2875074,BOLO,4,3.0,12.0,CARTÃO DE CRÉDITO,PARA VIAGEM,06/02/2023
TXN_5470909,BISCOITO,4,1.0,,CARTÃO DE CRÉDITO,PRESENCIAL,21/10/2023
TXN_5680657,,5,3.0,15.0,DINHEIRO,PRESENCIAL,16/05/2023
TXN_3587915,SALADA,2,5.0,10.0,CARTEIRA DIGITAL,PARA VIAGEM,24/06/2023
TXN_9406938,SALADA,1,5.0,5.0,,,09/10/2023
TXN_9342366,VITAMINA,3,4.0,12.0,CARTÃO DE CRÉDITO,,18/02/2023
TXN_3101697,,3,5.0,15.0,DINHEIRO,PRESENCIAL,29/05/2023
TXN_6146889,SUCO,,3.0,6.0,,PARA VIAGEM,01/09/2023
TXN_7226052,LANCHE,3,4.0,12.0,DINHEIRO,PRESENCIAL,21/02/2023
TXN_3422336,CHÁ,,1.5,7.5,,PARA VIAGEM,02/08/2023
TXN_8644398,LANCHE,4,4.0,16.0,,PARA VIAGEM,08/02/2023
TXN_8112788,VITAMINA,1,4.0,4.0,CARTÃO DE CRÉDITO,PARA VIAGEM,07/08/2023
TXN_4179583,VITAMINA,3,4.0,12.0,CARTEIRA DIGITAL,PARA VIAGEM,13/06/2023
TXN_3787265,SALADA,1,5.0,5.0,CARTÃO DE CRÉDITO,PRESENCIAL,16/12/2023
TXN_3577683,BISCOITO,2,1.0,2.0,CARTEIRA DIGITAL,PRESENCIAL,17/09/2023
TXN_1310741,LANCHE,3,4.0,12.0,,PARA VIAGEM,25/07/2023
TXN_2862856,BOLO,5,3.0,15.0,,PARA VIAGEM,01/02/2023
TXN_4940237,BOLO,2,3.0,6.0,DINHEIRO,PARA VIAGEM,03/08/2023
TXN_8765822,BOLO,1,3.0,3.0,CARTÃO DE CRÉDITO,PARA VIAGEM,22/03/2023
TXN_3205813,SUCO,3,3.0,9.0,DINHEIRO,PRESENCIAL,25/04/2023
TXN_8436045,BOLO,,3.0,15.0,CARTÃO DE CRÉDITO,,08/08/2023
TXN_5751040,CHÁ,5,1.5,7.5,DINHEIRO,,27/02/2023
TXN_4657291,CAFÉ,,2.0,4.0,,PARA VIAGEM,05/05/2023
TXN_8018572,BISCOITO,5,1.0,,,PRESENCIAL,09/10/2023
TXN_3454877,LANCHE,5,4.0,20.0,CARTÃO DE CRÉDITO,,19/04/2023
TXN_1837764,CHÁ,3,1.5,4.5,DINHEIRO,PRESENCIAL,30/07/2023
TXN_4120124,CAFÉ,1,2.0,2.0,,,08/06/2023
TXN_1661682,,5,4.0,20.0,CARTEIRA DIGITAL,,13/07/2023
TXN_1927404,SUCO,1,3.0,3.0,CARTEIRA DIGITAL,,22/12/2023
TXN_9147596,CAFÉ,2,,4.0,CARTEIRA DIGITAL,PARA VIAGEM,08/10/2023
TXN_5012988,SALADA,3,5.0,,CARTÃO DE CRÉDITO,,17/08/2023
TXN_1534763,BISCOITO,2,1.0,2.0,DINHEIRO,PARA VIAGEM,17/09/2023
TXN_4485458,LANCHE,4,4.0,16.0,DINHEIRO,PARA VIAGEM,08/12/2023
TXN_9288882,LANCHE,3,4.0,12.0,,PRESENCIAL,23/04/2023
TXN_3964550,CHÁ,3,1.5,4.5,CARTÃO DE CRÉDITO,PARA VIAGEM,09/06/2023
TXN_2509803,CAFÉ,1,,2.0,,,22/02/2023
TXN_3769567,,1,1.0,1.0,CARTEIRA DIGITAL,PRESENCIAL,10/02/2023
TXN_4529101,BISCOITO,2,1.0,2.0,CARTEIRA DIGITAL,PRESENCIAL,17/09/2023
TXN_2391534,BISCOITO,3,1.0,3.0,CARTÃO DE CRÉDITO,,06/05/2023
TXN_8379919,BISCOITO,3,1.0,3.0,CARTEIRA DIGITAL,,04/12/2023
TXN_6474636,,3,1.5,4.5,,PRESENCIAL,25/10/2023
TXN_6219977,BISCOITO,2,1.0,2.0,CARTÃO DE CRÉDITO,,17/12/2023
TXN_5731238,BOLO,2,3.0,,CARTÃO DE CRÉDITO,,27/03/2023
TXN_7825796,CHÁ,2,1.5,3.0,,,03/04/2023
TXN_2375667,SALADA,1,5.0,5.0,DINHEIRO,,28/12/2023
TXN_5213761,CAFÉ,3,2.0,6.0,CARTEIRA DIGITAL,PARA VIAGEM,18/08/2023
TXN_1427485,CAFÉ,3,2.0,6.0,CARTÃO DE CRÉDITO,,19/07/2023
TXN_5954991,LANCHE,3,4.0,12.0,,PARA VIAGEM,07/08/2023
TXN_8860270,,1,4.0,4.0,DINHEIRO,PARA VIAGEM,06/11/2023
TXN_6482416,CAFÉ,1,2.0,2.0,,,20/07/2023
TXN_4916611,SUCO,5,3.0,15.0,,PARA VIAGEM,21/05/2023
TXN_4814244,VITAMINA,3,4.0,12.0,,PRESENCIAL,01/06/2023
TXN_7968892,CHÁ,2,1.5,3.0,,PRESENCIAL,02/10/2023
TXN_9535721,BOLO,5,3.0,15.0,CARTEIRA DIGITAL,PRESENCIAL,03/08/2023
TXN_2161372,SUCO,1,3.0,3.0,CARTÃO DE CRÉDITO,PARA VIAGEM,17/12/2023
TXN_8877714,SUCO,5,3.0,15.0,,,28/03/2023
TXN_5478129,SUCO,4,3.0,12.0,CARTÃO DE CRÉDITO,,22/01/2023
TXN_7267366,LANCHE,3,4.0,12.0,CARTEIRA DIGITAL,PARA VIAGEM,02/06/2023
TXN_4696403,,3,1.0,3.0,DINHEIRO,,19/08/2023
TXN_2480808,,1,,4.0,CARTÃO DE CRÉDITO,,30/03/2023
TXN_8688603,CAFÉ,2,2.0,4.0,DINHEIRO,,05/05/2023
TXN_6148811,CHÁ,5,1.5,,CARTÃO DE CRÉDITO,PARA VIAGEM,18/06/2023
TXN_2827259,CHÁ,3,1.5,,CARTÃO DE CRÉDITO,PARA VIAGEM,
TXN_4382406,CAFÉ,5,2.0,10.0,,PARA VIAGEM,26/09/2023
TXN_5426507,SUCO,2,3.0,6.0,DINHEIRO,PARA VIAGEM,13/06/2023
TXN_3855408,BISCOITO,1,1.0,1.0,DINHEIRO,PARA VIAGEM,02/06/2023
TXN_6992783,CHÁ,1,1.5,1.5,CARTEIRA DIGITAL,PARA VIAGEM,29/01/2023
TXN_8801160,SALADA,2,5.0,10.0,DINHEIRO,PRESENCIAL,
TXN_2638810,CHÁ,2,1.5,3.0,,PARA VIAGEM,16/11/2023
TXN_9158251,SALADA,2,5.0,10.0,CARTÃO DE CRÉDITO,,24/03/2023
TXN_3390610,LANCHE,2,4.0,8.0,,,01/02/2023
TXN_6498876,LANCHE,3,4.0,12.0,,PARA VIAGEM,20/08/2023
TXN_1627038,SUCO,4,3.0,12.0,,PARA VIAGEM,25/12/2023
TXN_2785262,SALADA,3,5.0,15.0,DINHEIRO,PARA VIAGEM,30/08/2023
TXN_9944730,CHÁ,1,1.5,1.5,CARTEIRA DIGITAL,,10/04/2023
TXN_7002929,BISCOITO,1,1.0,1.0,,PRESENCIAL,30/01/2023
TXN_7484886,VITAMINA,3,4.0,12.0,,,17/04/2023
TXN_7316790,CAFÉ,1,2.0,,CARTÃO DE CRÉDITO,PRESENCIAL,07/11/2023
TXN_4663529,LANCHE,5,4.0,20.0,CARTEIRA DIGITAL,,24/12/2023
TXN_2675174,SALADA,2,5.0,10.0,,PARA VIAGEM,04/12/2023
TXN_4350798,,1,5.0,5.0,CARTÃO DE CRÉDITO,PRESENCIAL,23/11/2023
TXN_7229543,BOLO,1,3.0,3.0,CARTÃO DE CRÉDITO,,10/07/2023
TXN_4330643,BISCOITO,3,1.0,3.0,DINHEIRO,PARA VIAGEM,15/05/2023
TXN_2003488,SUCO,3,3.0,9.0,,PARA VIAGEM,25/09/2023
TXN_2206884,,5,5.0,25.0,CARTÃO DE CRÉDITO,,22/06/2023
TXN_3492393,CAFÉ,1,2.0,2.0,,PRESENCIAL,29/05/2023
TXN_3894660,SUCO,2,3.0,6.0,,,09/02/2023
TXN_5766532,VITAMINA,5,4.0,,DINHEIRO,PRESENCIAL,23/06/2023
TXN_5476485,SUCO,2,3.0,6.0,DINHEIRO,PRESENCIAL,07/01/2023
TXN_9335226,LANCHE,5,4.0,20.0,,,08/05/2023
TXN_2581559,LANCHE,1,4.0,4.0,CARTÃO DE CRÉDITO,PARA VIAGEM,25/03/2023
TXN_9146123,CAFÉ,2,2.0,4.0,CARTEIRA DIGITAL,,12/12/2023
TXN_1335256,CAFÉ,5,2.0,10.0,,PARA VIAGEM,04/08/2023
TXN_5968921,SALADA,5,5.0,25.0,CARTÃO DE CRÉDITO,PARA VIAGEM,10/10/2023
TXN_6895558,CAFÉ,2,2.0,4.0,CARTÃO DE CRÉDITO,,10/04/2023
TXN_6428404,SALADA,2,5.0,10.0,CARTEIRA DIGITAL,PRESENCIAL,06/02/2023
TXN_6762311,SUCO,1,3.0,3.0,CARTÃO DE CRÉDITO,PARA VIAGEM,
TXN_1190402,BOLO,1,3.0,3.0,CARTÃO DE CRÉDITO,PARA VIAGEM,01/12/2023
TXN_9607633,,2,1.0,2.0,CARTEIRA DIGITAL,,25/08/2023
TXN_3787941,CHÁ,2,1.5,3.0,,,
TXN_6349424,LANCHE,5,4.0,20.0,DINHEIRO,PARA VIAGEM,24/02/2023
TXN_1401771,LANCHE,2,4.0,8.0,DINHEIRO,,08/12/2023
TXN_9188733,SALADA,,5.0,15.0,,PRESENCIAL,19/08/2023
TXN_3334632,,1,,2.0,CARTÃO DE CRÉDITO,PARA VIAGEM,20/11/2023
TXN_3851928,SUCO,3,3.0,9.0,CARTÃO DE CRÉDITO,PRESENCIAL,07/02/2023
TXN_8267915,LANCHE,2,4.0,8.0,,PARA VIAGEM,22/03/2023
TXN_3726397,SALADA,5,5.0,25.0,,PARA VIAGEM,30/01/2023
TXN_1210058,CHÁ,5,1.5,7.5,,,25/11/2023
TXN_7791293,SALADA,3,5.0,15.0,CARTÃO DE CRÉDITO,PARA VIAGEM,08/04/2023
TXN_6343367,SUCO,2,3.0,6.0,,PRESENCIAL,17/09/2023
TXN_2653224,SUCO,3,3.0,9.0,CARTEIRA DIGITAL,,27/03/2023
TXN_6300001,CHÁ,,1.5,1.5,CARTEIRA DIGITAL,,07/06/2023
TXN_4693942,LANCHE,4,4.0,16.0,DINHEIRO,PARA VIAGEM,16/12/2023
TXN_3562418,,2,4.0,8.0,CARTEIRA DIGITAL,,13/08/2023
TXN_7963324,CAFÉ,3,2.0,6.0,,PARA VIAGEM,09/12/2023
TXN_5563486,SUCO,5,3.0,15.0,CARTEIRA DIGITAL,PRESENCIAL,13/03/2023
TXN_3679582,,5,2.0,10.0,CARTÃO DE CRÉDITO,PRESENCIAL,11/04/2023
TXN_6932752,VITAMINA,5,4.0,20.0,,,20/09/2023
TXN_5697414,BOLO,5,3.0,15.0,CARTÃO DE CRÉDITO,PRESENCIAL,16/02/2023
TXN_5434310,VITAMINA,3,4.0,12.0,DINHEIRO,,21/11/2023
TXN_8435360,,3,1.5,4.5,CARTÃO DE CRÉDITO,PRESENCIAL,03/07/2023
TXN_5422843,LANCHE,2,4.0,8.0,DINHEIRO,PRESENCIAL,21/07/2023
TXN_1704041,CAFÉ,4,2.0,,CARTÃO DE CRÉDITO,,21/05/2023
TXN_9729178,CAFÉ,3,2.0,6.0,CARTÃO DE CRÉDITO,,28/05/2023
TXN_4663964,BISCOITO,4,,4.0,CARTEIRA DIGITAL,PRESENCIAL,29/06/2023
TXN_6805057,BISCOITO,4,1.0,4.0,CARTÃO DE CRÉDITO,,15/10/2023
TXN_8162690,SALADA,2,5.0,10.0,CARTEIRA DIGITAL,,08/05/2023
TXN_7089712,BOLO,5,3.0,15.0,DINHEIRO,,13/08/2023
TXN_8077812,SALADA,5,,25.0,DINHEIRO,PRESENCIAL,16/01/2023
TXN_4834450,BOLO,2,3.0,6.0,DINHEIRO,,26/06/2023
TXN_9081686,BISCOITO,5,1.0,5.0,,,11/06/2023
TXN_6650875,BISCOITO,5,1.0,5.0,CARTÃO DE CRÉDITO,PARA VIAGEM,29/01/2023
TXN_2133223,BOLO,3,3.0,9.0,DINHEIRO,,17/11/2023
TXN_5879154,SALADA,2,5.0,10.0,,PARA VIAGEM,28/06/2023
TXN_9575926,LANCHE,3,4.0,12.0,CARTÃO DE CRÉDITO,,12/12/2023
TXN_5425911,VITAMINA,1,4.0,4.0,CARTEIRA DIGITAL,,30/11/2023
TXN_5604021,LANCHE,,4.0,4.0,DINHEIRO,PARA VIAGEM,10/09/2023
TXN_9860308,VITAMINA,2,4.0,8.0,CARTEIRA DIGITAL,,20/02/2023
TXN_5908078,,1,2.0,2.0,,PRESENCIAL,23/03/2023
TXN_3507013,SUCO,1,,3.0,CARTEIRA DIGITAL,PRESENCIAL,16/01/2023
TXN_7896733,BOLO,4,3.0,12.0,CARTEIRA DIGITAL,,03/06/2023
TXN_3092390,LANCHE,3,,12.0,,PRESENCIAL,24/07/2023
TXN_8131570,SALADA,4,5.0,20.0,,PRESENCIAL,02/12/2023
TXN_3898445,LANCHE,3,4.0,12.0,DINHEIRO,PARA VIAGEM,17/06/2023
TXN_8588758,LANCHE,4,4.0,16.0,CARTÃO DE CRÉDITO,PRESENCIAL,
TXN_7641606,CAFÉ,3,2.0,6.0,CARTÃO DE CRÉDITO,PARA VIAGEM,26/12/2023
TXN_1414039,SUCO,4,3.0,12.0,,,13/02/2023
TXN_2322162,,5,3.0,15.0,CARTEIRA DIGITAL,,12/11/2023
TXN_6190857,CHÁ,1,1.5,1.5,,PRESENCIAL,14/10/2023
TXN_7652830,,2,3.0,6.0,,,15/08/2023
TXN_1688292,,3,,9.0,CARTÃO DE CRÉDITO,PRESENCIAL,
TXN_1805937,SUCO,3,3.0,9.0,CARTÃO DE CRÉDITO,,12/06/2023
TXN_7390866,CHÁ,5,1.5,7.5,,PARA VIAGEM,
TXN_4717715,LANCHE,3,4.0,12.0,CARTEIRA DIGITAL,,27/07/2023
TXN_1237674,,3,1.5,4.5,CARTÃO DE CRÉDITO,,04/10/2023
TXN_9686177,BOLO,3,3.0,9.0,,PRESENCIAL,
TXN_2672972,LANCHE,1,4.0,4.0,CARTEIRA DIGITAL,PARA VIAGEM,15/06/2023
TXN_9582818,,1,4.0,4.0,DINHEIRO,PRESENCIAL,27/10/2023
TXN_6970542,LANCHE,4,4.0,16.0,CARTÃO DE CRÉDITO,,04/08/2023
TXN_6091542,SUCO,5,3.0,15.0,CARTEIRA DIGITAL,PARA VIAGEM,17/01/2023
TXN_4184461,SALADA,2,5.0,10.0,CARTEIRA DIGITAL,PRESENCIAL,22/02/2023
TXN_3224397,BISCOITO,4,1.0,4.0,CARTEIRA DIGITAL,PARA VIAGEM,15/05/2023
TXN_2772639,CHÁ,4,1.5,6.0,CARTÃO DE CRÉDITO,PRESENCIAL,30/08/2023
TXN_4385826,,2,1.5,3.0,CARTÃO DE CRÉDITO,PARA VIAGEM,02/08/2023
TXN_5109348,BOLO,4,3.0,12.0,CARTEIRA DIGITAL,PRESENCIAL,10/02/2023
TXN_6137985,CAFÉ,5,2.0,,CARTÃO DE CRÉDITO,PRESENCIAL,15/03/2023
TXN_3895871,,1,1.0,1.0,,PRESENCIAL,30/05/2023
TXN_3526255,VITAMINA,4,4.0,16.0,,PARA VIAGEM,23/06/2023
TXN_7310356,SUCO,4,3.0,12.0,CARTEIRA DIGITAL,,20/10/2023
TXN_9054074,BOLO,1,3.0,3.0,CARTÃO DE CRÉDITO,PARA VIAGEM,15/10/2023
TXN_7538724,LANCHE,1,4.0,4.0,,PRESENCIAL,17/05/2023
TXN_6715991,SUCO,1,3.0,3.0,DINHEIRO,,18/06/2023
TXN_2271725,VITAMINA,5,4.0,20.0,DINHEIRO,,21/12/2023
TXN_1488481,CAFÉ,4,2.0,8.0,CARTÃO DE CRÉDITO,PARA VIAGEM,28/07/2023
TXN_4600894,,5,5.0,25.0,CARTEIRA DIGITAL,,17/09/2023
TXN_3494652,CAFÉ,1,2.0,2.0,,,23/05/2023
TXN_2860281,VITAMINA,4,4.0,16.0,DINHEIRO,,19/09/2023
TXN_1232346,SALADA,5,5.0,25.0,CARTEIRA DIGITAL,PRESENCIAL,04/01/2023
TXN_1911093,CHÁ,2,1.5,3.0,CARTEIRA DIGITAL,PRESENCIAL,07/10/2023
TXN_1672229,BISCOITO,2,1.0,2.0,DINHEIRO,,12/11/2023
TXN_7056162,VITAMINA,3,4.0,12.0,CARTEIRA DIGITAL,PRESENCIAL,04/03/2023
TXN_2064049,SALADA,4,5.0,20.0,CARTÃO DE CRÉDITO,PARA VIAGEM,21/09/2023
TXN_8191202,BISCOITO,2,,2.0,CARTEIRA DIGITAL,PRESENCIAL,14/01/2023
TXN_4518505,CHÁ,,1.5,7.5,DINHEIRO,,09/05/2023
TXN_2823220,SALADA,4,5.0,,,PRESENCIAL,17/05/2023
TXN_6826409,LANCHE,1,4.0,4.0,CARTÃO DE CRÉDITO,PARA VIAGEM,21/10/2023
TXN_2954833,CAFÉ,1,2.0,2.0,,,29/01/2023
TXN_5309677,CAFÉ,4,2.0,8.0,DINHEIRO,PRESENCIAL,09/08/2023
TXN_6011106,SUCO,2,3.0,6.0,CARTEIRA DIGITAL,,07/09/2023
TXN_4714592,CHÁ,1,1.5,1.5,DINHEIRO,,02/06/2023
TXN_6704284,SALADA,2,5.0,10.0,CARTÃO DE CRÉDITO,PARA VIAGEM,31/08/2023
TXN_9506076,SALADA,5,5.0,25.0,,,17/01/2023
TXN_2354394,CHÁ,4,1.5,6.0,DINHEIRO,PRESENCIAL,17/04/2023
TXN_3436344,VITAMINA,2,4.0,8.0,,,28/02/2023
TXN_7826516,BOLO,4,3.0,12.0,CARTÃO DE CRÉDITO,,21/06/2023
TXN_2699745,CAFÉ,4,2.0,8.0,,PRESENCIAL,30/12/2023
TXN_6097664,SALADA,4,5.0,20.0,CARTEIRA DIGITAL,PRESENCIAL,27/11/2023
TXN_3858288,CHÁ,2,1.5,3.0,,,12/04/2023
TXN_1272815,SUCO,4,3.0,12.0,CARTÃO DE CRÉDITO,,07/08/2023
TXN_4755623,SUCO,3,3.0,9.0,DINHEIRO,,23/11/2023
TXN_8261045,CHÁ,3,1.5,4.5,DINHEIRO,,21/01/2023
TXN_2217015,CAFÉ,3,2.0,6.0,,PARA VIAGEM,17/04/2023
TXN_1660104,VITAMINA,2,4.0,8.0,CARTÃO DE CRÉDITO,PARA VIAGEM,04/02/2023
TXN_6589078,CHÁ,3,1.5,4.5,CARTEIRA DIGITAL,,03/08/2023
TXN_6306555,VITAMINA,1,4.0,4.0,CARTEIRA DIGITAL,PARA VIAGEM,12/04/2023
TXN_1208561,,,,20.0,CARTÃO DE CRÉDITO,,19/08/2023
TXN_8751702,,5,,15.0,DINHEIRO,,13/02/2023
TXN_2079029,BOLO,5,3.0,15.0,DINHEIRO,PRESENCIAL,11/05/2023
TXN_5737641,BISCOITO,1,1.0,1.0,,,16/02/2023
TXN_2845506,CHÁ,2,1.5,3.0,CARTEIRA DIGITAL,PARA VIAGEM,30/12/2023
TXN_8565799,VITAMINA,4,4.0,16.0,CARTÃO DE CRÉDITO,PRESENCIAL,22/04/2023
TXN_3052584,SALADA,1,5.0,5.0,DINHEIRO,PRESENCIAL,21/01/2023
TXN_1530892,SUCO,2,3.0,6.0,CARTEIRA DIGITAL,,09/09/2023
TXN_3392953,CAFÉ,1,2.0,,CARTEIRA DIGITAL,PARA VIAGEM,06/01/2023
TXN_4606893,SUCO,5,3.0,15.0,CARTEIRA DIGITAL,PRESENCIAL,24/05/2023
TXN_7300653,BISCOITO,5,1.0,5.0,,,24/04/2023
TXN_1759063,BISCOITO,2,1.0,2.0,CARTEIRA DIGITAL,PARA VIAGEM,09/09/2023
TXN_1706896,VITAMINA,3,4.0,12.0,DINHEIRO,,15/07/2023
TXN_3325234,CHÁ,,1.5,1.5,,PRESENCIAL,26/08/2023
TXN_5536245,VITAMINA,4,4.0,16.0,DINHEIRO,,
TXN_1976619,CAFÉ,2,2.0,4.0,CARTEIRA DIGITAL,,02/08/2023
TXN_7953750,LANCHE,5,4.0,20.0,DINHEIRO,PRESENCIAL,16/06/2023
TXN_9162296,,3,4.0,12.0,DINHEIRO,PRESENCIAL,10/05/2023
TXN_8367194,SUCO,1,3.0,3.0,CARTEIRA DIGITAL,PARA VIAGEM,04/02/2023
TXN_6744733,LANCHE,1,4.0,,DINHEIRO,PARA VIAGEM,
TXN_4959078,BOLO,2,3.0,6.0,CARTEIRA DIGITAL,PARA VIAGEM,13/09/2023
TXN_4552137,CHÁ,2,1.5,3.0,,PRESENCIAL,05/04/2023
TXN_1748121,BOLO,2,3.0,6.0,,PRESENCIAL,07/12/2023
TXN_7922350,CAFÉ,2,2.0,4.0,,PARA VIAGEM,09/05/2023
TXN_1944293,CAFÉ,3,2.0,6.0,,PRESENCIAL,25/02/2023
TXN_4528914,SALADA,,5.0,5.0,,PRESENCIAL,06/08/2023
TXN_1928401,LANCHE,5,4.0,20.0,CARTEIRA DIGITAL,PRESENCIAL,15/06/2023
TXN_7621213,CAFÉ,,2.0,6.0,,PRESENCIAL,07/03/2023
TXN_7861799,BISCOITO,2,1.0,2.0,DINHEIRO,PARA VIAGEM,23/05/2023
TXN_5244674,BOLO,5,3.0,15.0,,,27/04/2023
TXN_9679675,CAFÉ,1,2.0,2.0,DINHEIRO,,07/07/2023
TXN_2562041,BOLO,5,3.0,15.0,DINHEIRO,PARA VIAGEM,24/12/2023
TXN_2738904,VITAMINA,4,4.0,16.0,CARTEIRA DIGITAL,,23/11/2023
TXN_7359190,SALADA,,5.0,15.0,,,19/12/2023
TXN_9266499,BOLO,1,3.0,,CARTEIRA DIGITAL,,16/02/2023
TXN_9196229,LANCHE,5,4.0,20.0,CARTÃO DE CRÉDITO,,08/12/2023
TXN_3740505,,2,1.5,3.0,,,21/11/2023
TXN_4308634,CAFÉ,3,2.0,6.0,DINHEIRO,PRESENCIAL,14/02/2023
TXN_3450880,CHÁ,3,1.5,4.5,,PRESENCIAL,29/05/2023
TXN_6838411,CAFÉ,1,2.0,2.0,DINHEIRO,,04/07/2023
TXN_7548396,CHÁ,2,1.5,3.0,CARTEIRA DIGITAL,,06/04/2023
TXN_8786286,LANCHE,5,4.0,20.0,CARTEIRA DIGITAL,,28/05/2023
TXN_7439400,SALADA,3,5.0,15.0,,PARA VIAGEM,28/06/2023
TXN_7461658,CAFÉ,3,2.0,6.0,CARTÃO DE CRÉDITO,,13/08/2023
TXN_6017034,BOLO,4,3.0,12.0,,,06/10/2023
TXN_3649492,SALADA,4,5.0,20.0,CARTEIRA DIGITAL,,01/12/2023
TXN_4071743,,5,2.0,10.0,,PARA VIAGEM,06/07/2023
TXN_8150967,VITAMINA,3,4.0,12.0,DINHEIRO,,08/01/2023
TXN_3792683,SALADA,4,5.0,20.0,CARTEIRA DIGITAL,PRESENCIAL,06/08/2023
TXN_4006067,SUCO,4,3.0,12.0,DINHEIRO,PARA VIAGEM,30/01/2023
TXN_1975184,CAFÉ,,2.0,,CARTEIRA DIGITAL,,15/01/2023
TXN_3456242,LANCHE,5,4.0,20.0,CARTÃO DE CRÉDITO,,28/04/2023
TXN_1928131,VITAMINA,1,4.0,4.0,CARTÃO DE CRÉDITO,PARA VIAGEM,17/04/2023
TXN_8318388,BOLO,5,3.0,15.0,,,26/11/2023
TXN_8270768,SUCO,5,3.0,15.0,CARTEIRA DIGITAL,PARA VIAGEM,28/02/2023
TXN_4157300,CHÁ,4,1.5,6.0,DINHEIRO,PARA VIAGEM,23/09/2023
TXN_3224156,BISCOITO,1,1.0,1.0,CARTÃO DE CRÉDITO,PRESENCIAL,16/03/2023
TXN_3105633,,1,2.0,2.0,,PRESENCIAL,30/03/2023
TXN_1964893,VITAMINA,1,4.0,4.0,,,
TXN_7936851,LANCHE,3,4.0,12.0,,,07/10/2023
TXN_6393305,SALADA,5,5.0,25.0,CARTEIRA DIGITAL,PRESENCIAL,19/10/2023
TXN_7326720,BOLO,2,3.0,6.0,,PRESENCIAL,08/12/2023
TXN_3069563,LANCHE,2,4.0,8.0,DINHEIRO,,25/04/2023
TXN_1728427,CAFÉ,5,2.0,10.0,DINHEIRO,,11/02/2023
TXN_9176288,CHÁ,2,1.5,3.0,CARTEIRA DIGITAL,PRESENCIAL,08/02/2023
TXN_9071439,SUCO,3,3.0,9.0,CARTÃO DE CRÉDITO,,05/02/2023
TXN_4659954,,3,4.0,12.0,CARTÃO DE CRÉDITO,PRESENCIAL,
TXN_1841204,SALADA,3,5.0,15.0,CARTEIRA DIGITAL,PRESENCIAL,18/04/2023
TXN_8963470,SALADA,,5.0,10.0,,PRESENCIAL,01/06/2023
TXN_8330240,LANCHE,4,4.0,16.0,CARTEIRA DIGITAL,,06/06/2023
TXN_3534588,SALADA,1,5.0,5.0,DINHEIRO,,05/07/2023
TXN_2749289,VITAMINA,2,4.0,,CARTEIRA DIGITAL,PARA VIAGEM,05/05/2023
TXN_6587628,CAFÉ,5,2.0,10.0,,PRESENCIAL,09/05/2023
TXN_1711872,SUCO,1,3.0,3.0,,PARA VIAGEM,27/01/2023
TXN_3809533,SUCO,2,,,CARTEIRA DIGITAL,PARA VIAGEM,02/02/2023
TXN_4339925,BISCOITO,1,1.0,1.0,DINHEIRO,PARA VIAGEM,23/11/2023
TXN_1183208,VITAMINA,5,4.0,20.0,,,26/08/2023
TXN_9089045,CAFÉ,,2.0,10.0,DINHEIRO,PRESENCIAL,12/03/2023
TXN_9503145,SUCO,5,3.0,15.0,CARTEIRA DIGITAL,,21/09/2023
TXN_8999360,SUCO,3,3.0,9.0,DINHEIRO,PARA VIAGEM,27/09/2023
TXN_6188262,SUCO,1,3.0,3.0,DINHEIRO,PARA VIAGEM,24/10/2023
TXN_5967452,SUCO,5,3.0,15.0,CARTÃO DE CRÉDITO,,07/03/2023
TXN_9053365,BISCOITO,1,1.0,1.0,CARTEIRA DIGITAL,PRESENCIAL,15/07/2023
TXN_3706457,CHÁ,5,1.5,7.5,CARTÃO DE CRÉDITO,PARA VIAGEM,18/07/2023
TXN_9612533,BOLO,2,3.0,6.0,CARTEIRA DIGITAL,PRESENCIAL,26/01/2023
TXN_4948026,CHÁ,4,1.5,6.0,CARTEIRA DIGITAL,PRESENCIAL,02/07/2023
TXN_8741663,VITAMINA,1,4.0,4.0,CARTÃO DE CRÉDITO,PARA VIAGEM,21/01/2023
TXN_7249396,BOLO,1,3.0,3.0,DINHEIRO,,26/09/2023
TXN_8104914,BISCOITO,1,1.0,1.0,,PARA VIAGEM,
TXN_8922585,SALADA,5,5.0,25.0,CARTÃO DE CRÉDITO,,22/06/2023
TXN_2112522,LANCHE,5,4.0,20.0,CARTEIRA DIGITAL,PARA VIAGEM,30/04/2023
TXN_2338617,,2,3.0,6.0,CARTEIRA DIGITAL,,12/01/2023
TXN_2464054,CAFÉ,,2.0,10.0,,PARA VIAGEM,18/08/2023
TXN_6133115,VITAMINA,5,4.0,20.0,,PRESENCIAL,08/12/2023
TXN_8408353,CHÁ,1,1.5,1.5,CARTÃO DE CRÉDITO,,13/12/2023
TXN_6420902,BOLO,3,3.0,9.0,CARTÃO DE CRÉDITO,PARA VIAGEM,22/11/2023
TXN_9400245,SALADA,1,5.0,5.0,,PRESENCIAL,24/02/2023
TXN_4767609,CAFÉ,3,2.0,6.0,CARTEIRA DIGITAL,PRESENCIAL,15/10/2023
TXN_1425591,VITAMINA,1,4.0,4.0,DINHEIRO,,10/09/2023
TXN_2292088,,1,4.0,4.0,CARTEIRA DIGITAL,PARA VIAGEM,04/03/2023
TXN_6706599,BOLO,1,3.0,3.0,,PARA VIAGEM,20/09/2023
TXN_4365321,SALADA,4,5.0,20.0,DINHEIRO,PRESENCIAL,09/03/2023
TXN_4457299,VITAMINA,3,4.0,12.0,CARTÃO DE CRÉDITO,PRESENCIAL,19/09/2023
TXN_4671375,CHÁ,1,1.5,1.5,,,28/06/2023
TXN_1184715,BOLO,2,3.0,6.0,,,10/09/2023
TXN_5981429,SUCO,2,,6.0,CARTEIRA DIGITAL,,24/12/2023
TXN_9036527,VITAMINA,4,4.0,16.0,CARTEIRA DIGITAL,,27/06/2023
TXN_2464706,BOLO,4,,12.0,CARTEIRA DIGITAL,PARA VIAGEM,09/11/2023
TXN_8844497,LANCHE,3,4.0,12.0,,PARA VIAGEM,18/11/2023
TXN_5171519,SALADA,3,5.0,15.0,,PRESENCIAL,06/04/2023
TXN_6049240,SUCO,1,3.0,3.0,DINHEIRO,,31/05/2023
TXN_4428252,LANCHE,3,4.0,12.0,,PARA VIAGEM,31/10/2023
TXN_8344810,VITAMINA,2,4.0,8.0,,,
TXN_8502079,CHÁ,,1.5,3.0,DINHEIRO,,20/04/2023
TXN_9460419,BOLO,1,3.0,3.0,,PARA VIAGEM,
TXN_1169615,VITAMINA,5,4.0,20.0,CARTEIRA DIGITAL,PRESENCIAL,16/03/2023
TXN_9778251,CHÁ,,1.5,6.0,,PARA VIAGEM,09/11/2023
TXN_1949093,VITAMINA,2,4.0,8.0,DINHEIRO,,05/02/2023
TXN_8253472,BOLO,1,3.0,3.0,,,
TXN_9357808,LANCHE,4,4.0,16.0,DINHEIRO,,20/05/2023
TXN_9026468,LANCHE,2,4.0,8.0,CARTÃO DE CRÉDITO,,23/08/2023
TXN_8273780,SALADA,2,5.0,10.0,CARTEIRA DIGITAL,PARA VIAGEM,15/10/2023
TXN_4224427,SUCO,4,3.0,12.0,DINHEIRO,PARA VIAGEM,23/01/2023
TXN_5344848,SALADA,1,5.0,5.0,CARTEIRA DIGITAL,PARA VIAGEM,27/09/2023
TXN_6411708,CAFÉ,4,2.0,8.0,CARTÃO DE CRÉDITO,PRESENCIAL,20/05/2023
TXN_7495283,BOLO,,3.0,15.0,CARTÃO DE CRÉDITO,PARA VIAGEM,14/04/2023
TXN_8153550,BISCOITO,2,1.0,2.0,DINHEIRO,PARA VIAGEM,12/10/2023
TXN_8807600,,1,4.0,4.0,DINHEIRO,PARA VIAGEM,24/09/2023
TXN_5921442,VITAMINA,4,4.0,16.0,DINHEIRO,PARA VIAGEM,04/02/2023
TXN_9496697,CHÁ,1,1.5,1.5,,PRESENCIAL,27/09/2023
TXN_3130865,SUCO,3,3.0,9.0,,PRESENCIAL,
TXN_2818204,BOLO,1,3.0,3.0,CARTEIRA DIGITAL,,09/03/2023
TXN_4122925,,4,1.0,4.0,,PARA VIAGEM,20/10/2023
TXN_9407169,LANCHE,1,4.0,4.0,CARTEIRA DIGITAL,,28/01/2023
TXN_8966400,BOLO,5,3.0,15.0,CARTÃO DE CRÉDITO,PARA VIAGEM,29/11/2023
TXN_1191659,CAFÉ,4,2.0,,CARTÃO DE CRÉDITO,PRESENCIAL,21/11/2023
TXN_9187008,CHÁ,4,1.5,6.0,,,16/09/2023
TXN_1958525,BISCOITO,3,1.0,3.0,,PARA VIAGEM,08/10/2023
TXN_6487003,CAFÉ,,2.0,8.0,CARTÃO DE CRÉDITO,PARA VIAGEM,15/11/2023
TXN_4125474,,2,5.0,10.0,CARTÃO DE CRÉDITO,PRESENCIAL,02/08/2023
TXN_4556831,SUCO,2,3.0,6.0,CARTEIRA DIGITAL,PRESENCIAL,28/05/2023
TXN_3546629,SUCO,5,3.0,15.0,,PRESENCIAL,04/03/2023
TXN_2153100,CHÁ,2,,3.0,DINHEIRO,,29/12/2023
TXN_4723089,LANCHE,4,4.0,16.0,DINHEIRO,PRESENCIAL,23/05/2023
TXN_8545707,BOLO,5,3.0,15.0,,PARA VIAGEM,14/02/2023
TXN_8938445,BOLO,3,3.0,9.0,,PRESENCIAL,07/11/2023
TXN_5846013,CHÁ,2,1.5,3.0,CARTEIRA DIGITAL,,20/12/2023
TXN_6494265,CAFÉ,2,2.0,4.0,,,24/05/2023
TXN_8563793,SUCO,4,3.0,12.0,,PRESENCIAL,26/03/2023
TXN_8866974,VITAMINA,3,4.0,12.0,CARTEIRA DIGITAL,PARA VIAGEM,14/03/2023
TXN_9954652,CAFÉ,2,2.0,4.0,DINHEIRO,PRESENCIAL,12/09/2023
TXN_5762440,LANCHE,5,4.0,20.0,DINHEIRO,PRESENCIAL,05/03/2023
TXN_6120851,SALADA,5,5.0,25.0,DINHEIRO,PARA VIAGEM,04/02/2023
TXN_3124078,BOLO,4,3.0,12.0,,PRESENCIAL,06/08/2023
TXN_7936002,SALADA,2,5.0,10.0,CARTEIRA DIGITAL,,26/01/2023
TXN_8076061,CHÁ,4,1.5,6.0,DINHEIRO,PRESENCIAL,01/04/2023
TXN_9668108,BOLO,1,3.0,3.0,DINHEIRO,PRESENCIAL,20/01/2023
TXN_3528020,BISCOITO,1,1.0,1.0,,PARA VIAGEM,26/08/2023
TXN_5548914,SUCO,2,3.0,,CARTEIRA DIGITAL,PRESENCIAL,04/11/2023
TXN_4302199,CHÁ,3,1.5,4.5,,,16/02/2023
TXN_9933628,VITAMINA,5,4.0,20.0,DINHEIRO,PRESENCIAL,20/07/2023
TXN_6796890,CHÁ,4,1.5,6.0,,,24/08/2023
TXN_4583012,,5,4.0,20.0,CARTEIRA DIGITAL,,27/02/2023
TXN_8567525,BISCOITO,2,1.0,2.0,,PARA VIAGEM,30/12/2023
TXN_9226047,VITAMINA,3,4.0,12.0,DINHEIRO,,
TXN_3142496,VITAMINA,,4.0,4.0,DINHEIRO,PARA VIAGEM,27/07/2023
TXN_3297457,BOLO,2,3.0,6.0,,,03/01/2023
TXN_2858441,LANCHE,2,4.0,8.0,CARTÃO DE CRÉDITO,PRESENCIAL,14/12/2023
TXN_1784478,SUCO,5,3.0,15.0,DINHEIRO,,31/07/2023
TXN_9594133,BOLO,5,3.0,,,,
TXN_1741685,SUCO,5,3.0,15.0,DINHEIRO,,18/08/2023
TXN_1538510,CAFÉ,5,2.0,10.0,CARTEIRA DIGITAL,,22/05/2023
TXN_3897619,LANCHE,3,4.0,12.0,DINHEIRO,PARA VIAGEM,24/02/2023
TXN_2739140,VITAMINA,4,4.0,16.0,,PRESENCIAL,05/07/2023
TXN_4766549,VITAMINA,2,4.0,,DINHEIRO,,20/10/2023
TXN_7851634,,4,4.0,16.0,,,08/01/2023
TXN_7672686,CAFÉ,2,2.0,4.0,,,30/08/2023
TXN_9659401,,3,,3.0,CARTEIRA DIGITAL,,02/06/2023
TXN_5255387,CAFÉ,4,2.0,8.0,CARTEIRA DIGITAL,,02/03/2023
TXN_7695629,BISCOITO,3,,3.0,CARTEIRA DIGITAL,,02/12/2023
TXN_6170729,LANCHE,3,4.0,12.0,DINHEIRO,PRESENCIAL,07/11/2023
